pair_id,reference_date,secondary_date,temporal_baseline_days,perpendicular_baseline_m,perpendicular_baseline_max_abs_m,perpendicular_baseline_min_m,perpendicular_baseline_median_m,burst_count,reference_burst_ids_json,secondary_burst_ids_json,reference_scene_names_json,secondary_scene_names_json
20211006_20211018,2021-10-06,2021-10-18,12,61.0,61.0,-61.0,-60.0,4,"[""027_056011_IW2"", ""027_056012_IW2"", ""027_056013_IW2"", ""027_056014_IW2""]","[""027_056011_IW2"", ""027_056012_IW2"", ""027_056013_IW2"", ""027_056014_IW2""]","[""S1_056011_IW2_20211006T125536_VV_4BD1-BURST"", ""S1_056012_IW2_20211006T125539_VV_4BD1-BURST"", ""S1_056013_IW2_20211006T125541_VV_3B97-BURST"", ""S1_056014_IW2_20211006T125544_VV_3B97-BURST""]","[""S1_056011_IW2_20211018T125536_VV_F83A-BURST"", ""S1_056012_IW2_20211018T125539_VV_F83A-BURST"", ""S1_056013_IW2_20211018T125542_VV_8434-BURST"", ""S1_056014_IW2_20211018T125544_VV_8434-BURST""]"
20211006_20211030,2021-10-06,2021-10-30,24,101.0,101.0,-101.0,-101.0,4,"[""027_056011_IW2"", ""027_056012_IW2"", ""027_056013_IW2"", ""027_056014_IW2""]","[""027_056011_IW2"", ""027_056012_IW2"", ""027_056013_IW2"", ""027_056014_IW2""]","[""S1_056011_IW2_20211006T125536_VV_4BD1-BURST"", ""S1_056012_IW2_20211006T125539_VV_4BD1-BURST"", ""S1_056013_IW2_20211006T125541_VV_3B97-BURST"", ""S1_056014_IW2_20211006T125544_VV_3B97-BURST""]","[""S1_056011_IW2_20211030T125536_VV_6B5A-BURST"", ""S1_056012_IW2_20211030T125539_VV_6B5A-BURST"", ""S1_056013_IW2_20211030T125542_VV_A8F8-BURST"", ""S1_056014_IW2_20211030T125544_VV_A8F8-BURST""]"
20211006_20211111,2021-10-06,2021-11-11,36,107.0,107.0,-107.0,-105.5,4,"[""027_056011_IW2"", ""027_056012_IW2"", ""027_056013_IW2"", ""027_056014_IW2""]","[""027_056011_IW2"", ""027_056012_IW2"", ""027_056013_IW2"", ""027_056014_IW2""]","[""S1_056011_IW2_20211006T125536_VV_4BD1-BURST"", ""S1_056012_IW2_20211006T125539_VV_4BD1-BURST"", ""S1_056013_IW2_20211006T125541_VV_3B97-BURST"", ""S1_056014_IW2_20211006T125544_VV_3B97-BURST""]","[""S1_056011_IW2_20211111T125536_VV_B09E-BURST"", ""S1_056012_IW2_20211111T125538_VV_B09E-BURST"", ""S1_056013_IW2_20211111T125541_VV_EA07-BURST"", ""S1_056014_IW2_20211111T125544_VV_EA07-BURST""]"
20211018_20211030,2021-10-18,2021-10-30,12,45.0,45.0,-45.0,-41.0,4,"[""027_056011_IW2"", ""027_056012_IW2"", ""027_056013_IW2"", ""027_056014_IW2""]","[""027_056011_IW2"", ""027_056012_IW2"", ""027_056013_IW2"", ""027_056014_IW2""]","[""S1_056011_IW2_20211018T125536_VV_F83A-BURST"", ""S1_056012_IW2_20211018T125539_VV_F83A-BURST"", ""S1_056013_IW2_20211018T125542_VV_8434-BURST"", ""S1_056014_IW2_20211018T125544_VV_8434-BURST""]","[""S1_056011_IW2_20211030T125536_VV_6B5A-BURST"", ""S1_056012_IW2_20211030T125539_VV_6B5A-BURST"", ""S1_056013_IW2_20211030T125542_VV_A8F8-BURST"", ""S1_056014_IW2_20211030T125544_VV_A8F8-BURST""]"
20211018_20211111,2021-10-18,2021-11-11,24,50.0,50.0,-50.0,-45.5,4,"[""027_056011_IW2"", ""027_056012_IW2"", ""027_056013_IW2"", ""027_056014_IW2""]","[""027_056011_IW2"", ""027_056012_IW2"", ""027_056013_IW2"", ""027_056014_IW2""]","[""S1_056011_IW2_20211018T125536_VV_F83A-BURST"", ""S1_056012_IW2_20211018T125539_VV_F83A-BURST"", ""S1_056013_IW2_20211018T125542_VV_8434-BURST"", ""S1_056014_IW2_20211018T125544_VV_8434-BURST""]","[""S1_056011_IW2_20211111T125536_VV_B09E-BURST"", ""S1_056012_IW2_20211111T125538_VV_B09E-BURST"", ""S1_056013_IW2_20211111T125541_VV_EA07-BURST"", ""S1_056014_IW2_20211111T125544_VV_EA07-BURST""]"
20211018_20211123,2021-10-18,2021-11-23,36,43.0,43.0,-43.0,-41.0,4,"[""027_056011_IW2"", ""027_056012_IW2"", ""027_056013_IW2"", ""027_056014_IW2""]","[""027_056011_IW2"", ""027_056012_IW2"", ""027_056013_IW2"", ""027_056014_IW2""]","[""S1_056011_IW2_20211018T125536_VV_F83A-BURST"", ""S1_056012_IW2_20211018T125539_VV_F83A-BURST"", ""S1_056013_IW2_20211018T125542_VV_8434-BURST"", ""S1_056014_IW2_20211018T125544_VV_8434-BURST""]","[""S1_056011_IW2_20211123T125535_VV_75A3-BURST"", ""S1_056012_IW2_20211123T125538_VV_75A3-BURST"", ""S1_056013_IW2_20211123T125541_VV_DD2D-BURST"", ""S1_056014_IW2_20211123T125544_VV_DD2D-BURST""]"
20211030_20211111,2021-10-30,2021-11-11,12,6.0,6.0,-6.0,-4.5,4,"[""027_056011_IW2"", ""027_056012_IW2"", ""027_056013_IW2"", ""027_056014_IW2""]","[""027_056011_IW2"", ""027_056012_IW2"", ""027_056013_IW2"", ""027_056014_IW2""]","[""S1_056011_IW2_20211030T125536_VV_6B5A-BURST"", ""S1_056012_IW2_20211030T125539_VV_6B5A-BURST"", ""S1_056013_IW2_20211030T125542_VV_A8F8-BURST"", ""S1_056014_IW2_20211030T125544_VV_A8F8-BURST""]","[""S1_056011_IW2_20211111T125536_VV_B09E-BURST"", ""S1_056012_IW2_20211111T125538_VV_B09E-BURST"", ""S1_056013_IW2_20211111T125541_VV_EA07-BURST"", ""S1_056014_IW2_20211111T125544_VV_EA07-BURST""]"
20211030_20211123,2021-10-30,2021-11-23,24,4.0,4.0,-2.0,0.0,4,"[""027_056011_IW2"", ""027_056012_IW2"", ""027_056013_IW2"", ""027_056014_IW2""]","[""027_056011_IW2"", ""027_056012_IW2"", ""027_056013_IW2"", ""027_056014_IW2""]","[""S1_056011_IW2_20211030T125536_VV_6B5A-BURST"", ""S1_056012_IW2_20211030T125539_VV_6B5A-BURST"", ""S1_056013_IW2_20211030T125542_VV_A8F8-BURST"", ""S1_056014_IW2_20211030T125544_VV_A8F8-BURST""]","[""S1_056011_IW2_20211123T125535_VV_75A3-BURST"", ""S1_056012_IW2_20211123T125538_VV_75A3-BURST"", ""S1_056013_IW2_20211123T125541_VV_DD2D-BURST"", ""S1_056014_IW2_20211123T125544_VV_DD2D-BURST""]"
20211030_20211205,2021-10-30,2021-12-05,36,56.0,56.0,56.0,56.0,4,"[""027_056011_IW2"", ""027_056012_IW2"", ""027_056013_IW2"", ""027_056014_IW2""]","[""027_056011_IW2"", ""027_056012_IW2"", ""027_056013_IW2"", ""027_056014_IW2""]","[""S1_056011_IW2_20211030T125536_VV_6B5A-BURST"", ""S1_056012_IW2_20211030T125539_VV_6B5A-BURST"", ""S1_056013_IW2_20211030T125542_VV_A8F8-BURST"", ""S1_056014_IW2_20211030T125544_VV_A8F8-BURST""]","[""S1_056011_IW2_20211205T125535_VV_6B05-BURST"", ""S1_056012_IW2_20211205T125538_VV_6B05-BURST"", ""S1_056013_IW2_20211205T125540_VV_AACE-BURST"", ""S1_056014_IW2_20211205T125543_VV_AACE-BURST""]"
20211111_20211123,2021-11-11,2021-11-23,12,9.0,9.0,2.0,5.0,4,"[""027_056011_IW2"", ""027_056012_IW2"", ""027_056013_IW2"", ""027_056014_IW2""]","[""027_056011_IW2"", ""027_056012_IW2"", ""027_056013_IW2"", ""027_056014_IW2""]","[""S1_056011_IW2_20211111T125536_VV_B09E-BURST"", ""S1_056012_IW2_20211111T125538_VV_B09E-BURST"", ""S1_056013_IW2_20211111T125541_VV_EA07-BURST"", ""S1_056014_IW2_20211111T125544_VV_EA07-BURST""]","[""S1_056011_IW2_20211123T125535_VV_75A3-BURST"", ""S1_056012_IW2_20211123T125538_VV_75A3-BURST"", ""S1_056013_IW2_20211123T125541_VV_DD2D-BURST"", ""S1_056014_IW2_20211123T125544_VV_DD2D-BURST""]"
20211111_20211205,2021-11-11,2021-12-05,24,62.0,62.0,60.0,60.5,4,"[""027_056011_IW2"", ""027_056012_IW2"", ""027_056013_IW2"", ""027_056014_IW2""]","[""027_056011_IW2"", ""027_056012_IW2"", ""027_056013_IW2"", ""027_056014_IW2""]","[""S1_056011_IW2_20211111T125536_VV_B09E-BURST"", ""S1_056012_IW2_20211111T125538_VV_B09E-BURST"", ""S1_056013_IW2_20211111T125541_VV_EA07-BURST"", ""S1_056014_IW2_20211111T125544_VV_EA07-BURST""]","[""S1_056011_IW2_20211205T125535_VV_6B05-BURST"", ""S1_056012_IW2_20211205T125538_VV_6B05-BURST"", ""S1_056013_IW2_20211205T125540_VV_AACE-BURST"", ""S1_056014_IW2_20211205T125543_VV_AACE-BURST""]"
20211111_20211217,2021-11-11,2021-12-17,36,83.0,83.0,76.0,79.0,4,"[""027_056011_IW2"", ""027_056012_IW2"", ""027_056013_IW2"", ""027_056014_IW2""]","[""027_056011_IW2"", ""027_056012_IW2"", ""027_056013_IW2"", ""027_056014_IW2""]","[""S1_056011_IW2_20211111T125536_VV_B09E-BURST"", ""S1_056012_IW2_20211111T125538_VV_B09E-BURST"", ""S1_056013_IW2_20211111T125541_VV_EA07-BURST"", ""S1_056014_IW2_20211111T125544_VV_EA07-BURST""]","[""S1_056011_IW2_20211217T125534_VV_9F5A-BURST"", ""S1_056012_IW2_20211217T125537_VV_9F5A-BURST"", ""S1_056013_IW2_20211217T125540_VV_3ADB-BURST"", ""S1_056014_IW2_20211217T125543_VV_3ADB-BURST""]"
20211123_20211205,2021-11-23,2021-12-05,12,58.0,58.0,52.0,56.0,4,"[""027_056011_IW2"", ""027_056012_IW2"", ""027_056013_IW2"", ""027_056014_IW2""]","[""027_056011_IW2"", ""027_056012_IW2"", ""027_056013_IW2"", ""027_056014_IW2""]","[""S1_056011_IW2_20211123T125535_VV_75A3-BURST"", ""S1_056012_IW2_20211123T125538_VV_75A3-BURST"", ""S1_056013_IW2_20211123T125541_VV_DD2D-BURST"", ""S1_056014_IW2_20211123T125544_VV_DD2D-BURST""]","[""S1_056011_IW2_20211205T125535_VV_6B05-BURST"", ""S1_056012_IW2_20211205T125538_VV_6B05-BURST"", ""S1_056013_IW2_20211205T125540_VV_AACE-BURST"", ""S1_056014_IW2_20211205T125543_VV_AACE-BURST""]"
20211123_20211217,2021-11-23,2021-12-17,24,74.0,74.0,74.0,74.0,4,"[""027_056011_IW2"", ""027_056012_IW2"", ""027_056013_IW2"", ""027_056014_IW2""]","[""027_056011_IW2"", ""027_056012_IW2"", ""027_056013_IW2"", ""027_056014_IW2""]","[""S1_056011_IW2_20211123T125535_VV_75A3-BURST"", ""S1_056012_IW2_20211123T125538_VV_75A3-BURST"", ""S1_056013_IW2_20211123T125541_VV_DD2D-BURST"", ""S1_056014_IW2_20211123T125544_VV_DD2D-BURST""]","[""S1_056011_IW2_20211217T125534_VV_9F5A-BURST"", ""S1_056012_IW2_20211217T125537_VV_9F5A-BURST"", ""S1_056013_IW2_20211217T125540_VV_3ADB-BURST"", ""S1_056014_IW2_20211217T125543_VV_3ADB-BURST""]"
20211123_20211229,2021-11-23,2021-12-29,36,122.0,122.0,116.0,119.5,4,"[""027_056011_IW2"", ""027_056012_IW2"", ""027_056013_IW2"", ""027_056014_IW2""]","[""027_056011_IW2"", ""027_056012_IW2"", ""027_056013_IW2"", ""027_056014_IW2""]","[""S1_056011_IW2_20211123T125535_VV_75A3-BURST"", ""S1_056012_IW2_20211123T125538_VV_75A3-BURST"", ""S1_056013_IW2_20211123T125541_VV_DD2D-BURST"", ""S1_056014_IW2_20211123T125544_VV_DD2D-BURST""]","[""S1_056011_IW2_20211229T125534_VV_F2C2-BURST"", ""S1_056012_IW2_20211229T125536_VV_F2C2-BURST"", ""S1_056013_IW2_20211229T125539_VV_DF14-BURST"", ""S1_056014_IW2_20211229T125542_VV_DF14-BURST""]"
20211205_20211217,2021-12-05,2021-12-17,12,22.0,22.0,16.0,18.0,4,"[""027_056011_IW2"", ""027_056012_IW2"", ""027_056013_IW2"", ""027_056014_IW2""]","[""027_056011_IW2"", ""027_056012_IW2"", ""027_056013_IW2"", ""027_056014_IW2""]","[""S1_056011_IW2_20211205T125535_VV_6B05-BURST"", ""S1_056012_IW2_20211205T125538_VV_6B05-BURST"", ""S1_056013_IW2_20211205T125540_VV_AACE-BURST"", ""S1_056014_IW2_20211205T125543_VV_AACE-BURST""]","[""S1_056011_IW2_20211217T125534_VV_9F5A-BURST"", ""S1_056012_IW2_20211217T125537_VV_9F5A-BURST"", ""S1_056013_IW2_20211217T125540_VV_3ADB-BURST"", ""S1_056014_IW2_20211217T125543_VV_3ADB-BURST""]"
20211205_20211229,2021-12-05,2021-12-29,24,64.0,64.0,63.0,64.0,4,"[""027_056011_IW2"", ""027_056012_IW2"", ""027_056013_IW2"", ""027_056014_IW2""]","[""027_056011_IW2"", ""027_056012_IW2"", ""027_056013_IW2"", ""027_056014_IW2""]","[""S1_056011_IW2_20211205T125535_VV_6B05-BURST"", ""S1_056012_IW2_20211205T125538_VV_6B05-BURST"", ""S1_056013_IW2_20211205T125540_VV_AACE-BURST"", ""S1_056014_IW2_20211205T125543_VV_AACE-BURST""]","[""S1_056011_IW2_20211229T125534_VV_F2C2-BURST"", ""S1_056012_IW2_20211229T125536_VV_F2C2-BURST"", ""S1_056013_IW2_20211229T125539_VV_DF14-BURST"", ""S1_056014_IW2_20211229T125542_VV_DF14-BURST""]"
20211205_20220110,2021-12-05,2022-01-10,36,58.0,58.0,-58.0,-55.5,4,"[""027_056011_IW2"", ""027_056012_IW2"", ""027_056013_IW2"", ""027_056014_IW2""]","[""027_056011_IW2"", ""027_056012_IW2"", ""027_056013_IW2"", ""027_056014_IW2""]","[""S1_056011_IW2_20211205T125535_VV_6B05-BURST"", ""S1_056012_IW2_20211205T125538_VV_6B05-BURST"", ""S1_056013_IW2_20211205T125540_VV_AACE-BURST"", ""S1_056014_IW2_20211205T125543_VV_AACE-BURST""]","[""S1_056011_IW2_20220110T125533_VV_C5F0-BURST"", ""S1_056012_IW2_20220110T125536_VV_C5F0-BURST"", ""S1_056013_IW2_20220110T125539_VV_4A4F-BURST"", ""S1_056014_IW2_20220110T125542_VV_4A4F-BURST""]"
20211217_20211229,2021-12-17,2021-12-29,12,48.0,48.0,42.0,45.5,4,"[""027_056011_IW2"", ""027_056012_IW2"", ""027_056013_IW2"", ""027_056014_IW2""]","[""027_056011_IW2"", ""027_056012_IW2"", ""027_056013_IW2"", ""027_056014_IW2""]","[""S1_056011_IW2_20211217T125534_VV_9F5A-BURST"", ""S1_056012_IW2_20211217T125537_VV_9F5A-BURST"", ""S1_056013_IW2_20211217T125540_VV_3ADB-BURST"", ""S1_056014_IW2_20211217T125543_VV_3ADB-BURST""]","[""S1_056011_IW2_20211229T125534_VV_F2C2-BURST"", ""S1_056012_IW2_20211229T125536_VV_F2C2-BURST"", ""S1_056013_IW2_20211229T125539_VV_DF14-BURST"", ""S1_056014_IW2_20211229T125542_VV_DF14-BURST""]"
20211217_20220110,2021-12-17,2022-01-10,24,74.0,74.0,-74.0,-74.0,4,"[""027_056011_IW2"", ""027_056012_IW2"", ""027_056013_IW2"", ""027_056014_IW2""]","[""027_056011_IW2"", ""027_056012_IW2"", ""027_056013_IW2"", ""027_056014_IW2""]","[""S1_056011_IW2_20211217T125534_VV_9F5A-BURST"", ""S1_056012_IW2_20211217T125537_VV_9F5A-BURST"", ""S1_056013_IW2_20211217T125540_VV_3ADB-BURST"", ""S1_056014_IW2_20211217T125543_VV_3ADB-BURST""]","[""S1_056011_IW2_20220110T125533_VV_C5F0-BURST"", ""S1_056012_IW2_20220110T125536_VV_C5F0-BURST"", ""S1_056013_IW2_20220110T125539_VV_4A4F-BURST"", ""S1_056014_IW2_20220110T125542_VV_4A4F-BURST""]"
20211217_20220122,2021-12-17,2022-01-22,36,8.0,8.0,-8.0,-3.5,4,"[""027_056011_IW2"", ""027_056012_IW2"", ""027_056013_IW2"", ""027_056014_IW2""]","[""027_056011_IW2"", ""027_056012_IW2"", ""027_056013_IW2"", ""027_056014_IW2""]","[""S1_056011_IW2_20211217T125534_VV_9F5A-BURST"", ""S1_056012_IW2_20211217T125537_VV_9F5A-BURST"", ""S1_056013_IW2_20211217T125540_VV_3ADB-BURST"", ""S1_056014_IW2_20211217T125543_VV_3ADB-BURST""]","[""S1_056011_IW2_20220122T125533_VV_7B5A-BURST"", ""S1_056012_IW2_20220122T125535_VV_7B5A-BURST"", ""S1_056013_IW2_20220122T125538_VV_2473-BURST"", ""S1_056014_IW2_20220122T125541_VV_2473-BURST""]"
20211229_20220110,2021-12-29,2022-01-10,12,122.0,122.0,-122.0,-119.0,4,"[""027_056011_IW2"", ""027_056012_IW2"", ""027_056013_IW2"", ""027_056014_IW2""]","[""027_056011_IW2"", ""027_056012_IW2"", ""027_056013_IW2"", ""027_056014_IW2""]","[""S1_056011_IW2_20211229T125534_VV_F2C2-BURST"", ""S1_056012_IW2_20211229T125536_VV_F2C2-BURST"", ""S1_056013_IW2_20211229T125539_VV_DF14-BURST"", ""S1_056014_IW2_20211229T125542_VV_DF14-BURST""]","[""S1_056011_IW2_20220110T125533_VV_C5F0-BURST"", ""S1_056012_IW2_20220110T125536_VV_C5F0-BURST"", ""S1_056013_IW2_20220110T125539_VV_4A4F-BURST"", ""S1_056014_IW2_20220110T125542_VV_4A4F-BURST""]"
20211229_20220122,2021-12-29,2022-01-22,24,50.0,50.0,-50.0,-49.5,4,"[""027_056011_IW2"", ""027_056012_IW2"", ""027_056013_IW2"", ""027_056014_IW2""]","[""027_056011_IW2"", ""027_056012_IW2"", ""027_056013_IW2"", ""027_056014_IW2""]","[""S1_056011_IW2_20211229T125534_VV_F2C2-BURST"", ""S1_056012_IW2_20211229T125536_VV_F2C2-BURST"", ""S1_056013_IW2_20211229T125539_VV_DF14-BURST"", ""S1_056014_IW2_20211229T125542_VV_DF14-BURST""]","[""S1_056011_IW2_20220122T125533_VV_7B5A-BURST"", ""S1_056012_IW2_20220122T125535_VV_7B5A-BURST"", ""S1_056013_IW2_20220122T125538_VV_2473-BURST"", ""S1_056014_IW2_20220122T125541_VV_2473-BURST""]"
20211229_20220203,2021-12-29,2022-02-03,36,18.0,18.0,14.0,14.5,4,"[""027_056011_IW2"", ""027_056012_IW2"", ""027_056013_IW2"", ""027_056014_IW2""]","[""027_056011_IW2"", ""027_056012_IW2"", ""027_056013_IW2"", ""027_056014_IW2""]","[""S1_056011_IW2_20211229T125534_VV_F2C2-BURST"", ""S1_056012_IW2_20211229T125536_VV_F2C2-BURST"", ""S1_056013_IW2_20211229T125539_VV_DF14-BURST"", ""S1_056014_IW2_20211229T125542_VV_DF14-BURST""]","[""S1_056011_IW2_20220203T125532_VV_04F6-BURST"", ""S1_056012_IW2_20220203T125535_VV_04F6-BURST"", ""S1_056013_IW2_20220203T125538_VV_FCD4-BURST"", ""S1_056014_IW2_20220203T125540_VV_FCD4-BURST""]"
20220110_20220122,2022-01-10,2022-01-22,12,72.0,72.0,66.0,70.0,4,"[""027_056011_IW2"", ""027_056012_IW2"", ""027_056013_IW2"", ""027_056014_IW2""]","[""027_056011_IW2"", ""027_056012_IW2"", ""027_056013_IW2"", ""027_056014_IW2""]","[""S1_056011_IW2_20220110T125533_VV_C5F0-BURST"", ""S1_056012_IW2_20220110T125536_VV_C5F0-BURST"", ""S1_056013_IW2_20220110T125539_VV_4A4F-BURST"", ""S1_056014_IW2_20220110T125542_VV_4A4F-BURST""]","[""S1_056011_IW2_20220122T125533_VV_7B5A-BURST"", ""S1_056012_IW2_20220122T125535_VV_7B5A-BURST"", ""S1_056013_IW2_20220122T125538_VV_2473-BURST"", ""S1_056014_IW2_20220122T125541_VV_2473-BURST""]"
20220110_20220203,2022-01-10,2022-02-03,24,136.0,136.0,133.0,134.0,4,"[""027_056011_IW2"", ""027_056012_IW2"", ""027_056013_IW2"", ""027_056014_IW2""]","[""027_056011_IW2"", ""027_056012_IW2"", ""027_056013_IW2"", ""027_056014_IW2""]","[""S1_056011_IW2_20220110T125533_VV_C5F0-BURST"", ""S1_056012_IW2_20220110T125536_VV_C5F0-BURST"", ""S1_056013_IW2_20220110T125539_VV_4A4F-BURST"", ""S1_056014_IW2_20220110T125542_VV_4A4F-BURST""]","[""S1_056011_IW2_20220203T125532_VV_04F6-BURST"", ""S1_056012_IW2_20220203T125535_VV_04F6-BURST"", ""S1_056013_IW2_20220203T125538_VV_FCD4-BURST"", ""S1_056014_IW2_20220203T125540_VV_FCD4-BURST""]"
20220110_20220215,2022-01-10,2022-02-15,36,55.0,55.0,52.0,53.0,4,"[""027_056011_IW2"", ""027_056012_IW2"", ""027_056013_IW2"", ""027_056014_IW2""]","[""027_056011_IW2"", ""027_056012_IW2"", ""027_056013_IW2"", ""027_056014_IW2""]","[""S1_056011_IW2_20220110T125533_VV_C5F0-BURST"", ""S1_056012_IW2_20220110T125536_VV_C5F0-BURST"", ""S1_056013_IW2_20220110T125539_VV_4A4F-BURST"", ""S1_056014_IW2_20220110T125542_VV_4A4F-BURST""]","[""S1_056011_IW2_20220215T125532_VV_3B5F-BURST"", ""S1_056012_IW2_20220215T125535_VV_3B5F-BURST"", ""S1_056013_IW2_20220215T125538_VV_FDC2-BURST"", ""S1_056014_IW2_20220215T125540_VV_FDC2-BURST""]"
20220122_20220203,2022-01-22,2022-02-03,12,68.0,68.0,63.0,64.0,4,"[""027_056011_IW2"", ""027_056012_IW2"", ""027_056013_IW2"", ""027_056014_IW2""]","[""027_056011_IW2"", ""027_056012_IW2"", ""027_056013_IW2"", ""027_056014_IW2""]","[""S1_056011_IW2_20220122T125533_VV_7B5A-BURST"", ""S1_056012_IW2_20220122T125535_VV_7B5A-BURST"", ""S1_056013_IW2_20220122T125538_VV_2473-BURST"", ""S1_056014_IW2_20220122T125541_VV_2473-BURST""]","[""S1_056011_IW2_20220203T125532_VV_04F6-BURST"", ""S1_056012_IW2_20220203T125535_VV_04F6-BURST"", ""S1_056013_IW2_20220203T125538_VV_FCD4-BURST"", ""S1_056014_IW2_20220203T125540_VV_FCD4-BURST""]"
20220122_20220215,2022-01-22,2022-02-15,24,18.0,18.0,-18.0,-17.0,4,"[""027_056011_IW2"", ""027_056012_IW2"", ""027_056013_IW2"", ""027_056014_IW2""]","[""027_056011_IW2"", ""027_056012_IW2"", ""027_056013_IW2"", ""027_056014_IW2""]","[""S1_056011_IW2_20220122T125533_VV_7B5A-BURST"", ""S1_056012_IW2_20220122T125535_VV_7B5A-BURST"", ""S1_056013_IW2_20220122T125538_VV_2473-BURST"", ""S1_056014_IW2_20220122T125541_VV_2473-BURST""]","[""S1_056011_IW2_20220215T125532_VV_3B5F-BURST"", ""S1_056012_IW2_20220215T125535_VV_3B5F-BURST"", ""S1_056013_IW2_20220215T125538_VV_FDC2-BURST"", ""S1_056014_IW2_20220215T125540_VV_FDC2-BURST""]"
20220122_20220227,2022-01-22,2022-02-27,36,31.0,31.0,-31.0,-30.5,4,"[""027_056011_IW2"", ""027_056012_IW2"", ""027_056013_IW2"", ""027_056014_IW2""]","[""027_056011_IW2"", ""027_056012_IW2"", ""027_056013_IW2"", ""027_056014_IW2""]","[""S1_056011_IW2_20220122T125533_VV_7B5A-BURST"", ""S1_056012_IW2_20220122T125535_VV_7B5A-BURST"", ""S1_056013_IW2_20220122T125538_VV_2473-BURST"", ""S1_056014_IW2_20220122T125541_VV_2473-BURST""]","[""S1_056011_IW2_20220227T125532_VV_D031-BURST"", ""S1_056012_IW2_20220227T125535_VV_D031-BURST"", ""S1_056013_IW2_20220227T125537_VV_D61E-BURST"", ""S1_056014_IW2_20220227T125540_VV_D61E-BURST""]"
20220203_20220215,2022-02-03,2022-02-15,12,81.0,81.0,-81.0,-81.0,4,"[""027_056011_IW2"", ""027_056012_IW2"", ""027_056013_IW2"", ""027_056014_IW2""]","[""027_056011_IW2"", ""027_056012_IW2"", ""027_056013_IW2"", ""027_056014_IW2""]","[""S1_056011_IW2_20220203T125532_VV_04F6-BURST"", ""S1_056012_IW2_20220203T125535_VV_04F6-BURST"", ""S1_056013_IW2_20220203T125538_VV_FCD4-BURST"", ""S1_056014_IW2_20220203T125540_VV_FCD4-BURST""]","[""S1_056011_IW2_20220215T125532_VV_3B5F-BURST"", ""S1_056012_IW2_20220215T125535_VV_3B5F-BURST"", ""S1_056013_IW2_20220215T125538_VV_FDC2-BURST"", ""S1_056014_IW2_20220215T125540_VV_FDC2-BURST""]"
20220203_20220227,2022-02-03,2022-02-27,24,98.0,98.0,-98.0,-94.5,4,"[""027_056011_IW2"", ""027_056012_IW2"", ""027_056013_IW2"", ""027_056014_IW2""]","[""027_056011_IW2"", ""027_056012_IW2"", ""027_056013_IW2"", ""027_056014_IW2""]","[""S1_056011_IW2_20220203T125532_VV_04F6-BURST"", ""S1_056012_IW2_20220203T125535_VV_04F6-BURST"", ""S1_056013_IW2_20220203T125538_VV_FCD4-BURST"", ""S1_056014_IW2_20220203T125540_VV_FCD4-BURST""]","[""S1_056011_IW2_20220227T125532_VV_D031-BURST"", ""S1_056012_IW2_20220227T125535_VV_D031-BURST"", ""S1_056013_IW2_20220227T125537_VV_D61E-BURST"", ""S1_056014_IW2_20220227T125540_VV_D61E-BURST""]"
20220203_20220311,2022-02-03,2022-03-11,36,124.0,124.0,-124.0,-120.5,4,"[""027_056011_IW2"", ""027_056012_IW2"", ""027_056013_IW2"", ""027_056014_IW2""]","[""027_056011_IW2"", ""027_056012_IW2"", ""027_056013_IW2"", ""027_056014_IW2""]","[""S1_056011_IW2_20220203T125532_VV_04F6-BURST"", ""S1_056012_IW2_20220203T125535_VV_04F6-BURST"", ""S1_056013_IW2_20220203T125538_VV_FCD4-BURST"", ""S1_056014_IW2_20220203T125540_VV_FCD4-BURST""]","[""S1_056011_IW2_20220311T125532_VV_236F-BURST"", ""S1_056012_IW2_20220311T125535_VV_236F-BURST"", ""S1_056013_IW2_20220311T125538_VV_7E32-BURST"", ""S1_056014_IW2_20220311T125540_VV_7E32-BURST""]"
20220215_20220227,2022-02-15,2022-02-27,12,17.0,17.0,-17.0,-13.5,4,"[""027_056011_IW2"", ""027_056012_IW2"", ""027_056013_IW2"", ""027_056014_IW2""]","[""027_056011_IW2"", ""027_056012_IW2"", ""027_056013_IW2"", ""027_056014_IW2""]","[""S1_056011_IW2_20220215T125532_VV_3B5F-BURST"", ""S1_056012_IW2_20220215T125535_VV_3B5F-BURST"", ""S1_056013_IW2_20220215T125538_VV_FDC2-BURST"", ""S1_056014_IW2_20220215T125540_VV_FDC2-BURST""]","[""S1_056011_IW2_20220227T125532_VV_D031-BURST"", ""S1_056012_IW2_20220227T125535_VV_D031-BURST"", ""S1_056013_IW2_20220227T125537_VV_D61E-BURST"", ""S1_056014_IW2_20220227T125540_VV_D61E-BURST""]"
20220215_20220311,2022-02-15,2022-03-11,24,43.0,43.0,-43.0,-39.5,4,"[""027_056011_IW2"", ""027_056012_IW2"", ""027_056013_IW2"", ""027_056014_IW2""]","[""027_056011_IW2"", ""027_056012_IW2"", ""027_056013_IW2"", ""027_056014_IW2""]","[""S1_056011_IW2_20220215T125532_VV_3B5F-BURST"", ""S1_056012_IW2_20220215T125535_VV_3B5F-BURST"", ""S1_056013_IW2_20220215T125538_VV_FDC2-BURST"", ""S1_056014_IW2_20220215T125540_VV_FDC2-BURST""]","[""S1_056011_IW2_20220311T125532_VV_236F-BURST"", ""S1_056012_IW2_20220311T125535_VV_236F-BURST"", ""S1_056013_IW2_20220311T125538_VV_7E32-BURST"", ""S1_056014_IW2_20220311T125540_VV_7E32-BURST""]"
20220215_20220323,2022-02-15,2022-03-23,36,123.0,123.0,-123.0,-121.5,4,"[""027_056011_IW2"", ""027_056012_IW2"", ""027_056013_IW2"", ""027_056014_IW2""]","[""027_056011_IW2"", ""027_056012_IW2"", ""027_056013_IW2"", ""027_056014_IW2""]","[""S1_056011_IW2_20220215T125532_VV_3B5F-BURST"", ""S1_056012_IW2_20220215T125535_VV_3B5F-BURST"", ""S1_056013_IW2_20220215T125538_VV_FDC2-BURST"", ""S1_056014_IW2_20220215T125540_VV_FDC2-BURST""]","[""S1_056011_IW2_20220323T125532_VV_4807-BURST"", ""S1_056012_IW2_20220323T125535_VV_4807-BURST"", ""S1_056013_IW2_20220323T125538_VV_0DD9-BURST"", ""S1_056014_IW2_20220323T125541_VV_0DD9-BURST""]"
20220227_20220311,2022-02-27,2022-03-11,12,26.0,26.0,-26.0,-26.0,4,"[""027_056011_IW2"", ""027_056012_IW2"", ""027_056013_IW2"", ""027_056014_IW2""]","[""027_056011_IW2"", ""027_056012_IW2"", ""027_056013_IW2"", ""027_056014_IW2""]","[""S1_056011_IW2_20220227T125532_VV_D031-BURST"", ""S1_056012_IW2_20220227T125535_VV_D031-BURST"", ""S1_056013_IW2_20220227T125537_VV_D61E-BURST"", ""S1_056014_IW2_20220227T125540_VV_D61E-BURST""]","[""S1_056011_IW2_20220311T125532_VV_236F-BURST"", ""S1_056012_IW2_20220311T125535_VV_236F-BURST"", ""S1_056013_IW2_20220311T125538_VV_7E32-BURST"", ""S1_056014_IW2_20220311T125540_VV_7E32-BURST""]"
20220227_20220323,2022-02-27,2022-03-23,24,110.0,110.0,-110.0,-107.5,4,"[""027_056011_IW2"", ""027_056012_IW2"", ""027_056013_IW2"", ""027_056014_IW2""]","[""027_056011_IW2"", ""027_056012_IW2"", ""027_056013_IW2"", ""027_056014_IW2""]","[""S1_056011_IW2_20220227T125532_VV_D031-BURST"", ""S1_056012_IW2_20220227T125535_VV_D031-BURST"", ""S1_056013_IW2_20220227T125537_VV_D61E-BURST"", ""S1_056014_IW2_20220227T125540_VV_D61E-BURST""]","[""S1_056011_IW2_20220323T125532_VV_4807-BURST"", ""S1_056012_IW2_20220323T125535_VV_4807-BURST"", ""S1_056013_IW2_20220323T125538_VV_0DD9-BURST"", ""S1_056014_IW2_20220323T125541_VV_0DD9-BURST""]"
20220227_20220404,2022-02-27,2022-04-04,36,52.0,52.0,-52.0,-49.5,4,"[""027_056011_IW2"", ""027_056012_IW2"", ""027_056013_IW2"", ""027_056014_IW2""]","[""027_056011_IW2"", ""027_056012_IW2"", ""027_056013_IW2"", ""027_056014_IW2""]","[""S1_056011_IW2_20220227T125532_VV_D031-BURST"", ""S1_056012_IW2_20220227T125535_VV_D031-BURST"", ""S1_056013_IW2_20220227T125537_VV_D61E-BURST"", ""S1_056014_IW2_20220227T125540_VV_D61E-BURST""]","[""S1_056011_IW2_20220404T125533_VV_FA07-BURST"", ""S1_056012_IW2_20220404T125535_VV_FA07-BURST"", ""S1_056013_IW2_20220404T125538_VV_6C4B-BURST"", ""S1_056014_IW2_20220404T125541_VV_6C4B-BURST""]"
20220311_20220323,2022-03-11,2022-03-23,12,84.0,84.0,-84.0,-81.5,4,"[""027_056011_IW2"", ""027_056012_IW2"", ""027_056013_IW2"", ""027_056014_IW2""]","[""027_056011_IW2"", ""027_056012_IW2"", ""027_056013_IW2"", ""027_056014_IW2""]","[""S1_056011_IW2_20220311T125532_VV_236F-BURST"", ""S1_056012_IW2_20220311T125535_VV_236F-BURST"", ""S1_056013_IW2_20220311T125538_VV_7E32-BURST"", ""S1_056014_IW2_20220311T125540_VV_7E32-BURST""]","[""S1_056011_IW2_20220323T125532_VV_4807-BURST"", ""S1_056012_IW2_20220323T125535_VV_4807-BURST"", ""S1_056013_IW2_20220323T125538_VV_0DD9-BURST"", ""S1_056014_IW2_20220323T125541_VV_0DD9-BURST""]"
20220311_20220404,2022-03-11,2022-04-04,24,26.0,26.0,-26.0,-23.5,4,"[""027_056011_IW2"", ""027_056012_IW2"", ""027_056013_IW2"", ""027_056014_IW2""]","[""027_056011_IW2"", ""027_056012_IW2"", ""027_056013_IW2"", ""027_056014_IW2""]","[""S1_056011_IW2_20220311T125532_VV_236F-BURST"", ""S1_056012_IW2_20220311T125535_VV_236F-BURST"", ""S1_056013_IW2_20220311T125538_VV_7E32-BURST"", ""S1_056014_IW2_20220311T125540_VV_7E32-BURST""]","[""S1_056011_IW2_20220404T125533_VV_FA07-BURST"", ""S1_056012_IW2_20220404T125535_VV_FA07-BURST"", ""S1_056013_IW2_20220404T125538_VV_6C4B-BURST"", ""S1_056014_IW2_20220404T125541_VV_6C4B-BURST""]"
20220311_20220416,2022-03-11,2022-04-16,36,6.0,6.0,5.0,5.0,4,"[""027_056011_IW2"", ""027_056012_IW2"", ""027_056013_IW2"", ""027_056014_IW2""]","[""027_056011_IW2"", ""027_056012_IW2"", ""027_056013_IW2"", ""027_056014_IW2""]","[""S1_056011_IW2_20220311T125532_VV_236F-BURST"", ""S1_056012_IW2_20220311T125535_VV_236F-BURST"", ""S1_056013_IW2_20220311T125538_VV_7E32-BURST"", ""S1_056014_IW2_20220311T125540_VV_7E32-BURST""]","[""S1_056011_IW2_20220416T125533_VV_064F-BURST"", ""S1_056012_IW2_20220416T125536_VV_064F-BURST"", ""S1_056013_IW2_20220416T125538_VV_8E15-BURST"", ""S1_056014_IW2_20220416T125541_VV_8E15-BURST""]"
20220323_20220404,2022-03-23,2022-04-04,12,59.0,59.0,57.0,58.0,4,"[""027_056011_IW2"", ""027_056012_IW2"", ""027_056013_IW2"", ""027_056014_IW2""]","[""027_056011_IW2"", ""027_056012_IW2"", ""027_056013_IW2"", ""027_056014_IW2""]","[""S1_056011_IW2_20220323T125532_VV_4807-BURST"", ""S1_056012_IW2_20220323T125535_VV_4807-BURST"", ""S1_056013_IW2_20220323T125538_VV_0DD9-BURST"", ""S1_056014_IW2_20220323T125541_VV_0DD9-BURST""]","[""S1_056011_IW2_20220404T125533_VV_FA07-BURST"", ""S1_056012_IW2_20220404T125535_VV_FA07-BURST"", ""S1_056013_IW2_20220404T125538_VV_6C4B-BURST"", ""S1_056014_IW2_20220404T125541_VV_6C4B-BURST""]"
20220323_20220416,2022-03-23,2022-04-16,24,89.0,89.0,83.0,87.0,4,"[""027_056011_IW2"", ""027_056012_IW2"", ""027_056013_IW2"", ""027_056014_IW2""]","[""027_056011_IW2"", ""027_056012_IW2"", ""027_056013_IW2"", ""027_056014_IW2""]","[""S1_056011_IW2_20220323T125532_VV_4807-BURST"", ""S1_056012_IW2_20220323T125535_VV_4807-BURST"", ""S1_056013_IW2_20220323T125538_VV_0DD9-BURST"", ""S1_056014_IW2_20220323T125541_VV_0DD9-BURST""]","[""S1_056011_IW2_20220416T125533_VV_064F-BURST"", ""S1_056012_IW2_20220416T125536_VV_064F-BURST"", ""S1_056013_IW2_20220416T125538_VV_8E15-BURST"", ""S1_056014_IW2_20220416T125541_VV_8E15-BURST""]"
20220323_20220428,2022-03-23,2022-04-28,36,34.0,34.0,32.0,33.0,4,"[""027_056011_IW2"", ""027_056012_IW2"", ""027_056013_IW2"", ""027_056014_IW2""]","[""027_056011_IW2"", ""027_056012_IW2"", ""027_056013_IW2"", ""027_056014_IW2""]","[""S1_056011_IW2_20220323T125532_VV_4807-BURST"", ""S1_056012_IW2_20220323T125535_VV_4807-BURST"", ""S1_056013_IW2_20220323T125538_VV_0DD9-BURST"", ""S1_056014_IW2_20220323T125541_VV_0DD9-BURST""]","[""S1_056011_IW2_20220428T125533_VV_880C-BURST"", ""S1_056012_IW2_20220428T125536_VV_880C-BURST"", ""S1_056013_IW2_20220428T125539_VV_F168-BURST"", ""S1_056014_IW2_20220428T125542_VV_F168-BURST""]"
20220404_20220416,2022-04-04,2022-04-16,12,31.0,31.0,25.0,29.0,4,"[""027_056011_IW2"", ""027_056012_IW2"", ""027_056013_IW2"", ""027_056014_IW2""]","[""027_056011_IW2"", ""027_056012_IW2"", ""027_056013_IW2"", ""027_056014_IW2""]","[""S1_056011_IW2_20220404T125533_VV_FA07-BURST"", ""S1_056012_IW2_20220404T125535_VV_FA07-BURST"", ""S1_056013_IW2_20220404T125538_VV_6C4B-BURST"", ""S1_056014_IW2_20220404T125541_VV_6C4B-BURST""]","[""S1_056011_IW2_20220416T125533_VV_064F-BURST"", ""S1_056012_IW2_20220416T125536_VV_064F-BURST"", ""S1_056013_IW2_20220416T125538_VV_8E15-BURST"", ""S1_056014_IW2_20220416T125541_VV_8E15-BURST""]"
20220404_20220428,2022-04-04,2022-04-28,24,25.0,25.0,-25.0,-25.0,4,"[""027_056011_IW2"", ""027_056012_IW2"", ""027_056013_IW2"", ""027_056014_IW2""]","[""027_056011_IW2"", ""027_056012_IW2"", ""027_056013_IW2"", ""027_056014_IW2""]","[""S1_056011_IW2_20220404T125533_VV_FA07-BURST"", ""S1_056012_IW2_20220404T125535_VV_FA07-BURST"", ""S1_056013_IW2_20220404T125538_VV_6C4B-BURST"", ""S1_056014_IW2_20220404T125541_VV_6C4B-BURST""]","[""S1_056011_IW2_20220428T125533_VV_880C-BURST"", ""S1_056012_IW2_20220428T125536_VV_880C-BURST"", ""S1_056013_IW2_20220428T125539_VV_F168-BURST"", ""S1_056014_IW2_20220428T125542_VV_F168-BURST""]"
20220404_20220510,2022-04-04,2022-05-10,36,34.0,34.0,31.0,32.0,4,"[""027_056011_IW2"", ""027_056012_IW2"", ""027_056013_IW2"", ""027_056014_IW2""]","[""027_056011_IW2"", ""027_056012_IW2"", ""027_056013_IW2"", ""027_056014_IW2""]","[""S1_056011_IW2_20220404T125533_VV_FA07-BURST"", ""S1_056012_IW2_20220404T125535_VV_FA07-BURST"", ""S1_056013_IW2_20220404T125538_VV_6C4B-BURST"", ""S1_056014_IW2_20220404T125541_VV_6C4B-BURST""]","[""S1_056011_IW2_20220510T125534_VV_CE2D-BURST"", ""S1_056012_IW2_20220510T125537_VV_CE2D-BURST"", ""S1_056013_IW2_20220510T125540_VV_CF5B-BURST"", ""S1_056014_IW2_20220510T125542_VV_CF5B-BURST""]"
20220416_20220428,2022-04-16,2022-04-28,12,56.0,56.0,-56.0,-54.0,4,"[""027_056011_IW2"", ""027_056012_IW2"", ""027_056013_IW2"", ""027_056014_IW2""]","[""027_056011_IW2"", ""027_056012_IW2"", ""027_056013_IW2"", ""027_056014_IW2""]","[""S1_056011_IW2_20220416T125533_VV_064F-BURST"", ""S1_056012_IW2_20220416T125536_VV_064F-BURST"", ""S1_056013_IW2_20220416T125538_VV_8E15-BURST"", ""S1_056014_IW2_20220416T125541_VV_8E15-BURST""]","[""S1_056011_IW2_20220428T125533_VV_880C-BURST"", ""S1_056012_IW2_20220428T125536_VV_880C-BURST"", ""S1_056013_IW2_20220428T125539_VV_F168-BURST"", ""S1_056014_IW2_20220428T125542_VV_F168-BURST""]"
20220416_20220510,2022-04-16,2022-05-10,24,7.0,7.0,2.0,3.0,4,"[""027_056011_IW2"", ""027_056012_IW2"", ""027_056013_IW2"", ""027_056014_IW2""]","[""027_056011_IW2"", ""027_056012_IW2"", ""027_056013_IW2"", ""027_056014_IW2""]","[""S1_056011_IW2_20220416T125533_VV_064F-BURST"", ""S1_056012_IW2_20220416T125536_VV_064F-BURST"", ""S1_056013_IW2_20220416T125538_VV_8E15-BURST"", ""S1_056014_IW2_20220416T125541_VV_8E15-BURST""]","[""S1_056011_IW2_20220510T125534_VV_CE2D-BURST"", ""S1_056012_IW2_20220510T125537_VV_CE2D-BURST"", ""S1_056013_IW2_20220510T125540_VV_CF5B-BURST"", ""S1_056014_IW2_20220510T125542_VV_CF5B-BURST""]"
20220416_20220522,2022-04-16,2022-05-22,36,27.0,27.0,25.0,26.5,4,"[""027_056011_IW2"", ""027_056012_IW2"", ""027_056013_IW2"", ""027_056014_IW2""]","[""027_056011_IW2"", ""027_056012_IW2"", ""027_056013_IW2"", ""027_056014_IW2""]","[""S1_056011_IW2_20220416T125533_VV_064F-BURST"", ""S1_056012_IW2_20220416T125536_VV_064F-BURST"", ""S1_056013_IW2_20220416T125538_VV_8E15-BURST"", ""S1_056014_IW2_20220416T125541_VV_8E15-BURST""]","[""S1_056011_IW2_20220522T125535_VV_FB43-BURST"", ""S1_056012_IW2_20220522T125538_VV_FB43-BURST"", ""S1_056013_IW2_20220522T125540_VV_9CA9-BURST"", ""S1_056014_IW2_20220522T125543_VV_9CA9-BURST""]"
20220428_20220510,2022-04-28,2022-05-10,12,59.0,59.0,56.0,57.0,4,"[""027_056011_IW2"", ""027_056012_IW2"", ""027_056013_IW2"", ""027_056014_IW2""]","[""027_056011_IW2"", ""027_056012_IW2"", ""027_056013_IW2"", ""027_056014_IW2""]","[""S1_056011_IW2_20220428T125533_VV_880C-BURST"", ""S1_056012_IW2_20220428T125536_VV_880C-BURST"", ""S1_056013_IW2_20220428T125539_VV_F168-BURST"", ""S1_056014_IW2_20220428T125542_VV_F168-BURST""]","[""S1_056011_IW2_20220510T125534_VV_CE2D-BURST"", ""S1_056012_IW2_20220510T125537_VV_CE2D-BURST"", ""S1_056013_IW2_20220510T125540_VV_CF5B-BURST"", ""S1_056014_IW2_20220510T125542_VV_CF5B-BURST""]"
20220428_20220522,2022-04-28,2022-05-22,24,83.0,83.0,76.0,80.0,4,"[""027_056011_IW2"", ""027_056012_IW2"", ""027_056013_IW2"", ""027_056014_IW2""]","[""027_056011_IW2"", ""027_056012_IW2"", ""027_056013_IW2"", ""027_056014_IW2""]","[""S1_056011_IW2_20220428T125533_VV_880C-BURST"", ""S1_056012_IW2_20220428T125536_VV_880C-BURST"", ""S1_056013_IW2_20220428T125539_VV_F168-BURST"", ""S1_056014_IW2_20220428T125542_VV_F168-BURST""]","[""S1_056011_IW2_20220522T125535_VV_FB43-BURST"", ""S1_056012_IW2_20220522T125538_VV_FB43-BURST"", ""S1_056013_IW2_20220522T125540_VV_9CA9-BURST"", ""S1_056014_IW2_20220522T125543_VV_9CA9-BURST""]"
20220428_20220603,2022-04-28,2022-06-03,36,30.0,30.0,-30.0,-25.5,4,"[""027_056011_IW2"", ""027_056012_IW2"", ""027_056013_IW2"", ""027_056014_IW2""]","[""027_056011_IW2"", ""027_056012_IW2"", ""027_056013_IW2"", ""027_056014_IW2""]","[""S1_056011_IW2_20220428T125533_VV_880C-BURST"", ""S1_056012_IW2_20220428T125536_VV_880C-BURST"", ""S1_056013_IW2_20220428T125539_VV_F168-BURST"", ""S1_056014_IW2_20220428T125542_VV_F168-BURST""]","[""S1_056011_IW2_20220603T125536_VV_798B-BURST"", ""S1_056012_IW2_20220603T125539_VV_798B-BURST"", ""S1_056013_IW2_20220603T125541_VV_F280-BURST"", ""S1_056014_IW2_20220603T125544_VV_F280-BURST""]"
20220510_20220522,2022-05-10,2022-05-22,12,24.0,24.0,19.0,23.5,4,"[""027_056011_IW2"", ""027_056012_IW2"", ""027_056013_IW2"", ""027_056014_IW2""]","[""027_056011_IW2"", ""027_056012_IW2"", ""027_056013_IW2"", ""027_056014_IW2""]","[""S1_056011_IW2_20220510T125534_VV_CE2D-BURST"", ""S1_056012_IW2_20220510T125537_VV_CE2D-BURST"", ""S1_056013_IW2_20220510T125540_VV_CF5B-BURST"", ""S1_056014_IW2_20220510T125542_VV_CF5B-BURST""]","[""S1_056011_IW2_20220522T125535_VV_FB43-BURST"", ""S1_056012_IW2_20220522T125538_VV_FB43-BURST"", ""S1_056013_IW2_20220522T125540_VV_9CA9-BURST"", ""S1_056014_IW2_20220522T125543_VV_9CA9-BURST""]"
20220510_20220603,2022-05-10,2022-06-03,24,87.0,87.0,-87.0,-82.0,4,"[""027_056011_IW2"", ""027_056012_IW2"", ""027_056013_IW2"", ""027_056014_IW2""]","[""027_056011_IW2"", ""027_056012_IW2"", ""027_056013_IW2"", ""027_056014_IW2""]","[""S1_056011_IW2_20220510T125534_VV_CE2D-BURST"", ""S1_056012_IW2_20220510T125537_VV_CE2D-BURST"", ""S1_056013_IW2_20220510T125540_VV_CF5B-BURST"", ""S1_056014_IW2_20220510T125542_VV_CF5B-BURST""]","[""S1_056011_IW2_20220603T125536_VV_798B-BURST"", ""S1_056012_IW2_20220603T125539_VV_798B-BURST"", ""S1_056013_IW2_20220603T125541_VV_F280-BURST"", ""S1_056014_IW2_20220603T125544_VV_F280-BURST""]"
20220510_20220615,2022-05-10,2022-06-15,36,94.0,94.0,91.0,93.0,4,"[""027_056011_IW2"", ""027_056012_IW2"", ""027_056013_IW2"", ""027_056014_IW2""]","[""027_056011_IW2"", ""027_056012_IW2"", ""027_056013_IW2"", ""027_056014_IW2""]","[""S1_056011_IW2_20220510T125534_VV_CE2D-BURST"", ""S1_056012_IW2_20220510T125537_VV_CE2D-BURST"", ""S1_056013_IW2_20220510T125540_VV_CF5B-BURST"", ""S1_056014_IW2_20220510T125542_VV_CF5B-BURST""]","[""S1_056011_IW2_20220615T125536_VV_E905-BURST"", ""S1_056012_IW2_20220615T125539_VV_E905-BURST"", ""S1_056013_IW2_20220615T125542_VV_2854-BURST"", ""S1_056014_IW2_20220615T125545_VV_2854-BURST""]"
20220522_20220603,2022-05-22,2022-06-03,12,106.0,106.0,-106.0,-106.0,4,"[""027_056011_IW2"", ""027_056012_IW2"", ""027_056013_IW2"", ""027_056014_IW2""]","[""027_056011_IW2"", ""027_056012_IW2"", ""027_056013_IW2"", ""027_056014_IW2""]","[""S1_056011_IW2_20220522T125535_VV_FB43-BURST"", ""S1_056012_IW2_20220522T125538_VV_FB43-BURST"", ""S1_056013_IW2_20220522T125540_VV_9CA9-BURST"", ""S1_056014_IW2_20220522T125543_VV_9CA9-BURST""]","[""S1_056011_IW2_20220603T125536_VV_798B-BURST"", ""S1_056012_IW2_20220603T125539_VV_798B-BURST"", ""S1_056013_IW2_20220603T125541_VV_F280-BURST"", ""S1_056014_IW2_20220603T125544_VV_F280-BURST""]"
20220522_20220615,2022-05-22,2022-06-15,24,74.0,74.0,67.0,70.0,4,"[""027_056011_IW2"", ""027_056012_IW2"", ""027_056013_IW2"", ""027_056014_IW2""]","[""027_056011_IW2"", ""027_056012_IW2"", ""027_056013_IW2"", ""027_056014_IW2""]","[""S1_056011_IW2_20220522T125535_VV_FB43-BURST"", ""S1_056012_IW2_20220522T125538_VV_FB43-BURST"", ""S1_056013_IW2_20220522T125540_VV_9CA9-BURST"", ""S1_056014_IW2_20220522T125543_VV_9CA9-BURST""]","[""S1_056011_IW2_20220615T125536_VV_E905-BURST"", ""S1_056012_IW2_20220615T125539_VV_E905-BURST"", ""S1_056013_IW2_20220615T125542_VV_2854-BURST"", ""S1_056014_IW2_20220615T125545_VV_2854-BURST""]"
20220522_20220627,2022-05-22,2022-06-27,36,49.0,49.0,-49.0,-46.0,4,"[""027_056011_IW2"", ""027_056012_IW2"", ""027_056013_IW2"", ""027_056014_IW2""]","[""027_056011_IW2"", ""027_056012_IW2"", ""027_056013_IW2"", ""027_056014_IW2""]","[""S1_056011_IW2_20220522T125535_VV_FB43-BURST"", ""S1_056012_IW2_20220522T125538_VV_FB43-BURST"", ""S1_056013_IW2_20220522T125540_VV_9CA9-BURST"", ""S1_056014_IW2_20220522T125543_VV_9CA9-BURST""]","[""S1_056011_IW2_20220627T125537_VV_5A82-BURST"", ""S1_056012_IW2_20220627T125540_VV_5A82-BURST"", ""S1_056013_IW2_20220627T125543_VV_049A-BURST"", ""S1_056014_IW2_20220627T125546_VV_049A-BURST""]"
20220603_20220615,2022-06-03,2022-06-15,12,180.0,180.0,173.0,175.5,4,"[""027_056011_IW2"", ""027_056012_IW2"", ""027_056013_IW2"", ""027_056014_IW2""]","[""027_056011_IW2"", ""027_056012_IW2"", ""027_056013_IW2"", ""027_056014_IW2""]","[""S1_056011_IW2_20220603T125536_VV_798B-BURST"", ""S1_056012_IW2_20220603T125539_VV_798B-BURST"", ""S1_056013_IW2_20220603T125541_VV_F280-BURST"", ""S1_056014_IW2_20220603T125544_VV_F280-BURST""]","[""S1_056011_IW2_20220615T125536_VV_E905-BURST"", ""S1_056012_IW2_20220615T125539_VV_E905-BURST"", ""S1_056013_IW2_20220615T125542_VV_2854-BURST"", ""S1_056014_IW2_20220615T125545_VV_2854-BURST""]"
20220603_20220627,2022-06-03,2022-06-27,24,64.0,64.0,57.0,59.5,4,"[""027_056011_IW2"", ""027_056012_IW2"", ""027_056013_IW2"", ""027_056014_IW2""]","[""027_056011_IW2"", ""027_056012_IW2"", ""027_056013_IW2"", ""027_056014_IW2""]","[""S1_056011_IW2_20220603T125536_VV_798B-BURST"", ""S1_056012_IW2_20220603T125539_VV_798B-BURST"", ""S1_056013_IW2_20220603T125541_VV_F280-BURST"", ""S1_056014_IW2_20220603T125544_VV_F280-BURST""]","[""S1_056011_IW2_20220627T125537_VV_5A82-BURST"", ""S1_056012_IW2_20220627T125540_VV_5A82-BURST"", ""S1_056013_IW2_20220627T125543_VV_049A-BURST"", ""S1_056014_IW2_20220627T125546_VV_049A-BURST""]"
20220603_20220709,2022-06-03,2022-07-09,36,16.0,16.0,11.0,11.0,4,"[""027_056011_IW2"", ""027_056012_IW2"", ""027_056013_IW2"", ""027_056014_IW2""]","[""027_056011_IW2"", ""027_056012_IW2"", ""027_056013_IW2"", ""027_056014_IW2""]","[""S1_056011_IW2_20220603T125536_VV_798B-BURST"", ""S1_056012_IW2_20220603T125539_VV_798B-BURST"", ""S1_056013_IW2_20220603T125541_VV_F280-BURST"", ""S1_056014_IW2_20220603T125544_VV_F280-BURST""]","[""S1_056011_IW2_20220709T125538_VV_E938-BURST"", ""S1_056012_IW2_20220709T125541_VV_E938-BURST"", ""S1_056013_IW2_20220709T125544_VV_1646-BURST"", ""S1_056014_IW2_20220709T125546_VV_1646-BURST""]"
20220615_20220627,2022-06-15,2022-06-27,12,116.0,116.0,-116.0,-116.0,4,"[""027_056011_IW2"", ""027_056012_IW2"", ""027_056013_IW2"", ""027_056014_IW2""]","[""027_056011_IW2"", ""027_056012_IW2"", ""027_056013_IW2"", ""027_056014_IW2""]","[""S1_056011_IW2_20220615T125536_VV_E905-BURST"", ""S1_056012_IW2_20220615T125539_VV_E905-BURST"", ""S1_056013_IW2_20220615T125542_VV_2854-BURST"", ""S1_056014_IW2_20220615T125545_VV_2854-BURST""]","[""S1_056011_IW2_20220627T125537_VV_5A82-BURST"", ""S1_056012_IW2_20220627T125540_VV_5A82-BURST"", ""S1_056013_IW2_20220627T125543_VV_049A-BURST"", ""S1_056014_IW2_20220627T125546_VV_049A-BURST""]"
20220615_20220709,2022-06-15,2022-07-09,24,165.0,165.0,-165.0,-164.0,4,"[""027_056011_IW2"", ""027_056012_IW2"", ""027_056013_IW2"", ""027_056014_IW2""]","[""027_056011_IW2"", ""027_056012_IW2"", ""027_056013_IW2"", ""027_056014_IW2""]","[""S1_056011_IW2_20220615T125536_VV_E905-BURST"", ""S1_056012_IW2_20220615T125539_VV_E905-BURST"", ""S1_056013_IW2_20220615T125542_VV_2854-BURST"", ""S1_056014_IW2_20220615T125545_VV_2854-BURST""]","[""S1_056011_IW2_20220709T125538_VV_E938-BURST"", ""S1_056012_IW2_20220709T125541_VV_E938-BURST"", ""S1_056013_IW2_20220709T125544_VV_1646-BURST"", ""S1_056014_IW2_20220709T125546_VV_1646-BURST""]"
20220627_20220721,2022-06-27,2022-07-21,24,38.0,38.0,-38.0,-34.0,4,"[""027_056011_IW2"", ""027_056012_IW2"", ""027_056013_IW2"", ""027_056014_IW2""]","[""027_056011_IW2"", ""027_056012_IW2"", ""027_056013_IW2"", ""027_056014_IW2""]","[""S1_056011_IW2_20220627T125537_VV_5A82-BURST"", ""S1_056012_IW2_20220627T125540_VV_5A82-BURST"", ""S1_056013_IW2_20220627T125543_VV_049A-BURST"", ""S1_056014_IW2_20220627T125546_VV_049A-BURST""]","[""S1_056011_IW2_20220721T125539_VV_80CC-BURST"", ""S1_056012_IW2_20220721T125542_VV_80CC-BURST"", ""S1_056013_IW2_20220721T125544_VV_F9C6-BURST"", ""S1_056014_IW2_20220721T125547_VV_F9C6-BURST""]"
20220627_20220802,2022-06-27,2022-08-02,36,26.0,26.0,-26.0,-26.0,4,"[""027_056011_IW2"", ""027_056012_IW2"", ""027_056013_IW2"", ""027_056014_IW2""]","[""027_056011_IW2"", ""027_056012_IW2"", ""027_056013_IW2"", ""027_056014_IW2""]","[""S1_056011_IW2_20220627T125537_VV_5A82-BURST"", ""S1_056012_IW2_20220627T125540_VV_5A82-BURST"", ""S1_056013_IW2_20220627T125543_VV_049A-BURST"", ""S1_056014_IW2_20220627T125546_VV_049A-BURST""]","[""S1_056011_IW2_20220802T125540_VV_2F4E-BURST"", ""S1_056012_IW2_20220802T125542_VV_2F4E-BURST"", ""S1_056013_IW2_20220802T125545_VV_BD8B-BURST"", ""S1_056014_IW2_20220802T125548_VV_BD8B-BURST""]"
20220709_20220802,2022-07-09,2022-08-02,24,23.0,23.0,20.0,22.0,4,"[""027_056011_IW2"", ""027_056012_IW2"", ""027_056013_IW2"", ""027_056014_IW2""]","[""027_056011_IW2"", ""027_056012_IW2"", ""027_056013_IW2"", ""027_056014_IW2""]","[""S1_056011_IW2_20220709T125538_VV_E938-BURST"", ""S1_056012_IW2_20220709T125541_VV_E938-BURST"", ""S1_056013_IW2_20220709T125544_VV_1646-BURST"", ""S1_056014_IW2_20220709T125546_VV_1646-BURST""]","[""S1_056011_IW2_20220802T125540_VV_2F4E-BURST"", ""S1_056012_IW2_20220802T125542_VV_2F4E-BURST"", ""S1_056013_IW2_20220802T125545_VV_BD8B-BURST"", ""S1_056014_IW2_20220802T125548_VV_BD8B-BURST""]"
20220709_20220814,2022-07-09,2022-08-14,36,72.0,72.0,69.0,71.5,4,"[""027_056011_IW2"", ""027_056012_IW2"", ""027_056013_IW2"", ""027_056014_IW2""]","[""027_056011_IW2"", ""027_056012_IW2"", ""027_056013_IW2"", ""027_056014_IW2""]","[""S1_056011_IW2_20220709T125538_VV_E938-BURST"", ""S1_056012_IW2_20220709T125541_VV_E938-BURST"", ""S1_056013_IW2_20220709T125544_VV_1646-BURST"", ""S1_056014_IW2_20220709T125546_VV_1646-BURST""]","[""S1_056011_IW2_20220814T125540_VV_7CE5-BURST"", ""S1_056012_IW2_20220814T125543_VV_7CE5-BURST"", ""S1_056013_IW2_20220814T125546_VV_82F0-BURST"", ""S1_056014_IW2_20220814T125549_VV_82F0-BURST""]"
20220721_20220814,2022-07-21,2022-08-14,24,61.0,61.0,54.0,57.5,4,"[""027_056011_IW2"", ""027_056012_IW2"", ""027_056013_IW2"", ""027_056014_IW2""]","[""027_056011_IW2"", ""027_056012_IW2"", ""027_056013_IW2"", ""027_056014_IW2""]","[""S1_056011_IW2_20220721T125539_VV_80CC-BURST"", ""S1_056012_IW2_20220721T125542_VV_80CC-BURST"", ""S1_056013_IW2_20220721T125544_VV_F9C6-BURST"", ""S1_056014_IW2_20220721T125547_VV_F9C6-BURST""]","[""S1_056011_IW2_20220814T125540_VV_7CE5-BURST"", ""S1_056012_IW2_20220814T125543_VV_7CE5-BURST"", ""S1_056013_IW2_20220814T125546_VV_82F0-BURST"", ""S1_056014_IW2_20220814T125549_VV_82F0-BURST""]"
20220721_20220826,2022-07-21,2022-08-26,36,107.0,107.0,105.0,105.5,4,"[""027_056011_IW2"", ""027_056012_IW2"", ""027_056013_IW2"", ""027_056014_IW2""]","[""027_056011_IW2"", ""027_056012_IW2"", ""027_056013_IW2"", ""027_056014_IW2""]","[""S1_056011_IW2_20220721T125539_VV_80CC-BURST"", ""S1_056012_IW2_20220721T125542_VV_80CC-BURST"", ""S1_056013_IW2_20220721T125544_VV_F9C6-BURST"", ""S1_056014_IW2_20220721T125547_VV_F9C6-BURST""]","[""S1_056011_IW2_20220826T125541_VV_B5B7-BURST"", ""S1_056012_IW2_20220826T125544_VV_B5B7-BURST"", ""S1_056013_IW2_20220826T125546_VV_F72C-BURST"", ""S1_056014_IW2_20220826T125549_VV_F72C-BURST""]"
20220802_20220826,2022-08-02,2022-08-26,24,100.0,100.0,94.0,98.0,4,"[""027_056011_IW2"", ""027_056012_IW2"", ""027_056013_IW2"", ""027_056014_IW2""]","[""027_056011_IW2"", ""027_056012_IW2"", ""027_056013_IW2"", ""027_056014_IW2""]","[""S1_056011_IW2_20220802T125540_VV_2F4E-BURST"", ""S1_056012_IW2_20220802T125542_VV_2F4E-BURST"", ""S1_056013_IW2_20220802T125545_VV_BD8B-BURST"", ""S1_056014_IW2_20220802T125548_VV_BD8B-BURST""]","[""S1_056011_IW2_20220826T125541_VV_B5B7-BURST"", ""S1_056012_IW2_20220826T125544_VV_B5B7-BURST"", ""S1_056013_IW2_20220826T125546_VV_F72C-BURST"", ""S1_056014_IW2_20220826T125549_VV_F72C-BURST""]"
20220802_20220907,2022-08-02,2022-09-07,36,111.0,111.0,-111.0,-111.0,4,"[""027_056011_IW2"", ""027_056012_IW2"", ""027_056013_IW2"", ""027_056014_IW2""]","[""027_056011_IW2"", ""027_056012_IW2"", ""027_056013_IW2"", ""027_056014_IW2""]","[""S1_056011_IW2_20220802T125540_VV_2F4E-BURST"", ""S1_056012_IW2_20220802T125542_VV_2F4E-BURST"", ""S1_056013_IW2_20220802T125545_VV_BD8B-BURST"", ""S1_056014_IW2_20220802T125548_VV_BD8B-BURST""]","[""S1_056011_IW2_20220907T125542_VV_3B2E-BURST"", ""S1_056012_IW2_20220907T125544_VV_3B2E-BURST"", ""S1_056013_IW2_20220907T125547_VV_6E8F-BURST"", ""S1_056014_IW2_20220907T125550_VV_6E8F-BURST""]"
20220814_20220919,2022-08-14,2022-09-19,36,88.0,88.0,87.0,88.0,4,"[""027_056011_IW2"", ""027_056012_IW2"", ""027_056013_IW2"", ""027_056014_IW2""]","[""027_056011_IW2"", ""027_056012_IW2"", ""027_056013_IW2"", ""027_056014_IW2""]","[""S1_056011_IW2_20220814T125540_VV_7CE5-BURST"", ""S1_056012_IW2_20220814T125543_VV_7CE5-BURST"", ""S1_056013_IW2_20220814T125546_VV_82F0-BURST"", ""S1_056014_IW2_20220814T125549_VV_82F0-BURST""]","[""S1_056011_IW2_20220919T125541_VV_62CE-BURST"", ""S1_056012_IW2_20220919T125544_VV_62CE-BURST"", ""S1_056013_IW2_20220919T125547_VV_EA41-BURST"", ""S1_056014_IW2_20220919T125550_VV_EA41-BURST""]"
20220826_20220907,2022-08-26,2022-09-07,12,211.0,211.0,-211.0,-208.5,4,"[""027_056011_IW2"", ""027_056012_IW2"", ""027_056013_IW2"", ""027_056014_IW2""]","[""027_056011_IW2"", ""027_056012_IW2"", ""027_056013_IW2"", ""027_056014_IW2""]","[""S1_056011_IW2_20220826T125541_VV_B5B7-BURST"", ""S1_056012_IW2_20220826T125544_VV_B5B7-BURST"", ""S1_056013_IW2_20220826T125546_VV_F72C-BURST"", ""S1_056014_IW2_20220826T125549_VV_F72C-BURST""]","[""S1_056011_IW2_20220907T125542_VV_3B2E-BURST"", ""S1_056012_IW2_20220907T125544_VV_3B2E-BURST"", ""S1_056013_IW2_20220907T125547_VV_6E8F-BURST"", ""S1_056014_IW2_20220907T125550_VV_6E8F-BURST""]"
20220826_20220919,2022-08-26,2022-09-19,24,43.0,43.0,37.0,39.0,4,"[""027_056011_IW2"", ""027_056012_IW2"", ""027_056013_IW2"", ""027_056014_IW2""]","[""027_056011_IW2"", ""027_056012_IW2"", ""027_056013_IW2"", ""027_056014_IW2""]","[""S1_056011_IW2_20220826T125541_VV_B5B7-BURST"", ""S1_056012_IW2_20220826T125544_VV_B5B7-BURST"", ""S1_056013_IW2_20220826T125546_VV_F72C-BURST"", ""S1_056014_IW2_20220826T125549_VV_F72C-BURST""]","[""S1_056011_IW2_20220919T125541_VV_62CE-BURST"", ""S1_056012_IW2_20220919T125544_VV_62CE-BURST"", ""S1_056013_IW2_20220919T125547_VV_EA41-BURST"", ""S1_056014_IW2_20220919T125550_VV_EA41-BURST""]"
20220826_20221001,2022-08-26,2022-10-01,36,142.0,142.0,-142.0,-141.0,4,"[""027_056011_IW2"", ""027_056012_IW2"", ""027_056013_IW2"", ""027_056014_IW2""]","[""027_056011_IW2"", ""027_056012_IW2"", ""027_056013_IW2"", ""027_056014_IW2""]","[""S1_056011_IW2_20220826T125541_VV_B5B7-BURST"", ""S1_056012_IW2_20220826T125544_VV_B5B7-BURST"", ""S1_056013_IW2_20220826T125546_VV_F72C-BURST"", ""S1_056014_IW2_20220826T125549_VV_F72C-BURST""]","[""S1_056011_IW2_20221001T125542_VV_FF71-BURST"", ""S1_056012_IW2_20221001T125545_VV_FF71-BURST"", ""S1_056013_IW2_20221001T125548_VV_EC3F-BURST"", ""S1_056014_IW2_20221001T125550_VV_EC3F-BURST""]"
20220907_20221001,2022-09-07,2022-10-01,24,70.0,70.0,67.0,67.0,4,"[""027_056011_IW2"", ""027_056012_IW2"", ""027_056013_IW2"", ""027_056014_IW2""]","[""027_056011_IW2"", ""027_056012_IW2"", ""027_056013_IW2"", ""027_056014_IW2""]","[""S1_056011_IW2_20220907T125542_VV_3B2E-BURST"", ""S1_056012_IW2_20220907T125544_VV_3B2E-BURST"", ""S1_056013_IW2_20220907T125547_VV_6E8F-BURST"", ""S1_056014_IW2_20220907T125550_VV_6E8F-BURST""]","[""S1_056011_IW2_20221001T125542_VV_FF71-BURST"", ""S1_056012_IW2_20221001T125545_VV_FF71-BURST"", ""S1_056013_IW2_20221001T125548_VV_EC3F-BURST"", ""S1_056014_IW2_20221001T125550_VV_EC3F-BURST""]"
20220919_20221013,2022-09-19,2022-10-13,24,12.0,12.0,5.0,9.5,4,"[""027_056011_IW2"", ""027_056012_IW2"", ""027_056013_IW2"", ""027_056014_IW2""]","[""027_056011_IW2"", ""027_056012_IW2"", ""027_056013_IW2"", ""027_056014_IW2""]","[""S1_056011_IW2_20220919T125541_VV_62CE-BURST"", ""S1_056012_IW2_20220919T125544_VV_62CE-BURST"", ""S1_056013_IW2_20220919T125547_VV_EA41-BURST"", ""S1_056014_IW2_20220919T125550_VV_EA41-BURST""]","[""S1_056011_IW2_20221013T125542_VV_E197-BURST"", ""S1_056012_IW2_20221013T125545_VV_E197-BURST"", ""S1_056013_IW2_20221013T125547_VV_7E77-BURST"", ""S1_056014_IW2_20221013T125550_VV_7E77-BURST""]"
20220919_20221025,2022-09-19,2022-10-25,36,52.0,52.0,-52.0,-50.0,4,"[""027_056011_IW2"", ""027_056012_IW2"", ""027_056013_IW2"", ""027_056014_IW2""]","[""027_056011_IW2"", ""027_056012_IW2"", ""027_056013_IW2"", ""027_056014_IW2""]","[""S1_056011_IW2_20220919T125541_VV_62CE-BURST"", ""S1_056012_IW2_20220919T125544_VV_62CE-BURST"", ""S1_056013_IW2_20220919T125547_VV_EA41-BURST"", ""S1_056014_IW2_20220919T125550_VV_EA41-BURST""]","[""S1_056011_IW2_20221025T125542_VV_0DE5-BURST"", ""S1_056012_IW2_20221025T125545_VV_0DE5-BURST"", ""S1_056013_IW2_20221025T125548_VV_D74C-BURST"", ""S1_056014_IW2_20221025T125550_VV_D74C-BURST""]"
20221001_20221013,2022-10-01,2022-10-13,12,190.0,190.0,186.0,190.0,4,"[""027_056011_IW2"", ""027_056012_IW2"", ""027_056013_IW2"", ""027_056014_IW2""]","[""027_056011_IW2"", ""027_056012_IW2"", ""027_056013_IW2"", ""027_056014_IW2""]","[""S1_056011_IW2_20221001T125542_VV_FF71-BURST"", ""S1_056012_IW2_20221001T125545_VV_FF71-BURST"", ""S1_056013_IW2_20221001T125548_VV_EC3F-BURST"", ""S1_056014_IW2_20221001T125550_VV_EC3F-BURST""]","[""S1_056011_IW2_20221013T125542_VV_E197-BURST"", ""S1_056012_IW2_20221013T125545_VV_E197-BURST"", ""S1_056013_IW2_20221013T125547_VV_7E77-BURST"", ""S1_056014_IW2_20221013T125550_VV_7E77-BURST""]"
20221001_20221025,2022-10-01,2022-10-25,24,131.0,131.0,129.0,129.5,4,"[""027_056011_IW2"", ""027_056012_IW2"", ""027_056013_IW2"", ""027_056014_IW2""]","[""027_056011_IW2"", ""027_056012_IW2"", ""027_056013_IW2"", ""027_056014_IW2""]","[""S1_056011_IW2_20221001T125542_VV_FF71-BURST"", ""S1_056012_IW2_20221001T125545_VV_FF71-BURST"", ""S1_056013_IW2_20221001T125548_VV_EC3F-BURST"", ""S1_056014_IW2_20221001T125550_VV_EC3F-BURST""]","[""S1_056011_IW2_20221025T125542_VV_0DE5-BURST"", ""S1_056012_IW2_20221025T125545_VV_0DE5-BURST"", ""S1_056013_IW2_20221025T125548_VV_D74C-BURST"", ""S1_056014_IW2_20221025T125550_VV_D74C-BURST""]"
20221001_20221106,2022-10-01,2022-11-06,36,197.0,197.0,193.0,196.0,4,"[""027_056011_IW2"", ""027_056012_IW2"", ""027_056013_IW2"", ""027_056014_IW2""]","[""027_056011_IW2"", ""027_056012_IW2"", ""027_056013_IW2"", ""027_056014_IW2""]","[""S1_056011_IW2_20221001T125542_VV_FF71-BURST"", ""S1_056012_IW2_20221001T125545_VV_FF71-BURST"", ""S1_056013_IW2_20221001T125548_VV_EC3F-BURST"", ""S1_056014_IW2_20221001T125550_VV_EC3F-BURST""]","[""S1_056011_IW2_20221106T125542_VV_9598-BURST"", ""S1_056012_IW2_20221106T125544_VV_9598-BURST"", ""S1_056013_IW2_20221106T125547_VV_AAC3-BURST"", ""S1_056014_IW2_20221106T125550_VV_AAC3-BURST""]"
20221013_20221025,2022-10-13,2022-10-25,12,61.0,61.0,-61.0,-60.0,4,"[""027_056011_IW2"", ""027_056012_IW2"", ""027_056013_IW2"", ""027_056014_IW2""]","[""027_056011_IW2"", ""027_056012_IW2"", ""027_056013_IW2"", ""027_056014_IW2""]","[""S1_056011_IW2_20221013T125542_VV_E197-BURST"", ""S1_056012_IW2_20221013T125545_VV_E197-BURST"", ""S1_056013_IW2_20221013T125547_VV_7E77-BURST"", ""S1_056014_IW2_20221013T125550_VV_7E77-BURST""]","[""S1_056011_IW2_20221025T125542_VV_0DE5-BURST"", ""S1_056012_IW2_20221025T125545_VV_0DE5-BURST"", ""S1_056013_IW2_20221025T125548_VV_D74C-BURST"", ""S1_056014_IW2_20221025T125550_VV_D74C-BURST""]"
20221013_20221106,2022-10-13,2022-11-06,24,7.0,7.0,6.0,6.5,4,"[""027_056011_IW2"", ""027_056012_IW2"", ""027_056013_IW2"", ""027_056014_IW2""]","[""027_056011_IW2"", ""027_056012_IW2"", ""027_056013_IW2"", ""027_056014_IW2""]","[""S1_056011_IW2_20221013T125542_VV_E197-BURST"", ""S1_056012_IW2_20221013T125545_VV_E197-BURST"", ""S1_056013_IW2_20221013T125547_VV_7E77-BURST"", ""S1_056014_IW2_20221013T125550_VV_7E77-BURST""]","[""S1_056011_IW2_20221106T125542_VV_9598-BURST"", ""S1_056012_IW2_20221106T125544_VV_9598-BURST"", ""S1_056013_IW2_20221106T125547_VV_AAC3-BURST"", ""S1_056014_IW2_20221106T125550_VV_AAC3-BURST""]"
20221013_20221118,2022-10-13,2022-11-18,36,119.0,119.0,-119.0,-116.0,4,"[""027_056011_IW2"", ""027_056012_IW2"", ""027_056013_IW2"", ""027_056014_IW2""]","[""027_056011_IW2"", ""027_056012_IW2"", ""027_056013_IW2"", ""027_056014_IW2""]","[""S1_056011_IW2_20221013T125542_VV_E197-BURST"", ""S1_056012_IW2_20221013T125545_VV_E197-BURST"", ""S1_056013_IW2_20221013T125547_VV_7E77-BURST"", ""S1_056014_IW2_20221013T125550_VV_7E77-BURST""]","[""S1_056011_IW2_20221118T125542_VV_F1C1-BURST"", ""S1_056012_IW2_20221118T125544_VV_F1C1-BURST"", ""S1_056013_IW2_20221118T125547_VV_0F37-BURST"", ""S1_056014_IW2_20221118T125550_VV_0F37-BURST""]"
20221025_20221106,2022-10-25,2022-11-06,12,67.0,67.0,63.0,66.5,4,"[""027_056011_IW2"", ""027_056012_IW2"", ""027_056013_IW2"", ""027_056014_IW2""]","[""027_056011_IW2"", ""027_056012_IW2"", ""027_056013_IW2"", ""027_056014_IW2""]","[""S1_056011_IW2_20221025T125542_VV_0DE5-BURST"", ""S1_056012_IW2_20221025T125545_VV_0DE5-BURST"", ""S1_056013_IW2_20221025T125548_VV_D74C-BURST"", ""S1_056014_IW2_20221025T125550_VV_D74C-BURST""]","[""S1_056011_IW2_20221106T125542_VV_9598-BURST"", ""S1_056012_IW2_20221106T125544_VV_9598-BURST"", ""S1_056013_IW2_20221106T125547_VV_AAC3-BURST"", ""S1_056014_IW2_20221106T125550_VV_AAC3-BURST""]"
20221025_20221118,2022-10-25,2022-11-18,24,58.0,58.0,-58.0,-56.5,4,"[""027_056011_IW2"", ""027_056012_IW2"", ""027_056013_IW2"", ""027_056014_IW2""]","[""027_056011_IW2"", ""027_056012_IW2"", ""027_056013_IW2"", ""027_056014_IW2""]","[""S1_056011_IW2_20221025T125542_VV_0DE5-BURST"", ""S1_056012_IW2_20221025T125545_VV_0DE5-BURST"", ""S1_056013_IW2_20221025T125548_VV_D74C-BURST"", ""S1_056014_IW2_20221025T125550_VV_D74C-BURST""]","[""S1_056011_IW2_20221118T125542_VV_F1C1-BURST"", ""S1_056012_IW2_20221118T125544_VV_F1C1-BURST"", ""S1_056013_IW2_20221118T125547_VV_0F37-BURST"", ""S1_056014_IW2_20221118T125550_VV_0F37-BURST""]"
20221025_20221130,2022-10-25,2022-11-30,36,36.0,36.0,-36.0,-32.0,4,"[""027_056011_IW2"", ""027_056012_IW2"", ""027_056013_IW2"", ""027_056014_IW2""]","[""027_056011_IW2"", ""027_056012_IW2"", ""027_056013_IW2"", ""027_056014_IW2""]","[""S1_056011_IW2_20221025T125542_VV_0DE5-BURST"", ""S1_056012_IW2_20221025T125545_VV_0DE5-BURST"", ""S1_056013_IW2_20221025T125548_VV_D74C-BURST"", ""S1_056014_IW2_20221025T125550_VV_D74C-BURST""]","[""S1_056011_IW2_20221130T125541_VV_55A5-BURST"", ""S1_056012_IW2_20221130T125544_VV_55A5-BURST"", ""S1_056013_IW2_20221130T125546_VV_DA89-BURST"", ""S1_056014_IW2_20221130T125549_VV_DA89-BURST""]"
20221106_20221118,2022-11-06,2022-11-18,12,125.0,125.0,-125.0,-122.5,4,"[""027_056011_IW2"", ""027_056012_IW2"", ""027_056013_IW2"", ""027_056014_IW2""]","[""027_056011_IW2"", ""027_056012_IW2"", ""027_056013_IW2"", ""027_056014_IW2""]","[""S1_056011_IW2_20221106T125542_VV_9598-BURST"", ""S1_056012_IW2_20221106T125544_VV_9598-BURST"", ""S1_056013_IW2_20221106T125547_VV_AAC3-BURST"", ""S1_056014_IW2_20221106T125550_VV_AAC3-BURST""]","[""S1_056011_IW2_20221118T125542_VV_F1C1-BURST"", ""S1_056012_IW2_20221118T125544_VV_F1C1-BURST"", ""S1_056013_IW2_20221118T125547_VV_0F37-BURST"", ""S1_056014_IW2_20221118T125550_VV_0F37-BURST""]"
20221106_20221130,2022-11-06,2022-11-30,24,99.0,99.0,-99.0,-98.5,4,"[""027_056011_IW2"", ""027_056012_IW2"", ""027_056013_IW2"", ""027_056014_IW2""]","[""027_056011_IW2"", ""027_056012_IW2"", ""027_056013_IW2"", ""027_056014_IW2""]","[""S1_056011_IW2_20221106T125542_VV_9598-BURST"", ""S1_056012_IW2_20221106T125544_VV_9598-BURST"", ""S1_056013_IW2_20221106T125547_VV_AAC3-BURST"", ""S1_056014_IW2_20221106T125550_VV_AAC3-BURST""]","[""S1_056011_IW2_20221130T125541_VV_55A5-BURST"", ""S1_056012_IW2_20221130T125544_VV_55A5-BURST"", ""S1_056013_IW2_20221130T125546_VV_DA89-BURST"", ""S1_056014_IW2_20221130T125549_VV_DA89-BURST""]"
20221106_20221212,2022-11-06,2022-12-12,36,131.0,131.0,-131.0,-129.0,4,"[""027_056011_IW2"", ""027_056012_IW2"", ""027_056013_IW2"", ""027_056014_IW2""]","[""027_056011_IW2"", ""027_056012_IW2"", ""027_056013_IW2"", ""027_056014_IW2""]","[""S1_056011_IW2_20221106T125542_VV_9598-BURST"", ""S1_056012_IW2_20221106T125544_VV_9598-BURST"", ""S1_056013_IW2_20221106T125547_VV_AAC3-BURST"", ""S1_056014_IW2_20221106T125550_VV_AAC3-BURST""]","[""S1_056011_IW2_20221212T125541_VV_6083-BURST"", ""S1_056012_IW2_20221212T125543_VV_6083-BURST"", ""S1_056013_IW2_20221212T125546_VV_FA61-BURST"", ""S1_056014_IW2_20221212T125549_VV_FA61-BURST""]"
20221118_20221130,2022-11-18,2022-11-30,12,27.0,27.0,20.0,24.0,4,"[""027_056011_IW2"", ""027_056012_IW2"", ""027_056013_IW2"", ""027_056014_IW2""]","[""027_056011_IW2"", ""027_056012_IW2"", ""027_056013_IW2"", ""027_056014_IW2""]","[""S1_056011_IW2_20221118T125542_VV_F1C1-BURST"", ""S1_056012_IW2_20221118T125544_VV_F1C1-BURST"", ""S1_056013_IW2_20221118T125547_VV_0F37-BURST"", ""S1_056014_IW2_20221118T125550_VV_0F37-BURST""]","[""S1_056011_IW2_20221130T125541_VV_55A5-BURST"", ""S1_056012_IW2_20221130T125544_VV_55A5-BURST"", ""S1_056013_IW2_20221130T125546_VV_DA89-BURST"", ""S1_056014_IW2_20221130T125549_VV_DA89-BURST""]"
20221118_20221212,2022-11-18,2022-12-12,24,7.0,7.0,-7.0,-6.0,4,"[""027_056011_IW2"", ""027_056012_IW2"", ""027_056013_IW2"", ""027_056014_IW2""]","[""027_056011_IW2"", ""027_056012_IW2"", ""027_056013_IW2"", ""027_056014_IW2""]","[""S1_056011_IW2_20221118T125542_VV_F1C1-BURST"", ""S1_056012_IW2_20221118T125544_VV_F1C1-BURST"", ""S1_056013_IW2_20221118T125547_VV_0F37-BURST"", ""S1_056014_IW2_20221118T125550_VV_0F37-BURST""]","[""S1_056011_IW2_20221212T125541_VV_6083-BURST"", ""S1_056012_IW2_20221212T125543_VV_6083-BURST"", ""S1_056013_IW2_20221212T125546_VV_FA61-BURST"", ""S1_056014_IW2_20221212T125549_VV_FA61-BURST""]"
20221118_20221224,2022-11-18,2022-12-24,36,82.0,82.0,76.0,80.0,4,"[""027_056011_IW2"", ""027_056012_IW2"", ""027_056013_IW2"", ""027_056014_IW2""]","[""027_056011_IW2"", ""027_056012_IW2"", ""027_056013_IW2"", ""027_056014_IW2""]","[""S1_056011_IW2_20221118T125542_VV_F1C1-BURST"", ""S1_056012_IW2_20221118T125544_VV_F1C1-BURST"", ""S1_056013_IW2_20221118T125547_VV_0F37-BURST"", ""S1_056014_IW2_20221118T125550_VV_0F37-BURST""]","[""S1_056011_IW2_20221224T125540_VV_964B-BURST"", ""S1_056012_IW2_20221224T125543_VV_964B-BURST"", ""S1_056013_IW2_20221224T125545_VV_8FE8-BURST"", ""S1_056014_IW2_20221224T125548_VV_8FE8-BURST""]"
20221130_20221212,2022-11-30,2022-12-12,12,33.0,33.0,-33.0,-30.5,4,"[""027_056011_IW2"", ""027_056012_IW2"", ""027_056013_IW2"", ""027_056014_IW2""]","[""027_056011_IW2"", ""027_056012_IW2"", ""027_056013_IW2"", ""027_056014_IW2""]","[""S1_056011_IW2_20221130T125541_VV_55A5-BURST"", ""S1_056012_IW2_20221130T125544_VV_55A5-BURST"", ""S1_056013_IW2_20221130T125546_VV_DA89-BURST"", ""S1_056014_IW2_20221130T125549_VV_DA89-BURST""]","[""S1_056011_IW2_20221212T125541_VV_6083-BURST"", ""S1_056012_IW2_20221212T125543_VV_6083-BURST"", ""S1_056013_IW2_20221212T125546_VV_FA61-BURST"", ""S1_056014_IW2_20221212T125549_VV_FA61-BURST""]"
20221130_20221224,2022-11-30,2022-12-24,24,57.0,57.0,55.0,55.5,4,"[""027_056011_IW2"", ""027_056012_IW2"", ""027_056013_IW2"", ""027_056014_IW2""]","[""027_056011_IW2"", ""027_056012_IW2"", ""027_056013_IW2"", ""027_056014_IW2""]","[""S1_056011_IW2_20221130T125541_VV_55A5-BURST"", ""S1_056012_IW2_20221130T125544_VV_55A5-BURST"", ""S1_056013_IW2_20221130T125546_VV_DA89-BURST"", ""S1_056014_IW2_20221130T125549_VV_DA89-BURST""]","[""S1_056011_IW2_20221224T125540_VV_964B-BURST"", ""S1_056012_IW2_20221224T125543_VV_964B-BURST"", ""S1_056013_IW2_20221224T125545_VV_8FE8-BURST"", ""S1_056014_IW2_20221224T125548_VV_8FE8-BURST""]"
20221130_20230105,2022-11-30,2023-01-05,36,114.0,114.0,107.0,109.5,4,"[""027_056011_IW2"", ""027_056012_IW2"", ""027_056013_IW2"", ""027_056014_IW2""]","[""027_056011_IW2"", ""027_056012_IW2"", ""027_056013_IW2"", ""027_056014_IW2""]","[""S1_056011_IW2_20221130T125541_VV_55A5-BURST"", ""S1_056012_IW2_20221130T125544_VV_55A5-BURST"", ""S1_056013_IW2_20221130T125546_VV_DA89-BURST"", ""S1_056014_IW2_20221130T125549_VV_DA89-BURST""]","[""S1_056011_IW2_20230105T125539_VV_F306-BURST"", ""S1_056012_IW2_20230105T125542_VV_F306-BURST"", ""S1_056013_IW2_20230105T125545_VV_8C23-BURST"", ""S1_056014_IW2_20230105T125547_VV_8C23-BURST""]"
20221212_20221224,2022-12-12,2022-12-24,12,88.0,88.0,82.0,86.5,4,"[""027_056011_IW2"", ""027_056012_IW2"", ""027_056013_IW2"", ""027_056014_IW2""]","[""027_056011_IW2"", ""027_056012_IW2"", ""027_056013_IW2"", ""027_056014_IW2""]","[""S1_056011_IW2_20221212T125541_VV_6083-BURST"", ""S1_056012_IW2_20221212T125543_VV_6083-BURST"", ""S1_056013_IW2_20221212T125546_VV_FA61-BURST"", ""S1_056014_IW2_20221212T125549_VV_FA61-BURST""]","[""S1_056011_IW2_20221224T125540_VV_964B-BURST"", ""S1_056012_IW2_20221224T125543_VV_964B-BURST"", ""S1_056013_IW2_20221224T125545_VV_8FE8-BURST"", ""S1_056014_IW2_20221224T125548_VV_8FE8-BURST""]"
20221212_20230105,2022-12-12,2023-01-05,24,140.0,140.0,140.0,140.0,4,"[""027_056011_IW2"", ""027_056012_IW2"", ""027_056013_IW2"", ""027_056014_IW2""]","[""027_056011_IW2"", ""027_056012_IW2"", ""027_056013_IW2"", ""027_056014_IW2""]","[""S1_056011_IW2_20221212T125541_VV_6083-BURST"", ""S1_056012_IW2_20221212T125543_VV_6083-BURST"", ""S1_056013_IW2_20221212T125546_VV_FA61-BURST"", ""S1_056014_IW2_20221212T125549_VV_FA61-BURST""]","[""S1_056011_IW2_20230105T125539_VV_F306-BURST"", ""S1_056012_IW2_20230105T125542_VV_F306-BURST"", ""S1_056013_IW2_20230105T125545_VV_8C23-BURST"", ""S1_056014_IW2_20230105T125547_VV_8C23-BURST""]"
20221212_20230117,2022-12-12,2023-01-17,36,233.0,233.0,231.0,232.0,4,"[""027_056011_IW2"", ""027_056012_IW2"", ""027_056013_IW2"", ""027_056014_IW2""]","[""027_056011_IW2"", ""027_056012_IW2"", ""027_056013_IW2"", ""027_056014_IW2""]","[""S1_056011_IW2_20221212T125541_VV_6083-BURST"", ""S1_056012_IW2_20221212T125543_VV_6083-BURST"", ""S1_056013_IW2_20221212T125546_VV_FA61-BURST"", ""S1_056014_IW2_20221212T125549_VV_FA61-BURST""]","[""S1_056011_IW2_20230117T125538_VV_848E-BURST"", ""S1_056012_IW2_20230117T125541_VV_848E-BURST"", ""S1_056013_IW2_20230117T125544_VV_56AE-BURST"", ""S1_056014_IW2_20230117T125547_VV_56AE-BURST""]"
20221224_20230105,2022-12-24,2023-01-05,12,58.0,58.0,52.0,53.5,4,"[""027_056011_IW2"", ""027_056012_IW2"", ""027_056013_IW2"", ""027_056014_IW2""]","[""027_056011_IW2"", ""027_056012_IW2"", ""027_056013_IW2"", ""027_056014_IW2""]","[""S1_056011_IW2_20221224T125540_VV_964B-BURST"", ""S1_056012_IW2_20221224T125543_VV_964B-BURST"", ""S1_056013_IW2_20221224T125545_VV_8FE8-BURST"", ""S1_056014_IW2_20221224T125548_VV_8FE8-BURST""]","[""S1_056011_IW2_20230105T125539_VV_F306-BURST"", ""S1_056012_IW2_20230105T125542_VV_F306-BURST"", ""S1_056013_IW2_20230105T125545_VV_8C23-BURST"", ""S1_056014_IW2_20230105T125547_VV_8C23-BURST""]"
20221224_20230117,2022-12-24,2023-01-17,24,150.0,150.0,144.0,145.5,4,"[""027_056011_IW2"", ""027_056012_IW2"", ""027_056013_IW2"", ""027_056014_IW2""]","[""027_056011_IW2"", ""027_056012_IW2"", ""027_056013_IW2"", ""027_056014_IW2""]","[""S1_056011_IW2_20221224T125540_VV_964B-BURST"", ""S1_056012_IW2_20221224T125543_VV_964B-BURST"", ""S1_056013_IW2_20221224T125545_VV_8FE8-BURST"", ""S1_056014_IW2_20221224T125548_VV_8FE8-BURST""]","[""S1_056011_IW2_20230117T125538_VV_848E-BURST"", ""S1_056012_IW2_20230117T125541_VV_848E-BURST"", ""S1_056013_IW2_20230117T125544_VV_56AE-BURST"", ""S1_056014_IW2_20230117T125547_VV_56AE-BURST""]"
20221224_20230129,2022-12-24,2023-01-29,36,115.0,115.0,-115.0,-113.5,4,"[""027_056011_IW2"", ""027_056012_IW2"", ""027_056013_IW2"", ""027_056014_IW2""]","[""027_056011_IW2"", ""027_056012_IW2"", ""027_056013_IW2"", ""027_056014_IW2""]","[""S1_056011_IW2_20221224T125540_VV_964B-BURST"", ""S1_056012_IW2_20221224T125543_VV_964B-BURST"", ""S1_056013_IW2_20221224T125545_VV_8FE8-BURST"", ""S1_056014_IW2_20221224T125548_VV_8FE8-BURST""]","[""S1_056011_IW2_20230129T125539_VV_B64A-BURST"", ""S1_056012_IW2_20230129T125541_VV_B64A-BURST"", ""S1_056013_IW2_20230129T125544_VV_D8A3-BURST"", ""S1_056014_IW2_20230129T125547_VV_D8A3-BURST""]"
20230105_20230117,2023-01-05,2023-01-17,12,93.0,93.0,91.0,92.0,4,"[""027_056011_IW2"", ""027_056012_IW2"", ""027_056013_IW2"", ""027_056014_IW2""]","[""027_056011_IW2"", ""027_056012_IW2"", ""027_056013_IW2"", ""027_056014_IW2""]","[""S1_056011_IW2_20230105T125539_VV_F306-BURST"", ""S1_056012_IW2_20230105T125542_VV_F306-BURST"", ""S1_056013_IW2_20230105T125545_VV_8C23-BURST"", ""S1_056014_IW2_20230105T125547_VV_8C23-BURST""]","[""S1_056011_IW2_20230117T125538_VV_848E-BURST"", ""S1_056012_IW2_20230117T125541_VV_848E-BURST"", ""S1_056013_IW2_20230117T125544_VV_56AE-BURST"", ""S1_056014_IW2_20230117T125547_VV_56AE-BURST""]"
20230105_20230129,2023-01-05,2023-01-29,24,167.0,167.0,-167.0,-167.0,4,"[""027_056011_IW2"", ""027_056012_IW2"", ""027_056013_IW2"", ""027_056014_IW2""]","[""027_056011_IW2"", ""027_056012_IW2"", ""027_056013_IW2"", ""027_056014_IW2""]","[""S1_056011_IW2_20230105T125539_VV_F306-BURST"", ""S1_056012_IW2_20230105T125542_VV_F306-BURST"", ""S1_056013_IW2_20230105T125545_VV_8C23-BURST"", ""S1_056014_IW2_20230105T125547_VV_8C23-BURST""]","[""S1_056011_IW2_20230129T125539_VV_B64A-BURST"", ""S1_056012_IW2_20230129T125541_VV_B64A-BURST"", ""S1_056013_IW2_20230129T125544_VV_D8A3-BURST"", ""S1_056014_IW2_20230129T125547_VV_D8A3-BURST""]"
20230105_20230210,2023-01-05,2023-02-10,36,62.0,62.0,-62.0,-58.5,4,"[""027_056011_IW2"", ""027_056012_IW2"", ""027_056013_IW2"", ""027_056014_IW2""]","[""027_056011_IW2"", ""027_056012_IW2"", ""027_056013_IW2"", ""027_056014_IW2""]","[""S1_056011_IW2_20230105T125539_VV_F306-BURST"", ""S1_056012_IW2_20230105T125542_VV_F306-BURST"", ""S1_056013_IW2_20230105T125545_VV_8C23-BURST"", ""S1_056014_IW2_20230105T125547_VV_8C23-BURST""]","[""S1_056011_IW2_20230210T125538_VV_DEB0-BURST"", ""S1_056012_IW2_20230210T125541_VV_DEB0-BURST"", ""S1_056013_IW2_20230210T125543_VV_4490-BURST"", ""S1_056014_IW2_20230210T125546_VV_4490-BURST""]"
20230117_20230210,2023-01-17,2023-02-10,24,154.0,154.0,-154.0,-150.5,4,"[""027_056011_IW2"", ""027_056012_IW2"", ""027_056013_IW2"", ""027_056014_IW2""]","[""027_056011_IW2"", ""027_056012_IW2"", ""027_056013_IW2"", ""027_056014_IW2""]","[""S1_056011_IW2_20230117T125538_VV_848E-BURST"", ""S1_056012_IW2_20230117T125541_VV_848E-BURST"", ""S1_056013_IW2_20230117T125544_VV_56AE-BURST"", ""S1_056014_IW2_20230117T125547_VV_56AE-BURST""]","[""S1_056011_IW2_20230210T125538_VV_DEB0-BURST"", ""S1_056012_IW2_20230210T125541_VV_DEB0-BURST"", ""S1_056013_IW2_20230210T125543_VV_4490-BURST"", ""S1_056014_IW2_20230210T125546_VV_4490-BURST""]"
20230117_20230222,2023-01-17,2023-02-22,36,38.0,38.0,-38.0,-38.0,4,"[""027_056011_IW2"", ""027_056012_IW2"", ""027_056013_IW2"", ""027_056014_IW2""]","[""027_056011_IW2"", ""027_056012_IW2"", ""027_056013_IW2"", ""027_056014_IW2""]","[""S1_056011_IW2_20230117T125538_VV_848E-BURST"", ""S1_056012_IW2_20230117T125541_VV_848E-BURST"", ""S1_056013_IW2_20230117T125544_VV_56AE-BURST"", ""S1_056014_IW2_20230117T125547_VV_56AE-BURST""]","[""S1_056011_IW2_20230222T125537_VV_8A86-BURST"", ""S1_056012_IW2_20230222T125540_VV_8A86-BURST"", ""S1_056013_IW2_20230222T125543_VV_9A87-BURST"", ""S1_056014_IW2_20230222T125546_VV_9A87-BURST""]"
20230129_20230210,2023-01-29,2023-02-10,12,111.0,111.0,105.0,108.5,4,"[""027_056011_IW2"", ""027_056012_IW2"", ""027_056013_IW2"", ""027_056014_IW2""]","[""027_056011_IW2"", ""027_056012_IW2"", ""027_056013_IW2"", ""027_056014_IW2""]","[""S1_056011_IW2_20230129T125539_VV_B64A-BURST"", ""S1_056012_IW2_20230129T125541_VV_B64A-BURST"", ""S1_056013_IW2_20230129T125544_VV_D8A3-BURST"", ""S1_056014_IW2_20230129T125547_VV_D8A3-BURST""]","[""S1_056011_IW2_20230210T125538_VV_DEB0-BURST"", ""S1_056012_IW2_20230210T125541_VV_DEB0-BURST"", ""S1_056013_IW2_20230210T125543_VV_4490-BURST"", ""S1_056014_IW2_20230210T125546_VV_4490-BURST""]"
20230129_20230222,2023-01-29,2023-02-22,24,222.0,222.0,220.0,221.0,4,"[""027_056011_IW2"", ""027_056012_IW2"", ""027_056013_IW2"", ""027_056014_IW2""]","[""027_056011_IW2"", ""027_056012_IW2"", ""027_056013_IW2"", ""027_056014_IW2""]","[""S1_056011_IW2_20230129T125539_VV_B64A-BURST"", ""S1_056012_IW2_20230129T125541_VV_B64A-BURST"", ""S1_056013_IW2_20230129T125544_VV_D8A3-BURST"", ""S1_056014_IW2_20230129T125547_VV_D8A3-BURST""]","[""S1_056011_IW2_20230222T125537_VV_8A86-BURST"", ""S1_056012_IW2_20230222T125540_VV_8A86-BURST"", ""S1_056013_IW2_20230222T125543_VV_9A87-BURST"", ""S1_056014_IW2_20230222T125546_VV_9A87-BURST""]"
20230129_20230306,2023-01-29,2023-03-06,36,71.0,71.0,65.0,69.0,4,"[""027_056011_IW2"", ""027_056012_IW2"", ""027_056013_IW2"", ""027_056014_IW2""]","[""027_056011_IW2"", ""027_056012_IW2"", ""027_056013_IW2"", ""027_056014_IW2""]","[""S1_056011_IW2_20230129T125539_VV_B64A-BURST"", ""S1_056012_IW2_20230129T125541_VV_B64A-BURST"", ""S1_056013_IW2_20230129T125544_VV_D8A3-BURST"", ""S1_056014_IW2_20230129T125547_VV_D8A3-BURST""]","[""S1_056011_IW2_20230306T125538_VV_71D7-BURST"", ""S1_056012_IW2_20230306T125540_VV_71D7-BURST"", ""S1_056013_IW2_20230306T125543_VV_DB6B-BURST"", ""S1_056014_IW2_20230306T125546_VV_DB6B-BURST""]"
20230210_20230222,2023-02-10,2023-02-22,12,116.0,116.0,110.0,112.5,4,"[""027_056011_IW2"", ""027_056012_IW2"", ""027_056013_IW2"", ""027_056014_IW2""]","[""027_056011_IW2"", ""027_056012_IW2"", ""027_056013_IW2"", ""027_056014_IW2""]","[""S1_056011_IW2_20230210T125538_VV_DEB0-BURST"", ""S1_056012_IW2_20230210T125541_VV_DEB0-BURST"", ""S1_056013_IW2_20230210T125543_VV_4490-BURST"", ""S1_056014_IW2_20230210T125546_VV_4490-BURST""]","[""S1_056011_IW2_20230222T125537_VV_8A86-BURST"", ""S1_056012_IW2_20230222T125540_VV_8A86-BURST"", ""S1_056013_IW2_20230222T125543_VV_9A87-BURST"", ""S1_056014_IW2_20230222T125546_VV_9A87-BURST""]"
20230210_20230306,2023-02-10,2023-03-06,24,40.0,40.0,-40.0,-40.0,4,"[""027_056011_IW2"", ""027_056012_IW2"", ""027_056013_IW2"", ""027_056014_IW2""]","[""027_056011_IW2"", ""027_056012_IW2"", ""027_056013_IW2"", ""027_056014_IW2""]","[""S1_056011_IW2_20230210T125538_VV_DEB0-BURST"", ""S1_056012_IW2_20230210T125541_VV_DEB0-BURST"", ""S1_056013_IW2_20230210T125543_VV_4490-BURST"", ""S1_056014_IW2_20230210T125546_VV_4490-BURST""]","[""S1_056011_IW2_20230306T125538_VV_71D7-BURST"", ""S1_056012_IW2_20230306T125540_VV_71D7-BURST"", ""S1_056013_IW2_20230306T125543_VV_DB6B-BURST"", ""S1_056014_IW2_20230306T125546_VV_DB6B-BURST""]"
20230210_20230318,2023-02-10,2023-03-18,36,35.0,35.0,35.0,35.0,4,"[""027_056011_IW2"", ""027_056012_IW2"", ""027_056013_IW2"", ""027_056014_IW2""]","[""027_056011_IW2"", ""027_056012_IW2"", ""027_056013_IW2"", ""027_056014_IW2""]","[""S1_056011_IW2_20230210T125538_VV_DEB0-BURST"", ""S1_056012_IW2_20230210T125541_VV_DEB0-BURST"", ""S1_056013_IW2_20230210T125543_VV_4490-BURST"", ""S1_056014_IW2_20230210T125546_VV_4490-BURST""]","[""S1_056011_IW2_20230318T125538_VV_B3D6-BURST"", ""S1_056012_IW2_20230318T125540_VV_B3D6-BURST"", ""S1_056013_IW2_20230318T125543_VV_6AE0-BURST"", ""S1_056014_IW2_20230318T125546_VV_6AE0-BURST""]"
20230222_20230306,2023-02-22,2023-03-06,12,156.0,156.0,-156.0,-152.0,4,"[""027_056011_IW2"", ""027_056012_IW2"", ""027_056013_IW2"", ""027_056014_IW2""]","[""027_056011_IW2"", ""027_056012_IW2"", ""027_056013_IW2"", ""027_056014_IW2""]","[""S1_056011_IW2_20230222T125537_VV_8A86-BURST"", ""S1_056012_IW2_20230222T125540_VV_8A86-BURST"", ""S1_056013_IW2_20230222T125543_VV_9A87-BURST"", ""S1_056014_IW2_20230222T125546_VV_9A87-BURST""]","[""S1_056011_IW2_20230306T125538_VV_71D7-BURST"", ""S1_056012_IW2_20230306T125540_VV_71D7-BURST"", ""S1_056013_IW2_20230306T125543_VV_DB6B-BURST"", ""S1_056014_IW2_20230306T125546_VV_DB6B-BURST""]"
20230222_20230318,2023-02-22,2023-03-18,24,81.0,81.0,-81.0,-77.5,4,"[""027_056011_IW2"", ""027_056012_IW2"", ""027_056013_IW2"", ""027_056014_IW2""]","[""027_056011_IW2"", ""027_056012_IW2"", ""027_056013_IW2"", ""027_056014_IW2""]","[""S1_056011_IW2_20230222T125537_VV_8A86-BURST"", ""S1_056012_IW2_20230222T125540_VV_8A86-BURST"", ""S1_056013_IW2_20230222T125543_VV_9A87-BURST"", ""S1_056014_IW2_20230222T125546_VV_9A87-BURST""]","[""S1_056011_IW2_20230318T125538_VV_B3D6-BURST"", ""S1_056012_IW2_20230318T125540_VV_B3D6-BURST"", ""S1_056013_IW2_20230318T125543_VV_6AE0-BURST"", ""S1_056014_IW2_20230318T125546_VV_6AE0-BURST""]"
20230306_20230318,2023-03-06,2023-03-18,12,75.0,75.0,74.0,75.0,4,"[""027_056011_IW2"", ""027_056012_IW2"", ""027_056013_IW2"", ""027_056014_IW2""]","[""027_056011_IW2"", ""027_056012_IW2"", ""027_056013_IW2"", ""027_056014_IW2""]","[""S1_056011_IW2_20230306T125538_VV_71D7-BURST"", ""S1_056012_IW2_20230306T125540_VV_71D7-BURST"", ""S1_056013_IW2_20230306T125543_VV_DB6B-BURST"", ""S1_056014_IW2_20230306T125546_VV_DB6B-BURST""]","[""S1_056011_IW2_20230318T125538_VV_B3D6-BURST"", ""S1_056012_IW2_20230318T125540_VV_B3D6-BURST"", ""S1_056013_IW2_20230318T125543_VV_6AE0-BURST"", ""S1_056014_IW2_20230318T125546_VV_6AE0-BURST""]"
20230306_20230330,2023-03-06,2023-03-30,24,38.0,38.0,34.0,35.0,4,"[""027_056011_IW2"", ""027_056012_IW2"", ""027_056013_IW2"", ""027_056014_IW2""]","[""027_056011_IW2"", ""027_056012_IW2"", ""027_056013_IW2"", ""027_056014_IW2""]","[""S1_056011_IW2_20230306T125538_VV_71D7-BURST"", ""S1_056012_IW2_20230306T125540_VV_71D7-BURST"", ""S1_056013_IW2_20230306T125543_VV_DB6B-BURST"", ""S1_056014_IW2_20230306T125546_VV_DB6B-BURST""]","[""S1_056011_IW2_20230330T125538_VV_34BA-BURST"", ""S1_056012_IW2_20230330T125541_VV_34BA-BURST"", ""S1_056013_IW2_20230330T125544_VV_7877-BURST"", ""S1_056014_IW2_20230330T125546_VV_7877-BURST""]"
20230306_20230411,2023-03-06,2023-04-11,36,86.0,86.0,-86.0,-84.0,4,"[""027_056011_IW2"", ""027_056012_IW2"", ""027_056013_IW2"", ""027_056014_IW2""]","[""027_056011_IW2"", ""027_056012_IW2"", ""027_056013_IW2"", ""027_056014_IW2""]","[""S1_056011_IW2_20230306T125538_VV_71D7-BURST"", ""S1_056012_IW2_20230306T125540_VV_71D7-BURST"", ""S1_056013_IW2_20230306T125543_VV_DB6B-BURST"", ""S1_056014_IW2_20230306T125546_VV_DB6B-BURST""]","[""S1_056011_IW2_20230411T125539_VV_ED06-BURST"", ""S1_056012_IW2_20230411T125541_VV_ED06-BURST"", ""S1_056013_IW2_20230411T125544_VV_41A0-BURST"", ""S1_056014_IW2_20230411T125547_VV_41A0-BURST""]"
20230318_20230411,2023-03-18,2023-04-11,24,161.0,161.0,-161.0,-158.5,4,"[""027_056011_IW2"", ""027_056012_IW2"", ""027_056013_IW2"", ""027_056014_IW2""]","[""027_056011_IW2"", ""027_056012_IW2"", ""027_056013_IW2"", ""027_056014_IW2""]","[""S1_056011_IW2_20230318T125538_VV_B3D6-BURST"", ""S1_056012_IW2_20230318T125540_VV_B3D6-BURST"", ""S1_056013_IW2_20230318T125543_VV_6AE0-BURST"", ""S1_056014_IW2_20230318T125546_VV_6AE0-BURST""]","[""S1_056011_IW2_20230411T125539_VV_ED06-BURST"", ""S1_056012_IW2_20230411T125541_VV_ED06-BURST"", ""S1_056013_IW2_20230411T125544_VV_41A0-BURST"", ""S1_056014_IW2_20230411T125547_VV_41A0-BURST""]"
20230318_20230423,2023-03-18,2023-04-23,36,74.0,74.0,-74.0,-74.0,4,"[""027_056011_IW2"", ""027_056012_IW2"", ""027_056013_IW2"", ""027_056014_IW2""]","[""027_056011_IW2"", ""027_056012_IW2"", ""027_056013_IW2"", ""027_056014_IW2""]","[""S1_056011_IW2_20230318T125538_VV_B3D6-BURST"", ""S1_056012_IW2_20230318T125540_VV_B3D6-BURST"", ""S1_056013_IW2_20230318T125543_VV_6AE0-BURST"", ""S1_056014_IW2_20230318T125546_VV_6AE0-BURST""]","[""S1_056011_IW2_20230423T125539_VV_33BF-BURST"", ""S1_056012_IW2_20230423T125542_VV_33BF-BURST"", ""S1_056013_IW2_20230423T125544_VV_176B-BURST"", ""S1_056014_IW2_20230423T125547_VV_176B-BURST""]"
20230330_20230505,2023-03-30,2023-05-05,36,88.0,88.0,-88.0,-85.5,4,"[""027_056011_IW2"", ""027_056012_IW2"", ""027_056013_IW2"", ""027_056014_IW2""]","[""027_056011_IW2"", ""027_056012_IW2"", ""027_056013_IW2"", ""027_056014_IW2""]","[""S1_056011_IW2_20230330T125538_VV_34BA-BURST"", ""S1_056012_IW2_20230330T125541_VV_34BA-BURST"", ""S1_056013_IW2_20230330T125544_VV_7877-BURST"", ""S1_056014_IW2_20230330T125546_VV_7877-BURST""]","[""S1_056011_IW2_20230505T125539_VV_EEBD-BURST"", ""S1_056012_IW2_20230505T125542_VV_EEBD-BURST"", ""S1_056013_IW2_20230505T125545_VV_14B3-BURST"", ""S1_056014_IW2_20230505T125548_VV_14B3-BURST""]"
20230411_20230423,2023-04-11,2023-04-23,12,87.0,87.0,81.0,85.0,4,"[""027_056011_IW2"", ""027_056012_IW2"", ""027_056013_IW2"", ""027_056014_IW2""]","[""027_056011_IW2"", ""027_056012_IW2"", ""027_056013_IW2"", ""027_056014_IW2""]","[""S1_056011_IW2_20230411T125539_VV_ED06-BURST"", ""S1_056012_IW2_20230411T125541_VV_ED06-BURST"", ""S1_056013_IW2_20230411T125544_VV_41A0-BURST"", ""S1_056014_IW2_20230411T125547_VV_41A0-BURST""]","[""S1_056011_IW2_20230423T125539_VV_33BF-BURST"", ""S1_056012_IW2_20230423T125542_VV_33BF-BURST"", ""S1_056013_IW2_20230423T125544_VV_176B-BURST"", ""S1_056014_IW2_20230423T125547_VV_176B-BURST""]"
20230411_20230505,2023-04-11,2023-05-05,24,34.0,34.0,33.0,33.0,4,"[""027_056011_IW2"", ""027_056012_IW2"", ""027_056013_IW2"", ""027_056014_IW2""]","[""027_056011_IW2"", ""027_056012_IW2"", ""027_056013_IW2"", ""027_056014_IW2""]","[""S1_056011_IW2_20230411T125539_VV_ED06-BURST"", ""S1_056012_IW2_20230411T125541_VV_ED06-BURST"", ""S1_056013_IW2_20230411T125544_VV_41A0-BURST"", ""S1_056014_IW2_20230411T125547_VV_41A0-BURST""]","[""S1_056011_IW2_20230505T125539_VV_EEBD-BURST"", ""S1_056012_IW2_20230505T125542_VV_EEBD-BURST"", ""S1_056013_IW2_20230505T125545_VV_14B3-BURST"", ""S1_056014_IW2_20230505T125548_VV_14B3-BURST""]"
20230411_20230517,2023-04-11,2023-05-17,36,11.0,11.0,9.0,9.0,4,"[""027_056011_IW2"", ""027_056012_IW2"", ""027_056013_IW2"", ""027_056014_IW2""]","[""027_056011_IW2"", ""027_056012_IW2"", ""027_056013_IW2"", ""027_056014_IW2""]","[""S1_056011_IW2_20230411T125539_VV_ED06-BURST"", ""S1_056012_IW2_20230411T125541_VV_ED06-BURST"", ""S1_056013_IW2_20230411T125544_VV_41A0-BURST"", ""S1_056014_IW2_20230411T125547_VV_41A0-BURST""]","[""S1_056011_IW2_20230517T125540_VV_960C-BURST"", ""S1_056012_IW2_20230517T125543_VV_960C-BURST"", ""S1_056013_IW2_20230517T125546_VV_8F8E-BURST"", ""S1_056014_IW2_20230517T125548_VV_8F8E-BURST""]"
20230423_20230505,2023-04-23,2023-05-05,12,54.0,54.0,-54.0,-51.5,4,"[""027_056011_IW2"", ""027_056012_IW2"", ""027_056013_IW2"", ""027_056014_IW2""]","[""027_056011_IW2"", ""027_056012_IW2"", ""027_056013_IW2"", ""027_056014_IW2""]","[""S1_056011_IW2_20230423T125539_VV_33BF-BURST"", ""S1_056012_IW2_20230423T125542_VV_33BF-BURST"", ""S1_056013_IW2_20230423T125544_VV_176B-BURST"", ""S1_056014_IW2_20230423T125547_VV_176B-BURST""]","[""S1_056011_IW2_20230505T125539_VV_EEBD-BURST"", ""S1_056012_IW2_20230505T125542_VV_EEBD-BURST"", ""S1_056013_IW2_20230505T125545_VV_14B3-BURST"", ""S1_056014_IW2_20230505T125548_VV_14B3-BURST""]"
20230423_20230517,2023-04-23,2023-05-17,24,76.0,76.0,-76.0,-76.0,4,"[""027_056011_IW2"", ""027_056012_IW2"", ""027_056013_IW2"", ""027_056014_IW2""]","[""027_056011_IW2"", ""027_056012_IW2"", ""027_056013_IW2"", ""027_056014_IW2""]","[""S1_056011_IW2_20230423T125539_VV_33BF-BURST"", ""S1_056012_IW2_20230423T125542_VV_33BF-BURST"", ""S1_056013_IW2_20230423T125544_VV_176B-BURST"", ""S1_056014_IW2_20230423T125547_VV_176B-BURST""]","[""S1_056011_IW2_20230517T125540_VV_960C-BURST"", ""S1_056012_IW2_20230517T125543_VV_960C-BURST"", ""S1_056013_IW2_20230517T125546_VV_8F8E-BURST"", ""S1_056014_IW2_20230517T125548_VV_8F8E-BURST""]"
20230423_20230529,2023-04-23,2023-05-29,36,87.0,87.0,-87.0,-87.0,4,"[""027_056011_IW2"", ""027_056012_IW2"", ""027_056013_IW2"", ""027_056014_IW2""]","[""027_056011_IW2"", ""027_056012_IW2"", ""027_056013_IW2"", ""027_056014_IW2""]","[""S1_056011_IW2_20230423T125539_VV_33BF-BURST"", ""S1_056012_IW2_20230423T125542_VV_33BF-BURST"", ""S1_056013_IW2_20230423T125544_VV_176B-BURST"", ""S1_056014_IW2_20230423T125547_VV_176B-BURST""]","[""S1_056011_IW2_20230529T125541_VV_EC04-BURST"", ""S1_056012_IW2_20230529T125544_VV_EC04-BURST"", ""S1_056013_IW2_20230529T125546_VV_B769-BURST"", ""S1_056014_IW2_20230529T125549_VV_B769-BURST""]"
20230505_20230517,2023-05-05,2023-05-17,12,25.0,25.0,-25.0,-24.0,4,"[""027_056011_IW2"", ""027_056012_IW2"", ""027_056013_IW2"", ""027_056014_IW2""]","[""027_056011_IW2"", ""027_056012_IW2"", ""027_056013_IW2"", ""027_056014_IW2""]","[""S1_056011_IW2_20230505T125539_VV_EEBD-BURST"", ""S1_056012_IW2_20230505T125542_VV_EEBD-BURST"", ""S1_056013_IW2_20230505T125545_VV_14B3-BURST"", ""S1_056014_IW2_20230505T125548_VV_14B3-BURST""]","[""S1_056011_IW2_20230517T125540_VV_960C-BURST"", ""S1_056012_IW2_20230517T125543_VV_960C-BURST"", ""S1_056013_IW2_20230517T125546_VV_8F8E-BURST"", ""S1_056014_IW2_20230517T125548_VV_8F8E-BURST""]"
20230505_20230529,2023-05-05,2023-05-29,24,39.0,39.0,-39.0,-35.5,4,"[""027_056011_IW2"", ""027_056012_IW2"", ""027_056013_IW2"", ""027_056014_IW2""]","[""027_056011_IW2"", ""027_056012_IW2"", ""027_056013_IW2"", ""027_056014_IW2""]","[""S1_056011_IW2_20230505T125539_VV_EEBD-BURST"", ""S1_056012_IW2_20230505T125542_VV_EEBD-BURST"", ""S1_056013_IW2_20230505T125545_VV_14B3-BURST"", ""S1_056014_IW2_20230505T125548_VV_14B3-BURST""]","[""S1_056011_IW2_20230529T125541_VV_EC04-BURST"", ""S1_056012_IW2_20230529T125544_VV_EC04-BURST"", ""S1_056013_IW2_20230529T125546_VV_B769-BURST"", ""S1_056014_IW2_20230529T125549_VV_B769-BURST""]"
20230505_20230610,2023-05-05,2023-06-10,36,72.0,72.0,68.0,69.5,4,"[""027_056011_IW2"", ""027_056012_IW2"", ""027_056013_IW2"", ""027_056014_IW2""]","[""027_056011_IW2"", ""027_056012_IW2"", ""027_056013_IW2"", ""027_056014_IW2""]","[""S1_056011_IW2_20230505T125539_VV_EEBD-BURST"", ""S1_056012_IW2_20230505T125542_VV_EEBD-BURST"", ""S1_056013_IW2_20230505T125545_VV_14B3-BURST"", ""S1_056014_IW2_20230505T125548_VV_14B3-BURST""]","[""S1_056011_IW2_20230610T125541_VV_B4A6-BURST"", ""S1_056012_IW2_20230610T125544_VV_B4A6-BURST"", ""S1_056013_IW2_20230610T125547_VV_04C0-BURST"", ""S1_056014_IW2_20230610T125549_VV_04C0-BURST""]"
20230517_20230610,2023-05-17,2023-06-10,24,94.0,94.0,93.0,93.5,4,"[""027_056011_IW2"", ""027_056012_IW2"", ""027_056013_IW2"", ""027_056014_IW2""]","[""027_056011_IW2"", ""027_056012_IW2"", ""027_056013_IW2"", ""027_056014_IW2""]","[""S1_056011_IW2_20230517T125540_VV_960C-BURST"", ""S1_056012_IW2_20230517T125543_VV_960C-BURST"", ""S1_056013_IW2_20230517T125546_VV_8F8E-BURST"", ""S1_056014_IW2_20230517T125548_VV_8F8E-BURST""]","[""S1_056011_IW2_20230610T125541_VV_B4A6-BURST"", ""S1_056012_IW2_20230610T125544_VV_B4A6-BURST"", ""S1_056013_IW2_20230610T125547_VV_04C0-BURST"", ""S1_056014_IW2_20230610T125549_VV_04C0-BURST""]"
20230517_20230622,2023-05-17,2023-06-22,36,176.0,176.0,172.0,175.5,4,"[""027_056011_IW2"", ""027_056012_IW2"", ""027_056013_IW2"", ""027_056014_IW2""]","[""027_056011_IW2"", ""027_056012_IW2"", ""027_056013_IW2"", ""027_056014_IW2""]","[""S1_056011_IW2_20230517T125540_VV_960C-BURST"", ""S1_056012_IW2_20230517T125543_VV_960C-BURST"", ""S1_056013_IW2_20230517T125546_VV_8F8E-BURST"", ""S1_056014_IW2_20230517T125548_VV_8F8E-BURST""]","[""S1_056011_IW2_20230622T125542_VV_F4E7-BURST"", ""S1_056012_IW2_20230622T125544_VV_F4E7-BURST"", ""S1_056013_IW2_20230622T125547_VV_00B0-BURST"", ""S1_056014_IW2_20230622T125550_VV_00B0-BURST""]"
20230529_20230610,2023-05-29,2023-06-10,12,108.0,108.0,104.0,105.0,4,"[""027_056011_IW2"", ""027_056012_IW2"", ""027_056013_IW2"", ""027_056014_IW2""]","[""027_056011_IW2"", ""027_056012_IW2"", ""027_056013_IW2"", ""027_056014_IW2""]","[""S1_056011_IW2_20230529T125541_VV_EC04-BURST"", ""S1_056012_IW2_20230529T125544_VV_EC04-BURST"", ""S1_056013_IW2_20230529T125546_VV_B769-BURST"", ""S1_056014_IW2_20230529T125549_VV_B769-BURST""]","[""S1_056011_IW2_20230610T125541_VV_B4A6-BURST"", ""S1_056012_IW2_20230610T125544_VV_B4A6-BURST"", ""S1_056013_IW2_20230610T125547_VV_04C0-BURST"", ""S1_056014_IW2_20230610T125549_VV_04C0-BURST""]"
20230610_20230622,2023-06-10,2023-06-22,12,82.0,82.0,79.0,82.0,4,"[""027_056011_IW2"", ""027_056012_IW2"", ""027_056013_IW2"", ""027_056014_IW2""]","[""027_056011_IW2"", ""027_056012_IW2"", ""027_056013_IW2"", ""027_056014_IW2""]","[""S1_056011_IW2_20230610T125541_VV_B4A6-BURST"", ""S1_056012_IW2_20230610T125544_VV_B4A6-BURST"", ""S1_056013_IW2_20230610T125547_VV_04C0-BURST"", ""S1_056014_IW2_20230610T125549_VV_04C0-BURST""]","[""S1_056011_IW2_20230622T125542_VV_F4E7-BURST"", ""S1_056012_IW2_20230622T125544_VV_F4E7-BURST"", ""S1_056013_IW2_20230622T125547_VV_00B0-BURST"", ""S1_056014_IW2_20230622T125550_VV_00B0-BURST""]"
20230610_20230704,2023-06-10,2023-07-04,24,7.0,7.0,-7.0,-4.0,4,"[""027_056011_IW2"", ""027_056012_IW2"", ""027_056013_IW2"", ""027_056014_IW2""]","[""027_056011_IW2"", ""027_056012_IW2"", ""027_056013_IW2"", ""027_056014_IW2""]","[""S1_056011_IW2_20230610T125541_VV_B4A6-BURST"", ""S1_056012_IW2_20230610T125544_VV_B4A6-BURST"", ""S1_056013_IW2_20230610T125547_VV_04C0-BURST"", ""S1_056014_IW2_20230610T125549_VV_04C0-BURST""]","[""S1_056011_IW2_20230704T125543_VV_A464-BURST"", ""S1_056012_IW2_20230704T125545_VV_A464-BURST"", ""S1_056013_IW2_20230704T125548_VV_5E18-BURST"", ""S1_056014_IW2_20230704T125551_VV_5E18-BURST""]"
20230610_20230716,2023-06-10,2023-07-16,36,104.0,104.0,-104.0,-102.5,4,"[""027_056011_IW2"", ""027_056012_IW2"", ""027_056013_IW2"", ""027_056014_IW2""]","[""027_056011_IW2"", ""027_056012_IW2"", ""027_056013_IW2"", ""027_056014_IW2""]","[""S1_056011_IW2_20230610T125541_VV_B4A6-BURST"", ""S1_056012_IW2_20230610T125544_VV_B4A6-BURST"", ""S1_056013_IW2_20230610T125547_VV_04C0-BURST"", ""S1_056014_IW2_20230610T125549_VV_04C0-BURST""]","[""S1_056011_IW2_20230716T125544_VV_9FE5-BURST"", ""S1_056012_IW2_20230716T125546_VV_9FE5-BURST"", ""S1_056013_IW2_20230716T125549_VV_FE72-BURST"", ""S1_056014_IW2_20230716T125552_VV_FE72-BURST""]"
20230622_20230728,2023-06-22,2023-07-28,36,198.0,198.0,-198.0,-197.5,4,"[""027_056011_IW2"", ""027_056012_IW2"", ""027_056013_IW2"", ""027_056014_IW2""]","[""027_056011_IW2"", ""027_056012_IW2"", ""027_056013_IW2"", ""027_056014_IW2""]","[""S1_056011_IW2_20230622T125542_VV_F4E7-BURST"", ""S1_056012_IW2_20230622T125544_VV_F4E7-BURST"", ""S1_056013_IW2_20230622T125547_VV_00B0-BURST"", ""S1_056014_IW2_20230622T125550_VV_00B0-BURST""]","[""S1_056011_IW2_20230728T125544_VV_9C0B-BURST"", ""S1_056012_IW2_20230728T125547_VV_9C0B-BURST"", ""S1_056013_IW2_20230728T125550_VV_F7F5-BURST"", ""S1_056014_IW2_20230728T125552_VV_F7F5-BURST""]"
20230704_20230728,2023-07-04,2023-07-28,24,112.0,112.0,-112.0,-112.0,4,"[""027_056011_IW2"", ""027_056012_IW2"", ""027_056013_IW2"", ""027_056014_IW2""]","[""027_056011_IW2"", ""027_056012_IW2"", ""027_056013_IW2"", ""027_056014_IW2""]","[""S1_056011_IW2_20230704T125543_VV_A464-BURST"", ""S1_056012_IW2_20230704T125545_VV_A464-BURST"", ""S1_056013_IW2_20230704T125548_VV_5E18-BURST"", ""S1_056014_IW2_20230704T125551_VV_5E18-BURST""]","[""S1_056011_IW2_20230728T125544_VV_9C0B-BURST"", ""S1_056012_IW2_20230728T125547_VV_9C0B-BURST"", ""S1_056013_IW2_20230728T125550_VV_F7F5-BURST"", ""S1_056014_IW2_20230728T125552_VV_F7F5-BURST""]"
20230704_20230809,2023-07-04,2023-08-09,36,177.0,177.0,172.0,175.0,4,"[""027_056011_IW2"", ""027_056012_IW2"", ""027_056013_IW2"", ""027_056014_IW2""]","[""027_056011_IW2"", ""027_056012_IW2"", ""027_056013_IW2"", ""027_056014_IW2""]","[""S1_056011_IW2_20230704T125543_VV_A464-BURST"", ""S1_056012_IW2_20230704T125545_VV_A464-BURST"", ""S1_056013_IW2_20230704T125548_VV_5E18-BURST"", ""S1_056014_IW2_20230704T125551_VV_5E18-BURST""]","[""S1_056011_IW2_20230809T125544_VV_5670-BURST"", ""S1_056012_IW2_20230809T125547_VV_5670-BURST"", ""S1_056013_IW2_20230809T125550_VV_113B-BURST"", ""S1_056014_IW2_20230809T125552_VV_113B-BURST""]"
20230716_20230821,2023-07-16,2023-08-21,36,140.0,140.0,138.0,139.5,4,"[""027_056011_IW2"", ""027_056012_IW2"", ""027_056013_IW2"", ""027_056014_IW2""]","[""027_056011_IW2"", ""027_056012_IW2"", ""027_056013_IW2"", ""027_056014_IW2""]","[""S1_056011_IW2_20230716T125544_VV_9FE5-BURST"", ""S1_056012_IW2_20230716T125546_VV_9FE5-BURST"", ""S1_056013_IW2_20230716T125549_VV_FE72-BURST"", ""S1_056014_IW2_20230716T125552_VV_FE72-BURST""]","[""S1_056011_IW2_20230821T125545_VV_5E26-BURST"", ""S1_056012_IW2_20230821T125548_VV_5E26-BURST"", ""S1_056013_IW2_20230821T125551_VV_9598-BURST"", ""S1_056014_IW2_20230821T125554_VV_9598-BURST""]"
20230728_20230821,2023-07-28,2023-08-21,24,153.0,153.0,151.0,152.5,4,"[""027_056011_IW2"", ""027_056012_IW2"", ""027_056013_IW2"", ""027_056014_IW2""]","[""027_056011_IW2"", ""027_056012_IW2"", ""027_056013_IW2"", ""027_056014_IW2""]","[""S1_056011_IW2_20230728T125544_VV_9C0B-BURST"", ""S1_056012_IW2_20230728T125547_VV_9C0B-BURST"", ""S1_056013_IW2_20230728T125550_VV_F7F5-BURST"", ""S1_056014_IW2_20230728T125552_VV_F7F5-BURST""]","[""S1_056011_IW2_20230821T125545_VV_5E26-BURST"", ""S1_056012_IW2_20230821T125548_VV_5E26-BURST"", ""S1_056013_IW2_20230821T125551_VV_9598-BURST"", ""S1_056014_IW2_20230821T125554_VV_9598-BURST""]"
20230821_20230914,2023-08-21,2023-09-14,24,9.0,9.0,-9.0,-9.0,4,"[""027_056011_IW2"", ""027_056012_IW2"", ""027_056013_IW2"", ""027_056014_IW2""]","[""027_056011_IW2"", ""027_056012_IW2"", ""027_056013_IW2"", ""027_056014_IW2""]","[""S1_056011_IW2_20230821T125545_VV_5E26-BURST"", ""S1_056012_IW2_20230821T125548_VV_5E26-BURST"", ""S1_056013_IW2_20230821T125551_VV_9598-BURST"", ""S1_056014_IW2_20230821T125554_VV_9598-BURST""]","[""S1_056011_IW2_20230914T125547_VV_557A-BURST"", ""S1_056012_IW2_20230914T125549_VV_557A-BURST"", ""S1_056013_IW2_20230914T125552_VV_BAAD-BURST"", ""S1_056014_IW2_20230914T125555_VV_BAAD-BURST""]"
20230821_20230926,2023-08-21,2023-09-26,36,155.0,155.0,-155.0,-154.5,4,"[""027_056011_IW2"", ""027_056012_IW2"", ""027_056013_IW2"", ""027_056014_IW2""]","[""027_056011_IW2"", ""027_056012_IW2"", ""027_056013_IW2"", ""027_056014_IW2""]","[""S1_056011_IW2_20230821T125545_VV_5E26-BURST"", ""S1_056012_IW2_20230821T125548_VV_5E26-BURST"", ""S1_056013_IW2_20230821T125551_VV_9598-BURST"", ""S1_056014_IW2_20230821T125554_VV_9598-BURST""]","[""S1_056011_IW2_20230926T125547_VV_FA51-BURST"", ""S1_056012_IW2_20230926T125550_VV_FA51-BURST"", ""S1_056013_IW2_20230926T125553_VV_EA9D-BURST"", ""S1_056014_IW2_20230926T125555_VV_EA9D-BURST""]"
20230902_20230926,2023-09-02,2023-09-26,24,53.0,53.0,-53.0,-53.0,4,"[""027_056011_IW2"", ""027_056012_IW2"", ""027_056013_IW2"", ""027_056014_IW2""]","[""027_056011_IW2"", ""027_056012_IW2"", ""027_056013_IW2"", ""027_056014_IW2""]","[""S1_056011_IW2_20230902T125546_VV_7981-BURST"", ""S1_056012_IW2_20230902T125549_VV_7981-BURST"", ""S1_056013_IW2_20230902T125552_VV_6DC2-BURST"", ""S1_056014_IW2_20230902T125555_VV_6DC2-BURST""]","[""S1_056011_IW2_20230926T125547_VV_FA51-BURST"", ""S1_056012_IW2_20230926T125550_VV_FA51-BURST"", ""S1_056013_IW2_20230926T125553_VV_EA9D-BURST"", ""S1_056014_IW2_20230926T125555_VV_EA9D-BURST""]"
20230902_20231008,2023-09-02,2023-10-08,36,14.0,14.0,-14.0,-12.5,4,"[""027_056011_IW2"", ""027_056012_IW2"", ""027_056013_IW2"", ""027_056014_IW2""]","[""027_056011_IW2"", ""027_056012_IW2"", ""027_056013_IW2"", ""027_056014_IW2""]","[""S1_056011_IW2_20230902T125546_VV_7981-BURST"", ""S1_056012_IW2_20230902T125549_VV_7981-BURST"", ""S1_056013_IW2_20230902T125552_VV_6DC2-BURST"", ""S1_056014_IW2_20230902T125555_VV_6DC2-BURST""]","[""S1_056011_IW2_20231008T125547_VV_A180-BURST"", ""S1_056012_IW2_20231008T125550_VV_A180-BURST"", ""S1_056013_IW2_20231008T125553_VV_5CEE-BURST"", ""S1_056014_IW2_20231008T125555_VV_5CEE-BURST""]"
20230914_20230926,2023-09-14,2023-09-26,12,146.0,146.0,-146.0,-146.0,4,"[""027_056011_IW2"", ""027_056012_IW2"", ""027_056013_IW2"", ""027_056014_IW2""]","[""027_056011_IW2"", ""027_056012_IW2"", ""027_056013_IW2"", ""027_056014_IW2""]","[""S1_056011_IW2_20230914T125547_VV_557A-BURST"", ""S1_056012_IW2_20230914T125549_VV_557A-BURST"", ""S1_056013_IW2_20230914T125552_VV_BAAD-BURST"", ""S1_056014_IW2_20230914T125555_VV_BAAD-BURST""]","[""S1_056011_IW2_20230926T125547_VV_FA51-BURST"", ""S1_056012_IW2_20230926T125550_VV_FA51-BURST"", ""S1_056013_IW2_20230926T125553_VV_EA9D-BURST"", ""S1_056014_IW2_20230926T125555_VV_EA9D-BURST""]"
20230914_20231008,2023-09-14,2023-10-08,24,107.0,107.0,-107.0,-105.5,4,"[""027_056011_IW2"", ""027_056012_IW2"", ""027_056013_IW2"", ""027_056014_IW2""]","[""027_056011_IW2"", ""027_056012_IW2"", ""027_056013_IW2"", ""027_056014_IW2""]","[""S1_056011_IW2_20230914T125547_VV_557A-BURST"", ""S1_056012_IW2_20230914T125549_VV_557A-BURST"", ""S1_056013_IW2_20230914T125552_VV_BAAD-BURST"", ""S1_056014_IW2_20230914T125555_VV_BAAD-BURST""]","[""S1_056011_IW2_20231008T125547_VV_A180-BURST"", ""S1_056012_IW2_20231008T125550_VV_A180-BURST"", ""S1_056013_IW2_20231008T125553_VV_5CEE-BURST"", ""S1_056014_IW2_20231008T125555_VV_5CEE-BURST""]"
20230914_20231020,2023-09-14,2023-10-20,36,170.0,170.0,-170.0,-170.0,4,"[""027_056011_IW2"", ""027_056012_IW2"", ""027_056013_IW2"", ""027_056014_IW2""]","[""027_056011_IW2"", ""027_056012_IW2"", ""027_056013_IW2"", ""027_056014_IW2""]","[""S1_056011_IW2_20230914T125547_VV_557A-BURST"", ""S1_056012_IW2_20230914T125549_VV_557A-BURST"", ""S1_056013_IW2_20230914T125552_VV_BAAD-BURST"", ""S1_056014_IW2_20230914T125555_VV_BAAD-BURST""]","[""S1_056011_IW2_20231020T125547_VV_9875-BURST"", ""S1_056012_IW2_20231020T125550_VV_9875-BURST"", ""S1_056013_IW2_20231020T125553_VV_CD22-BURST"", ""S1_056014_IW2_20231020T125555_VV_CD22-BURST""]"
20230926_20231008,2023-09-26,2023-10-08,12,41.0,41.0,39.0,40.0,4,"[""027_056011_IW2"", ""027_056012_IW2"", ""027_056013_IW2"", ""027_056014_IW2""]","[""027_056011_IW2"", ""027_056012_IW2"", ""027_056013_IW2"", ""027_056014_IW2""]","[""S1_056011_IW2_20230926T125547_VV_FA51-BURST"", ""S1_056012_IW2_20230926T125550_VV_FA51-BURST"", ""S1_056013_IW2_20230926T125553_VV_EA9D-BURST"", ""S1_056014_IW2_20230926T125555_VV_EA9D-BURST""]","[""S1_056011_IW2_20231008T125547_VV_A180-BURST"", ""S1_056012_IW2_20231008T125550_VV_A180-BURST"", ""S1_056013_IW2_20231008T125553_VV_5CEE-BURST"", ""S1_056014_IW2_20231008T125555_VV_5CEE-BURST""]"
20230926_20231020,2023-09-26,2023-10-20,24,26.0,26.0,-26.0,-24.0,4,"[""027_056011_IW2"", ""027_056012_IW2"", ""027_056013_IW2"", ""027_056014_IW2""]","[""027_056011_IW2"", ""027_056012_IW2"", ""027_056013_IW2"", ""027_056014_IW2""]","[""S1_056011_IW2_20230926T125547_VV_FA51-BURST"", ""S1_056012_IW2_20230926T125550_VV_FA51-BURST"", ""S1_056013_IW2_20230926T125553_VV_EA9D-BURST"", ""S1_056014_IW2_20230926T125555_VV_EA9D-BURST""]","[""S1_056011_IW2_20231020T125547_VV_9875-BURST"", ""S1_056012_IW2_20231020T125550_VV_9875-BURST"", ""S1_056013_IW2_20231020T125553_VV_CD22-BURST"", ""S1_056014_IW2_20231020T125555_VV_CD22-BURST""]"
20230926_20231101,2023-09-26,2023-11-01,36,207.0,207.0,205.0,207.0,4,"[""027_056011_IW2"", ""027_056012_IW2"", ""027_056013_IW2"", ""027_056014_IW2""]","[""027_056011_IW2"", ""027_056012_IW2"", ""027_056013_IW2"", ""027_056014_IW2""]","[""S1_056011_IW2_20230926T125547_VV_FA51-BURST"", ""S1_056012_IW2_20230926T125550_VV_FA51-BURST"", ""S1_056013_IW2_20230926T125553_VV_EA9D-BURST"", ""S1_056014_IW2_20230926T125555_VV_EA9D-BURST""]","[""S1_056011_IW2_20231101T125546_VV_CED9-BURST"", ""S1_056012_IW2_20231101T125549_VV_CED9-BURST"", ""S1_056013_IW2_20231101T125552_VV_46B6-BURST"", ""S1_056014_IW2_20231101T125555_VV_46B6-BURST""]"
20231008_20231020,2023-10-08,2023-10-20,12,66.0,66.0,-66.0,-64.5,4,"[""027_056011_IW2"", ""027_056012_IW2"", ""027_056013_IW2"", ""027_056014_IW2""]","[""027_056011_IW2"", ""027_056012_IW2"", ""027_056013_IW2"", ""027_056014_IW2""]","[""S1_056011_IW2_20231008T125547_VV_A180-BURST"", ""S1_056012_IW2_20231008T125550_VV_A180-BURST"", ""S1_056013_IW2_20231008T125553_VV_5CEE-BURST"", ""S1_056014_IW2_20231008T125555_VV_5CEE-BURST""]","[""S1_056011_IW2_20231020T125547_VV_9875-BURST"", ""S1_056012_IW2_20231020T125550_VV_9875-BURST"", ""S1_056013_IW2_20231020T125553_VV_CD22-BURST"", ""S1_056014_IW2_20231020T125555_VV_CD22-BURST""]"
20231008_20231101,2023-10-08,2023-11-01,24,168.0,168.0,165.0,166.5,4,"[""027_056011_IW2"", ""027_056012_IW2"", ""027_056013_IW2"", ""027_056014_IW2""]","[""027_056011_IW2"", ""027_056012_IW2"", ""027_056013_IW2"", ""027_056014_IW2""]","[""S1_056011_IW2_20231008T125547_VV_A180-BURST"", ""S1_056012_IW2_20231008T125550_VV_A180-BURST"", ""S1_056013_IW2_20231008T125553_VV_5CEE-BURST"", ""S1_056014_IW2_20231008T125555_VV_5CEE-BURST""]","[""S1_056011_IW2_20231101T125546_VV_CED9-BURST"", ""S1_056012_IW2_20231101T125549_VV_CED9-BURST"", ""S1_056013_IW2_20231101T125552_VV_46B6-BURST"", ""S1_056014_IW2_20231101T125555_VV_46B6-BURST""]"
20231008_20231113,2023-10-08,2023-11-13,36,70.0,70.0,67.0,67.5,4,"[""027_056011_IW2"", ""027_056012_IW2"", ""027_056013_IW2"", ""027_056014_IW2""]","[""027_056011_IW2"", ""027_056012_IW2"", ""027_056013_IW2"", ""027_056014_IW2""]","[""S1_056011_IW2_20231008T125547_VV_A180-BURST"", ""S1_056012_IW2_20231008T125550_VV_A180-BURST"", ""S1_056013_IW2_20231008T125553_VV_5CEE-BURST"", ""S1_056014_IW2_20231008T125555_VV_5CEE-BURST""]","[""S1_056011_IW2_20231113T125547_VV_C755-BURST"", ""S1_056012_IW2_20231113T125549_VV_C755-BURST"", ""S1_056013_IW2_20231113T125552_VV_31F3-BURST"", ""S1_056014_IW2_20231113T125555_VV_31F3-BURST""]"
20231020_20231101,2023-10-20,2023-11-01,12,231.0,231.0,231.0,231.0,4,"[""027_056011_IW2"", ""027_056012_IW2"", ""027_056013_IW2"", ""027_056014_IW2""]","[""027_056011_IW2"", ""027_056012_IW2"", ""027_056013_IW2"", ""027_056014_IW2""]","[""S1_056011_IW2_20231020T125547_VV_9875-BURST"", ""S1_056012_IW2_20231020T125550_VV_9875-BURST"", ""S1_056013_IW2_20231020T125553_VV_CD22-BURST"", ""S1_056014_IW2_20231020T125555_VV_CD22-BURST""]","[""S1_056011_IW2_20231101T125546_VV_CED9-BURST"", ""S1_056012_IW2_20231101T125549_VV_CED9-BURST"", ""S1_056013_IW2_20231101T125552_VV_46B6-BURST"", ""S1_056014_IW2_20231101T125555_VV_46B6-BURST""]"
20231020_20231113,2023-10-20,2023-11-13,24,133.0,133.0,132.0,132.5,4,"[""027_056011_IW2"", ""027_056012_IW2"", ""027_056013_IW2"", ""027_056014_IW2""]","[""027_056011_IW2"", ""027_056012_IW2"", ""027_056013_IW2"", ""027_056014_IW2""]","[""S1_056011_IW2_20231020T125547_VV_9875-BURST"", ""S1_056012_IW2_20231020T125550_VV_9875-BURST"", ""S1_056013_IW2_20231020T125553_VV_CD22-BURST"", ""S1_056014_IW2_20231020T125555_VV_CD22-BURST""]","[""S1_056011_IW2_20231113T125547_VV_C755-BURST"", ""S1_056012_IW2_20231113T125549_VV_C755-BURST"", ""S1_056013_IW2_20231113T125552_VV_31F3-BURST"", ""S1_056014_IW2_20231113T125555_VV_31F3-BURST""]"
20231101_20231113,2023-11-01,2023-11-13,12,99.0,99.0,-99.0,-98.5,4,"[""027_056011_IW2"", ""027_056012_IW2"", ""027_056013_IW2"", ""027_056014_IW2""]","[""027_056011_IW2"", ""027_056012_IW2"", ""027_056013_IW2"", ""027_056014_IW2""]","[""S1_056011_IW2_20231101T125546_VV_CED9-BURST"", ""S1_056012_IW2_20231101T125549_VV_CED9-BURST"", ""S1_056013_IW2_20231101T125552_VV_46B6-BURST"", ""S1_056014_IW2_20231101T125555_VV_46B6-BURST""]","[""S1_056011_IW2_20231113T125547_VV_C755-BURST"", ""S1_056012_IW2_20231113T125549_VV_C755-BURST"", ""S1_056013_IW2_20231113T125552_VV_31F3-BURST"", ""S1_056014_IW2_20231113T125555_VV_31F3-BURST""]"
20231101_20231125,2023-11-01,2023-11-25,24,53.0,53.0,46.0,50.5,4,"[""027_056011_IW2"", ""027_056012_IW2"", ""027_056013_IW2"", ""027_056014_IW2""]","[""027_056011_IW2"", ""027_056012_IW2"", ""027_056013_IW2"", ""027_056014_IW2""]","[""S1_056011_IW2_20231101T125546_VV_CED9-BURST"", ""S1_056012_IW2_20231101T125549_VV_CED9-BURST"", ""S1_056013_IW2_20231101T125552_VV_46B6-BURST"", ""S1_056014_IW2_20231101T125555_VV_46B6-BURST""]","[""S1_056011_IW2_20231125T125546_VV_FF98-BURST"", ""S1_056012_IW2_20231125T125549_VV_FF98-BURST"", ""S1_056013_IW2_20231125T125551_VV_CE78-BURST"", ""S1_056014_IW2_20231125T125554_VV_CE78-BURST""]"
20231101_20231207,2023-11-01,2023-12-07,36,105.0,105.0,-105.0,-104.0,4,"[""027_056011_IW2"", ""027_056012_IW2"", ""027_056013_IW2"", ""027_056014_IW2""]","[""027_056011_IW2"", ""027_056012_IW2"", ""027_056013_IW2"", ""027_056014_IW2""]","[""S1_056011_IW2_20231101T125546_VV_CED9-BURST"", ""S1_056012_IW2_20231101T125549_VV_CED9-BURST"", ""S1_056013_IW2_20231101T125552_VV_46B6-BURST"", ""S1_056014_IW2_20231101T125555_VV_46B6-BURST""]","[""S1_056011_IW2_20231207T125546_VV_12CE-BURST"", ""S1_056012_IW2_20231207T125548_VV_12CE-BURST"", ""S1_056013_IW2_20231207T125551_VV_ECA9-BURST"", ""S1_056014_IW2_20231207T125554_VV_ECA9-BURST""]"
20231113_20231125,2023-11-13,2023-11-25,12,151.0,151.0,145.0,149.0,4,"[""027_056011_IW2"", ""027_056012_IW2"", ""027_056013_IW2"", ""027_056014_IW2""]","[""027_056011_IW2"", ""027_056012_IW2"", ""027_056013_IW2"", ""027_056014_IW2""]","[""S1_056011_IW2_20231113T125547_VV_C755-BURST"", ""S1_056012_IW2_20231113T125549_VV_C755-BURST"", ""S1_056013_IW2_20231113T125552_VV_31F3-BURST"", ""S1_056014_IW2_20231113T125555_VV_31F3-BURST""]","[""S1_056011_IW2_20231125T125546_VV_FF98-BURST"", ""S1_056012_IW2_20231125T125549_VV_FF98-BURST"", ""S1_056013_IW2_20231125T125551_VV_CE78-BURST"", ""S1_056014_IW2_20231125T125554_VV_CE78-BURST""]"
20231113_20231207,2023-11-13,2023-12-07,24,7.0,7.0,-7.0,-5.5,4,"[""027_056011_IW2"", ""027_056012_IW2"", ""027_056013_IW2"", ""027_056014_IW2""]","[""027_056011_IW2"", ""027_056012_IW2"", ""027_056013_IW2"", ""027_056014_IW2""]","[""S1_056011_IW2_20231113T125547_VV_C755-BURST"", ""S1_056012_IW2_20231113T125549_VV_C755-BURST"", ""S1_056013_IW2_20231113T125552_VV_31F3-BURST"", ""S1_056014_IW2_20231113T125555_VV_31F3-BURST""]","[""S1_056011_IW2_20231207T125546_VV_12CE-BURST"", ""S1_056012_IW2_20231207T125548_VV_12CE-BURST"", ""S1_056013_IW2_20231207T125551_VV_ECA9-BURST"", ""S1_056014_IW2_20231207T125554_VV_ECA9-BURST""]"
20231113_20231219,2023-11-13,2023-12-19,36,28.0,28.0,22.0,25.5,4,"[""027_056011_IW2"", ""027_056012_IW2"", ""027_056013_IW2"", ""027_056014_IW2""]","[""027_056011_IW2"", ""027_056012_IW2"", ""027_056013_IW2"", ""027_056014_IW2""]","[""S1_056011_IW2_20231113T125547_VV_C755-BURST"", ""S1_056012_IW2_20231113T125549_VV_C755-BURST"", ""S1_056013_IW2_20231113T125552_VV_31F3-BURST"", ""S1_056014_IW2_20231113T125555_VV_31F3-BURST""]","[""S1_056011_IW2_20231219T125545_VV_C994-BURST"", ""S1_056012_IW2_20231219T125548_VV_C994-BURST"", ""S1_056013_IW2_20231219T125550_VV_14A3-BURST"", ""S1_056014_IW2_20231219T125553_VV_14A3-BURST""]"
20231125_20231207,2023-11-25,2023-12-07,12,157.0,157.0,-157.0,-155.0,4,"[""027_056011_IW2"", ""027_056012_IW2"", ""027_056013_IW2"", ""027_056014_IW2""]","[""027_056011_IW2"", ""027_056012_IW2"", ""027_056013_IW2"", ""027_056014_IW2""]","[""S1_056011_IW2_20231125T125546_VV_FF98-BURST"", ""S1_056012_IW2_20231125T125549_VV_FF98-BURST"", ""S1_056013_IW2_20231125T125551_VV_CE78-BURST"", ""S1_056014_IW2_20231125T125554_VV_CE78-BURST""]","[""S1_056011_IW2_20231207T125546_VV_12CE-BURST"", ""S1_056012_IW2_20231207T125548_VV_12CE-BURST"", ""S1_056013_IW2_20231207T125551_VV_ECA9-BURST"", ""S1_056014_IW2_20231207T125554_VV_ECA9-BURST""]"
20231125_20231219,2023-11-25,2023-12-19,24,124.0,124.0,-124.0,-123.0,4,"[""027_056011_IW2"", ""027_056012_IW2"", ""027_056013_IW2"", ""027_056014_IW2""]","[""027_056011_IW2"", ""027_056012_IW2"", ""027_056013_IW2"", ""027_056014_IW2""]","[""S1_056011_IW2_20231125T125546_VV_FF98-BURST"", ""S1_056012_IW2_20231125T125549_VV_FF98-BURST"", ""S1_056013_IW2_20231125T125551_VV_CE78-BURST"", ""S1_056014_IW2_20231125T125554_VV_CE78-BURST""]","[""S1_056011_IW2_20231219T125545_VV_C994-BURST"", ""S1_056012_IW2_20231219T125548_VV_C994-BURST"", ""S1_056013_IW2_20231219T125550_VV_14A3-BURST"", ""S1_056014_IW2_20231219T125553_VV_14A3-BURST""]"
20231125_20231231,2023-11-25,2023-12-31,36,212.0,212.0,-212.0,-209.5,4,"[""027_056011_IW2"", ""027_056012_IW2"", ""027_056013_IW2"", ""027_056014_IW2""]","[""027_056011_IW2"", ""027_056012_IW2"", ""027_056013_IW2"", ""027_056014_IW2""]","[""S1_056011_IW2_20231125T125546_VV_FF98-BURST"", ""S1_056012_IW2_20231125T125549_VV_FF98-BURST"", ""S1_056013_IW2_20231125T125551_VV_CE78-BURST"", ""S1_056014_IW2_20231125T125554_VV_CE78-BURST""]","[""S1_056011_IW2_20231231T125544_VV_C241-BURST"", ""S1_056012_IW2_20231231T125547_VV_C241-BURST"", ""S1_056013_IW2_20231231T125550_VV_7288-BURST"", ""S1_056014_IW2_20231231T125553_VV_7288-BURST""]"
20231207_20231219,2023-12-07,2023-12-19,12,34.0,34.0,27.0,31.5,4,"[""027_056011_IW2"", ""027_056012_IW2"", ""027_056013_IW2"", ""027_056014_IW2""]","[""027_056011_IW2"", ""027_056012_IW2"", ""027_056013_IW2"", ""027_056014_IW2""]","[""S1_056011_IW2_20231207T125546_VV_12CE-BURST"", ""S1_056012_IW2_20231207T125548_VV_12CE-BURST"", ""S1_056013_IW2_20231207T125551_VV_ECA9-BURST"", ""S1_056014_IW2_20231207T125554_VV_ECA9-BURST""]","[""S1_056011_IW2_20231219T125545_VV_C994-BURST"", ""S1_056012_IW2_20231219T125548_VV_C994-BURST"", ""S1_056013_IW2_20231219T125550_VV_14A3-BURST"", ""S1_056014_IW2_20231219T125553_VV_14A3-BURST""]"
20231207_20231231,2023-12-07,2023-12-31,24,55.0,55.0,-55.0,-55.0,4,"[""027_056011_IW2"", ""027_056012_IW2"", ""027_056013_IW2"", ""027_056014_IW2""]","[""027_056011_IW2"", ""027_056012_IW2"", ""027_056013_IW2"", ""027_056014_IW2""]","[""S1_056011_IW2_20231207T125546_VV_12CE-BURST"", ""S1_056012_IW2_20231207T125548_VV_12CE-BURST"", ""S1_056013_IW2_20231207T125551_VV_ECA9-BURST"", ""S1_056014_IW2_20231207T125554_VV_ECA9-BURST""]","[""S1_056011_IW2_20231231T125544_VV_C241-BURST"", ""S1_056012_IW2_20231231T125547_VV_C241-BURST"", ""S1_056013_IW2_20231231T125550_VV_7288-BURST"", ""S1_056014_IW2_20231231T125553_VV_7288-BURST""]"
20231207_20240112,2023-12-07,2024-01-12,36,49.0,49.0,44.0,48.0,4,"[""027_056011_IW2"", ""027_056012_IW2"", ""027_056013_IW2"", ""027_056014_IW2""]","[""027_056011_IW2"", ""027_056012_IW2"", ""027_056013_IW2"", ""027_056014_IW2""]","[""S1_056011_IW2_20231207T125546_VV_12CE-BURST"", ""S1_056012_IW2_20231207T125548_VV_12CE-BURST"", ""S1_056013_IW2_20231207T125551_VV_ECA9-BURST"", ""S1_056014_IW2_20231207T125554_VV_ECA9-BURST""]","[""S1_056011_IW2_20240112T125544_VV_7379-BURST"", ""S1_056012_IW2_20240112T125546_VV_7379-BURST"", ""S1_056013_IW2_20240112T125549_VV_5A0B-BURST"", ""S1_056014_IW2_20240112T125552_VV_5A0B-BURST""]"
20231219_20231231,2023-12-19,2023-12-31,12,89.0,89.0,-89.0,-86.0,4,"[""027_056011_IW2"", ""027_056012_IW2"", ""027_056013_IW2"", ""027_056014_IW2""]","[""027_056011_IW2"", ""027_056012_IW2"", ""027_056013_IW2"", ""027_056014_IW2""]","[""S1_056011_IW2_20231219T125545_VV_C994-BURST"", ""S1_056012_IW2_20231219T125548_VV_C994-BURST"", ""S1_056013_IW2_20231219T125550_VV_14A3-BURST"", ""S1_056014_IW2_20231219T125553_VV_14A3-BURST""]","[""S1_056011_IW2_20231231T125544_VV_C241-BURST"", ""S1_056012_IW2_20231231T125547_VV_C241-BURST"", ""S1_056013_IW2_20231231T125550_VV_7288-BURST"", ""S1_056014_IW2_20231231T125553_VV_7288-BURST""]"
20231219_20240112,2023-12-19,2024-01-12,24,18.0,18.0,15.0,16.0,4,"[""027_056011_IW2"", ""027_056012_IW2"", ""027_056013_IW2"", ""027_056014_IW2""]","[""027_056011_IW2"", ""027_056012_IW2"", ""027_056013_IW2"", ""027_056014_IW2""]","[""S1_056011_IW2_20231219T125545_VV_C994-BURST"", ""S1_056012_IW2_20231219T125548_VV_C994-BURST"", ""S1_056013_IW2_20231219T125550_VV_14A3-BURST"", ""S1_056014_IW2_20231219T125553_VV_14A3-BURST""]","[""S1_056011_IW2_20240112T125544_VV_7379-BURST"", ""S1_056012_IW2_20240112T125546_VV_7379-BURST"", ""S1_056013_IW2_20240112T125549_VV_5A0B-BURST"", ""S1_056014_IW2_20240112T125552_VV_5A0B-BURST""]"
20231219_20240124,2023-12-19,2024-01-24,36,5.0,5.0,-5.0,-3.0,4,"[""027_056011_IW2"", ""027_056012_IW2"", ""027_056013_IW2"", ""027_056014_IW2""]","[""027_056011_IW2"", ""027_056012_IW2"", ""027_056013_IW2"", ""027_056014_IW2""]","[""S1_056011_IW2_20231219T125545_VV_C994-BURST"", ""S1_056012_IW2_20231219T125548_VV_C994-BURST"", ""S1_056013_IW2_20231219T125550_VV_14A3-BURST"", ""S1_056014_IW2_20231219T125553_VV_14A3-BURST""]","[""S1_056011_IW2_20240124T125543_VV_021D-BURST"", ""S1_056012_IW2_20240124T125546_VV_021D-BURST"", ""S1_056013_IW2_20240124T125549_VV_311F-BURST"", ""S1_056014_IW2_20240124T125552_VV_311F-BURST""]"
20231231_20240112,2023-12-31,2024-01-12,12,104.0,104.0,99.0,102.5,4,"[""027_056011_IW2"", ""027_056012_IW2"", ""027_056013_IW2"", ""027_056014_IW2""]","[""027_056011_IW2"", ""027_056012_IW2"", ""027_056013_IW2"", ""027_056014_IW2""]","[""S1_056011_IW2_20231231T125544_VV_C241-BURST"", ""S1_056012_IW2_20231231T125547_VV_C241-BURST"", ""S1_056013_IW2_20231231T125550_VV_7288-BURST"", ""S1_056014_IW2_20231231T125553_VV_7288-BURST""]","[""S1_056011_IW2_20240112T125544_VV_7379-BURST"", ""S1_056012_IW2_20240112T125546_VV_7379-BURST"", ""S1_056013_IW2_20240112T125549_VV_5A0B-BURST"", ""S1_056014_IW2_20240112T125552_VV_5A0B-BURST""]"
20231231_20240124,2023-12-31,2024-01-24,24,84.0,84.0,83.0,83.0,4,"[""027_056011_IW2"", ""027_056012_IW2"", ""027_056013_IW2"", ""027_056014_IW2""]","[""027_056011_IW2"", ""027_056012_IW2"", ""027_056013_IW2"", ""027_056014_IW2""]","[""S1_056011_IW2_20231231T125544_VV_C241-BURST"", ""S1_056012_IW2_20231231T125547_VV_C241-BURST"", ""S1_056013_IW2_20231231T125550_VV_7288-BURST"", ""S1_056014_IW2_20231231T125553_VV_7288-BURST""]","[""S1_056011_IW2_20240124T125543_VV_021D-BURST"", ""S1_056012_IW2_20240124T125546_VV_021D-BURST"", ""S1_056013_IW2_20240124T125549_VV_311F-BURST"", ""S1_056014_IW2_20240124T125552_VV_311F-BURST""]"
20231231_20240205,2023-12-31,2024-02-05,36,87.0,87.0,80.0,84.5,4,"[""027_056011_IW2"", ""027_056012_IW2"", ""027_056013_IW2"", ""027_056014_IW2""]","[""027_056011_IW2"", ""027_056012_IW2"", ""027_056013_IW2"", ""027_056014_IW2""]","[""S1_056011_IW2_20231231T125544_VV_C241-BURST"", ""S1_056012_IW2_20231231T125547_VV_C241-BURST"", ""S1_056013_IW2_20231231T125550_VV_7288-BURST"", ""S1_056014_IW2_20231231T125553_VV_7288-BURST""]","[""S1_056011_IW2_20240205T125543_VV_8D90-BURST"", ""S1_056012_IW2_20240205T125546_VV_8D90-BURST"", ""S1_056013_IW2_20240205T125549_VV_645C-BURST"", ""S1_056014_IW2_20240205T125551_VV_645C-BURST""]"
20240112_20240124,2024-01-12,2024-01-24,12,20.0,20.0,-20.0,-19.5,4,"[""027_056011_IW2"", ""027_056012_IW2"", ""027_056013_IW2"", ""027_056014_IW2""]","[""027_056011_IW2"", ""027_056012_IW2"", ""027_056013_IW2"", ""027_056014_IW2""]","[""S1_056011_IW2_20240112T125544_VV_7379-BURST"", ""S1_056012_IW2_20240112T125546_VV_7379-BURST"", ""S1_056013_IW2_20240112T125549_VV_5A0B-BURST"", ""S1_056014_IW2_20240112T125552_VV_5A0B-BURST""]","[""S1_056011_IW2_20240124T125543_VV_021D-BURST"", ""S1_056012_IW2_20240124T125546_VV_021D-BURST"", ""S1_056013_IW2_20240124T125549_VV_311F-BURST"", ""S1_056014_IW2_20240124T125552_VV_311F-BURST""]"
20240112_20240205,2024-01-12,2024-02-05,24,19.0,19.0,-19.0,-18.0,4,"[""027_056011_IW2"", ""027_056012_IW2"", ""027_056013_IW2"", ""027_056014_IW2""]","[""027_056011_IW2"", ""027_056012_IW2"", ""027_056013_IW2"", ""027_056014_IW2""]","[""S1_056011_IW2_20240112T125544_VV_7379-BURST"", ""S1_056012_IW2_20240112T125546_VV_7379-BURST"", ""S1_056013_IW2_20240112T125549_VV_5A0B-BURST"", ""S1_056014_IW2_20240112T125552_VV_5A0B-BURST""]","[""S1_056011_IW2_20240205T125543_VV_8D90-BURST"", ""S1_056012_IW2_20240205T125546_VV_8D90-BURST"", ""S1_056013_IW2_20240205T125549_VV_645C-BURST"", ""S1_056014_IW2_20240205T125551_VV_645C-BURST""]"
20240112_20240217,2024-01-12,2024-02-17,36,88.0,88.0,-88.0,-87.0,4,"[""027_056011_IW2"", ""027_056012_IW2"", ""027_056013_IW2"", ""027_056014_IW2""]","[""027_056011_IW2"", ""027_056012_IW2"", ""027_056013_IW2"", ""027_056014_IW2""]","[""S1_056011_IW2_20240112T125544_VV_7379-BURST"", ""S1_056012_IW2_20240112T125546_VV_7379-BURST"", ""S1_056013_IW2_20240112T125549_VV_5A0B-BURST"", ""S1_056014_IW2_20240112T125552_VV_5A0B-BURST""]","[""S1_056011_IW2_20240217T125543_VV_64BC-BURST"", ""S1_056012_IW2_20240217T125546_VV_64BC-BURST"", ""S1_056013_IW2_20240217T125548_VV_1DF9-BURST"", ""S1_056014_IW2_20240217T125551_VV_1DF9-BURST""]"
20240124_20240205,2024-01-24,2024-02-05,12,3.0,3.0,-3.0,1.5,4,"[""027_056011_IW2"", ""027_056012_IW2"", ""027_056013_IW2"", ""027_056014_IW2""]","[""027_056011_IW2"", ""027_056012_IW2"", ""027_056013_IW2"", ""027_056014_IW2""]","[""S1_056011_IW2_20240124T125543_VV_021D-BURST"", ""S1_056012_IW2_20240124T125546_VV_021D-BURST"", ""S1_056013_IW2_20240124T125549_VV_311F-BURST"", ""S1_056014_IW2_20240124T125552_VV_311F-BURST""]","[""S1_056011_IW2_20240205T125543_VV_8D90-BURST"", ""S1_056012_IW2_20240205T125546_VV_8D90-BURST"", ""S1_056013_IW2_20240205T125549_VV_645C-BURST"", ""S1_056014_IW2_20240205T125551_VV_645C-BURST""]"
20240124_20240217,2024-01-24,2024-02-17,24,72.0,72.0,-72.0,-67.5,4,"[""027_056011_IW2"", ""027_056012_IW2"", ""027_056013_IW2"", ""027_056014_IW2""]","[""027_056011_IW2"", ""027_056012_IW2"", ""027_056013_IW2"", ""027_056014_IW2""]","[""S1_056011_IW2_20240124T125543_VV_021D-BURST"", ""S1_056012_IW2_20240124T125546_VV_021D-BURST"", ""S1_056013_IW2_20240124T125549_VV_311F-BURST"", ""S1_056014_IW2_20240124T125552_VV_311F-BURST""]","[""S1_056011_IW2_20240217T125543_VV_64BC-BURST"", ""S1_056012_IW2_20240217T125546_VV_64BC-BURST"", ""S1_056013_IW2_20240217T125548_VV_1DF9-BURST"", ""S1_056014_IW2_20240217T125551_VV_1DF9-BURST""]"
20240124_20240229,2024-01-24,2024-02-29,36,127.0,127.0,-127.0,-125.5,4,"[""027_056011_IW2"", ""027_056012_IW2"", ""027_056013_IW2"", ""027_056014_IW2""]","[""027_056011_IW2"", ""027_056012_IW2"", ""027_056013_IW2"", ""027_056014_IW2""]","[""S1_056011_IW2_20240124T125543_VV_021D-BURST"", ""S1_056012_IW2_20240124T125546_VV_021D-BURST"", ""S1_056013_IW2_20240124T125549_VV_311F-BURST"", ""S1_056014_IW2_20240124T125552_VV_311F-BURST""]","[""S1_056011_IW2_20240229T125543_VV_61AC-BURST"", ""S1_056012_IW2_20240229T125546_VV_61AC-BURST"", ""S1_056013_IW2_20240229T125548_VV_30A1-BURST"", ""S1_056014_IW2_20240229T125551_VV_30A1-BURST""]"
20240205_20240217,2024-02-05,2024-02-17,12,69.0,69.0,-69.0,-69.0,4,"[""027_056011_IW2"", ""027_056012_IW2"", ""027_056013_IW2"", ""027_056014_IW2""]","[""027_056011_IW2"", ""027_056012_IW2"", ""027_056013_IW2"", ""027_056014_IW2""]","[""S1_056011_IW2_20240205T125543_VV_8D90-BURST"", ""S1_056012_IW2_20240205T125546_VV_8D90-BURST"", ""S1_056013_IW2_20240205T125549_VV_645C-BURST"", ""S1_056014_IW2_20240205T125551_VV_645C-BURST""]","[""S1_056011_IW2_20240217T125543_VV_64BC-BURST"", ""S1_056012_IW2_20240217T125546_VV_64BC-BURST"", ""S1_056013_IW2_20240217T125548_VV_1DF9-BURST"", ""S1_056014_IW2_20240217T125551_VV_1DF9-BURST""]"
20240205_20240229,2024-02-05,2024-02-29,24,128.0,128.0,-128.0,-127.0,4,"[""027_056011_IW2"", ""027_056012_IW2"", ""027_056013_IW2"", ""027_056014_IW2""]","[""027_056011_IW2"", ""027_056012_IW2"", ""027_056013_IW2"", ""027_056014_IW2""]","[""S1_056011_IW2_20240205T125543_VV_8D90-BURST"", ""S1_056012_IW2_20240205T125546_VV_8D90-BURST"", ""S1_056013_IW2_20240205T125549_VV_645C-BURST"", ""S1_056014_IW2_20240205T125551_VV_645C-BURST""]","[""S1_056011_IW2_20240229T125543_VV_61AC-BURST"", ""S1_056012_IW2_20240229T125546_VV_61AC-BURST"", ""S1_056013_IW2_20240229T125548_VV_30A1-BURST"", ""S1_056014_IW2_20240229T125551_VV_30A1-BURST""]"
20240205_20240312,2024-02-05,2024-03-12,36,77.0,77.0,-77.0,-77.0,4,"[""027_056011_IW2"", ""027_056012_IW2"", ""027_056013_IW2"", ""027_056014_IW2""]","[""027_056011_IW2"", ""027_056012_IW2"", ""027_056013_IW2"", ""027_056014_IW2""]","[""S1_056011_IW2_20240205T125543_VV_8D90-BURST"", ""S1_056012_IW2_20240205T125546_VV_8D90-BURST"", ""S1_056013_IW2_20240205T125549_VV_645C-BURST"", ""S1_056014_IW2_20240205T125551_VV_645C-BURST""]","[""S1_056011_IW2_20240312T125543_VV_3C20-BURST"", ""S1_056012_IW2_20240312T125546_VV_3C20-BURST"", ""S1_056013_IW2_20240312T125548_VV_E305-BURST"", ""S1_056014_IW2_20240312T125551_VV_E305-BURST""]"
20240217_20240229,2024-02-17,2024-02-29,12,59.0,59.0,-59.0,-58.0,4,"[""027_056011_IW2"", ""027_056012_IW2"", ""027_056013_IW2"", ""027_056014_IW2""]","[""027_056011_IW2"", ""027_056012_IW2"", ""027_056013_IW2"", ""027_056014_IW2""]","[""S1_056011_IW2_20240217T125543_VV_64BC-BURST"", ""S1_056012_IW2_20240217T125546_VV_64BC-BURST"", ""S1_056013_IW2_20240217T125548_VV_1DF9-BURST"", ""S1_056014_IW2_20240217T125551_VV_1DF9-BURST""]","[""S1_056011_IW2_20240229T125543_VV_61AC-BURST"", ""S1_056012_IW2_20240229T125546_VV_61AC-BURST"", ""S1_056013_IW2_20240229T125548_VV_30A1-BURST"", ""S1_056014_IW2_20240229T125551_VV_30A1-BURST""]"
20240217_20240312,2024-02-17,2024-03-12,24,8.0,8.0,-8.0,-8.0,4,"[""027_056011_IW2"", ""027_056012_IW2"", ""027_056013_IW2"", ""027_056014_IW2""]","[""027_056011_IW2"", ""027_056012_IW2"", ""027_056013_IW2"", ""027_056014_IW2""]","[""S1_056011_IW2_20240217T125543_VV_64BC-BURST"", ""S1_056012_IW2_20240217T125546_VV_64BC-BURST"", ""S1_056013_IW2_20240217T125548_VV_1DF9-BURST"", ""S1_056014_IW2_20240217T125551_VV_1DF9-BURST""]","[""S1_056011_IW2_20240312T125543_VV_3C20-BURST"", ""S1_056012_IW2_20240312T125546_VV_3C20-BURST"", ""S1_056013_IW2_20240312T125548_VV_E305-BURST"", ""S1_056014_IW2_20240312T125551_VV_E305-BURST""]"
20240217_20240324,2024-02-17,2024-03-24,36,40.0,40.0,35.0,35.5,4,"[""027_056011_IW2"", ""027_056012_IW2"", ""027_056013_IW2"", ""027_056014_IW2""]","[""027_056011_IW2"", ""027_056012_IW2"", ""027_056013_IW2"", ""027_056014_IW2""]","[""S1_056011_IW2_20240217T125543_VV_64BC-BURST"", ""S1_056012_IW2_20240217T125546_VV_64BC-BURST"", ""S1_056013_IW2_20240217T125548_VV_1DF9-BURST"", ""S1_056014_IW2_20240217T125551_VV_1DF9-BURST""]","[""S1_056011_IW2_20240324T125543_VV_5AC4-BURST"", ""S1_056012_IW2_20240324T125546_VV_5AC4-BURST"", ""S1_056013_IW2_20240324T125549_VV_4D5B-BURST"", ""S1_056014_IW2_20240324T125551_VV_4D5B-BURST""]"
20240229_20240312,2024-02-29,2024-03-12,12,51.0,51.0,47.0,50.0,4,"[""027_056011_IW2"", ""027_056012_IW2"", ""027_056013_IW2"", ""027_056014_IW2""]","[""027_056011_IW2"", ""027_056012_IW2"", ""027_056013_IW2"", ""027_056014_IW2""]","[""S1_056011_IW2_20240229T125543_VV_61AC-BURST"", ""S1_056012_IW2_20240229T125546_VV_61AC-BURST"", ""S1_056013_IW2_20240229T125548_VV_30A1-BURST"", ""S1_056014_IW2_20240229T125551_VV_30A1-BURST""]","[""S1_056011_IW2_20240312T125543_VV_3C20-BURST"", ""S1_056012_IW2_20240312T125546_VV_3C20-BURST"", ""S1_056013_IW2_20240312T125548_VV_E305-BURST"", ""S1_056014_IW2_20240312T125551_VV_E305-BURST""]"
20240229_20240324,2024-02-29,2024-03-24,24,95.0,95.0,93.0,93.5,4,"[""027_056011_IW2"", ""027_056012_IW2"", ""027_056013_IW2"", ""027_056014_IW2""]","[""027_056011_IW2"", ""027_056012_IW2"", ""027_056013_IW2"", ""027_056014_IW2""]","[""S1_056011_IW2_20240229T125543_VV_61AC-BURST"", ""S1_056012_IW2_20240229T125546_VV_61AC-BURST"", ""S1_056013_IW2_20240229T125548_VV_30A1-BURST"", ""S1_056014_IW2_20240229T125551_VV_30A1-BURST""]","[""S1_056011_IW2_20240324T125543_VV_5AC4-BURST"", ""S1_056012_IW2_20240324T125546_VV_5AC4-BURST"", ""S1_056013_IW2_20240324T125549_VV_4D5B-BURST"", ""S1_056014_IW2_20240324T125551_VV_4D5B-BURST""]"
20240229_20240405,2024-02-29,2024-04-05,36,41.0,41.0,36.0,40.0,4,"[""027_056011_IW2"", ""027_056012_IW2"", ""027_056013_IW2"", ""027_056014_IW2""]","[""027_056011_IW2"", ""027_056012_IW2"", ""027_056013_IW2"", ""027_056014_IW2""]","[""S1_056011_IW2_20240229T125543_VV_61AC-BURST"", ""S1_056012_IW2_20240229T125546_VV_61AC-BURST"", ""S1_056013_IW2_20240229T125548_VV_30A1-BURST"", ""S1_056014_IW2_20240229T125551_VV_30A1-BURST""]","[""S1_056011_IW2_20240405T125544_VV_2A79-BURST"", ""S1_056012_IW2_20240405T125546_VV_2A79-BURST"", ""S1_056013_IW2_20240405T125549_VV_B8E9-BURST"", ""S1_056014_IW2_20240405T125552_VV_B8E9-BURST""]"
20240312_20240324,2024-03-12,2024-03-24,12,47.0,47.0,43.0,43.5,4,"[""027_056011_IW2"", ""027_056012_IW2"", ""027_056013_IW2"", ""027_056014_IW2""]","[""027_056011_IW2"", ""027_056012_IW2"", ""027_056013_IW2"", ""027_056014_IW2""]","[""S1_056011_IW2_20240312T125543_VV_3C20-BURST"", ""S1_056012_IW2_20240312T125546_VV_3C20-BURST"", ""S1_056013_IW2_20240312T125548_VV_E305-BURST"", ""S1_056014_IW2_20240312T125551_VV_E305-BURST""]","[""S1_056011_IW2_20240324T125543_VV_5AC4-BURST"", ""S1_056012_IW2_20240324T125546_VV_5AC4-BURST"", ""S1_056013_IW2_20240324T125549_VV_4D5B-BURST"", ""S1_056014_IW2_20240324T125551_VV_4D5B-BURST""]"
20240312_20240405,2024-03-12,2024-04-05,24,11.0,11.0,-11.0,-10.0,4,"[""027_056011_IW2"", ""027_056012_IW2"", ""027_056013_IW2"", ""027_056014_IW2""]","[""027_056011_IW2"", ""027_056012_IW2"", ""027_056013_IW2"", ""027_056014_IW2""]","[""S1_056011_IW2_20240312T125543_VV_3C20-BURST"", ""S1_056012_IW2_20240312T125546_VV_3C20-BURST"", ""S1_056013_IW2_20240312T125548_VV_E305-BURST"", ""S1_056014_IW2_20240312T125551_VV_E305-BURST""]","[""S1_056011_IW2_20240405T125544_VV_2A79-BURST"", ""S1_056012_IW2_20240405T125546_VV_2A79-BURST"", ""S1_056013_IW2_20240405T125549_VV_B8E9-BURST"", ""S1_056014_IW2_20240405T125552_VV_B8E9-BURST""]"
20240312_20240417,2024-03-12,2024-04-17,36,48.0,48.0,47.0,47.0,4,"[""027_056011_IW2"", ""027_056012_IW2"", ""027_056013_IW2"", ""027_056014_IW2""]","[""027_056011_IW2"", ""027_056012_IW2"", ""027_056013_IW2"", ""027_056014_IW2""]","[""S1_056011_IW2_20240312T125543_VV_3C20-BURST"", ""S1_056012_IW2_20240312T125546_VV_3C20-BURST"", ""S1_056013_IW2_20240312T125548_VV_E305-BURST"", ""S1_056014_IW2_20240312T125551_VV_E305-BURST""]","[""S1_056011_IW2_20240417T125544_VV_A892-BURST"", ""S1_056012_IW2_20240417T125547_VV_A892-BURST"", ""S1_056013_IW2_20240417T125549_VV_A1E9-BURST"", ""S1_056014_IW2_20240417T125552_VV_A1E9-BURST""]"
20240324_20240405,2024-03-24,2024-04-05,12,58.0,58.0,-58.0,-53.5,4,"[""027_056011_IW2"", ""027_056012_IW2"", ""027_056013_IW2"", ""027_056014_IW2""]","[""027_056011_IW2"", ""027_056012_IW2"", ""027_056013_IW2"", ""027_056014_IW2""]","[""S1_056011_IW2_20240324T125543_VV_5AC4-BURST"", ""S1_056012_IW2_20240324T125546_VV_5AC4-BURST"", ""S1_056013_IW2_20240324T125549_VV_4D5B-BURST"", ""S1_056014_IW2_20240324T125551_VV_4D5B-BURST""]","[""S1_056011_IW2_20240405T125544_VV_2A79-BURST"", ""S1_056012_IW2_20240405T125546_VV_2A79-BURST"", ""S1_056013_IW2_20240405T125549_VV_B8E9-BURST"", ""S1_056014_IW2_20240405T125552_VV_B8E9-BURST""]"
20240324_20240417,2024-03-24,2024-04-17,24,4.0,4.0,0.0,4.0,4,"[""027_056011_IW2"", ""027_056012_IW2"", ""027_056013_IW2"", ""027_056014_IW2""]","[""027_056011_IW2"", ""027_056012_IW2"", ""027_056013_IW2"", ""027_056014_IW2""]","[""S1_056011_IW2_20240324T125543_VV_5AC4-BURST"", ""S1_056012_IW2_20240324T125546_VV_5AC4-BURST"", ""S1_056013_IW2_20240324T125549_VV_4D5B-BURST"", ""S1_056014_IW2_20240324T125551_VV_4D5B-BURST""]","[""S1_056011_IW2_20240417T125544_VV_A892-BURST"", ""S1_056012_IW2_20240417T125547_VV_A892-BURST"", ""S1_056013_IW2_20240417T125549_VV_A1E9-BURST"", ""S1_056014_IW2_20240417T125552_VV_A1E9-BURST""]"
20240324_20240429,2024-03-24,2024-04-29,36,31.0,31.0,-31.0,-29.0,4,"[""027_056011_IW2"", ""027_056012_IW2"", ""027_056013_IW2"", ""027_056014_IW2""]","[""027_056011_IW2"", ""027_056012_IW2"", ""027_056013_IW2"", ""027_056014_IW2""]","[""S1_056011_IW2_20240324T125543_VV_5AC4-BURST"", ""S1_056012_IW2_20240324T125546_VV_5AC4-BURST"", ""S1_056013_IW2_20240324T125549_VV_4D5B-BURST"", ""S1_056014_IW2_20240324T125551_VV_4D5B-BURST""]","[""S1_056011_IW2_20240429T125544_VV_E520-BURST"", ""S1_056012_IW2_20240429T125547_VV_E520-BURST"", ""S1_056013_IW2_20240429T125550_VV_BE6B-BURST"", ""S1_056014_IW2_20240429T125553_VV_BE6B-BURST""]"
20240405_20240417,2024-04-05,2024-04-17,12,58.0,58.0,57.0,57.5,4,"[""027_056011_IW2"", ""027_056012_IW2"", ""027_056013_IW2"", ""027_056014_IW2""]","[""027_056011_IW2"", ""027_056012_IW2"", ""027_056013_IW2"", ""027_056014_IW2""]","[""S1_056011_IW2_20240405T125544_VV_2A79-BURST"", ""S1_056012_IW2_20240405T125546_VV_2A79-BURST"", ""S1_056013_IW2_20240405T125549_VV_B8E9-BURST"", ""S1_056014_IW2_20240405T125552_VV_B8E9-BURST""]","[""S1_056011_IW2_20240417T125544_VV_A892-BURST"", ""S1_056012_IW2_20240417T125547_VV_A892-BURST"", ""S1_056013_IW2_20240417T125549_VV_A1E9-BURST"", ""S1_056014_IW2_20240417T125552_VV_A1E9-BURST""]"
20240405_20240429,2024-04-05,2024-04-29,24,29.0,29.0,22.0,24.5,4,"[""027_056011_IW2"", ""027_056012_IW2"", ""027_056013_IW2"", ""027_056014_IW2""]","[""027_056011_IW2"", ""027_056012_IW2"", ""027_056013_IW2"", ""027_056014_IW2""]","[""S1_056011_IW2_20240405T125544_VV_2A79-BURST"", ""S1_056012_IW2_20240405T125546_VV_2A79-BURST"", ""S1_056013_IW2_20240405T125549_VV_B8E9-BURST"", ""S1_056014_IW2_20240405T125552_VV_B8E9-BURST""]","[""S1_056011_IW2_20240429T125544_VV_E520-BURST"", ""S1_056012_IW2_20240429T125547_VV_E520-BURST"", ""S1_056013_IW2_20240429T125550_VV_BE6B-BURST"", ""S1_056014_IW2_20240429T125553_VV_BE6B-BURST""]"
20240405_20240511,2024-04-05,2024-05-11,36,86.0,86.0,79.0,81.5,4,"[""027_056011_IW2"", ""027_056012_IW2"", ""027_056013_IW2"", ""027_056014_IW2""]","[""027_056011_IW2"", ""027_056012_IW2"", ""027_056013_IW2"", ""027_056014_IW2""]","[""S1_056011_IW2_20240405T125544_VV_2A79-BURST"", ""S1_056012_IW2_20240405T125546_VV_2A79-BURST"", ""S1_056013_IW2_20240405T125549_VV_B8E9-BURST"", ""S1_056014_IW2_20240405T125552_VV_B8E9-BURST""]","[""S1_056011_IW2_20240511T125544_VV_4321-BURST"", ""S1_056012_IW2_20240511T125547_VV_4321-BURST"", ""S1_056013_IW2_20240511T125550_VV_1AC0-BURST"", ""S1_056014_IW2_20240511T125553_VV_1AC0-BURST""]"
20240417_20240429,2024-04-17,2024-04-29,12,35.0,35.0,-35.0,-33.0,4,"[""027_056011_IW2"", ""027_056012_IW2"", ""027_056013_IW2"", ""027_056014_IW2""]","[""027_056011_IW2"", ""027_056012_IW2"", ""027_056013_IW2"", ""027_056014_IW2""]","[""S1_056011_IW2_20240417T125544_VV_A892-BURST"", ""S1_056012_IW2_20240417T125547_VV_A892-BURST"", ""S1_056013_IW2_20240417T125549_VV_A1E9-BURST"", ""S1_056014_IW2_20240417T125552_VV_A1E9-BURST""]","[""S1_056011_IW2_20240429T125544_VV_E520-BURST"", ""S1_056012_IW2_20240429T125547_VV_E520-BURST"", ""S1_056013_IW2_20240429T125550_VV_BE6B-BURST"", ""S1_056014_IW2_20240429T125553_VV_BE6B-BURST""]"
20240417_20240511,2024-04-17,2024-05-11,24,28.0,28.0,22.0,24.0,4,"[""027_056011_IW2"", ""027_056012_IW2"", ""027_056013_IW2"", ""027_056014_IW2""]","[""027_056011_IW2"", ""027_056012_IW2"", ""027_056013_IW2"", ""027_056014_IW2""]","[""S1_056011_IW2_20240417T125544_VV_A892-BURST"", ""S1_056012_IW2_20240417T125547_VV_A892-BURST"", ""S1_056013_IW2_20240417T125549_VV_A1E9-BURST"", ""S1_056014_IW2_20240417T125552_VV_A1E9-BURST""]","[""S1_056011_IW2_20240511T125544_VV_4321-BURST"", ""S1_056012_IW2_20240511T125547_VV_4321-BURST"", ""S1_056013_IW2_20240511T125550_VV_1AC0-BURST"", ""S1_056014_IW2_20240511T125553_VV_1AC0-BURST""]"
20240417_20240523,2024-04-17,2024-05-23,36,157.0,157.0,152.0,153.0,4,"[""027_056011_IW2"", ""027_056012_IW2"", ""027_056013_IW2"", ""027_056014_IW2""]","[""027_056011_IW2"", ""027_056012_IW2"", ""027_056013_IW2"", ""027_056014_IW2""]","[""S1_056011_IW2_20240417T125544_VV_A892-BURST"", ""S1_056012_IW2_20240417T125547_VV_A892-BURST"", ""S1_056013_IW2_20240417T125549_VV_A1E9-BURST"", ""S1_056014_IW2_20240417T125552_VV_A1E9-BURST""]","[""S1_056011_IW2_20240523T125544_VV_39C1-BURST"", ""S1_056012_IW2_20240523T125547_VV_39C1-BURST"", ""S1_056013_IW2_20240523T125550_VV_CF19-BURST"", ""S1_056014_IW2_20240523T125552_VV_CF19-BURST""]"
20240429_20240511,2024-04-29,2024-05-11,12,58.0,58.0,56.0,57.0,4,"[""027_056011_IW2"", ""027_056012_IW2"", ""027_056013_IW2"", ""027_056014_IW2""]","[""027_056011_IW2"", ""027_056012_IW2"", ""027_056013_IW2"", ""027_056014_IW2""]","[""S1_056011_IW2_20240429T125544_VV_E520-BURST"", ""S1_056012_IW2_20240429T125547_VV_E520-BURST"", ""S1_056013_IW2_20240429T125550_VV_BE6B-BURST"", ""S1_056014_IW2_20240429T125553_VV_BE6B-BURST""]","[""S1_056011_IW2_20240511T125544_VV_4321-BURST"", ""S1_056012_IW2_20240511T125547_VV_4321-BURST"", ""S1_056013_IW2_20240511T125550_VV_1AC0-BURST"", ""S1_056014_IW2_20240511T125553_VV_1AC0-BURST""]"
20240429_20240604,2024-04-29,2024-06-04,36,187.0,187.0,181.0,184.0,4,"[""027_056011_IW2"", ""027_056012_IW2"", ""027_056013_IW2"", ""027_056014_IW2""]","[""027_056011_IW2"", ""027_056012_IW2"", ""027_056013_IW2"", ""027_056014_IW2""]","[""S1_056011_IW2_20240429T125544_VV_E520-BURST"", ""S1_056012_IW2_20240429T125547_VV_E520-BURST"", ""S1_056013_IW2_20240429T125550_VV_BE6B-BURST"", ""S1_056014_IW2_20240429T125553_VV_BE6B-BURST""]","[""S1_056011_IW2_20240604T125544_VV_14FF-BURST"", ""S1_056012_IW2_20240604T125546_VV_14FF-BURST"", ""S1_056013_IW2_20240604T125549_VV_7620-BURST"", ""S1_056014_IW2_20240604T125552_VV_7620-BURST""]"
20240511_20240604,2024-05-11,2024-06-04,24,129.0,129.0,124.0,127.5,4,"[""027_056011_IW2"", ""027_056012_IW2"", ""027_056013_IW2"", ""027_056014_IW2""]","[""027_056011_IW2"", ""027_056012_IW2"", ""027_056013_IW2"", ""027_056014_IW2""]","[""S1_056011_IW2_20240511T125544_VV_4321-BURST"", ""S1_056012_IW2_20240511T125547_VV_4321-BURST"", ""S1_056013_IW2_20240511T125550_VV_1AC0-BURST"", ""S1_056014_IW2_20240511T125553_VV_1AC0-BURST""]","[""S1_056011_IW2_20240604T125544_VV_14FF-BURST"", ""S1_056012_IW2_20240604T125546_VV_14FF-BURST"", ""S1_056013_IW2_20240604T125549_VV_7620-BURST"", ""S1_056014_IW2_20240604T125552_VV_7620-BURST""]"
20240511_20240616,2024-05-11,2024-06-16,36,51.0,51.0,50.0,50.0,4,"[""027_056011_IW2"", ""027_056012_IW2"", ""027_056013_IW2"", ""027_056014_IW2""]","[""027_056011_IW2"", ""027_056012_IW2"", ""027_056013_IW2"", ""027_056014_IW2""]","[""S1_056011_IW2_20240511T125544_VV_4321-BURST"", ""S1_056012_IW2_20240511T125547_VV_4321-BURST"", ""S1_056013_IW2_20240511T125550_VV_1AC0-BURST"", ""S1_056014_IW2_20240511T125553_VV_1AC0-BURST""]","[""S1_056011_IW2_20240616T125543_VV_1515-BURST"", ""S1_056012_IW2_20240616T125546_VV_1515-BURST"", ""S1_056013_IW2_20240616T125549_VV_BA3A-BURST"", ""S1_056014_IW2_20240616T125552_VV_BA3A-BURST""]"
20240523_20240604,2024-05-23,2024-06-04,12,5.0,5.0,-5.0,-2.0,4,"[""027_056011_IW2"", ""027_056012_IW2"", ""027_056013_IW2"", ""027_056014_IW2""]","[""027_056011_IW2"", ""027_056012_IW2"", ""027_056013_IW2"", ""027_056014_IW2""]","[""S1_056011_IW2_20240523T125544_VV_39C1-BURST"", ""S1_056012_IW2_20240523T125547_VV_39C1-BURST"", ""S1_056013_IW2_20240523T125550_VV_CF19-BURST"", ""S1_056014_IW2_20240523T125552_VV_CF19-BURST""]","[""S1_056011_IW2_20240604T125544_VV_14FF-BURST"", ""S1_056012_IW2_20240604T125546_VV_14FF-BURST"", ""S1_056013_IW2_20240604T125549_VV_7620-BURST"", ""S1_056014_IW2_20240604T125552_VV_7620-BURST""]"
20240523_20240616,2024-05-23,2024-06-16,24,80.0,80.0,-80.0,-79.0,4,"[""027_056011_IW2"", ""027_056012_IW2"", ""027_056013_IW2"", ""027_056014_IW2""]","[""027_056011_IW2"", ""027_056012_IW2"", ""027_056013_IW2"", ""027_056014_IW2""]","[""S1_056011_IW2_20240523T125544_VV_39C1-BURST"", ""S1_056012_IW2_20240523T125547_VV_39C1-BURST"", ""S1_056013_IW2_20240523T125550_VV_CF19-BURST"", ""S1_056014_IW2_20240523T125552_VV_CF19-BURST""]","[""S1_056011_IW2_20240616T125543_VV_1515-BURST"", ""S1_056012_IW2_20240616T125546_VV_1515-BURST"", ""S1_056013_IW2_20240616T125549_VV_BA3A-BURST"", ""S1_056014_IW2_20240616T125552_VV_BA3A-BURST""]"
20240604_20240616,2024-06-04,2024-06-16,12,78.0,78.0,-78.0,-77.5,4,"[""027_056011_IW2"", ""027_056012_IW2"", ""027_056013_IW2"", ""027_056014_IW2""]","[""027_056011_IW2"", ""027_056012_IW2"", ""027_056013_IW2"", ""027_056014_IW2""]","[""S1_056011_IW2_20240604T125544_VV_14FF-BURST"", ""S1_056012_IW2_20240604T125546_VV_14FF-BURST"", ""S1_056013_IW2_20240604T125549_VV_7620-BURST"", ""S1_056014_IW2_20240604T125552_VV_7620-BURST""]","[""S1_056011_IW2_20240616T125543_VV_1515-BURST"", ""S1_056012_IW2_20240616T125546_VV_1515-BURST"", ""S1_056013_IW2_20240616T125549_VV_BA3A-BURST"", ""S1_056014_IW2_20240616T125552_VV_BA3A-BURST""]"
20240604_20240710,2024-06-04,2024-07-10,36,29.0,29.0,24.0,25.5,4,"[""027_056011_IW2"", ""027_056012_IW2"", ""027_056013_IW2"", ""027_056014_IW2""]","[""027_056011_IW2"", ""027_056012_IW2"", ""027_056013_IW2"", ""027_056014_IW2""]","[""S1_056011_IW2_20240604T125544_VV_14FF-BURST"", ""S1_056012_IW2_20240604T125546_VV_14FF-BURST"", ""S1_056013_IW2_20240604T125549_VV_7620-BURST"", ""S1_056014_IW2_20240604T125552_VV_7620-BURST""]","[""S1_056011_IW2_20240710T125542_VV_2262-BURST"", ""S1_056012_IW2_20240710T125545_VV_2262-BURST"", ""S1_056013_IW2_20240710T125548_VV_33F3-BURST"", ""S1_056014_IW2_20240710T125550_VV_33F3-BURST""]"
20240616_20240710,2024-06-16,2024-07-10,24,103.0,103.0,102.0,103.0,4,"[""027_056011_IW2"", ""027_056012_IW2"", ""027_056013_IW2"", ""027_056014_IW2""]","[""027_056011_IW2"", ""027_056012_IW2"", ""027_056013_IW2"", ""027_056014_IW2""]","[""S1_056011_IW2_20240616T125543_VV_1515-BURST"", ""S1_056012_IW2_20240616T125546_VV_1515-BURST"", ""S1_056013_IW2_20240616T125549_VV_BA3A-BURST"", ""S1_056014_IW2_20240616T125552_VV_BA3A-BURST""]","[""S1_056011_IW2_20240710T125542_VV_2262-BURST"", ""S1_056012_IW2_20240710T125545_VV_2262-BURST"", ""S1_056013_IW2_20240710T125548_VV_33F3-BURST"", ""S1_056014_IW2_20240710T125550_VV_33F3-BURST""]"
20240616_20240722,2024-06-16,2024-07-22,36,110.0,110.0,106.0,109.0,4,"[""027_056011_IW2"", ""027_056012_IW2"", ""027_056013_IW2"", ""027_056014_IW2""]","[""027_056011_IW2"", ""027_056012_IW2"", ""027_056013_IW2"", ""027_056014_IW2""]","[""S1_056011_IW2_20240616T125543_VV_1515-BURST"", ""S1_056012_IW2_20240616T125546_VV_1515-BURST"", ""S1_056013_IW2_20240616T125549_VV_BA3A-BURST"", ""S1_056014_IW2_20240616T125552_VV_BA3A-BURST""]","[""S1_056011_IW2_20240722T125542_VV_C137-BURST"", ""S1_056012_IW2_20240722T125545_VV_C137-BURST"", ""S1_056013_IW2_20240722T125547_VV_1896-BURST"", ""S1_056014_IW2_20240722T125550_VV_1896-BURST""]"
20240710_20240722,2024-07-10,2024-07-22,12,7.0,7.0,3.0,6.5,4,"[""027_056011_IW2"", ""027_056012_IW2"", ""027_056013_IW2"", ""027_056014_IW2""]","[""027_056011_IW2"", ""027_056012_IW2"", ""027_056013_IW2"", ""027_056014_IW2""]","[""S1_056011_IW2_20240710T125542_VV_2262-BURST"", ""S1_056012_IW2_20240710T125545_VV_2262-BURST"", ""S1_056013_IW2_20240710T125548_VV_33F3-BURST"", ""S1_056014_IW2_20240710T125550_VV_33F3-BURST""]","[""S1_056011_IW2_20240722T125542_VV_C137-BURST"", ""S1_056012_IW2_20240722T125545_VV_C137-BURST"", ""S1_056013_IW2_20240722T125547_VV_1896-BURST"", ""S1_056014_IW2_20240722T125550_VV_1896-BURST""]"
20240710_20240803,2024-07-10,2024-08-03,24,127.0,127.0,-127.0,-123.0,4,"[""027_056011_IW2"", ""027_056012_IW2"", ""027_056013_IW2"", ""027_056014_IW2""]","[""027_056011_IW2"", ""027_056012_IW2"", ""027_056013_IW2"", ""027_056014_IW2""]","[""S1_056011_IW2_20240710T125542_VV_2262-BURST"", ""S1_056012_IW2_20240710T125545_VV_2262-BURST"", ""S1_056013_IW2_20240710T125548_VV_33F3-BURST"", ""S1_056014_IW2_20240710T125550_VV_33F3-BURST""]","[""S1_056011_IW2_20240803T125542_VV_B036-BURST"", ""S1_056012_IW2_20240803T125545_VV_B036-BURST"", ""S1_056013_IW2_20240803T125547_VV_A258-BURST"", ""S1_056014_IW2_20240803T125550_VV_A258-BURST""]"
20240710_20240815,2024-07-10,2024-08-15,36,110.0,110.0,-110.0,-109.0,4,"[""027_056011_IW2"", ""027_056012_IW2"", ""027_056013_IW2"", ""027_056014_IW2""]","[""027_056011_IW2"", ""027_056012_IW2"", ""027_056013_IW2"", ""027_056014_IW2""]","[""S1_056011_IW2_20240710T125542_VV_2262-BURST"", ""S1_056012_IW2_20240710T125545_VV_2262-BURST"", ""S1_056013_IW2_20240710T125548_VV_33F3-BURST"", ""S1_056014_IW2_20240710T125550_VV_33F3-BURST""]","[""S1_056011_IW2_20240815T125542_VV_C805-BURST"", ""S1_056012_IW2_20240815T125544_VV_C805-BURST"", ""S1_056013_IW2_20240815T125547_VV_C153-BURST"", ""S1_056014_IW2_20240815T125550_VV_C153-BURST""]"
20240722_20240815,2024-07-22,2024-08-15,24,117.0,117.0,-117.0,-115.0,4,"[""027_056011_IW2"", ""027_056012_IW2"", ""027_056013_IW2"", ""027_056014_IW2""]","[""027_056011_IW2"", ""027_056012_IW2"", ""027_056013_IW2"", ""027_056014_IW2""]","[""S1_056011_IW2_20240722T125542_VV_C137-BURST"", ""S1_056012_IW2_20240722T125545_VV_C137-BURST"", ""S1_056013_IW2_20240722T125547_VV_1896-BURST"", ""S1_056014_IW2_20240722T125550_VV_1896-BURST""]","[""S1_056011_IW2_20240815T125542_VV_C805-BURST"", ""S1_056012_IW2_20240815T125544_VV_C805-BURST"", ""S1_056013_IW2_20240815T125547_VV_C153-BURST"", ""S1_056014_IW2_20240815T125550_VV_C153-BURST""]"
20240803_20240827,2024-08-03,2024-08-27,24,133.0,133.0,-133.0,-131.0,4,"[""027_056011_IW2"", ""027_056012_IW2"", ""027_056013_IW2"", ""027_056014_IW2""]","[""027_056011_IW2"", ""027_056012_IW2"", ""027_056013_IW2"", ""027_056014_IW2""]","[""S1_056011_IW2_20240803T125542_VV_B036-BURST"", ""S1_056012_IW2_20240803T125545_VV_B036-BURST"", ""S1_056013_IW2_20240803T125547_VV_A258-BURST"", ""S1_056014_IW2_20240803T125550_VV_A258-BURST""]","[""S1_056011_IW2_20240827T125542_VV_1FE1-BURST"", ""S1_056012_IW2_20240827T125545_VV_1FE1-BURST"", ""S1_056013_IW2_20240827T125548_VV_E2A8-BURST"", ""S1_056014_IW2_20240827T125550_VV_E2A8-BURST""]"
20240803_20240908,2024-08-03,2024-09-08,36,113.0,113.0,-113.0,-111.5,4,"[""027_056011_IW2"", ""027_056012_IW2"", ""027_056013_IW2"", ""027_056014_IW2""]","[""027_056011_IW2"", ""027_056012_IW2"", ""027_056013_IW2"", ""027_056014_IW2""]","[""S1_056011_IW2_20240803T125542_VV_B036-BURST"", ""S1_056012_IW2_20240803T125545_VV_B036-BURST"", ""S1_056013_IW2_20240803T125547_VV_A258-BURST"", ""S1_056014_IW2_20240803T125550_VV_A258-BURST""]","[""S1_056011_IW2_20240908T125542_VV_6F1B-BURST"", ""S1_056012_IW2_20240908T125545_VV_6F1B-BURST"", ""S1_056013_IW2_20240908T125548_VV_FCEB-BURST"", ""S1_056014_IW2_20240908T125551_VV_FCEB-BURST""]"
20240815_20240908,2024-08-15,2024-09-08,24,126.0,126.0,-126.0,-126.0,4,"[""027_056011_IW2"", ""027_056012_IW2"", ""027_056013_IW2"", ""027_056014_IW2""]","[""027_056011_IW2"", ""027_056012_IW2"", ""027_056013_IW2"", ""027_056014_IW2""]","[""S1_056011_IW2_20240815T125542_VV_C805-BURST"", ""S1_056012_IW2_20240815T125544_VV_C805-BURST"", ""S1_056013_IW2_20240815T125547_VV_C153-BURST"", ""S1_056014_IW2_20240815T125550_VV_C153-BURST""]","[""S1_056011_IW2_20240908T125542_VV_6F1B-BURST"", ""S1_056012_IW2_20240908T125545_VV_6F1B-BURST"", ""S1_056013_IW2_20240908T125548_VV_FCEB-BURST"", ""S1_056014_IW2_20240908T125551_VV_FCEB-BURST""]"
20240815_20240920,2024-08-15,2024-09-20,36,69.0,69.0,-69.0,-64.5,4,"[""027_056011_IW2"", ""027_056012_IW2"", ""027_056013_IW2"", ""027_056014_IW2""]","[""027_056011_IW2"", ""027_056012_IW2"", ""027_056013_IW2"", ""027_056014_IW2""]","[""S1_056011_IW2_20240815T125542_VV_C805-BURST"", ""S1_056012_IW2_20240815T125544_VV_C805-BURST"", ""S1_056013_IW2_20240815T125547_VV_C153-BURST"", ""S1_056014_IW2_20240815T125550_VV_C153-BURST""]","[""S1_056011_IW2_20240920T125543_VV_F381-BURST"", ""S1_056012_IW2_20240920T125545_VV_F381-BURST"", ""S1_056013_IW2_20240920T125548_VV_37A9-BURST"", ""S1_056014_IW2_20240920T125551_VV_37A9-BURST""]"
20240827_20240920,2024-08-27,2024-09-20,24,82.0,82.0,77.0,81.5,4,"[""027_056011_IW2"", ""027_056012_IW2"", ""027_056013_IW2"", ""027_056014_IW2""]","[""027_056011_IW2"", ""027_056012_IW2"", ""027_056013_IW2"", ""027_056014_IW2""]","[""S1_056011_IW2_20240827T125542_VV_1FE1-BURST"", ""S1_056012_IW2_20240827T125545_VV_1FE1-BURST"", ""S1_056013_IW2_20240827T125548_VV_E2A8-BURST"", ""S1_056014_IW2_20240827T125550_VV_E2A8-BURST""]","[""S1_056011_IW2_20240920T125543_VV_F381-BURST"", ""S1_056012_IW2_20240920T125545_VV_F381-BURST"", ""S1_056013_IW2_20240920T125548_VV_37A9-BURST"", ""S1_056014_IW2_20240920T125551_VV_37A9-BURST""]"
20240827_20241002,2024-08-27,2024-10-02,36,150.0,150.0,146.0,149.5,4,"[""027_056011_IW2"", ""027_056012_IW2"", ""027_056013_IW2"", ""027_056014_IW2""]","[""027_056011_IW2"", ""027_056012_IW2"", ""027_056013_IW2"", ""027_056014_IW2""]","[""S1_056011_IW2_20240827T125542_VV_1FE1-BURST"", ""S1_056012_IW2_20240827T125545_VV_1FE1-BURST"", ""S1_056013_IW2_20240827T125548_VV_E2A8-BURST"", ""S1_056014_IW2_20240827T125550_VV_E2A8-BURST""]","[""S1_056011_IW2_20241002T125543_VV_CA28-BURST"", ""S1_056012_IW2_20241002T125546_VV_CA28-BURST"", ""S1_056013_IW2_20241002T125548_VV_FAE6-BURST"", ""S1_056014_IW2_20241002T125551_VV_FAE6-BURST""]"
20240908_20241002,2024-09-08,2024-10-02,24,132.0,132.0,126.0,129.0,4,"[""027_056011_IW2"", ""027_056012_IW2"", ""027_056013_IW2"", ""027_056014_IW2""]","[""027_056011_IW2"", ""027_056012_IW2"", ""027_056013_IW2"", ""027_056014_IW2""]","[""S1_056011_IW2_20240908T125542_VV_6F1B-BURST"", ""S1_056012_IW2_20240908T125545_VV_6F1B-BURST"", ""S1_056013_IW2_20240908T125548_VV_FCEB-BURST"", ""S1_056014_IW2_20240908T125551_VV_FCEB-BURST""]","[""S1_056011_IW2_20241002T125543_VV_CA28-BURST"", ""S1_056012_IW2_20241002T125546_VV_CA28-BURST"", ""S1_056013_IW2_20241002T125548_VV_FAE6-BURST"", ""S1_056014_IW2_20241002T125551_VV_FAE6-BURST""]"
20240908_20241014,2024-09-08,2024-10-14,36,5.0,5.0,4.0,4.5,4,"[""027_056011_IW2"", ""027_056012_IW2"", ""027_056013_IW2"", ""027_056014_IW2""]","[""027_056011_IW2"", ""027_056012_IW2"", ""027_056013_IW2"", ""027_056014_IW2""]","[""S1_056011_IW2_20240908T125542_VV_6F1B-BURST"", ""S1_056012_IW2_20240908T125545_VV_6F1B-BURST"", ""S1_056013_IW2_20240908T125548_VV_FCEB-BURST"", ""S1_056014_IW2_20240908T125551_VV_FCEB-BURST""]","[""S1_056011_IW2_20241014T125543_VV_897C-BURST"", ""S1_056012_IW2_20241014T125546_VV_897C-BURST"", ""S1_056013_IW2_20241014T125549_VV_168B-BURST"", ""S1_056014_IW2_20241014T125552_VV_168B-BURST""]"
20240920_20241014,2024-09-20,2024-10-14,24,59.0,59.0,-59.0,-57.0,4,"[""027_056011_IW2"", ""027_056012_IW2"", ""027_056013_IW2"", ""027_056014_IW2""]","[""027_056011_IW2"", ""027_056012_IW2"", ""027_056013_IW2"", ""027_056014_IW2""]","[""S1_056011_IW2_20240920T125543_VV_F381-BURST"", ""S1_056012_IW2_20240920T125545_VV_F381-BURST"", ""S1_056013_IW2_20240920T125548_VV_37A9-BURST"", ""S1_056014_IW2_20240920T125551_VV_37A9-BURST""]","[""S1_056011_IW2_20241014T125543_VV_897C-BURST"", ""S1_056012_IW2_20241014T125546_VV_897C-BURST"", ""S1_056013_IW2_20241014T125549_VV_168B-BURST"", ""S1_056014_IW2_20241014T125552_VV_168B-BURST""]"
20240920_20241026,2024-09-20,2024-10-26,36,49.0,49.0,45.0,45.0,4,"[""027_056011_IW2"", ""027_056012_IW2"", ""027_056013_IW2"", ""027_056014_IW2""]","[""027_056011_IW2"", ""027_056012_IW2"", ""027_056013_IW2"", ""027_056014_IW2""]","[""S1_056011_IW2_20240920T125543_VV_F381-BURST"", ""S1_056012_IW2_20240920T125545_VV_F381-BURST"", ""S1_056013_IW2_20240920T125548_VV_37A9-BURST"", ""S1_056014_IW2_20240920T125551_VV_37A9-BURST""]","[""S1_056011_IW2_20241026T125543_VV_3FFB-BURST"", ""S1_056012_IW2_20241026T125546_VV_3FFB-BURST"", ""S1_056013_IW2_20241026T125549_VV_8420-BURST"", ""S1_056014_IW2_20241026T125551_VV_8420-BURST""]"
20241002_20241014,2024-10-02,2024-10-14,12,127.0,127.0,-127.0,-125.0,4,"[""027_056011_IW2"", ""027_056012_IW2"", ""027_056013_IW2"", ""027_056014_IW2""]","[""027_056011_IW2"", ""027_056012_IW2"", ""027_056013_IW2"", ""027_056014_IW2""]","[""S1_056011_IW2_20241002T125543_VV_CA28-BURST"", ""S1_056012_IW2_20241002T125546_VV_CA28-BURST"", ""S1_056013_IW2_20241002T125548_VV_FAE6-BURST"", ""S1_056014_IW2_20241002T125551_VV_FAE6-BURST""]","[""S1_056011_IW2_20241014T125543_VV_897C-BURST"", ""S1_056012_IW2_20241014T125546_VV_897C-BURST"", ""S1_056013_IW2_20241014T125549_VV_168B-BURST"", ""S1_056014_IW2_20241014T125552_VV_168B-BURST""]"
20241002_20241026,2024-10-02,2024-10-26,24,23.0,23.0,-23.0,-23.0,4,"[""027_056011_IW2"", ""027_056012_IW2"", ""027_056013_IW2"", ""027_056014_IW2""]","[""027_056011_IW2"", ""027_056012_IW2"", ""027_056013_IW2"", ""027_056014_IW2""]","[""S1_056011_IW2_20241002T125543_VV_CA28-BURST"", ""S1_056012_IW2_20241002T125546_VV_CA28-BURST"", ""S1_056013_IW2_20241002T125548_VV_FAE6-BURST"", ""S1_056014_IW2_20241002T125551_VV_FAE6-BURST""]","[""S1_056011_IW2_20241026T125543_VV_3FFB-BURST"", ""S1_056012_IW2_20241026T125546_VV_3FFB-BURST"", ""S1_056013_IW2_20241026T125549_VV_8420-BURST"", ""S1_056014_IW2_20241026T125551_VV_8420-BURST""]"
20241002_20241107,2024-10-02,2024-11-07,36,88.0,88.0,-88.0,-87.0,4,"[""027_056011_IW2"", ""027_056012_IW2"", ""027_056013_IW2"", ""027_056014_IW2""]","[""027_056011_IW2"", ""027_056012_IW2"", ""027_056013_IW2"", ""027_056014_IW2""]","[""S1_056011_IW2_20241002T125543_VV_CA28-BURST"", ""S1_056012_IW2_20241002T125546_VV_CA28-BURST"", ""S1_056013_IW2_20241002T125548_VV_FAE6-BURST"", ""S1_056014_IW2_20241002T125551_VV_FAE6-BURST""]","[""S1_056011_IW2_20241107T125543_VV_7F06-BURST"", ""S1_056012_IW2_20241107T125546_VV_7F06-BURST"", ""S1_056013_IW2_20241107T125548_VV_DAA9-BURST"", ""S1_056014_IW2_20241107T125551_VV_DAA9-BURST""]"
20241014_20241026,2024-10-14,2024-10-26,12,104.0,104.0,101.0,102.0,4,"[""027_056011_IW2"", ""027_056012_IW2"", ""027_056013_IW2"", ""027_056014_IW2""]","[""027_056011_IW2"", ""027_056012_IW2"", ""027_056013_IW2"", ""027_056014_IW2""]","[""S1_056011_IW2_20241014T125543_VV_897C-BURST"", ""S1_056012_IW2_20241014T125546_VV_897C-BURST"", ""S1_056013_IW2_20241014T125549_VV_168B-BURST"", ""S1_056014_IW2_20241014T125552_VV_168B-BURST""]","[""S1_056011_IW2_20241026T125543_VV_3FFB-BURST"", ""S1_056012_IW2_20241026T125546_VV_3FFB-BURST"", ""S1_056013_IW2_20241026T125549_VV_8420-BURST"", ""S1_056014_IW2_20241026T125551_VV_8420-BURST""]"
20241014_20241107,2024-10-14,2024-11-07,24,40.0,40.0,33.0,38.0,4,"[""027_056011_IW2"", ""027_056012_IW2"", ""027_056013_IW2"", ""027_056014_IW2""]","[""027_056011_IW2"", ""027_056012_IW2"", ""027_056013_IW2"", ""027_056014_IW2""]","[""S1_056011_IW2_20241014T125543_VV_897C-BURST"", ""S1_056012_IW2_20241014T125546_VV_897C-BURST"", ""S1_056013_IW2_20241014T125549_VV_168B-BURST"", ""S1_056014_IW2_20241014T125552_VV_168B-BURST""]","[""S1_056011_IW2_20241107T125543_VV_7F06-BURST"", ""S1_056012_IW2_20241107T125546_VV_7F06-BURST"", ""S1_056013_IW2_20241107T125548_VV_DAA9-BURST"", ""S1_056014_IW2_20241107T125551_VV_DAA9-BURST""]"
20241014_20241119,2024-10-14,2024-11-19,36,41.0,41.0,40.0,40.0,4,"[""027_056011_IW2"", ""027_056012_IW2"", ""027_056013_IW2"", ""027_056014_IW2""]","[""027_056011_IW2"", ""027_056012_IW2"", ""027_056013_IW2"", ""027_056014_IW2""]","[""S1_056011_IW2_20241014T125543_VV_897C-BURST"", ""S1_056012_IW2_20241014T125546_VV_897C-BURST"", ""S1_056013_IW2_20241014T125549_VV_168B-BURST"", ""S1_056014_IW2_20241014T125552_VV_168B-BURST""]","[""S1_056011_IW2_20241119T125542_VV_9DBC-BURST"", ""S1_056012_IW2_20241119T125545_VV_9DBC-BURST"", ""S1_056013_IW2_20241119T125548_VV_453A-BURST"", ""S1_056014_IW2_20241119T125551_VV_453A-BURST""]"
20241026_20241107,2024-10-26,2024-11-07,12,68.0,68.0,-68.0,-64.0,4,"[""027_056011_IW2"", ""027_056012_IW2"", ""027_056013_IW2"", ""027_056014_IW2""]","[""027_056011_IW2"", ""027_056012_IW2"", ""027_056013_IW2"", ""027_056014_IW2""]","[""S1_056011_IW2_20241026T125543_VV_3FFB-BURST"", ""S1_056012_IW2_20241026T125546_VV_3FFB-BURST"", ""S1_056013_IW2_20241026T125549_VV_8420-BURST"", ""S1_056014_IW2_20241026T125551_VV_8420-BURST""]","[""S1_056011_IW2_20241107T125543_VV_7F06-BURST"", ""S1_056012_IW2_20241107T125546_VV_7F06-BURST"", ""S1_056013_IW2_20241107T125548_VV_DAA9-BURST"", ""S1_056014_IW2_20241107T125551_VV_DAA9-BURST""]"
20241026_20241119,2024-10-26,2024-11-19,24,64.0,64.0,-64.0,-61.5,4,"[""027_056011_IW2"", ""027_056012_IW2"", ""027_056013_IW2"", ""027_056014_IW2""]","[""027_056011_IW2"", ""027_056012_IW2"", ""027_056013_IW2"", ""027_056014_IW2""]","[""S1_056011_IW2_20241026T125543_VV_3FFB-BURST"", ""S1_056012_IW2_20241026T125546_VV_3FFB-BURST"", ""S1_056013_IW2_20241026T125549_VV_8420-BURST"", ""S1_056014_IW2_20241026T125551_VV_8420-BURST""]","[""S1_056011_IW2_20241119T125542_VV_9DBC-BURST"", ""S1_056012_IW2_20241119T125545_VV_9DBC-BURST"", ""S1_056013_IW2_20241119T125548_VV_453A-BURST"", ""S1_056014_IW2_20241119T125551_VV_453A-BURST""]"
20241107_20241119,2024-11-07,2024-11-19,12,7.0,7.0,0.0,2.5,4,"[""027_056011_IW2"", ""027_056012_IW2"", ""027_056013_IW2"", ""027_056014_IW2""]","[""027_056011_IW2"", ""027_056012_IW2"", ""027_056013_IW2"", ""027_056014_IW2""]","[""S1_056011_IW2_20241107T125543_VV_7F06-BURST"", ""S1_056012_IW2_20241107T125546_VV_7F06-BURST"", ""S1_056013_IW2_20241107T125548_VV_DAA9-BURST"", ""S1_056014_IW2_20241107T125551_VV_DAA9-BURST""]","[""S1_056011_IW2_20241119T125542_VV_9DBC-BURST"", ""S1_056012_IW2_20241119T125545_VV_9DBC-BURST"", ""S1_056013_IW2_20241119T125548_VV_453A-BURST"", ""S1_056014_IW2_20241119T125551_VV_453A-BURST""]"
20241107_20241213,2024-11-07,2024-12-13,36,36.0,36.0,32.0,33.5,4,"[""027_056011_IW2"", ""027_056012_IW2"", ""027_056013_IW2"", ""027_056014_IW2""]","[""027_056011_IW2"", ""027_056012_IW2"", ""027_056013_IW2"", ""027_056014_IW2""]","[""S1_056011_IW2_20241107T125543_VV_7F06-BURST"", ""S1_056012_IW2_20241107T125546_VV_7F06-BURST"", ""S1_056013_IW2_20241107T125548_VV_DAA9-BURST"", ""S1_056014_IW2_20241107T125551_VV_DAA9-BURST""]","[""S1_056011_IW2_20241213T125541_VV_755F-BURST"", ""S1_056012_IW2_20241213T125544_VV_755F-BURST"", ""S1_056013_IW2_20241213T125546_VV_A2BB-BURST"", ""S1_056014_IW2_20241213T125549_VV_A2BB-BURST""]"
20241119_20241213,2024-11-19,2024-12-13,24,33.0,33.0,28.0,31.0,4,"[""027_056011_IW2"", ""027_056012_IW2"", ""027_056013_IW2"", ""027_056014_IW2""]","[""027_056011_IW2"", ""027_056012_IW2"", ""027_056013_IW2"", ""027_056014_IW2""]","[""S1_056011_IW2_20241119T125542_VV_9DBC-BURST"", ""S1_056012_IW2_20241119T125545_VV_9DBC-BURST"", ""S1_056013_IW2_20241119T125548_VV_453A-BURST"", ""S1_056014_IW2_20241119T125551_VV_453A-BURST""]","[""S1_056011_IW2_20241213T125541_VV_755F-BURST"", ""S1_056012_IW2_20241213T125544_VV_755F-BURST"", ""S1_056013_IW2_20241213T125546_VV_A2BB-BURST"", ""S1_056014_IW2_20241213T125549_VV_A2BB-BURST""]"
20241119_20241225,2024-11-19,2024-12-25,36,142.0,142.0,141.0,141.0,4,"[""027_056011_IW2"", ""027_056012_IW2"", ""027_056013_IW2"", ""027_056014_IW2""]","[""027_056011_IW2"", ""027_056012_IW2"", ""027_056013_IW2"", ""027_056014_IW2""]","[""S1_056011_IW2_20241119T125542_VV_9DBC-BURST"", ""S1_056012_IW2_20241119T125545_VV_9DBC-BURST"", ""S1_056013_IW2_20241119T125548_VV_453A-BURST"", ""S1_056014_IW2_20241119T125551_VV_453A-BURST""]","[""S1_056011_IW2_20241225T125539_VV_77A5-BURST"", ""S1_056012_IW2_20241225T125542_VV_77A5-BURST"", ""S1_056013_IW2_20241225T125545_VV_8B32-BURST"", ""S1_056014_IW2_20241225T125548_VV_8B32-BURST""]"
20241213_20241225,2024-12-13,2024-12-25,12,113.0,113.0,109.0,110.0,4,"[""027_056011_IW2"", ""027_056012_IW2"", ""027_056013_IW2"", ""027_056014_IW2""]","[""027_056011_IW2"", ""027_056012_IW2"", ""027_056013_IW2"", ""027_056014_IW2""]","[""S1_056011_IW2_20241213T125541_VV_755F-BURST"", ""S1_056012_IW2_20241213T125544_VV_755F-BURST"", ""S1_056013_IW2_20241213T125546_VV_A2BB-BURST"", ""S1_056014_IW2_20241213T125549_VV_A2BB-BURST""]","[""S1_056011_IW2_20241225T125539_VV_77A5-BURST"", ""S1_056012_IW2_20241225T125542_VV_77A5-BURST"", ""S1_056013_IW2_20241225T125545_VV_8B32-BURST"", ""S1_056014_IW2_20241225T125548_VV_8B32-BURST""]"
20241213_20250106,2024-12-13,2025-01-06,24,17.0,17.0,12.0,13.5,4,"[""027_056011_IW2"", ""027_056012_IW2"", ""027_056013_IW2"", ""027_056014_IW2""]","[""027_056011_IW2"", ""027_056012_IW2"", ""027_056013_IW2"", ""027_056014_IW2""]","[""S1_056011_IW2_20241213T125541_VV_755F-BURST"", ""S1_056012_IW2_20241213T125544_VV_755F-BURST"", ""S1_056013_IW2_20241213T125546_VV_A2BB-BURST"", ""S1_056014_IW2_20241213T125549_VV_A2BB-BURST""]","[""S1_056011_IW2_20250106T125538_VV_4C4D-BURST"", ""S1_056012_IW2_20250106T125541_VV_4C4D-BURST"", ""S1_056013_IW2_20250106T125544_VV_E185-BURST"", ""S1_056014_IW2_20250106T125547_VV_E185-BURST""]"
20241213_20250118,2024-12-13,2025-01-18,36,76.0,76.0,71.0,73.0,4,"[""027_056011_IW2"", ""027_056012_IW2"", ""027_056013_IW2"", ""027_056014_IW2""]","[""027_056011_IW2"", ""027_056012_IW2"", ""027_056013_IW2"", ""027_056014_IW2""]","[""S1_056011_IW2_20241213T125541_VV_755F-BURST"", ""S1_056012_IW2_20241213T125544_VV_755F-BURST"", ""S1_056013_IW2_20241213T125546_VV_A2BB-BURST"", ""S1_056014_IW2_20241213T125549_VV_A2BB-BURST""]","[""S1_056011_IW2_20250118T125537_VV_5061-BURST"", ""S1_056012_IW2_20250118T125540_VV_5061-BURST"", ""S1_056013_IW2_20250118T125543_VV_607E-BURST"", ""S1_056014_IW2_20250118T125545_VV_607E-BURST""]"
20241225_20250106,2024-12-25,2025-01-06,12,97.0,97.0,-97.0,-96.5,4,"[""027_056011_IW2"", ""027_056012_IW2"", ""027_056013_IW2"", ""027_056014_IW2""]","[""027_056011_IW2"", ""027_056012_IW2"", ""027_056013_IW2"", ""027_056014_IW2""]","[""S1_056011_IW2_20241225T125539_VV_77A5-BURST"", ""S1_056012_IW2_20241225T125542_VV_77A5-BURST"", ""S1_056013_IW2_20241225T125545_VV_8B32-BURST"", ""S1_056014_IW2_20241225T125548_VV_8B32-BURST""]","[""S1_056011_IW2_20250106T125538_VV_4C4D-BURST"", ""S1_056012_IW2_20250106T125541_VV_4C4D-BURST"", ""S1_056013_IW2_20250106T125544_VV_E185-BURST"", ""S1_056014_IW2_20250106T125547_VV_E185-BURST""]"
20241225_20250118,2024-12-25,2025-01-18,24,38.0,38.0,-38.0,-37.0,4,"[""027_056011_IW2"", ""027_056012_IW2"", ""027_056013_IW2"", ""027_056014_IW2""]","[""027_056011_IW2"", ""027_056012_IW2"", ""027_056013_IW2"", ""027_056014_IW2""]","[""S1_056011_IW2_20241225T125539_VV_77A5-BURST"", ""S1_056012_IW2_20241225T125542_VV_77A5-BURST"", ""S1_056013_IW2_20241225T125545_VV_8B32-BURST"", ""S1_056014_IW2_20241225T125548_VV_8B32-BURST""]","[""S1_056011_IW2_20250118T125537_VV_5061-BURST"", ""S1_056012_IW2_20250118T125540_VV_5061-BURST"", ""S1_056013_IW2_20250118T125543_VV_607E-BURST"", ""S1_056014_IW2_20250118T125545_VV_607E-BURST""]"
20241225_20250130,2024-12-25,2025-01-30,36,64.0,64.0,-64.0,-63.5,4,"[""027_056011_IW2"", ""027_056012_IW2"", ""027_056013_IW2"", ""027_056014_IW2""]","[""027_056011_IW2"", ""027_056012_IW2"", ""027_056013_IW2"", ""027_056014_IW2""]","[""S1_056011_IW2_20241225T125539_VV_77A5-BURST"", ""S1_056012_IW2_20241225T125542_VV_77A5-BURST"", ""S1_056013_IW2_20241225T125545_VV_8B32-BURST"", ""S1_056014_IW2_20241225T125548_VV_8B32-BURST""]","[""S1_056011_IW2_20250130T125537_VV_95EE-BURST"", ""S1_056012_IW2_20250130T125539_VV_95EE-BURST"", ""S1_056013_IW2_20250130T125542_VV_4577-BURST"", ""S1_056014_IW2_20250130T125545_VV_4577-BURST""]"
20250106_20250118,2025-01-06,2025-01-18,12,60.0,60.0,59.0,59.0,4,"[""027_056011_IW2"", ""027_056012_IW2"", ""027_056013_IW2"", ""027_056014_IW2""]","[""027_056011_IW2"", ""027_056012_IW2"", ""027_056013_IW2"", ""027_056014_IW2""]","[""S1_056011_IW2_20250106T125538_VV_4C4D-BURST"", ""S1_056012_IW2_20250106T125541_VV_4C4D-BURST"", ""S1_056013_IW2_20250106T125544_VV_E185-BURST"", ""S1_056014_IW2_20250106T125547_VV_E185-BURST""]","[""S1_056011_IW2_20250118T125537_VV_5061-BURST"", ""S1_056012_IW2_20250118T125540_VV_5061-BURST"", ""S1_056013_IW2_20250118T125543_VV_607E-BURST"", ""S1_056014_IW2_20250118T125545_VV_607E-BURST""]"
20250106_20250130,2025-01-06,2025-01-30,24,33.0,33.0,33.0,33.0,4,"[""027_056011_IW2"", ""027_056012_IW2"", ""027_056013_IW2"", ""027_056014_IW2""]","[""027_056011_IW2"", ""027_056012_IW2"", ""027_056013_IW2"", ""027_056014_IW2""]","[""S1_056011_IW2_20250106T125538_VV_4C4D-BURST"", ""S1_056012_IW2_20250106T125541_VV_4C4D-BURST"", ""S1_056013_IW2_20250106T125544_VV_E185-BURST"", ""S1_056014_IW2_20250106T125547_VV_E185-BURST""]","[""S1_056011_IW2_20250130T125537_VV_95EE-BURST"", ""S1_056012_IW2_20250130T125539_VV_95EE-BURST"", ""S1_056013_IW2_20250130T125542_VV_4577-BURST"", ""S1_056014_IW2_20250130T125545_VV_4577-BURST""]"
20250106_20250211,2025-01-06,2025-02-11,36,18.0,18.0,-18.0,-17.0,4,"[""027_056011_IW2"", ""027_056012_IW2"", ""027_056013_IW2"", ""027_056014_IW2""]","[""027_056011_IW2"", ""027_056012_IW2"", ""027_056013_IW2"", ""027_056014_IW2""]","[""S1_056011_IW2_20250106T125538_VV_4C4D-BURST"", ""S1_056012_IW2_20250106T125541_VV_4C4D-BURST"", ""S1_056013_IW2_20250106T125544_VV_E185-BURST"", ""S1_056014_IW2_20250106T125547_VV_E185-BURST""]","[""S1_056011_IW2_20250211T125536_VV_93A3-BURST"", ""S1_056012_IW2_20250211T125539_VV_93A3-BURST"", ""S1_056013_IW2_20250211T125542_VV_D918-BURST"", ""S1_056014_IW2_20250211T125544_VV_D918-BURST""]"
20250118_20250130,2025-01-18,2025-01-30,12,27.0,27.0,-27.0,-26.0,4,"[""027_056011_IW2"", ""027_056012_IW2"", ""027_056013_IW2"", ""027_056014_IW2""]","[""027_056011_IW2"", ""027_056012_IW2"", ""027_056013_IW2"", ""027_056014_IW2""]","[""S1_056011_IW2_20250118T125537_VV_5061-BURST"", ""S1_056012_IW2_20250118T125540_VV_5061-BURST"", ""S1_056013_IW2_20250118T125543_VV_607E-BURST"", ""S1_056014_IW2_20250118T125545_VV_607E-BURST""]","[""S1_056011_IW2_20250130T125537_VV_95EE-BURST"", ""S1_056012_IW2_20250130T125539_VV_95EE-BURST"", ""S1_056013_IW2_20250130T125542_VV_4577-BURST"", ""S1_056014_IW2_20250130T125545_VV_4577-BURST""]"
20250118_20250211,2025-01-18,2025-02-11,24,77.0,77.0,-77.0,-76.5,4,"[""027_056011_IW2"", ""027_056012_IW2"", ""027_056013_IW2"", ""027_056014_IW2""]","[""027_056011_IW2"", ""027_056012_IW2"", ""027_056013_IW2"", ""027_056014_IW2""]","[""S1_056011_IW2_20250118T125537_VV_5061-BURST"", ""S1_056012_IW2_20250118T125540_VV_5061-BURST"", ""S1_056013_IW2_20250118T125543_VV_607E-BURST"", ""S1_056014_IW2_20250118T125545_VV_607E-BURST""]","[""S1_056011_IW2_20250211T125536_VV_93A3-BURST"", ""S1_056012_IW2_20250211T125539_VV_93A3-BURST"", ""S1_056013_IW2_20250211T125542_VV_D918-BURST"", ""S1_056014_IW2_20250211T125544_VV_D918-BURST""]"
20250118_20250223,2025-01-18,2025-02-23,36,79.0,79.0,-79.0,-75.5,4,"[""027_056011_IW2"", ""027_056012_IW2"", ""027_056013_IW2"", ""027_056014_IW2""]","[""027_056011_IW2"", ""027_056012_IW2"", ""027_056013_IW2"", ""027_056014_IW2""]","[""S1_056011_IW2_20250118T125537_VV_5061-BURST"", ""S1_056012_IW2_20250118T125540_VV_5061-BURST"", ""S1_056013_IW2_20250118T125543_VV_607E-BURST"", ""S1_056014_IW2_20250118T125545_VV_607E-BURST""]","[""S1_056011_IW2_20250223T125536_VV_96BF-BURST"", ""S1_056012_IW2_20250223T125539_VV_96BF-BURST"", ""S1_056013_IW2_20250223T125541_VV_C3A0-BURST"", ""S1_056014_IW2_20250223T125544_VV_C3A0-BURST""]"
20250130_20250211,2025-01-30,2025-02-11,12,51.0,51.0,-51.0,-50.0,4,"[""027_056011_IW2"", ""027_056012_IW2"", ""027_056013_IW2"", ""027_056014_IW2""]","[""027_056011_IW2"", ""027_056012_IW2"", ""027_056013_IW2"", ""027_056014_IW2""]","[""S1_056011_IW2_20250130T125537_VV_95EE-BURST"", ""S1_056012_IW2_20250130T125539_VV_95EE-BURST"", ""S1_056013_IW2_20250130T125542_VV_4577-BURST"", ""S1_056014_IW2_20250130T125545_VV_4577-BURST""]","[""S1_056011_IW2_20250211T125536_VV_93A3-BURST"", ""S1_056012_IW2_20250211T125539_VV_93A3-BURST"", ""S1_056013_IW2_20250211T125542_VV_D918-BURST"", ""S1_056014_IW2_20250211T125544_VV_D918-BURST""]"
20250130_20250223,2025-01-30,2025-02-23,24,53.0,53.0,-53.0,-49.0,4,"[""027_056011_IW2"", ""027_056012_IW2"", ""027_056013_IW2"", ""027_056014_IW2""]","[""027_056011_IW2"", ""027_056012_IW2"", ""027_056013_IW2"", ""027_056014_IW2""]","[""S1_056011_IW2_20250130T125537_VV_95EE-BURST"", ""S1_056012_IW2_20250130T125539_VV_95EE-BURST"", ""S1_056013_IW2_20250130T125542_VV_4577-BURST"", ""S1_056014_IW2_20250130T125545_VV_4577-BURST""]","[""S1_056011_IW2_20250223T125536_VV_96BF-BURST"", ""S1_056012_IW2_20250223T125539_VV_96BF-BURST"", ""S1_056013_IW2_20250223T125541_VV_C3A0-BURST"", ""S1_056014_IW2_20250223T125544_VV_C3A0-BURST""]"
20250130_20250307,2025-01-30,2025-03-07,36,123.0,123.0,-123.0,-121.5,4,"[""027_056011_IW2"", ""027_056012_IW2"", ""027_056013_IW2"", ""027_056014_IW2""]","[""027_056011_IW2"", ""027_056012_IW2"", ""027_056013_IW2"", ""027_056014_IW2""]","[""S1_056011_IW2_20250130T125537_VV_95EE-BURST"", ""S1_056012_IW2_20250130T125539_VV_95EE-BURST"", ""S1_056013_IW2_20250130T125542_VV_4577-BURST"", ""S1_056014_IW2_20250130T125545_VV_4577-BURST""]","[""S1_056011_IW2_20250307T125536_VV_B7C9-BURST"", ""S1_056012_IW2_20250307T125539_VV_B7C9-BURST"", ""S1_056013_IW2_20250307T125542_VV_22BB-BURST"", ""S1_056014_IW2_20250307T125544_VV_22BB-BURST""]"
20250211_20250223,2025-02-11,2025-02-23,12,2.0,2.0,-2.0,1.0,4,"[""027_056011_IW2"", ""027_056012_IW2"", ""027_056013_IW2"", ""027_056014_IW2""]","[""027_056011_IW2"", ""027_056012_IW2"", ""027_056013_IW2"", ""027_056014_IW2""]","[""S1_056011_IW2_20250211T125536_VV_93A3-BURST"", ""S1_056012_IW2_20250211T125539_VV_93A3-BURST"", ""S1_056013_IW2_20250211T125542_VV_D918-BURST"", ""S1_056014_IW2_20250211T125544_VV_D918-BURST""]","[""S1_056011_IW2_20250223T125536_VV_96BF-BURST"", ""S1_056012_IW2_20250223T125539_VV_96BF-BURST"", ""S1_056013_IW2_20250223T125541_VV_C3A0-BURST"", ""S1_056014_IW2_20250223T125544_VV_C3A0-BURST""]"
20250211_20250307,2025-02-11,2025-03-07,24,73.0,73.0,-73.0,-71.0,4,"[""027_056011_IW2"", ""027_056012_IW2"", ""027_056013_IW2"", ""027_056014_IW2""]","[""027_056011_IW2"", ""027_056012_IW2"", ""027_056013_IW2"", ""027_056014_IW2""]","[""S1_056011_IW2_20250211T125536_VV_93A3-BURST"", ""S1_056012_IW2_20250211T125539_VV_93A3-BURST"", ""S1_056013_IW2_20250211T125542_VV_D918-BURST"", ""S1_056014_IW2_20250211T125544_VV_D918-BURST""]","[""S1_056011_IW2_20250307T125536_VV_B7C9-BURST"", ""S1_056012_IW2_20250307T125539_VV_B7C9-BURST"", ""S1_056013_IW2_20250307T125542_VV_22BB-BURST"", ""S1_056014_IW2_20250307T125544_VV_22BB-BURST""]"
20250211_20250319,2025-02-11,2025-03-19,36,74.0,74.0,-74.0,-72.5,4,"[""027_056011_IW2"", ""027_056012_IW2"", ""027_056013_IW2"", ""027_056014_IW2""]","[""027_056011_IW2"", ""027_056012_IW2"", ""027_056013_IW2"", ""027_056014_IW2""]","[""S1_056011_IW2_20250211T125536_VV_93A3-BURST"", ""S1_056012_IW2_20250211T125539_VV_93A3-BURST"", ""S1_056013_IW2_20250211T125542_VV_D918-BURST"", ""S1_056014_IW2_20250211T125544_VV_D918-BURST""]","[""S1_056011_IW2_20250319T125536_VV_6841-BURST"", ""S1_056012_IW2_20250319T125539_VV_6841-BURST"", ""S1_056013_IW2_20250319T125542_VV_4B1C-BURST"", ""S1_056014_IW2_20250319T125544_VV_4B1C-BURST""]"
20250223_20250307,2025-02-23,2025-03-07,12,73.0,73.0,-73.0,-73.0,4,"[""027_056011_IW2"", ""027_056012_IW2"", ""027_056013_IW2"", ""027_056014_IW2""]","[""027_056011_IW2"", ""027_056012_IW2"", ""027_056013_IW2"", ""027_056014_IW2""]","[""S1_056011_IW2_20250223T125536_VV_96BF-BURST"", ""S1_056012_IW2_20250223T125539_VV_96BF-BURST"", ""S1_056013_IW2_20250223T125541_VV_C3A0-BURST"", ""S1_056014_IW2_20250223T125544_VV_C3A0-BURST""]","[""S1_056011_IW2_20250307T125536_VV_B7C9-BURST"", ""S1_056012_IW2_20250307T125539_VV_B7C9-BURST"", ""S1_056013_IW2_20250307T125542_VV_22BB-BURST"", ""S1_056014_IW2_20250307T125544_VV_22BB-BURST""]"
20250223_20250319,2025-02-23,2025-03-19,24,74.0,74.0,-74.0,-74.0,4,"[""027_056011_IW2"", ""027_056012_IW2"", ""027_056013_IW2"", ""027_056014_IW2""]","[""027_056011_IW2"", ""027_056012_IW2"", ""027_056013_IW2"", ""027_056014_IW2""]","[""S1_056011_IW2_20250223T125536_VV_96BF-BURST"", ""S1_056012_IW2_20250223T125539_VV_96BF-BURST"", ""S1_056013_IW2_20250223T125541_VV_C3A0-BURST"", ""S1_056014_IW2_20250223T125544_VV_C3A0-BURST""]","[""S1_056011_IW2_20250319T125536_VV_6841-BURST"", ""S1_056012_IW2_20250319T125539_VV_6841-BURST"", ""S1_056013_IW2_20250319T125542_VV_4B1C-BURST"", ""S1_056014_IW2_20250319T125544_VV_4B1C-BURST""]"
20250223_20250331,2025-02-23,2025-03-31,36,113.0,113.0,-113.0,-111.0,4,"[""027_056011_IW2"", ""027_056012_IW2"", ""027_056013_IW2"", ""027_056014_IW2""]","[""027_056011_IW2"", ""027_056012_IW2"", ""027_056013_IW2"", ""027_056014_IW2""]","[""S1_056011_IW2_20250223T125536_VV_96BF-BURST"", ""S1_056012_IW2_20250223T125539_VV_96BF-BURST"", ""S1_056013_IW2_20250223T125541_VV_C3A0-BURST"", ""S1_056014_IW2_20250223T125544_VV_C3A0-BURST""]","[""S1_056011_IW2_20250331T125537_VV_BB04-BURST"", ""S1_056012_IW2_20250331T125539_VV_BB04-BURST"", ""S1_056013_IW2_20250331T125542_VV_9A77-BURST"", ""S1_056014_IW2_20250331T125545_VV_9A77-BURST""]"
20250307_20250319,2025-03-07,2025-03-19,12,2.0,2.0,-2.0,-1.0,4,"[""027_056011_IW2"", ""027_056012_IW2"", ""027_056013_IW2"", ""027_056014_IW2""]","[""027_056011_IW2"", ""027_056012_IW2"", ""027_056013_IW2"", ""027_056014_IW2""]","[""S1_056011_IW2_20250307T125536_VV_B7C9-BURST"", ""S1_056012_IW2_20250307T125539_VV_B7C9-BURST"", ""S1_056013_IW2_20250307T125542_VV_22BB-BURST"", ""S1_056014_IW2_20250307T125544_VV_22BB-BURST""]","[""S1_056011_IW2_20250319T125536_VV_6841-BURST"", ""S1_056012_IW2_20250319T125539_VV_6841-BURST"", ""S1_056013_IW2_20250319T125542_VV_4B1C-BURST"", ""S1_056014_IW2_20250319T125544_VV_4B1C-BURST""]"
20250307_20250331,2025-03-07,2025-03-31,24,40.0,40.0,-40.0,-39.0,4,"[""027_056011_IW2"", ""027_056012_IW2"", ""027_056013_IW2"", ""027_056014_IW2""]","[""027_056011_IW2"", ""027_056012_IW2"", ""027_056013_IW2"", ""027_056014_IW2""]","[""S1_056011_IW2_20250307T125536_VV_B7C9-BURST"", ""S1_056012_IW2_20250307T125539_VV_B7C9-BURST"", ""S1_056013_IW2_20250307T125542_VV_22BB-BURST"", ""S1_056014_IW2_20250307T125544_VV_22BB-BURST""]","[""S1_056011_IW2_20250331T125537_VV_BB04-BURST"", ""S1_056012_IW2_20250331T125539_VV_BB04-BURST"", ""S1_056013_IW2_20250331T125542_VV_9A77-BURST"", ""S1_056014_IW2_20250331T125545_VV_9A77-BURST""]"
20250307_20250412,2025-03-07,2025-04-12,36,186.0,186.0,183.0,185.0,4,"[""027_056011_IW2"", ""027_056012_IW2"", ""027_056013_IW2"", ""027_056014_IW2""]","[""027_056011_IW2"", ""027_056012_IW2"", ""027_056013_IW2"", ""027_056014_IW2""]","[""S1_056011_IW2_20250307T125536_VV_B7C9-BURST"", ""S1_056012_IW2_20250307T125539_VV_B7C9-BURST"", ""S1_056013_IW2_20250307T125542_VV_22BB-BURST"", ""S1_056014_IW2_20250307T125544_VV_22BB-BURST""]","[""S1_056011_IW2_20250412T125536_VV_A4A5-BURST"", ""S1_056012_IW2_20250412T125539_VV_A4A5-BURST"", ""S1_056013_IW2_20250412T125542_VV_4A2C-BURST"", ""S1_056014_IW2_20250412T125545_VV_4A2C-BURST""]"
20250319_20250331,2025-03-19,2025-03-31,12,39.0,39.0,-39.0,-37.5,4,"[""027_056011_IW2"", ""027_056012_IW2"", ""027_056013_IW2"", ""027_056014_IW2""]","[""027_056011_IW2"", ""027_056012_IW2"", ""027_056013_IW2"", ""027_056014_IW2""]","[""S1_056011_IW2_20250319T125536_VV_6841-BURST"", ""S1_056012_IW2_20250319T125539_VV_6841-BURST"", ""S1_056013_IW2_20250319T125542_VV_4B1C-BURST"", ""S1_056014_IW2_20250319T125544_VV_4B1C-BURST""]","[""S1_056011_IW2_20250331T125537_VV_BB04-BURST"", ""S1_056012_IW2_20250331T125539_VV_BB04-BURST"", ""S1_056013_IW2_20250331T125542_VV_9A77-BURST"", ""S1_056014_IW2_20250331T125545_VV_9A77-BURST""]"
20250319_20250412,2025-03-19,2025-04-12,24,187.0,187.0,184.0,186.5,4,"[""027_056011_IW2"", ""027_056012_IW2"", ""027_056013_IW2"", ""027_056014_IW2""]","[""027_056011_IW2"", ""027_056012_IW2"", ""027_056013_IW2"", ""027_056014_IW2""]","[""S1_056011_IW2_20250319T125536_VV_6841-BURST"", ""S1_056012_IW2_20250319T125539_VV_6841-BURST"", ""S1_056013_IW2_20250319T125542_VV_4B1C-BURST"", ""S1_056014_IW2_20250319T125544_VV_4B1C-BURST""]","[""S1_056011_IW2_20250412T125536_VV_A4A5-BURST"", ""S1_056012_IW2_20250412T125539_VV_A4A5-BURST"", ""S1_056013_IW2_20250412T125542_VV_4A2C-BURST"", ""S1_056014_IW2_20250412T125545_VV_4A2C-BURST""]"
20250319_20250424,2025-03-19,2025-04-24,36,101.0,101.0,98.0,99.5,4,"[""027_056011_IW2"", ""027_056012_IW2"", ""027_056013_IW2"", ""027_056014_IW2""]","[""027_056011_IW2"", ""027_056012_IW2"", ""027_056013_IW2"", ""027_056014_IW2""]","[""S1_056011_IW2_20250319T125536_VV_6841-BURST"", ""S1_056012_IW2_20250319T125539_VV_6841-BURST"", ""S1_056013_IW2_20250319T125542_VV_4B1C-BURST"", ""S1_056014_IW2_20250319T125544_VV_4B1C-BURST""]","[""S1_056011_IW2_20250424T125537_VV_629F-BURST"", ""S1_056012_IW2_20250424T125539_VV_629F-BURST"", ""S1_056013_IW2_20250424T125542_VV_D030-BURST"", ""S1_056014_IW2_20250424T125545_VV_D030-BURST""]"
20250331_20250412,2025-03-31,2025-04-12,12,224.0,224.0,223.0,223.5,4,"[""027_056011_IW2"", ""027_056012_IW2"", ""027_056013_IW2"", ""027_056014_IW2""]","[""027_056011_IW2"", ""027_056012_IW2"", ""027_056013_IW2"", ""027_056014_IW2""]","[""S1_056011_IW2_20250331T125537_VV_BB04-BURST"", ""S1_056012_IW2_20250331T125539_VV_BB04-BURST"", ""S1_056013_IW2_20250331T125542_VV_9A77-BURST"", ""S1_056014_IW2_20250331T125545_VV_9A77-BURST""]","[""S1_056011_IW2_20250412T125536_VV_A4A5-BURST"", ""S1_056012_IW2_20250412T125539_VV_A4A5-BURST"", ""S1_056013_IW2_20250412T125542_VV_4A2C-BURST"", ""S1_056014_IW2_20250412T125545_VV_4A2C-BURST""]"
20250331_20250424,2025-03-31,2025-04-24,24,137.0,137.0,137.0,137.0,4,"[""027_056011_IW2"", ""027_056012_IW2"", ""027_056013_IW2"", ""027_056014_IW2""]","[""027_056011_IW2"", ""027_056012_IW2"", ""027_056013_IW2"", ""027_056014_IW2""]","[""S1_056011_IW2_20250331T125537_VV_BB04-BURST"", ""S1_056012_IW2_20250331T125539_VV_BB04-BURST"", ""S1_056013_IW2_20250331T125542_VV_9A77-BURST"", ""S1_056014_IW2_20250331T125545_VV_9A77-BURST""]","[""S1_056011_IW2_20250424T125537_VV_629F-BURST"", ""S1_056012_IW2_20250424T125539_VV_629F-BURST"", ""S1_056013_IW2_20250424T125542_VV_D030-BURST"", ""S1_056014_IW2_20250424T125545_VV_D030-BURST""]"
20250331_20250506,2025-03-31,2025-05-06,36,170.0,170.0,169.0,169.0,4,"[""027_056011_IW2"", ""027_056012_IW2"", ""027_056013_IW2"", ""027_056014_IW2""]","[""027_056011_IW2"", ""027_056012_IW2"", ""027_056013_IW2"", ""027_056014_IW2""]","[""S1_056011_IW2_20250331T125537_VV_BB04-BURST"", ""S1_056012_IW2_20250331T125539_VV_BB04-BURST"", ""S1_056013_IW2_20250331T125542_VV_9A77-BURST"", ""S1_056014_IW2_20250331T125545_VV_9A77-BURST""]","[""S1_056011_IW2_20250506T125537_VV_DE01-BURST"", ""S1_056012_IW2_20250506T125539_VV_DE01-BURST"", ""S1_056013_IW2_20250506T125542_VV_6419-BURST"", ""S1_056014_IW2_20250506T125545_VV_6419-BURST""]"
20250412_20250424,2025-04-12,2025-04-24,12,87.0,87.0,-87.0,-86.5,4,"[""027_056011_IW2"", ""027_056012_IW2"", ""027_056013_IW2"", ""027_056014_IW2""]","[""027_056011_IW2"", ""027_056012_IW2"", ""027_056013_IW2"", ""027_056014_IW2""]","[""S1_056011_IW2_20250412T125536_VV_A4A5-BURST"", ""S1_056012_IW2_20250412T125539_VV_A4A5-BURST"", ""S1_056013_IW2_20250412T125542_VV_4A2C-BURST"", ""S1_056014_IW2_20250412T125545_VV_4A2C-BURST""]","[""S1_056011_IW2_20250424T125537_VV_629F-BURST"", ""S1_056012_IW2_20250424T125539_VV_629F-BURST"", ""S1_056013_IW2_20250424T125542_VV_D030-BURST"", ""S1_056014_IW2_20250424T125545_VV_D030-BURST""]"
20250412_20250506,2025-04-12,2025-05-06,24,55.0,55.0,-55.0,-54.0,4,"[""027_056011_IW2"", ""027_056012_IW2"", ""027_056013_IW2"", ""027_056014_IW2""]","[""027_056011_IW2"", ""027_056012_IW2"", ""027_056013_IW2"", ""027_056014_IW2""]","[""S1_056011_IW2_20250412T125536_VV_A4A5-BURST"", ""S1_056012_IW2_20250412T125539_VV_A4A5-BURST"", ""S1_056013_IW2_20250412T125542_VV_4A2C-BURST"", ""S1_056014_IW2_20250412T125545_VV_4A2C-BURST""]","[""S1_056011_IW2_20250506T125537_VV_DE01-BURST"", ""S1_056012_IW2_20250506T125539_VV_DE01-BURST"", ""S1_056013_IW2_20250506T125542_VV_6419-BURST"", ""S1_056014_IW2_20250506T125545_VV_6419-BURST""]"
20250424_20250506,2025-04-24,2025-05-06,12,33.0,33.0,32.0,32.0,4,"[""027_056011_IW2"", ""027_056012_IW2"", ""027_056013_IW2"", ""027_056014_IW2""]","[""027_056011_IW2"", ""027_056012_IW2"", ""027_056013_IW2"", ""027_056014_IW2""]","[""S1_056011_IW2_20250424T125537_VV_629F-BURST"", ""S1_056012_IW2_20250424T125539_VV_629F-BURST"", ""S1_056013_IW2_20250424T125542_VV_D030-BURST"", ""S1_056014_IW2_20250424T125545_VV_D030-BURST""]","[""S1_056011_IW2_20250506T125537_VV_DE01-BURST"", ""S1_056012_IW2_20250506T125539_VV_DE01-BURST"", ""S1_056013_IW2_20250506T125542_VV_6419-BURST"", ""S1_056014_IW2_20250506T125545_VV_6419-BURST""]"
20250424_20250530,2025-04-24,2025-05-30,36,127.0,127.0,122.0,125.5,4,"[""027_056011_IW2"", ""027_056012_IW2"", ""027_056013_IW2"", ""027_056014_IW2""]","[""027_056011_IW2"", ""027_056012_IW2"", ""027_056013_IW2"", ""027_056014_IW2""]","[""S1_056011_IW2_20250424T125537_VV_629F-BURST"", ""S1_056012_IW2_20250424T125539_VV_629F-BURST"", ""S1_056013_IW2_20250424T125542_VV_D030-BURST"", ""S1_056014_IW2_20250424T125545_VV_D030-BURST""]","[""S1_056011_IW2_20250530T125536_VV_FD27-BURST"", ""S1_056012_IW2_20250530T125539_VV_FD27-BURST"", ""S1_056013_IW2_20250530T125541_VV_310D-BURST"", ""S1_056014_IW2_20250530T125544_VV_310D-BURST""]"
20250506_20250530,2025-05-06,2025-05-30,24,95.0,95.0,89.0,93.5,4,"[""027_056011_IW2"", ""027_056012_IW2"", ""027_056013_IW2"", ""027_056014_IW2""]","[""027_056011_IW2"", ""027_056012_IW2"", ""027_056013_IW2"", ""027_056014_IW2""]","[""S1_056011_IW2_20250506T125537_VV_DE01-BURST"", ""S1_056012_IW2_20250506T125539_VV_DE01-BURST"", ""S1_056013_IW2_20250506T125542_VV_6419-BURST"", ""S1_056014_IW2_20250506T125545_VV_6419-BURST""]","[""S1_056011_IW2_20250530T125536_VV_FD27-BURST"", ""S1_056012_IW2_20250530T125539_VV_FD27-BURST"", ""S1_056013_IW2_20250530T125541_VV_310D-BURST"", ""S1_056014_IW2_20250530T125544_VV_310D-BURST""]"
20250506_20250611,2025-05-06,2025-06-11,36,132.0,132.0,129.0,130.0,4,"[""027_056011_IW2"", ""027_056012_IW2"", ""027_056013_IW2"", ""027_056014_IW2""]","[""027_056011_IW2"", ""027_056012_IW2"", ""027_056013_IW2"", ""027_056014_IW2""]","[""S1_056011_IW2_20250506T125537_VV_DE01-BURST"", ""S1_056012_IW2_20250506T125539_VV_DE01-BURST"", ""S1_056013_IW2_20250506T125542_VV_6419-BURST"", ""S1_056014_IW2_20250506T125545_VV_6419-BURST""]","[""S1_056011_IW2_20250611T125535_VV_69BA-BURST"", ""S1_056012_IW2_20250611T125538_VV_69BA-BURST"", ""S1_056013_IW2_20250611T125541_VV_D5A4-BURST"", ""S1_056014_IW2_20250611T125543_VV_D5A4-BURST""]"
20250530_20250611,2025-05-30,2025-06-11,12,41.0,41.0,36.0,36.5,4,"[""027_056011_IW2"", ""027_056012_IW2"", ""027_056013_IW2"", ""027_056014_IW2""]","[""027_056011_IW2"", ""027_056012_IW2"", ""027_056013_IW2"", ""027_056014_IW2""]","[""S1_056011_IW2_20250530T125536_VV_FD27-BURST"", ""S1_056012_IW2_20250530T125539_VV_FD27-BURST"", ""S1_056013_IW2_20250530T125541_VV_310D-BURST"", ""S1_056014_IW2_20250530T125544_VV_310D-BURST""]","[""S1_056011_IW2_20250611T125535_VV_69BA-BURST"", ""S1_056012_IW2_20250611T125538_VV_69BA-BURST"", ""S1_056013_IW2_20250611T125541_VV_D5A4-BURST"", ""S1_056014_IW2_20250611T125543_VV_D5A4-BURST""]"
20250530_20250623,2025-05-30,2025-06-23,24,6.0,6.0,1.0,1.5,4,"[""027_056011_IW2"", ""027_056012_IW2"", ""027_056013_IW2"", ""027_056014_IW2""]","[""027_056011_IW2"", ""027_056012_IW2"", ""027_056013_IW2"", ""027_056014_IW2""]","[""S1_056011_IW2_20250530T125536_VV_FD27-BURST"", ""S1_056012_IW2_20250530T125539_VV_FD27-BURST"", ""S1_056013_IW2_20250530T125541_VV_310D-BURST"", ""S1_056014_IW2_20250530T125544_VV_310D-BURST""]","[""S1_056011_IW2_20250623T125535_VV_4FB8-BURST"", ""S1_056012_IW2_20250623T125537_VV_4FB8-BURST"", ""S1_056013_IW2_20250623T125540_VV_B190-BURST"", ""S1_056014_IW2_20250623T125543_VV_B190-BURST""]"
20250530_20250705,2025-05-30,2025-07-05,36,1.0,1.0,-1.0,-1.0,4,"[""027_056011_IW2"", ""027_056012_IW2"", ""027_056013_IW2"", ""027_056014_IW2""]","[""027_056011_IW2"", ""027_056012_IW2"", ""027_056013_IW2"", ""027_056014_IW2""]","[""S1_056011_IW2_20250530T125536_VV_FD27-BURST"", ""S1_056012_IW2_20250530T125539_VV_FD27-BURST"", ""S1_056013_IW2_20250530T125541_VV_310D-BURST"", ""S1_056014_IW2_20250530T125544_VV_310D-BURST""]","[""S1_056011_IW2_20250705T125534_VV_D4EB-BURST"", ""S1_056012_IW2_20250705T125537_VV_D4EB-BURST"", ""S1_056013_IW2_20250705T125539_VV_71CB-BURST"", ""S1_056014_IW2_20250705T125542_VV_71CB-BURST""]"
20250611_20250623,2025-06-11,2025-06-23,12,35.0,35.0,-35.0,-35.0,4,"[""027_056011_IW2"", ""027_056012_IW2"", ""027_056013_IW2"", ""027_056014_IW2""]","[""027_056011_IW2"", ""027_056012_IW2"", ""027_056013_IW2"", ""027_056014_IW2""]","[""S1_056011_IW2_20250611T125535_VV_69BA-BURST"", ""S1_056012_IW2_20250611T125538_VV_69BA-BURST"", ""S1_056013_IW2_20250611T125541_VV_D5A4-BURST"", ""S1_056014_IW2_20250611T125543_VV_D5A4-BURST""]","[""S1_056011_IW2_20250623T125535_VV_4FB8-BURST"", ""S1_056012_IW2_20250623T125537_VV_4FB8-BURST"", ""S1_056013_IW2_20250623T125540_VV_B190-BURST"", ""S1_056014_IW2_20250623T125543_VV_B190-BURST""]"
20250611_20250705,2025-06-11,2025-07-05,24,41.0,41.0,-41.0,-37.5,4,"[""027_056011_IW2"", ""027_056012_IW2"", ""027_056013_IW2"", ""027_056014_IW2""]","[""027_056011_IW2"", ""027_056012_IW2"", ""027_056013_IW2"", ""027_056014_IW2""]","[""S1_056011_IW2_20250611T125535_VV_69BA-BURST"", ""S1_056012_IW2_20250611T125538_VV_69BA-BURST"", ""S1_056013_IW2_20250611T125541_VV_D5A4-BURST"", ""S1_056014_IW2_20250611T125543_VV_D5A4-BURST""]","[""S1_056011_IW2_20250705T125534_VV_D4EB-BURST"", ""S1_056012_IW2_20250705T125537_VV_D4EB-BURST"", ""S1_056013_IW2_20250705T125539_VV_71CB-BURST"", ""S1_056014_IW2_20250705T125542_VV_71CB-BURST""]"
20250611_20250717,2025-06-11,2025-07-17,36,86.0,86.0,-86.0,-84.0,4,"[""027_056011_IW2"", ""027_056012_IW2"", ""027_056013_IW2"", ""027_056014_IW2""]","[""027_056011_IW2"", ""027_056012_IW2"", ""027_056013_IW2"", ""027_056014_IW2""]","[""S1_056011_IW2_20250611T125535_VV_69BA-BURST"", ""S1_056012_IW2_20250611T125538_VV_69BA-BURST"", ""S1_056013_IW2_20250611T125541_VV_D5A4-BURST"", ""S1_056014_IW2_20250611T125543_VV_D5A4-BURST""]","[""S1_056011_IW2_20250717T125533_VV_DF08-BURST"", ""S1_056012_IW2_20250717T125536_VV_DF08-BURST"", ""S1_056013_IW2_20250717T125539_VV_A66C-BURST"", ""S1_056014_IW2_20250717T125542_VV_A66C-BURST""]"
20250623_20250705,2025-06-23,2025-07-05,12,6.0,6.0,-6.0,-2.5,4,"[""027_056011_IW2"", ""027_056012_IW2"", ""027_056013_IW2"", ""027_056014_IW2""]","[""027_056011_IW2"", ""027_056012_IW2"", ""027_056013_IW2"", ""027_056014_IW2""]","[""S1_056011_IW2_20250623T125535_VV_4FB8-BURST"", ""S1_056012_IW2_20250623T125537_VV_4FB8-BURST"", ""S1_056013_IW2_20250623T125540_VV_B190-BURST"", ""S1_056014_IW2_20250623T125543_VV_B190-BURST""]","[""S1_056011_IW2_20250705T125534_VV_D4EB-BURST"", ""S1_056012_IW2_20250705T125537_VV_D4EB-BURST"", ""S1_056013_IW2_20250705T125539_VV_71CB-BURST"", ""S1_056014_IW2_20250705T125542_VV_71CB-BURST""]"
20250623_20250717,2025-06-23,2025-07-17,24,51.0,51.0,-51.0,-49.0,4,"[""027_056011_IW2"", ""027_056012_IW2"", ""027_056013_IW2"", ""027_056014_IW2""]","[""027_056011_IW2"", ""027_056012_IW2"", ""027_056013_IW2"", ""027_056014_IW2""]","[""S1_056011_IW2_20250623T125535_VV_4FB8-BURST"", ""S1_056012_IW2_20250623T125537_VV_4FB8-BURST"", ""S1_056013_IW2_20250623T125540_VV_B190-BURST"", ""S1_056014_IW2_20250623T125543_VV_B190-BURST""]","[""S1_056011_IW2_20250717T125533_VV_DF08-BURST"", ""S1_056012_IW2_20250717T125536_VV_DF08-BURST"", ""S1_056013_IW2_20250717T125539_VV_A66C-BURST"", ""S1_056014_IW2_20250717T125542_VV_A66C-BURST""]"
20250623_20250729,2025-06-23,2025-07-29,36,59.0,59.0,-59.0,-55.0,4,"[""027_056011_IW2"", ""027_056012_IW2"", ""027_056013_IW2"", ""027_056014_IW2""]","[""027_056011_IW2"", ""027_056012_IW2"", ""027_056013_IW2"", ""027_056014_IW2""]","[""S1_056011_IW2_20250623T125535_VV_4FB8-BURST"", ""S1_056012_IW2_20250623T125537_VV_4FB8-BURST"", ""S1_056013_IW2_20250623T125540_VV_B190-BURST"", ""S1_056014_IW2_20250623T125543_VV_B190-BURST""]","[""S1_056011_IW2_20250729T125533_VV_48BF-BURST"", ""S1_056012_IW2_20250729T125536_VV_48BF-BURST"", ""S1_056013_IW2_20250729T125538_VV_DCD7-BURST"", ""S1_056014_IW2_20250729T125541_VV_DCD7-BURST""]"
20250705_20250729,2025-07-05,2025-07-29,24,53.0,53.0,-53.0,-52.5,4,"[""027_056011_IW2"", ""027_056012_IW2"", ""027_056013_IW2"", ""027_056014_IW2""]","[""027_056011_IW2"", ""027_056012_IW2"", ""027_056013_IW2"", ""027_056014_IW2""]","[""S1_056011_IW2_20250705T125534_VV_D4EB-BURST"", ""S1_056012_IW2_20250705T125537_VV_D4EB-BURST"", ""S1_056013_IW2_20250705T125539_VV_71CB-BURST"", ""S1_056014_IW2_20250705T125542_VV_71CB-BURST""]","[""S1_056011_IW2_20250729T125533_VV_48BF-BURST"", ""S1_056012_IW2_20250729T125536_VV_48BF-BURST"", ""S1_056013_IW2_20250729T125538_VV_DCD7-BURST"", ""S1_056014_IW2_20250729T125541_VV_DCD7-BURST""]"
20250705_20250810,2025-07-05,2025-08-10,36,72.0,72.0,-72.0,-71.5,4,"[""027_056011_IW2"", ""027_056012_IW2"", ""027_056013_IW2"", ""027_056014_IW2""]","[""027_056011_IW2"", ""027_056012_IW2"", ""027_056013_IW2"", ""027_056014_IW2""]","[""S1_056011_IW2_20250705T125534_VV_D4EB-BURST"", ""S1_056012_IW2_20250705T125537_VV_D4EB-BURST"", ""S1_056013_IW2_20250705T125539_VV_71CB-BURST"", ""S1_056014_IW2_20250705T125542_VV_71CB-BURST""]","[""S1_056011_IW2_20250810T125533_VV_EB06-BURST"", ""S1_056012_IW2_20250810T125536_VV_EB06-BURST"", ""S1_056013_IW2_20250810T125538_VV_141F-BURST"", ""S1_056014_IW2_20250810T125541_VV_141F-BURST""]"
20250717_20250729,2025-07-17,2025-07-29,12,10.0,10.0,-10.0,-5.0,4,"[""027_056011_IW2"", ""027_056012_IW2"", ""027_056013_IW2"", ""027_056014_IW2""]","[""027_056011_IW2"", ""027_056012_IW2"", ""027_056013_IW2"", ""027_056014_IW2""]","[""S1_056011_IW2_20250717T125533_VV_DF08-BURST"", ""S1_056012_IW2_20250717T125536_VV_DF08-BURST"", ""S1_056013_IW2_20250717T125539_VV_A66C-BURST"", ""S1_056014_IW2_20250717T125542_VV_A66C-BURST""]","[""S1_056011_IW2_20250729T125533_VV_48BF-BURST"", ""S1_056012_IW2_20250729T125536_VV_48BF-BURST"", ""S1_056013_IW2_20250729T125538_VV_DCD7-BURST"", ""S1_056014_IW2_20250729T125541_VV_DCD7-BURST""]"
20250717_20250810,2025-07-17,2025-08-10,24,29.0,29.0,-29.0,-24.0,4,"[""027_056011_IW2"", ""027_056012_IW2"", ""027_056013_IW2"", ""027_056014_IW2""]","[""027_056011_IW2"", ""027_056012_IW2"", ""027_056013_IW2"", ""027_056014_IW2""]","[""S1_056011_IW2_20250717T125533_VV_DF08-BURST"", ""S1_056012_IW2_20250717T125536_VV_DF08-BURST"", ""S1_056013_IW2_20250717T125539_VV_A66C-BURST"", ""S1_056014_IW2_20250717T125542_VV_A66C-BURST""]","[""S1_056011_IW2_20250810T125533_VV_EB06-BURST"", ""S1_056012_IW2_20250810T125536_VV_EB06-BURST"", ""S1_056013_IW2_20250810T125538_VV_141F-BURST"", ""S1_056014_IW2_20250810T125541_VV_141F-BURST""]"
20250717_20250822,2025-07-17,2025-08-22,36,61.0,61.0,-61.0,-55.5,4,"[""027_056011_IW2"", ""027_056012_IW2"", ""027_056013_IW2"", ""027_056014_IW2""]","[""027_056011_IW2"", ""027_056012_IW2"", ""027_056013_IW2"", ""027_056014_IW2""]","[""S1_056011_IW2_20250717T125533_VV_DF08-BURST"", ""S1_056012_IW2_20250717T125536_VV_DF08-BURST"", ""S1_056013_IW2_20250717T125539_VV_A66C-BURST"", ""S1_056014_IW2_20250717T125542_VV_A66C-BURST""]","[""S1_056011_IW2_20250822T125533_VV_6D36-BURST"", ""S1_056012_IW2_20250822T125536_VV_6D36-BURST"", ""S1_056013_IW2_20250822T125538_VV_EDA6-BURST"", ""S1_056014_IW2_20250822T125541_VV_EDA6-BURST""]"
20250729_20250822,2025-07-29,2025-08-22,24,51.0,51.0,-51.0,-50.5,4,"[""027_056011_IW2"", ""027_056012_IW2"", ""027_056013_IW2"", ""027_056014_IW2""]","[""027_056011_IW2"", ""027_056012_IW2"", ""027_056013_IW2"", ""027_056014_IW2""]","[""S1_056011_IW2_20250729T125533_VV_48BF-BURST"", ""S1_056012_IW2_20250729T125536_VV_48BF-BURST"", ""S1_056013_IW2_20250729T125538_VV_DCD7-BURST"", ""S1_056014_IW2_20250729T125541_VV_DCD7-BURST""]","[""S1_056011_IW2_20250822T125533_VV_6D36-BURST"", ""S1_056012_IW2_20250822T125536_VV_6D36-BURST"", ""S1_056013_IW2_20250822T125538_VV_EDA6-BURST"", ""S1_056014_IW2_20250822T125541_VV_EDA6-BURST""]"
20250729_20250903,2025-07-29,2025-09-03,36,107.0,107.0,-107.0,-104.0,4,"[""027_056011_IW2"", ""027_056012_IW2"", ""027_056013_IW2"", ""027_056014_IW2""]","[""027_056011_IW2"", ""027_056012_IW2"", ""027_056013_IW2"", ""027_056014_IW2""]","[""S1_056011_IW2_20250729T125533_VV_48BF-BURST"", ""S1_056012_IW2_20250729T125536_VV_48BF-BURST"", ""S1_056013_IW2_20250729T125538_VV_DCD7-BURST"", ""S1_056014_IW2_20250729T125541_VV_DCD7-BURST""]","[""S1_056011_IW2_20250903T125533_VV_EAFA-BURST"", ""S1_056012_IW2_20250903T125536_VV_EAFA-BURST"", ""S1_056013_IW2_20250903T125539_VV_F040-BURST"", ""S1_056014_IW2_20250903T125541_VV_F040-BURST""]"
20250810_20250903,2025-08-10,2025-09-03,24,88.0,88.0,-88.0,-85.0,4,"[""027_056011_IW2"", ""027_056012_IW2"", ""027_056013_IW2"", ""027_056014_IW2""]","[""027_056011_IW2"", ""027_056012_IW2"", ""027_056013_IW2"", ""027_056014_IW2""]","[""S1_056011_IW2_20250810T125533_VV_EB06-BURST"", ""S1_056012_IW2_20250810T125536_VV_EB06-BURST"", ""S1_056013_IW2_20250810T125538_VV_141F-BURST"", ""S1_056014_IW2_20250810T125541_VV_141F-BURST""]","[""S1_056011_IW2_20250903T125533_VV_EAFA-BURST"", ""S1_056012_IW2_20250903T125536_VV_EAFA-BURST"", ""S1_056013_IW2_20250903T125539_VV_F040-BURST"", ""S1_056014_IW2_20250903T125541_VV_F040-BURST""]"
20250810_20250915,2025-08-10,2025-09-15,36,187.0,187.0,-187.0,-185.5,4,"[""027_056011_IW2"", ""027_056012_IW2"", ""027_056013_IW2"", ""027_056014_IW2""]","[""027_056011_IW2"", ""027_056012_IW2"", ""027_056013_IW2"", ""027_056014_IW2""]","[""S1_056011_IW2_20250810T125533_VV_EB06-BURST"", ""S1_056012_IW2_20250810T125536_VV_EB06-BURST"", ""S1_056013_IW2_20250810T125538_VV_141F-BURST"", ""S1_056014_IW2_20250810T125541_VV_141F-BURST""]","[""S1_056011_IW2_20250915T125533_VV_74F8-BURST"", ""S1_056012_IW2_20250915T125536_VV_74F8-BURST"", ""S1_056013_IW2_20250915T125539_VV_8F0D-BURST"", ""S1_056014_IW2_20250915T125542_VV_8F0D-BURST""]"
20250822_20250915,2025-08-22,2025-09-15,24,156.0,156.0,-156.0,-154.0,4,"[""027_056011_IW2"", ""027_056012_IW2"", ""027_056013_IW2"", ""027_056014_IW2""]","[""027_056011_IW2"", ""027_056012_IW2"", ""027_056013_IW2"", ""027_056014_IW2""]","[""S1_056011_IW2_20250822T125533_VV_6D36-BURST"", ""S1_056012_IW2_20250822T125536_VV_6D36-BURST"", ""S1_056013_IW2_20250822T125538_VV_EDA6-BURST"", ""S1_056014_IW2_20250822T125541_VV_EDA6-BURST""]","[""S1_056011_IW2_20250915T125533_VV_74F8-BURST"", ""S1_056012_IW2_20250915T125536_VV_74F8-BURST"", ""S1_056013_IW2_20250915T125539_VV_8F0D-BURST"", ""S1_056014_IW2_20250915T125542_VV_8F0D-BURST""]"
20250822_20250927,2025-08-22,2025-09-27,36,64.0,64.0,-64.0,-62.0,4,"[""027_056011_IW2"", ""027_056012_IW2"", ""027_056013_IW2"", ""027_056014_IW2""]","[""027_056011_IW2"", ""027_056012_IW2"", ""027_056013_IW2"", ""027_056014_IW2""]","[""S1_056011_IW2_20250822T125533_VV_6D36-BURST"", ""S1_056012_IW2_20250822T125536_VV_6D36-BURST"", ""S1_056013_IW2_20250822T125538_VV_EDA6-BURST"", ""S1_056014_IW2_20250822T125541_VV_EDA6-BURST""]","[""S1_056011_IW2_20250927T125534_VV_01C8-BURST"", ""S1_056012_IW2_20250927T125536_VV_01C8-BURST"", ""S1_056013_IW2_20250927T125539_VV_5367-BURST"", ""S1_056014_IW2_20250927T125542_VV_5367-BURST""]"
20250903_20250927,2025-09-03,2025-09-27,24,10.0,10.0,-10.0,-7.0,4,"[""027_056011_IW2"", ""027_056012_IW2"", ""027_056013_IW2"", ""027_056014_IW2""]","[""027_056011_IW2"", ""027_056012_IW2"", ""027_056013_IW2"", ""027_056014_IW2""]","[""S1_056011_IW2_20250903T125533_VV_EAFA-BURST"", ""S1_056012_IW2_20250903T125536_VV_EAFA-BURST"", ""S1_056013_IW2_20250903T125539_VV_F040-BURST"", ""S1_056014_IW2_20250903T125541_VV_F040-BURST""]","[""S1_056011_IW2_20250927T125534_VV_01C8-BURST"", ""S1_056012_IW2_20250927T125536_VV_01C8-BURST"", ""S1_056013_IW2_20250927T125539_VV_5367-BURST"", ""S1_056014_IW2_20250927T125542_VV_5367-BURST""]"
20250915_20250927,2025-09-15,2025-09-27,12,92.0,92.0,92.0,92.0,4,"[""027_056011_IW2"", ""027_056012_IW2"", ""027_056013_IW2"", ""027_056014_IW2""]","[""027_056011_IW2"", ""027_056012_IW2"", ""027_056013_IW2"", ""027_056014_IW2""]","[""S1_056011_IW2_20250915T125533_VV_74F8-BURST"", ""S1_056012_IW2_20250915T125536_VV_74F8-BURST"", ""S1_056013_IW2_20250915T125539_VV_8F0D-BURST"", ""S1_056014_IW2_20250915T125542_VV_8F0D-BURST""]","[""S1_056011_IW2_20250927T125534_VV_01C8-BURST"", ""S1_056012_IW2_20250927T125536_VV_01C8-BURST"", ""S1_056013_IW2_20250927T125539_VV_5367-BURST"", ""S1_056014_IW2_20250927T125542_VV_5367-BURST""]"
20230809_20230902,2023-08-09,2023-09-02,24,238.0,238.0,-238.0,-235.0,4,"[""027_056011_IW2"", ""027_056012_IW2"", ""027_056013_IW2"", ""027_056014_IW2""]","[""027_056011_IW2"", ""027_056012_IW2"", ""027_056013_IW2"", ""027_056014_IW2""]","[""S1_056011_IW2_20230809T125544_VV_5670-BURST"", ""S1_056012_IW2_20230809T125547_VV_5670-BURST"", ""S1_056013_IW2_20230809T125550_VV_113B-BURST"", ""S1_056014_IW2_20230809T125552_VV_113B-BURST""]","[""S1_056011_IW2_20230902T125546_VV_7981-BURST"", ""S1_056012_IW2_20230902T125549_VV_7981-BURST"", ""S1_056013_IW2_20230902T125552_VV_6DC2-BURST"", ""S1_056014_IW2_20230902T125555_VV_6DC2-BURST""]"
