reference_date,secondary_date,temporal_baseline_days,perpendicular_baseline_m,perpendicular_baseline_max_abs_m,is_bridge,added_pair_role,bursts,reference_scenes,secondary_scenes
2021-10-02,2021-10-14,12,-48.0,48.0,False,,136_290874_IW1|136_290875_IW1|136_290876_IW1|136_290877_IW1,S1_290874_IW1_20211002T005231_VV_BC6A-BURST|S1_290875_IW1_20211002T005234_VV_BC6A-BURST|S1_290876_IW1_20211002T005237_VV_BC6A-BURST|S1_290877_IW1_20211002T005240_VV_BC6A-BURST,S1_290874_IW1_20211014T005231_VV_37A1-BURST|S1_290875_IW1_20211014T005234_VV_37A1-BURST|S1_290876_IW1_20211014T005237_VV_37A1-BURST|S1_290877_IW1_20211014T005240_VV_37A1-BURST
2021-10-02,2021-10-26,24,33.25,34.0,False,,136_290874_IW1|136_290875_IW1|136_290876_IW1|136_290877_IW1,S1_290874_IW1_20211002T005231_VV_BC6A-BURST|S1_290875_IW1_20211002T005234_VV_BC6A-BURST|S1_290876_IW1_20211002T005237_VV_BC6A-BURST|S1_290877_IW1_20211002T005240_VV_BC6A-BURST,S1_290874_IW1_20211026T005231_VV_BF6F-BURST|S1_290875_IW1_20211026T005234_VV_BF6F-BURST|S1_290876_IW1_20211026T005237_VV_BF6F-BURST|S1_290877_IW1_20211026T005240_VV_BF6F-BURST
2021-10-02,2021-11-07,36,-3.0,3.0,False,,136_290874_IW1|136_290875_IW1|136_290876_IW1|136_290877_IW1,S1_290874_IW1_20211002T005231_VV_BC6A-BURST|S1_290875_IW1_20211002T005234_VV_BC6A-BURST|S1_290876_IW1_20211002T005237_VV_BC6A-BURST|S1_290877_IW1_20211002T005240_VV_BC6A-BURST,S1_290874_IW1_20211107T005231_VV_E448-BURST|S1_290875_IW1_20211107T005234_VV_E448-BURST|S1_290876_IW1_20211107T005237_VV_E448-BURST|S1_290877_IW1_20211107T005239_VV_E448-BURST
2021-10-14,2021-10-26,12,81.25,82.0,False,,136_290874_IW1|136_290875_IW1|136_290876_IW1|136_290877_IW1,S1_290874_IW1_20211014T005231_VV_37A1-BURST|S1_290875_IW1_20211014T005234_VV_37A1-BURST|S1_290876_IW1_20211014T005237_VV_37A1-BURST|S1_290877_IW1_20211014T005240_VV_37A1-BURST,S1_290874_IW1_20211026T005231_VV_BF6F-BURST|S1_290875_IW1_20211026T005234_VV_BF6F-BURST|S1_290876_IW1_20211026T005237_VV_BF6F-BURST|S1_290877_IW1_20211026T005240_VV_BF6F-BURST
2021-10-14,2021-11-07,24,45.0,45.0,False,,136_290874_IW1|136_290875_IW1|136_290876_IW1|136_290877_IW1,S1_290874_IW1_20211014T005231_VV_37A1-BURST|S1_290875_IW1_20211014T005234_VV_37A1-BURST|S1_290876_IW1_20211014T005237_VV_37A1-BURST|S1_290877_IW1_20211014T005240_VV_37A1-BURST,S1_290874_IW1_20211107T005231_VV_E448-BURST|S1_290875_IW1_20211107T005234_VV_E448-BURST|S1_290876_IW1_20211107T005237_VV_E448-BURST|S1_290877_IW1_20211107T005239_VV_E448-BURST
2021-10-14,2021-11-19,36,111.0,114.0,False,,136_290874_IW1|136_290875_IW1|136_290876_IW1|136_290877_IW1,S1_290874_IW1_20211014T005231_VV_37A1-BURST|S1_290875_IW1_20211014T005234_VV_37A1-BURST|S1_290876_IW1_20211014T005237_VV_37A1-BURST|S1_290877_IW1_20211014T005240_VV_37A1-BURST,S1_290874_IW1_20211119T005231_VV_DA0A-BURST|S1_290875_IW1_20211119T005234_VV_DA0A-BURST|S1_290876_IW1_20211119T005236_VV_DA0A-BURST|S1_290877_IW1_20211119T005239_VV_DA0A-BURST
2021-10-26,2021-11-07,12,-36.25,37.0,False,,136_290874_IW1|136_290875_IW1|136_290876_IW1|136_290877_IW1,S1_290874_IW1_20211026T005231_VV_BF6F-BURST|S1_290875_IW1_20211026T005234_VV_BF6F-BURST|S1_290876_IW1_20211026T005237_VV_BF6F-BURST|S1_290877_IW1_20211026T005240_VV_BF6F-BURST,S1_290874_IW1_20211107T005231_VV_E448-BURST|S1_290875_IW1_20211107T005234_VV_E448-BURST|S1_290876_IW1_20211107T005237_VV_E448-BURST|S1_290877_IW1_20211107T005239_VV_E448-BURST
2021-10-26,2021-11-19,24,29.75,34.0,False,,136_290874_IW1|136_290875_IW1|136_290876_IW1|136_290877_IW1,S1_290874_IW1_20211026T005231_VV_BF6F-BURST|S1_290875_IW1_20211026T005234_VV_BF6F-BURST|S1_290876_IW1_20211026T005237_VV_BF6F-BURST|S1_290877_IW1_20211026T005240_VV_BF6F-BURST,S1_290874_IW1_20211119T005231_VV_DA0A-BURST|S1_290875_IW1_20211119T005234_VV_DA0A-BURST|S1_290876_IW1_20211119T005236_VV_DA0A-BURST|S1_290877_IW1_20211119T005239_VV_DA0A-BURST
2021-10-26,2021-12-01,36,-34.25,35.0,False,,136_290874_IW1|136_290875_IW1|136_290876_IW1|136_290877_IW1,S1_290874_IW1_20211026T005231_VV_BF6F-BURST|S1_290875_IW1_20211026T005234_VV_BF6F-BURST|S1_290876_IW1_20211026T005237_VV_BF6F-BURST|S1_290877_IW1_20211026T005240_VV_BF6F-BURST,S1_290874_IW1_20211201T005230_VV_3579-BURST|S1_290875_IW1_20211201T005233_VV_3579-BURST|S1_290876_IW1_20211201T005236_VV_3579-BURST|S1_290877_IW1_20211201T005239_VV_3579-BURST
2021-11-07,2021-11-19,12,66.0,69.0,False,,136_290874_IW1|136_290875_IW1|136_290876_IW1|136_290877_IW1,S1_290874_IW1_20211107T005231_VV_E448-BURST|S1_290875_IW1_20211107T005234_VV_E448-BURST|S1_290876_IW1_20211107T005237_VV_E448-BURST|S1_290877_IW1_20211107T005239_VV_E448-BURST,S1_290874_IW1_20211119T005231_VV_DA0A-BURST|S1_290875_IW1_20211119T005234_VV_DA0A-BURST|S1_290876_IW1_20211119T005236_VV_DA0A-BURST|S1_290877_IW1_20211119T005239_VV_DA0A-BURST
2021-11-07,2021-12-01,24,2.0,3.0,False,,136_290874_IW1|136_290875_IW1|136_290876_IW1|136_290877_IW1,S1_290874_IW1_20211107T005231_VV_E448-BURST|S1_290875_IW1_20211107T005234_VV_E448-BURST|S1_290876_IW1_20211107T005237_VV_E448-BURST|S1_290877_IW1_20211107T005239_VV_E448-BURST,S1_290874_IW1_20211201T005230_VV_3579-BURST|S1_290875_IW1_20211201T005233_VV_3579-BURST|S1_290876_IW1_20211201T005236_VV_3579-BURST|S1_290877_IW1_20211201T005239_VV_3579-BURST
2021-11-07,2021-12-13,36,-15.75,21.0,False,,136_290874_IW1|136_290875_IW1|136_290876_IW1|136_290877_IW1,S1_290874_IW1_20211107T005231_VV_E448-BURST|S1_290875_IW1_20211107T005234_VV_E448-BURST|S1_290876_IW1_20211107T005237_VV_E448-BURST|S1_290877_IW1_20211107T005239_VV_E448-BURST,S1_290874_IW1_20211213T005230_VV_B3F5-BURST|S1_290875_IW1_20211213T005233_VV_B3F5-BURST|S1_290876_IW1_20211213T005235_VV_B3F5-BURST|S1_290877_IW1_20211213T005238_VV_B3F5-BURST
2021-11-19,2021-12-01,12,-64.0,69.0,False,,136_290874_IW1|136_290875_IW1|136_290876_IW1|136_290877_IW1,S1_290874_IW1_20211119T005231_VV_DA0A-BURST|S1_290875_IW1_20211119T005234_VV_DA0A-BURST|S1_290876_IW1_20211119T005236_VV_DA0A-BURST|S1_290877_IW1_20211119T005239_VV_DA0A-BURST,S1_290874_IW1_20211201T005230_VV_3579-BURST|S1_290875_IW1_20211201T005233_VV_3579-BURST|S1_290876_IW1_20211201T005236_VV_3579-BURST|S1_290877_IW1_20211201T005239_VV_3579-BURST
2021-11-19,2021-12-13,24,-81.75,82.0,False,,136_290874_IW1|136_290875_IW1|136_290876_IW1|136_290877_IW1,S1_290874_IW1_20211119T005231_VV_DA0A-BURST|S1_290875_IW1_20211119T005234_VV_DA0A-BURST|S1_290876_IW1_20211119T005236_VV_DA0A-BURST|S1_290877_IW1_20211119T005239_VV_DA0A-BURST,S1_290874_IW1_20211213T005230_VV_B3F5-BURST|S1_290875_IW1_20211213T005233_VV_B3F5-BURST|S1_290876_IW1_20211213T005235_VV_B3F5-BURST|S1_290877_IW1_20211213T005238_VV_B3F5-BURST
2021-12-01,2021-12-13,12,-17.75,24.0,False,,136_290874_IW1|136_290875_IW1|136_290876_IW1|136_290877_IW1,S1_290874_IW1_20211201T005230_VV_3579-BURST|S1_290875_IW1_20211201T005233_VV_3579-BURST|S1_290876_IW1_20211201T005236_VV_3579-BURST|S1_290877_IW1_20211201T005239_VV_3579-BURST,S1_290874_IW1_20211213T005230_VV_B3F5-BURST|S1_290875_IW1_20211213T005233_VV_B3F5-BURST|S1_290876_IW1_20211213T005235_VV_B3F5-BURST|S1_290877_IW1_20211213T005238_VV_B3F5-BURST
2021-12-01,2022-01-06,36,2.5,3.0,False,,136_290874_IW1|136_290875_IW1|136_290876_IW1|136_290877_IW1,S1_290874_IW1_20211201T005230_VV_3579-BURST|S1_290875_IW1_20211201T005233_VV_3579-BURST|S1_290876_IW1_20211201T005236_VV_3579-BURST|S1_290877_IW1_20211201T005239_VV_3579-BURST,S1_290874_IW1_20220106T005229_VV_5318-BURST|S1_290875_IW1_20220106T005231_VV_5318-BURST|S1_290876_IW1_20220106T005234_VV_5318-BURST|S1_290877_IW1_20220106T005237_VV_5318-BURST
2021-12-13,2022-01-06,24,20.25,26.0,False,,136_290874_IW1|136_290875_IW1|136_290876_IW1|136_290877_IW1,S1_290874_IW1_20211213T005230_VV_B3F5-BURST|S1_290875_IW1_20211213T005233_VV_B3F5-BURST|S1_290876_IW1_20211213T005235_VV_B3F5-BURST|S1_290877_IW1_20211213T005238_VV_B3F5-BURST,S1_290874_IW1_20220106T005229_VV_5318-BURST|S1_290875_IW1_20220106T005231_VV_5318-BURST|S1_290876_IW1_20220106T005234_VV_5318-BURST|S1_290877_IW1_20220106T005237_VV_5318-BURST
2021-12-13,2022-01-18,36,17.0,23.0,False,,136_290874_IW1|136_290875_IW1|136_290876_IW1|136_290877_IW1,S1_290874_IW1_20211213T005230_VV_B3F5-BURST|S1_290875_IW1_20211213T005233_VV_B3F5-BURST|S1_290876_IW1_20211213T005235_VV_B3F5-BURST|S1_290877_IW1_20211213T005238_VV_B3F5-BURST,S1_290874_IW1_20220118T005228_VV_B063-BURST|S1_290875_IW1_20220118T005231_VV_B063-BURST|S1_290876_IW1_20220118T005234_VV_B063-BURST|S1_290877_IW1_20220118T005236_VV_B063-BURST
2022-01-06,2022-01-18,12,-3.25,4.0,False,,136_290874_IW1|136_290875_IW1|136_290876_IW1|136_290877_IW1,S1_290874_IW1_20220106T005229_VV_5318-BURST|S1_290875_IW1_20220106T005231_VV_5318-BURST|S1_290876_IW1_20220106T005234_VV_5318-BURST|S1_290877_IW1_20220106T005237_VV_5318-BURST,S1_290874_IW1_20220118T005228_VV_B063-BURST|S1_290875_IW1_20220118T005231_VV_B063-BURST|S1_290876_IW1_20220118T005234_VV_B063-BURST|S1_290877_IW1_20220118T005236_VV_B063-BURST
2022-01-06,2022-01-30,24,-11.75,12.0,False,,136_290874_IW1|136_290875_IW1|136_290876_IW1|136_290877_IW1,S1_290874_IW1_20220106T005229_VV_5318-BURST|S1_290875_IW1_20220106T005231_VV_5318-BURST|S1_290876_IW1_20220106T005234_VV_5318-BURST|S1_290877_IW1_20220106T005237_VV_5318-BURST,S1_290874_IW1_20220130T005228_VV_3936-BURST|S1_290875_IW1_20220130T005230_VV_3936-BURST|S1_290876_IW1_20220130T005233_VV_3936-BURST|S1_290877_IW1_20220130T005236_VV_3936-BURST
2022-01-06,2022-02-11,36,-48.0,48.0,False,,136_290874_IW1|136_290875_IW1|136_290876_IW1|136_290877_IW1,S1_290874_IW1_20220106T005229_VV_5318-BURST|S1_290875_IW1_20220106T005231_VV_5318-BURST|S1_290876_IW1_20220106T005234_VV_5318-BURST|S1_290877_IW1_20220106T005237_VV_5318-BURST,S1_290874_IW1_20220211T005227_VV_A47B-BURST|S1_290875_IW1_20220211T005230_VV_A47B-BURST|S1_290876_IW1_20220211T005233_VV_A47B-BURST|S1_290877_IW1_20220211T005236_VV_A47B-BURST
2022-01-18,2022-01-30,12,-8.5,10.0,False,,136_290874_IW1|136_290875_IW1|136_290876_IW1|136_290877_IW1,S1_290874_IW1_20220118T005228_VV_B063-BURST|S1_290875_IW1_20220118T005231_VV_B063-BURST|S1_290876_IW1_20220118T005234_VV_B063-BURST|S1_290877_IW1_20220118T005236_VV_B063-BURST,S1_290874_IW1_20220130T005228_VV_3936-BURST|S1_290875_IW1_20220130T005230_VV_3936-BURST|S1_290876_IW1_20220130T005233_VV_3936-BURST|S1_290877_IW1_20220130T005236_VV_3936-BURST
2022-01-18,2022-02-11,24,-44.75,46.0,False,,136_290874_IW1|136_290875_IW1|136_290876_IW1|136_290877_IW1,S1_290874_IW1_20220118T005228_VV_B063-BURST|S1_290875_IW1_20220118T005231_VV_B063-BURST|S1_290876_IW1_20220118T005234_VV_B063-BURST|S1_290877_IW1_20220118T005236_VV_B063-BURST,S1_290874_IW1_20220211T005227_VV_A47B-BURST|S1_290875_IW1_20220211T005230_VV_A47B-BURST|S1_290876_IW1_20220211T005233_VV_A47B-BURST|S1_290877_IW1_20220211T005236_VV_A47B-BURST
2022-01-18,2022-02-23,36,0.75,2.0,False,,136_290874_IW1|136_290875_IW1|136_290876_IW1|136_290877_IW1,S1_290874_IW1_20220118T005228_VV_B063-BURST|S1_290875_IW1_20220118T005231_VV_B063-BURST|S1_290876_IW1_20220118T005234_VV_B063-BURST|S1_290877_IW1_20220118T005236_VV_B063-BURST,S1_290874_IW1_20220223T005227_VV_9E2F-BURST|S1_290875_IW1_20220223T005230_VV_9E2F-BURST|S1_290876_IW1_20220223T005233_VV_9E2F-BURST|S1_290877_IW1_20220223T005236_VV_9E2F-BURST
2022-01-30,2022-02-11,12,-36.25,37.0,False,,136_290874_IW1|136_290875_IW1|136_290876_IW1|136_290877_IW1,S1_290874_IW1_20220130T005228_VV_3936-BURST|S1_290875_IW1_20220130T005230_VV_3936-BURST|S1_290876_IW1_20220130T005233_VV_3936-BURST|S1_290877_IW1_20220130T005236_VV_3936-BURST,S1_290874_IW1_20220211T005227_VV_A47B-BURST|S1_290875_IW1_20220211T005230_VV_A47B-BURST|S1_290876_IW1_20220211T005233_VV_A47B-BURST|S1_290877_IW1_20220211T005236_VV_A47B-BURST
2022-01-30,2022-02-23,24,9.25,10.0,False,,136_290874_IW1|136_290875_IW1|136_290876_IW1|136_290877_IW1,S1_290874_IW1_20220130T005228_VV_3936-BURST|S1_290875_IW1_20220130T005230_VV_3936-BURST|S1_290876_IW1_20220130T005233_VV_3936-BURST|S1_290877_IW1_20220130T005236_VV_3936-BURST,S1_290874_IW1_20220223T005227_VV_9E2F-BURST|S1_290875_IW1_20220223T005230_VV_9E2F-BURST|S1_290876_IW1_20220223T005233_VV_9E2F-BURST|S1_290877_IW1_20220223T005236_VV_9E2F-BURST
2022-01-30,2022-03-07,36,-20.75,22.0,False,,136_290874_IW1|136_290875_IW1|136_290876_IW1|136_290877_IW1,S1_290874_IW1_20220130T005228_VV_3936-BURST|S1_290875_IW1_20220130T005230_VV_3936-BURST|S1_290876_IW1_20220130T005233_VV_3936-BURST|S1_290877_IW1_20220130T005236_VV_3936-BURST,S1_290874_IW1_20220307T005227_VV_B90A-BURST|S1_290875_IW1_20220307T005230_VV_B90A-BURST|S1_290876_IW1_20220307T005233_VV_B90A-BURST|S1_290877_IW1_20220307T005235_VV_B90A-BURST
2022-02-11,2022-02-23,12,45.5,46.0,False,,136_290874_IW1|136_290875_IW1|136_290876_IW1|136_290877_IW1,S1_290874_IW1_20220211T005227_VV_A47B-BURST|S1_290875_IW1_20220211T005230_VV_A47B-BURST|S1_290876_IW1_20220211T005233_VV_A47B-BURST|S1_290877_IW1_20220211T005236_VV_A47B-BURST,S1_290874_IW1_20220223T005227_VV_9E2F-BURST|S1_290875_IW1_20220223T005230_VV_9E2F-BURST|S1_290876_IW1_20220223T005233_VV_9E2F-BURST|S1_290877_IW1_20220223T005236_VV_9E2F-BURST
2022-02-11,2022-03-07,24,15.5,17.0,False,,136_290874_IW1|136_290875_IW1|136_290876_IW1|136_290877_IW1,S1_290874_IW1_20220211T005227_VV_A47B-BURST|S1_290875_IW1_20220211T005230_VV_A47B-BURST|S1_290876_IW1_20220211T005233_VV_A47B-BURST|S1_290877_IW1_20220211T005236_VV_A47B-BURST,S1_290874_IW1_20220307T005227_VV_B90A-BURST|S1_290875_IW1_20220307T005230_VV_B90A-BURST|S1_290876_IW1_20220307T005233_VV_B90A-BURST|S1_290877_IW1_20220307T005235_VV_B90A-BURST
2022-02-11,2022-03-19,36,77.5,79.0,False,,136_290874_IW1|136_290875_IW1|136_290876_IW1|136_290877_IW1,S1_290874_IW1_20220211T005227_VV_A47B-BURST|S1_290875_IW1_20220211T005230_VV_A47B-BURST|S1_290876_IW1_20220211T005233_VV_A47B-BURST|S1_290877_IW1_20220211T005236_VV_A47B-BURST,S1_290874_IW1_20220319T005227_VV_6BDC-BURST|S1_290875_IW1_20220319T005230_VV_6BDC-BURST|S1_290876_IW1_20220319T005233_VV_6BDC-BURST|S1_290877_IW1_20220319T005236_VV_6BDC-BURST
2022-02-23,2022-03-07,12,-30.0,31.0,False,,136_290874_IW1|136_290875_IW1|136_290876_IW1|136_290877_IW1,S1_290874_IW1_20220223T005227_VV_9E2F-BURST|S1_290875_IW1_20220223T005230_VV_9E2F-BURST|S1_290876_IW1_20220223T005233_VV_9E2F-BURST|S1_290877_IW1_20220223T005236_VV_9E2F-BURST,S1_290874_IW1_20220307T005227_VV_B90A-BURST|S1_290875_IW1_20220307T005230_VV_B90A-BURST|S1_290876_IW1_20220307T005233_VV_B90A-BURST|S1_290877_IW1_20220307T005235_VV_B90A-BURST
2022-02-23,2022-03-19,24,32.0,33.0,False,,136_290874_IW1|136_290875_IW1|136_290876_IW1|136_290877_IW1,S1_290874_IW1_20220223T005227_VV_9E2F-BURST|S1_290875_IW1_20220223T005230_VV_9E2F-BURST|S1_290876_IW1_20220223T005233_VV_9E2F-BURST|S1_290877_IW1_20220223T005236_VV_9E2F-BURST,S1_290874_IW1_20220319T005227_VV_6BDC-BURST|S1_290875_IW1_20220319T005230_VV_6BDC-BURST|S1_290876_IW1_20220319T005233_VV_6BDC-BURST|S1_290877_IW1_20220319T005236_VV_6BDC-BURST
2022-02-23,2022-03-31,36,-26.25,27.0,False,,136_290874_IW1|136_290875_IW1|136_290876_IW1|136_290877_IW1,S1_290874_IW1_20220223T005227_VV_9E2F-BURST|S1_290875_IW1_20220223T005230_VV_9E2F-BURST|S1_290876_IW1_20220223T005233_VV_9E2F-BURST|S1_290877_IW1_20220223T005236_VV_9E2F-BURST,S1_290874_IW1_20220331T005227_VV_23F3-BURST|S1_290875_IW1_20220331T005230_VV_23F3-BURST|S1_290876_IW1_20220331T005233_VV_23F3-BURST|S1_290877_IW1_20220331T005236_VV_23F3-BURST
2022-03-07,2022-03-19,12,62.0,62.0,False,,136_290874_IW1|136_290875_IW1|136_290876_IW1|136_290877_IW1,S1_290874_IW1_20220307T005227_VV_B90A-BURST|S1_290875_IW1_20220307T005230_VV_B90A-BURST|S1_290876_IW1_20220307T005233_VV_B90A-BURST|S1_290877_IW1_20220307T005235_VV_B90A-BURST,S1_290874_IW1_20220319T005227_VV_6BDC-BURST|S1_290875_IW1_20220319T005230_VV_6BDC-BURST|S1_290876_IW1_20220319T005233_VV_6BDC-BURST|S1_290877_IW1_20220319T005236_VV_6BDC-BURST
2022-03-07,2022-03-31,24,3.75,5.0,False,,136_290874_IW1|136_290875_IW1|136_290876_IW1|136_290877_IW1,S1_290874_IW1_20220307T005227_VV_B90A-BURST|S1_290875_IW1_20220307T005230_VV_B90A-BURST|S1_290876_IW1_20220307T005233_VV_B90A-BURST|S1_290877_IW1_20220307T005235_VV_B90A-BURST,S1_290874_IW1_20220331T005227_VV_23F3-BURST|S1_290875_IW1_20220331T005230_VV_23F3-BURST|S1_290876_IW1_20220331T005233_VV_23F3-BURST|S1_290877_IW1_20220331T005236_VV_23F3-BURST
2022-03-07,2022-04-12,36,-45.5,47.0,False,,136_290874_IW1|136_290875_IW1|136_290876_IW1|136_290877_IW1,S1_290874_IW1_20220307T005227_VV_B90A-BURST|S1_290875_IW1_20220307T005230_VV_B90A-BURST|S1_290876_IW1_20220307T005233_VV_B90A-BURST|S1_290877_IW1_20220307T005235_VV_B90A-BURST,S1_290874_IW1_20220412T005228_VV_AF3F-BURST|S1_290875_IW1_20220412T005231_VV_AF3F-BURST|S1_290876_IW1_20220412T005233_VV_AF3F-BURST|S1_290877_IW1_20220412T005236_VV_AF3F-BURST
2022-03-19,2022-03-31,12,-58.25,60.0,False,,136_290874_IW1|136_290875_IW1|136_290876_IW1|136_290877_IW1,S1_290874_IW1_20220319T005227_VV_6BDC-BURST|S1_290875_IW1_20220319T005230_VV_6BDC-BURST|S1_290876_IW1_20220319T005233_VV_6BDC-BURST|S1_290877_IW1_20220319T005236_VV_6BDC-BURST,S1_290874_IW1_20220331T005227_VV_23F3-BURST|S1_290875_IW1_20220331T005230_VV_23F3-BURST|S1_290876_IW1_20220331T005233_VV_23F3-BURST|S1_290877_IW1_20220331T005236_VV_23F3-BURST
2022-03-19,2022-04-12,24,-107.5,109.0,False,,136_290874_IW1|136_290875_IW1|136_290876_IW1|136_290877_IW1,S1_290874_IW1_20220319T005227_VV_6BDC-BURST|S1_290875_IW1_20220319T005230_VV_6BDC-BURST|S1_290876_IW1_20220319T005233_VV_6BDC-BURST|S1_290877_IW1_20220319T005236_VV_6BDC-BURST,S1_290874_IW1_20220412T005228_VV_AF3F-BURST|S1_290875_IW1_20220412T005231_VV_AF3F-BURST|S1_290876_IW1_20220412T005233_VV_AF3F-BURST|S1_290877_IW1_20220412T005236_VV_AF3F-BURST
2022-03-31,2022-04-12,12,-49.25,52.0,False,,136_290874_IW1|136_290875_IW1|136_290876_IW1|136_290877_IW1,S1_290874_IW1_20220331T005227_VV_23F3-BURST|S1_290875_IW1_20220331T005230_VV_23F3-BURST|S1_290876_IW1_20220331T005233_VV_23F3-BURST|S1_290877_IW1_20220331T005236_VV_23F3-BURST,S1_290874_IW1_20220412T005228_VV_AF3F-BURST|S1_290875_IW1_20220412T005231_VV_AF3F-BURST|S1_290876_IW1_20220412T005233_VV_AF3F-BURST|S1_290877_IW1_20220412T005236_VV_AF3F-BURST
2022-03-31,2022-05-30,60,43.75,47.0,True,remove_bridge,136_290874_IW1|136_290875_IW1|136_290876_IW1|136_290877_IW1,S1_290874_IW1_20220331T005227_VV_23F3-BURST|S1_290875_IW1_20220331T005230_VV_23F3-BURST|S1_290876_IW1_20220331T005233_VV_23F3-BURST|S1_290877_IW1_20220331T005236_VV_23F3-BURST,S1_290874_IW1_20220530T005231_VV_23B2-BURST|S1_290875_IW1_20220530T005233_VV_23B2-BURST|S1_290876_IW1_20220530T005236_VV_23B2-BURST|S1_290877_IW1_20220530T005239_VV_23B2-BURST
2022-04-12,2022-05-18,36,-94.75,98.0,False,,136_290874_IW1|136_290875_IW1|136_290876_IW1|136_290877_IW1,S1_290874_IW1_20220412T005228_VV_AF3F-BURST|S1_290875_IW1_20220412T005231_VV_AF3F-BURST|S1_290876_IW1_20220412T005233_VV_AF3F-BURST|S1_290877_IW1_20220412T005236_VV_AF3F-BURST,S1_290874_IW1_20220518T005229_VV_DAE7-BURST|S1_290875_IW1_20220518T005232_VV_DAE7-BURST|S1_290876_IW1_20220518T005235_VV_DAE7-BURST|S1_290877_IW1_20220518T005238_VV_DAE7-BURST
2022-05-18,2022-05-30,12,187.75,191.0,False,,136_290874_IW1|136_290875_IW1|136_290876_IW1|136_290877_IW1,S1_290874_IW1_20220518T005229_VV_DAE7-BURST|S1_290875_IW1_20220518T005232_VV_DAE7-BURST|S1_290876_IW1_20220518T005235_VV_DAE7-BURST|S1_290877_IW1_20220518T005238_VV_DAE7-BURST,S1_290874_IW1_20220530T005231_VV_23B2-BURST|S1_290875_IW1_20220530T005233_VV_23B2-BURST|S1_290876_IW1_20220530T005236_VV_23B2-BURST|S1_290877_IW1_20220530T005239_VV_23B2-BURST
2022-05-18,2022-06-11,24,237.75,241.0,False,,136_290874_IW1|136_290875_IW1|136_290876_IW1|136_290877_IW1,S1_290874_IW1_20220518T005229_VV_DAE7-BURST|S1_290875_IW1_20220518T005232_VV_DAE7-BURST|S1_290876_IW1_20220518T005235_VV_DAE7-BURST|S1_290877_IW1_20220518T005238_VV_DAE7-BURST,S1_290874_IW1_20220611T005232_VV_CD99-BURST|S1_290875_IW1_20220611T005234_VV_CD99-BURST|S1_290876_IW1_20220611T005237_VV_CD99-BURST|S1_290877_IW1_20220611T005240_VV_CD99-BURST
2022-05-18,2022-06-23,36,165.75,166.0,False,,136_290874_IW1|136_290875_IW1|136_290876_IW1|136_290877_IW1,S1_290874_IW1_20220518T005229_VV_DAE7-BURST|S1_290875_IW1_20220518T005232_VV_DAE7-BURST|S1_290876_IW1_20220518T005235_VV_DAE7-BURST|S1_290877_IW1_20220518T005238_VV_DAE7-BURST,S1_290874_IW1_20220623T005232_VV_F757-BURST|S1_290875_IW1_20220623T005235_VV_F757-BURST|S1_290876_IW1_20220623T005238_VV_F757-BURST|S1_290877_IW1_20220623T005241_VV_F757-BURST
2022-05-30,2022-06-11,12,50.0,50.0,False,,136_290874_IW1|136_290875_IW1|136_290876_IW1|136_290877_IW1,S1_290874_IW1_20220530T005231_VV_23B2-BURST|S1_290875_IW1_20220530T005233_VV_23B2-BURST|S1_290876_IW1_20220530T005236_VV_23B2-BURST|S1_290877_IW1_20220530T005239_VV_23B2-BURST,S1_290874_IW1_20220611T005232_VV_CD99-BURST|S1_290875_IW1_20220611T005234_VV_CD99-BURST|S1_290876_IW1_20220611T005237_VV_CD99-BURST|S1_290877_IW1_20220611T005240_VV_CD99-BURST
2022-05-30,2022-06-23,24,-22.0,25.0,False,,136_290874_IW1|136_290875_IW1|136_290876_IW1|136_290877_IW1,S1_290874_IW1_20220530T005231_VV_23B2-BURST|S1_290875_IW1_20220530T005233_VV_23B2-BURST|S1_290876_IW1_20220530T005236_VV_23B2-BURST|S1_290877_IW1_20220530T005239_VV_23B2-BURST,S1_290874_IW1_20220623T005232_VV_F757-BURST|S1_290875_IW1_20220623T005235_VV_F757-BURST|S1_290876_IW1_20220623T005238_VV_F757-BURST|S1_290877_IW1_20220623T005241_VV_F757-BURST
2022-05-30,2022-07-05,36,-42.5,44.0,False,,136_290874_IW1|136_290875_IW1|136_290876_IW1|136_290877_IW1,S1_290874_IW1_20220530T005231_VV_23B2-BURST|S1_290875_IW1_20220530T005233_VV_23B2-BURST|S1_290876_IW1_20220530T005236_VV_23B2-BURST|S1_290877_IW1_20220530T005239_VV_23B2-BURST,S1_290874_IW1_20220705T005233_VV_7F99-BURST|S1_290875_IW1_20220705T005236_VV_7F99-BURST|S1_290876_IW1_20220705T005239_VV_7F99-BURST|S1_290877_IW1_20220705T005241_VV_7F99-BURST
2022-06-11,2022-06-23,12,-72.0,75.0,False,,136_290874_IW1|136_290875_IW1|136_290876_IW1|136_290877_IW1,S1_290874_IW1_20220611T005232_VV_CD99-BURST|S1_290875_IW1_20220611T005234_VV_CD99-BURST|S1_290876_IW1_20220611T005237_VV_CD99-BURST|S1_290877_IW1_20220611T005240_VV_CD99-BURST,S1_290874_IW1_20220623T005232_VV_F757-BURST|S1_290875_IW1_20220623T005235_VV_F757-BURST|S1_290876_IW1_20220623T005238_VV_F757-BURST|S1_290877_IW1_20220623T005241_VV_F757-BURST
2022-06-11,2022-07-05,24,-92.5,94.0,False,,136_290874_IW1|136_290875_IW1|136_290876_IW1|136_290877_IW1,S1_290874_IW1_20220611T005232_VV_CD99-BURST|S1_290875_IW1_20220611T005234_VV_CD99-BURST|S1_290876_IW1_20220611T005237_VV_CD99-BURST|S1_290877_IW1_20220611T005240_VV_CD99-BURST,S1_290874_IW1_20220705T005233_VV_7F99-BURST|S1_290875_IW1_20220705T005236_VV_7F99-BURST|S1_290876_IW1_20220705T005239_VV_7F99-BURST|S1_290877_IW1_20220705T005241_VV_7F99-BURST
2022-06-11,2022-07-17,36,-80.0,80.0,False,,136_290874_IW1|136_290875_IW1|136_290876_IW1|136_290877_IW1,S1_290874_IW1_20220611T005232_VV_CD99-BURST|S1_290875_IW1_20220611T005234_VV_CD99-BURST|S1_290876_IW1_20220611T005237_VV_CD99-BURST|S1_290877_IW1_20220611T005240_VV_CD99-BURST,S1_290874_IW1_20220717T005234_VV_9DE6-BURST|S1_290875_IW1_20220717T005237_VV_9DE6-BURST|S1_290876_IW1_20220717T005239_VV_9DE6-BURST|S1_290877_IW1_20220717T005242_VV_9DE6-BURST
2022-06-23,2022-07-05,12,-20.5,21.0,False,,136_290874_IW1|136_290875_IW1|136_290876_IW1|136_290877_IW1,S1_290874_IW1_20220623T005232_VV_F757-BURST|S1_290875_IW1_20220623T005235_VV_F757-BURST|S1_290876_IW1_20220623T005238_VV_F757-BURST|S1_290877_IW1_20220623T005241_VV_F757-BURST,S1_290874_IW1_20220705T005233_VV_7F99-BURST|S1_290875_IW1_20220705T005236_VV_7F99-BURST|S1_290876_IW1_20220705T005239_VV_7F99-BURST|S1_290877_IW1_20220705T005241_VV_7F99-BURST
2022-06-23,2022-07-17,24,-8.0,10.0,False,,136_290874_IW1|136_290875_IW1|136_290876_IW1|136_290877_IW1,S1_290874_IW1_20220623T005232_VV_F757-BURST|S1_290875_IW1_20220623T005235_VV_F757-BURST|S1_290876_IW1_20220623T005238_VV_F757-BURST|S1_290877_IW1_20220623T005241_VV_F757-BURST,S1_290874_IW1_20220717T005234_VV_9DE6-BURST|S1_290875_IW1_20220717T005237_VV_9DE6-BURST|S1_290876_IW1_20220717T005239_VV_9DE6-BURST|S1_290877_IW1_20220717T005242_VV_9DE6-BURST
2022-06-23,2022-07-29,36,-8.5,9.0,False,,136_290874_IW1|136_290875_IW1|136_290876_IW1|136_290877_IW1,S1_290874_IW1_20220623T005232_VV_F757-BURST|S1_290875_IW1_20220623T005235_VV_F757-BURST|S1_290876_IW1_20220623T005238_VV_F757-BURST|S1_290877_IW1_20220623T005241_VV_F757-BURST,S1_290874_IW1_20220729T005234_VV_A098-BURST|S1_290875_IW1_20220729T005237_VV_A098-BURST|S1_290876_IW1_20220729T005240_VV_A098-BURST|S1_290877_IW1_20220729T005243_VV_A098-BURST
2022-07-05,2022-07-17,12,12.5,14.0,False,,136_290874_IW1|136_290875_IW1|136_290876_IW1|136_290877_IW1,S1_290874_IW1_20220705T005233_VV_7F99-BURST|S1_290875_IW1_20220705T005236_VV_7F99-BURST|S1_290876_IW1_20220705T005239_VV_7F99-BURST|S1_290877_IW1_20220705T005241_VV_7F99-BURST,S1_290874_IW1_20220717T005234_VV_9DE6-BURST|S1_290875_IW1_20220717T005237_VV_9DE6-BURST|S1_290876_IW1_20220717T005239_VV_9DE6-BURST|S1_290877_IW1_20220717T005242_VV_9DE6-BURST
2022-07-05,2022-07-29,24,12.0,13.0,False,,136_290874_IW1|136_290875_IW1|136_290876_IW1|136_290877_IW1,S1_290874_IW1_20220705T005233_VV_7F99-BURST|S1_290875_IW1_20220705T005236_VV_7F99-BURST|S1_290876_IW1_20220705T005239_VV_7F99-BURST|S1_290877_IW1_20220705T005241_VV_7F99-BURST,S1_290874_IW1_20220729T005234_VV_A098-BURST|S1_290875_IW1_20220729T005237_VV_A098-BURST|S1_290876_IW1_20220729T005240_VV_A098-BURST|S1_290877_IW1_20220729T005243_VV_A098-BURST
2022-07-05,2022-08-10,36,11.0,11.0,False,,136_290874_IW1|136_290875_IW1|136_290876_IW1|136_290877_IW1,S1_290874_IW1_20220705T005233_VV_7F99-BURST|S1_290875_IW1_20220705T005236_VV_7F99-BURST|S1_290876_IW1_20220705T005239_VV_7F99-BURST|S1_290877_IW1_20220705T005241_VV_7F99-BURST,S1_290874_IW1_20220810T005235_VV_429F-BURST|S1_290875_IW1_20220810T005238_VV_429F-BURST|S1_290876_IW1_20220810T005241_VV_429F-BURST|S1_290877_IW1_20220810T005244_VV_429F-BURST
2022-07-17,2022-07-29,12,-0.5,4.0,False,,136_290874_IW1|136_290875_IW1|136_290876_IW1|136_290877_IW1,S1_290874_IW1_20220717T005234_VV_9DE6-BURST|S1_290875_IW1_20220717T005237_VV_9DE6-BURST|S1_290876_IW1_20220717T005239_VV_9DE6-BURST|S1_290877_IW1_20220717T005242_VV_9DE6-BURST,S1_290874_IW1_20220729T005234_VV_A098-BURST|S1_290875_IW1_20220729T005237_VV_A098-BURST|S1_290876_IW1_20220729T005240_VV_A098-BURST|S1_290877_IW1_20220729T005243_VV_A098-BURST
2022-07-17,2022-08-10,24,-1.5,3.0,False,,136_290874_IW1|136_290875_IW1|136_290876_IW1|136_290877_IW1,S1_290874_IW1_20220717T005234_VV_9DE6-BURST|S1_290875_IW1_20220717T005237_VV_9DE6-BURST|S1_290876_IW1_20220717T005239_VV_9DE6-BURST|S1_290877_IW1_20220717T005242_VV_9DE6-BURST,S1_290874_IW1_20220810T005235_VV_429F-BURST|S1_290875_IW1_20220810T005238_VV_429F-BURST|S1_290876_IW1_20220810T005241_VV_429F-BURST|S1_290877_IW1_20220810T005244_VV_429F-BURST
2022-07-29,2022-08-10,12,-1.0,2.0,False,,136_290874_IW1|136_290875_IW1|136_290876_IW1|136_290877_IW1,S1_290874_IW1_20220729T005234_VV_A098-BURST|S1_290875_IW1_20220729T005237_VV_A098-BURST|S1_290876_IW1_20220729T005240_VV_A098-BURST|S1_290877_IW1_20220729T005243_VV_A098-BURST,S1_290874_IW1_20220810T005235_VV_429F-BURST|S1_290875_IW1_20220810T005238_VV_429F-BURST|S1_290876_IW1_20220810T005241_VV_429F-BURST|S1_290877_IW1_20220810T005244_VV_429F-BURST
2022-07-29,2022-11-26,120,212.0,217.0,True,remove_bridge,136_290874_IW1|136_290875_IW1|136_290876_IW1|136_290877_IW1,S1_290874_IW1_20220729T005234_VV_A098-BURST|S1_290875_IW1_20220729T005237_VV_A098-BURST|S1_290876_IW1_20220729T005240_VV_A098-BURST|S1_290877_IW1_20220729T005243_VV_A098-BURST,S1_290874_IW1_20221126T005237_VV_5641-BURST|S1_290875_IW1_20221126T005240_VV_5641-BURST|S1_290876_IW1_20221126T005242_VV_5641-BURST|S1_290877_IW1_20221126T005245_VV_5641-BURST
2022-08-10,2022-11-26,108,213.0,216.0,True,connect_components,136_290874_IW1|136_290875_IW1|136_290876_IW1|136_290877_IW1,S1_290874_IW1_20220810T005235_VV_429F-BURST|S1_290875_IW1_20220810T005238_VV_429F-BURST|S1_290876_IW1_20220810T005241_VV_429F-BURST|S1_290877_IW1_20220810T005244_VV_429F-BURST,S1_290874_IW1_20221126T005237_VV_5641-BURST|S1_290875_IW1_20221126T005240_VV_5641-BURST|S1_290876_IW1_20221126T005242_VV_5641-BURST|S1_290877_IW1_20221126T005245_VV_5641-BURST
2022-11-26,2023-01-01,36,-207.0,207.0,False,,136_290874_IW1|136_290875_IW1|136_290876_IW1|136_290877_IW1,S1_290874_IW1_20221126T005237_VV_5641-BURST|S1_290875_IW1_20221126T005240_VV_5641-BURST|S1_290876_IW1_20221126T005242_VV_5641-BURST|S1_290877_IW1_20221126T005245_VV_5641-BURST,S1_290874_IW1_20230101T005235_VV_8F0B-BURST|S1_290875_IW1_20230101T005238_VV_8F0B-BURST|S1_290876_IW1_20230101T005240_VV_8F0B-BURST|S1_290877_IW1_20230101T005243_VV_8F0B-BURST
2022-11-26,2023-01-25,60,-152.75,153.0,True,remove_bridge,136_290874_IW1|136_290875_IW1|136_290876_IW1|136_290877_IW1,S1_290874_IW1_20221126T005237_VV_5641-BURST|S1_290875_IW1_20221126T005240_VV_5641-BURST|S1_290876_IW1_20221126T005242_VV_5641-BURST|S1_290877_IW1_20221126T005245_VV_5641-BURST,S1_290874_IW1_20230125T005234_VV_FEF2-BURST|S1_290875_IW1_20230125T005237_VV_FEF2-BURST|S1_290876_IW1_20230125T005239_VV_FEF2-BURST|S1_290877_IW1_20230125T005242_VV_FEF2-BURST
2022-12-20,2023-01-01,12,51.0,56.0,False,,136_290874_IW1|136_290875_IW1|136_290876_IW1|136_290877_IW1,S1_290874_IW1_20221220T005235_VV_E589-BURST|S1_290875_IW1_20221220T005238_VV_E589-BURST|S1_290876_IW1_20221220T005241_VV_E589-BURST|S1_290877_IW1_20221220T005244_VV_E589-BURST,S1_290874_IW1_20230101T005235_VV_8F0B-BURST|S1_290875_IW1_20230101T005238_VV_8F0B-BURST|S1_290876_IW1_20230101T005240_VV_8F0B-BURST|S1_290877_IW1_20230101T005243_VV_8F0B-BURST
2022-12-20,2023-01-25,36,105.25,110.0,False,,136_290874_IW1|136_290875_IW1|136_290876_IW1|136_290877_IW1,S1_290874_IW1_20221220T005235_VV_E589-BURST|S1_290875_IW1_20221220T005238_VV_E589-BURST|S1_290876_IW1_20221220T005241_VV_E589-BURST|S1_290877_IW1_20221220T005244_VV_E589-BURST,S1_290874_IW1_20230125T005234_VV_FEF2-BURST|S1_290875_IW1_20230125T005237_VV_FEF2-BURST|S1_290876_IW1_20230125T005239_VV_FEF2-BURST|S1_290877_IW1_20230125T005242_VV_FEF2-BURST
2023-01-01,2023-01-25,24,54.25,55.0,False,,136_290874_IW1|136_290875_IW1|136_290876_IW1|136_290877_IW1,S1_290874_IW1_20230101T005235_VV_8F0B-BURST|S1_290875_IW1_20230101T005238_VV_8F0B-BURST|S1_290876_IW1_20230101T005240_VV_8F0B-BURST|S1_290877_IW1_20230101T005243_VV_8F0B-BURST,S1_290874_IW1_20230125T005234_VV_FEF2-BURST|S1_290875_IW1_20230125T005237_VV_FEF2-BURST|S1_290876_IW1_20230125T005239_VV_FEF2-BURST|S1_290877_IW1_20230125T005242_VV_FEF2-BURST
2023-01-01,2023-05-01,120,50.5,56.0,True,remove_bridge,136_290874_IW1|136_290875_IW1|136_290876_IW1|136_290877_IW1,S1_290874_IW1_20230101T005235_VV_8F0B-BURST|S1_290875_IW1_20230101T005238_VV_8F0B-BURST|S1_290876_IW1_20230101T005240_VV_8F0B-BURST|S1_290877_IW1_20230101T005243_VV_8F0B-BURST,S1_290874_IW1_20230501T005235_VV_72C5-BURST|S1_290875_IW1_20230501T005237_VV_72C5-BURST|S1_290876_IW1_20230501T005240_VV_72C5-BURST|S1_290877_IW1_20230501T005243_VV_72C5-BURST
2023-01-25,2023-02-18,24,-114.25,115.0,False,,136_290874_IW1|136_290875_IW1|136_290876_IW1|136_290877_IW1,S1_290874_IW1_20230125T005234_VV_FEF2-BURST|S1_290875_IW1_20230125T005237_VV_FEF2-BURST|S1_290876_IW1_20230125T005239_VV_FEF2-BURST|S1_290877_IW1_20230125T005242_VV_FEF2-BURST,S1_290874_IW1_20230218T005233_VV_C57B-BURST|S1_290875_IW1_20230218T005236_VV_C57B-BURST|S1_290876_IW1_20230218T005238_VV_C57B-BURST|S1_290877_IW1_20230218T005241_VV_C57B-BURST
2023-02-18,2023-03-14,24,-99.75,100.0,False,,136_290874_IW1|136_290875_IW1|136_290876_IW1|136_290877_IW1,S1_290874_IW1_20230218T005233_VV_C57B-BURST|S1_290875_IW1_20230218T005236_VV_C57B-BURST|S1_290876_IW1_20230218T005238_VV_C57B-BURST|S1_290877_IW1_20230218T005241_VV_C57B-BURST,S1_290874_IW1_20230314T005233_VV_5E79-BURST|S1_290875_IW1_20230314T005236_VV_5E79-BURST|S1_290876_IW1_20230314T005238_VV_5E79-BURST|S1_290877_IW1_20230314T005241_VV_5E79-BURST
2023-03-14,2023-04-07,24,185.75,192.0,False,,136_290874_IW1|136_290875_IW1|136_290876_IW1|136_290877_IW1,S1_290874_IW1_20230314T005233_VV_5E79-BURST|S1_290875_IW1_20230314T005236_VV_5E79-BURST|S1_290876_IW1_20230314T005238_VV_5E79-BURST|S1_290877_IW1_20230314T005241_VV_5E79-BURST,S1_290874_IW1_20230407T005233_VV_FD01-BURST|S1_290875_IW1_20230407T005236_VV_FD01-BURST|S1_290876_IW1_20230407T005239_VV_FD01-BURST|S1_290877_IW1_20230407T005242_VV_FD01-BURST
2023-04-07,2023-05-01,24,24.5,25.0,False,,136_290874_IW1|136_290875_IW1|136_290876_IW1|136_290877_IW1,S1_290874_IW1_20230407T005233_VV_FD01-BURST|S1_290875_IW1_20230407T005236_VV_FD01-BURST|S1_290876_IW1_20230407T005239_VV_FD01-BURST|S1_290877_IW1_20230407T005242_VV_FD01-BURST,S1_290874_IW1_20230501T005235_VV_72C5-BURST|S1_290875_IW1_20230501T005237_VV_72C5-BURST|S1_290876_IW1_20230501T005240_VV_72C5-BURST|S1_290877_IW1_20230501T005243_VV_72C5-BURST
2023-04-07,2023-05-13,36,-28.5,30.0,False,,136_290874_IW1|136_290875_IW1|136_290876_IW1|136_290877_IW1,S1_290874_IW1_20230407T005233_VV_FD01-BURST|S1_290875_IW1_20230407T005236_VV_FD01-BURST|S1_290876_IW1_20230407T005239_VV_FD01-BURST|S1_290877_IW1_20230407T005242_VV_FD01-BURST,S1_290874_IW1_20230513T005235_VV_CD17-BURST|S1_290875_IW1_20230513T005238_VV_CD17-BURST|S1_290876_IW1_20230513T005241_VV_CD17-BURST|S1_290877_IW1_20230513T005243_VV_CD17-BURST
2023-05-01,2023-05-13,12,-53.0,54.0,False,,136_290874_IW1|136_290875_IW1|136_290876_IW1|136_290877_IW1,S1_290874_IW1_20230501T005235_VV_72C5-BURST|S1_290875_IW1_20230501T005237_VV_72C5-BURST|S1_290876_IW1_20230501T005240_VV_72C5-BURST|S1_290877_IW1_20230501T005243_VV_72C5-BURST,S1_290874_IW1_20230513T005235_VV_CD17-BURST|S1_290875_IW1_20230513T005238_VV_CD17-BURST|S1_290876_IW1_20230513T005241_VV_CD17-BURST|S1_290877_IW1_20230513T005243_VV_CD17-BURST
2023-05-01,2023-05-25,24,-145.5,146.0,False,,136_290874_IW1|136_290875_IW1|136_290876_IW1|136_290877_IW1,S1_290874_IW1_20230501T005235_VV_72C5-BURST|S1_290875_IW1_20230501T005237_VV_72C5-BURST|S1_290876_IW1_20230501T005240_VV_72C5-BURST|S1_290877_IW1_20230501T005243_VV_72C5-BURST,S1_290874_IW1_20230525T005235_VV_BEE4-BURST|S1_290875_IW1_20230525T005238_VV_BEE4-BURST|S1_290876_IW1_20230525T005241_VV_BEE4-BURST|S1_290877_IW1_20230525T005244_VV_BEE4-BURST
2023-05-01,2023-06-06,36,-116.25,117.0,False,,136_290874_IW1|136_290875_IW1|136_290876_IW1|136_290877_IW1,S1_290874_IW1_20230501T005235_VV_72C5-BURST|S1_290875_IW1_20230501T005237_VV_72C5-BURST|S1_290876_IW1_20230501T005240_VV_72C5-BURST|S1_290877_IW1_20230501T005243_VV_72C5-BURST,S1_290874_IW1_20230606T005236_VV_5482-BURST|S1_290875_IW1_20230606T005239_VV_5482-BURST|S1_290876_IW1_20230606T005242_VV_5482-BURST|S1_290877_IW1_20230606T005244_VV_5482-BURST
2023-05-13,2023-05-25,12,-92.5,94.0,False,,136_290874_IW1|136_290875_IW1|136_290876_IW1|136_290877_IW1,S1_290874_IW1_20230513T005235_VV_CD17-BURST|S1_290875_IW1_20230513T005238_VV_CD17-BURST|S1_290876_IW1_20230513T005241_VV_CD17-BURST|S1_290877_IW1_20230513T005243_VV_CD17-BURST,S1_290874_IW1_20230525T005235_VV_BEE4-BURST|S1_290875_IW1_20230525T005238_VV_BEE4-BURST|S1_290876_IW1_20230525T005241_VV_BEE4-BURST|S1_290877_IW1_20230525T005244_VV_BEE4-BURST
2023-05-13,2023-06-06,24,-63.25,64.0,False,,136_290874_IW1|136_290875_IW1|136_290876_IW1|136_290877_IW1,S1_290874_IW1_20230513T005235_VV_CD17-BURST|S1_290875_IW1_20230513T005238_VV_CD17-BURST|S1_290876_IW1_20230513T005241_VV_CD17-BURST|S1_290877_IW1_20230513T005243_VV_CD17-BURST,S1_290874_IW1_20230606T005236_VV_5482-BURST|S1_290875_IW1_20230606T005239_VV_5482-BURST|S1_290876_IW1_20230606T005242_VV_5482-BURST|S1_290877_IW1_20230606T005244_VV_5482-BURST
2023-05-13,2023-06-18,36,61.25,62.0,False,,136_290874_IW1|136_290875_IW1|136_290876_IW1|136_290877_IW1,S1_290874_IW1_20230513T005235_VV_CD17-BURST|S1_290875_IW1_20230513T005238_VV_CD17-BURST|S1_290876_IW1_20230513T005241_VV_CD17-BURST|S1_290877_IW1_20230513T005243_VV_CD17-BURST,S1_290874_IW1_20230618T005237_VV_D012-BURST|S1_290875_IW1_20230618T005240_VV_D012-BURST|S1_290876_IW1_20230618T005243_VV_D012-BURST|S1_290877_IW1_20230618T005245_VV_D012-BURST
2023-05-25,2023-06-06,12,29.25,31.0,False,,136_290874_IW1|136_290875_IW1|136_290876_IW1|136_290877_IW1,S1_290874_IW1_20230525T005235_VV_BEE4-BURST|S1_290875_IW1_20230525T005238_VV_BEE4-BURST|S1_290876_IW1_20230525T005241_VV_BEE4-BURST|S1_290877_IW1_20230525T005244_VV_BEE4-BURST,S1_290874_IW1_20230606T005236_VV_5482-BURST|S1_290875_IW1_20230606T005239_VV_5482-BURST|S1_290876_IW1_20230606T005242_VV_5482-BURST|S1_290877_IW1_20230606T005244_VV_5482-BURST
2023-05-25,2023-06-18,24,153.75,156.0,False,,136_290874_IW1|136_290875_IW1|136_290876_IW1|136_290877_IW1,S1_290874_IW1_20230525T005235_VV_BEE4-BURST|S1_290875_IW1_20230525T005238_VV_BEE4-BURST|S1_290876_IW1_20230525T005241_VV_BEE4-BURST|S1_290877_IW1_20230525T005244_VV_BEE4-BURST,S1_290874_IW1_20230618T005237_VV_D012-BURST|S1_290875_IW1_20230618T005240_VV_D012-BURST|S1_290876_IW1_20230618T005243_VV_D012-BURST|S1_290877_IW1_20230618T005245_VV_D012-BURST
2023-05-25,2023-06-30,36,-6.25,7.0,False,,136_290874_IW1|136_290875_IW1|136_290876_IW1|136_290877_IW1,S1_290874_IW1_20230525T005235_VV_BEE4-BURST|S1_290875_IW1_20230525T005238_VV_BEE4-BURST|S1_290876_IW1_20230525T005241_VV_BEE4-BURST|S1_290877_IW1_20230525T005244_VV_BEE4-BURST,S1_290874_IW1_20230630T005237_VV_5EA5-BURST|S1_290875_IW1_20230630T005240_VV_5EA5-BURST|S1_290876_IW1_20230630T005243_VV_5EA5-BURST|S1_290877_IW1_20230630T005246_VV_5EA5-BURST
2023-06-06,2023-06-18,12,124.5,125.0,False,,136_290874_IW1|136_290875_IW1|136_290876_IW1|136_290877_IW1,S1_290874_IW1_20230606T005236_VV_5482-BURST|S1_290875_IW1_20230606T005239_VV_5482-BURST|S1_290876_IW1_20230606T005242_VV_5482-BURST|S1_290877_IW1_20230606T005244_VV_5482-BURST,S1_290874_IW1_20230618T005237_VV_D012-BURST|S1_290875_IW1_20230618T005240_VV_D012-BURST|S1_290876_IW1_20230618T005243_VV_D012-BURST|S1_290877_IW1_20230618T005245_VV_D012-BURST
2023-06-06,2023-06-30,24,-35.5,36.0,False,,136_290874_IW1|136_290875_IW1|136_290876_IW1|136_290877_IW1,S1_290874_IW1_20230606T005236_VV_5482-BURST|S1_290875_IW1_20230606T005239_VV_5482-BURST|S1_290876_IW1_20230606T005242_VV_5482-BURST|S1_290877_IW1_20230606T005244_VV_5482-BURST,S1_290874_IW1_20230630T005237_VV_5EA5-BURST|S1_290875_IW1_20230630T005240_VV_5EA5-BURST|S1_290876_IW1_20230630T005243_VV_5EA5-BURST|S1_290877_IW1_20230630T005246_VV_5EA5-BURST
2023-06-06,2023-07-12,36,100.25,101.0,False,,136_290874_IW1|136_290875_IW1|136_290876_IW1|136_290877_IW1,S1_290874_IW1_20230606T005236_VV_5482-BURST|S1_290875_IW1_20230606T005239_VV_5482-BURST|S1_290876_IW1_20230606T005242_VV_5482-BURST|S1_290877_IW1_20230606T005244_VV_5482-BURST,S1_290874_IW1_20230712T005239_VV_A110-BURST|S1_290875_IW1_20230712T005241_VV_A110-BURST|S1_290876_IW1_20230712T005244_VV_A110-BURST|S1_290877_IW1_20230712T005247_VV_A110-BURST
2023-06-18,2023-06-30,12,-160.0,160.0,False,,136_290874_IW1|136_290875_IW1|136_290876_IW1|136_290877_IW1,S1_290874_IW1_20230618T005237_VV_D012-BURST|S1_290875_IW1_20230618T005240_VV_D012-BURST|S1_290876_IW1_20230618T005243_VV_D012-BURST|S1_290877_IW1_20230618T005245_VV_D012-BURST,S1_290874_IW1_20230630T005237_VV_5EA5-BURST|S1_290875_IW1_20230630T005240_VV_5EA5-BURST|S1_290876_IW1_20230630T005243_VV_5EA5-BURST|S1_290877_IW1_20230630T005246_VV_5EA5-BURST
2023-06-18,2023-07-12,24,-24.25,26.0,False,,136_290874_IW1|136_290875_IW1|136_290876_IW1|136_290877_IW1,S1_290874_IW1_20230618T005237_VV_D012-BURST|S1_290875_IW1_20230618T005240_VV_D012-BURST|S1_290876_IW1_20230618T005243_VV_D012-BURST|S1_290877_IW1_20230618T005245_VV_D012-BURST,S1_290874_IW1_20230712T005239_VV_A110-BURST|S1_290875_IW1_20230712T005241_VV_A110-BURST|S1_290876_IW1_20230712T005244_VV_A110-BURST|S1_290877_IW1_20230712T005247_VV_A110-BURST
2023-06-18,2023-07-24,36,8.25,9.0,False,,136_290874_IW1|136_290875_IW1|136_290876_IW1|136_290877_IW1,S1_290874_IW1_20230618T005237_VV_D012-BURST|S1_290875_IW1_20230618T005240_VV_D012-BURST|S1_290876_IW1_20230618T005243_VV_D012-BURST|S1_290877_IW1_20230618T005245_VV_D012-BURST,S1_290874_IW1_20230724T005239_VV_2B1A-BURST|S1_290875_IW1_20230724T005242_VV_2B1A-BURST|S1_290876_IW1_20230724T005245_VV_2B1A-BURST|S1_290877_IW1_20230724T005248_VV_2B1A-BURST
2023-06-30,2023-07-12,12,135.75,137.0,False,,136_290874_IW1|136_290875_IW1|136_290876_IW1|136_290877_IW1,S1_290874_IW1_20230630T005237_VV_5EA5-BURST|S1_290875_IW1_20230630T005240_VV_5EA5-BURST|S1_290876_IW1_20230630T005243_VV_5EA5-BURST|S1_290877_IW1_20230630T005246_VV_5EA5-BURST,S1_290874_IW1_20230712T005239_VV_A110-BURST|S1_290875_IW1_20230712T005241_VV_A110-BURST|S1_290876_IW1_20230712T005244_VV_A110-BURST|S1_290877_IW1_20230712T005247_VV_A110-BURST
2023-06-30,2023-07-24,24,168.25,169.0,False,,136_290874_IW1|136_290875_IW1|136_290876_IW1|136_290877_IW1,S1_290874_IW1_20230630T005237_VV_5EA5-BURST|S1_290875_IW1_20230630T005240_VV_5EA5-BURST|S1_290876_IW1_20230630T005243_VV_5EA5-BURST|S1_290877_IW1_20230630T005246_VV_5EA5-BURST,S1_290874_IW1_20230724T005239_VV_2B1A-BURST|S1_290875_IW1_20230724T005242_VV_2B1A-BURST|S1_290876_IW1_20230724T005245_VV_2B1A-BURST|S1_290877_IW1_20230724T005248_VV_2B1A-BURST
2023-07-12,2023-07-24,12,32.5,34.0,False,,136_290874_IW1|136_290875_IW1|136_290876_IW1|136_290877_IW1,S1_290874_IW1_20230712T005239_VV_A110-BURST|S1_290875_IW1_20230712T005241_VV_A110-BURST|S1_290876_IW1_20230712T005244_VV_A110-BURST|S1_290877_IW1_20230712T005247_VV_A110-BURST,S1_290874_IW1_20230724T005239_VV_2B1A-BURST|S1_290875_IW1_20230724T005242_VV_2B1A-BURST|S1_290876_IW1_20230724T005245_VV_2B1A-BURST|S1_290877_IW1_20230724T005248_VV_2B1A-BURST
2023-07-12,2023-08-05,24,120.5,122.0,False,,136_290874_IW1|136_290875_IW1|136_290876_IW1|136_290877_IW1,S1_290874_IW1_20230712T005239_VV_A110-BURST|S1_290875_IW1_20230712T005241_VV_A110-BURST|S1_290876_IW1_20230712T005244_VV_A110-BURST|S1_290877_IW1_20230712T005247_VV_A110-BURST,S1_290874_IW1_20230805T005240_VV_4B4F-BURST|S1_290875_IW1_20230805T005243_VV_4B4F-BURST|S1_290876_IW1_20230805T005246_VV_4B4F-BURST|S1_290877_IW1_20230805T005249_VV_4B4F-BURST
2023-07-12,2023-08-17,36,-46.0,46.0,False,,136_290874_IW1|136_290875_IW1|136_290876_IW1|136_290877_IW1,S1_290874_IW1_20230712T005239_VV_A110-BURST|S1_290875_IW1_20230712T005241_VV_A110-BURST|S1_290876_IW1_20230712T005244_VV_A110-BURST|S1_290877_IW1_20230712T005247_VV_A110-BURST,S1_290874_IW1_20230817T005240_VV_543A-BURST|S1_290875_IW1_20230817T005243_VV_543A-BURST|S1_290876_IW1_20230817T005246_VV_543A-BURST|S1_290877_IW1_20230817T005249_VV_543A-BURST
2023-07-24,2023-08-05,12,88.0,88.0,False,,136_290874_IW1|136_290875_IW1|136_290876_IW1|136_290877_IW1,S1_290874_IW1_20230724T005239_VV_2B1A-BURST|S1_290875_IW1_20230724T005242_VV_2B1A-BURST|S1_290876_IW1_20230724T005245_VV_2B1A-BURST|S1_290877_IW1_20230724T005248_VV_2B1A-BURST,S1_290874_IW1_20230805T005240_VV_4B4F-BURST|S1_290875_IW1_20230805T005243_VV_4B4F-BURST|S1_290876_IW1_20230805T005246_VV_4B4F-BURST|S1_290877_IW1_20230805T005249_VV_4B4F-BURST
2023-07-24,2023-08-17,24,-78.5,80.0,False,,136_290874_IW1|136_290875_IW1|136_290876_IW1|136_290877_IW1,S1_290874_IW1_20230724T005239_VV_2B1A-BURST|S1_290875_IW1_20230724T005242_VV_2B1A-BURST|S1_290876_IW1_20230724T005245_VV_2B1A-BURST|S1_290877_IW1_20230724T005248_VV_2B1A-BURST,S1_290874_IW1_20230817T005240_VV_543A-BURST|S1_290875_IW1_20230817T005243_VV_543A-BURST|S1_290876_IW1_20230817T005246_VV_543A-BURST|S1_290877_IW1_20230817T005249_VV_543A-BURST
2023-07-24,2023-08-29,36,-46.0,46.0,False,,136_290874_IW1|136_290875_IW1|136_290876_IW1|136_290877_IW1,S1_290874_IW1_20230724T005239_VV_2B1A-BURST|S1_290875_IW1_20230724T005242_VV_2B1A-BURST|S1_290876_IW1_20230724T005245_VV_2B1A-BURST|S1_290877_IW1_20230724T005248_VV_2B1A-BURST,S1_290874_IW1_20230829T005241_VV_51E4-BURST|S1_290875_IW1_20230829T005244_VV_51E4-BURST|S1_290876_IW1_20230829T005247_VV_51E4-BURST|S1_290877_IW1_20230829T005250_VV_51E4-BURST
2023-08-05,2023-08-17,12,-166.5,168.0,False,,136_290874_IW1|136_290875_IW1|136_290876_IW1|136_290877_IW1,S1_290874_IW1_20230805T005240_VV_4B4F-BURST|S1_290875_IW1_20230805T005243_VV_4B4F-BURST|S1_290876_IW1_20230805T005246_VV_4B4F-BURST|S1_290877_IW1_20230805T005249_VV_4B4F-BURST,S1_290874_IW1_20230817T005240_VV_543A-BURST|S1_290875_IW1_20230817T005243_VV_543A-BURST|S1_290876_IW1_20230817T005246_VV_543A-BURST|S1_290877_IW1_20230817T005249_VV_543A-BURST
2023-08-05,2023-08-29,24,-134.0,134.0,False,,136_290874_IW1|136_290875_IW1|136_290876_IW1|136_290877_IW1,S1_290874_IW1_20230805T005240_VV_4B4F-BURST|S1_290875_IW1_20230805T005243_VV_4B4F-BURST|S1_290876_IW1_20230805T005246_VV_4B4F-BURST|S1_290877_IW1_20230805T005249_VV_4B4F-BURST,S1_290874_IW1_20230829T005241_VV_51E4-BURST|S1_290875_IW1_20230829T005244_VV_51E4-BURST|S1_290876_IW1_20230829T005247_VV_51E4-BURST|S1_290877_IW1_20230829T005250_VV_51E4-BURST
2023-08-17,2023-08-29,12,32.5,34.0,False,,136_290874_IW1|136_290875_IW1|136_290876_IW1|136_290877_IW1,S1_290874_IW1_20230817T005240_VV_543A-BURST|S1_290875_IW1_20230817T005243_VV_543A-BURST|S1_290876_IW1_20230817T005246_VV_543A-BURST|S1_290877_IW1_20230817T005249_VV_543A-BURST,S1_290874_IW1_20230829T005241_VV_51E4-BURST|S1_290875_IW1_20230829T005244_VV_51E4-BURST|S1_290876_IW1_20230829T005247_VV_51E4-BURST|S1_290877_IW1_20230829T005250_VV_51E4-BURST
2023-08-17,2023-09-22,36,36.75,38.0,False,,136_290874_IW1|136_290875_IW1|136_290876_IW1|136_290877_IW1,S1_290874_IW1_20230817T005240_VV_543A-BURST|S1_290875_IW1_20230817T005243_VV_543A-BURST|S1_290876_IW1_20230817T005246_VV_543A-BURST|S1_290877_IW1_20230817T005249_VV_543A-BURST,S1_290874_IW1_20230922T005242_VV_4238-BURST|S1_290875_IW1_20230922T005245_VV_4238-BURST|S1_290876_IW1_20230922T005248_VV_4238-BURST|S1_290877_IW1_20230922T005250_VV_4238-BURST
2023-08-29,2023-09-22,24,4.25,5.0,False,,136_290874_IW1|136_290875_IW1|136_290876_IW1|136_290877_IW1,S1_290874_IW1_20230829T005241_VV_51E4-BURST|S1_290875_IW1_20230829T005244_VV_51E4-BURST|S1_290876_IW1_20230829T005247_VV_51E4-BURST|S1_290877_IW1_20230829T005250_VV_51E4-BURST,S1_290874_IW1_20230922T005242_VV_4238-BURST|S1_290875_IW1_20230922T005245_VV_4238-BURST|S1_290876_IW1_20230922T005248_VV_4238-BURST|S1_290877_IW1_20230922T005250_VV_4238-BURST
2023-08-29,2023-12-27,120,-46.0,48.0,True,remove_bridge,136_290874_IW1|136_290875_IW1|136_290876_IW1|136_290877_IW1,S1_290874_IW1_20230829T005241_VV_51E4-BURST|S1_290875_IW1_20230829T005244_VV_51E4-BURST|S1_290876_IW1_20230829T005247_VV_51E4-BURST|S1_290877_IW1_20230829T005250_VV_51E4-BURST,S1_290874_IW1_20231227T005240_VV_1BFE-BURST|S1_290875_IW1_20231227T005242_VV_1BFE-BURST|S1_290876_IW1_20231227T005245_VV_1BFE-BURST|S1_290877_IW1_20231227T005248_VV_1BFE-BURST
2023-09-22,2023-10-16,24,1.75,3.0,False,,136_290874_IW1|136_290875_IW1|136_290876_IW1|136_290877_IW1,S1_290874_IW1_20230922T005242_VV_4238-BURST|S1_290875_IW1_20230922T005245_VV_4238-BURST|S1_290876_IW1_20230922T005248_VV_4238-BURST|S1_290877_IW1_20230922T005250_VV_4238-BURST,S1_290874_IW1_20231016T005242_VV_CEBE-BURST|S1_290875_IW1_20231016T005245_VV_CEBE-BURST|S1_290876_IW1_20231016T005248_VV_CEBE-BURST|S1_290877_IW1_20231016T005251_VV_CEBE-BURST
2023-10-16,2023-11-09,24,-205.0,205.0,False,,136_290874_IW1|136_290875_IW1|136_290876_IW1|136_290877_IW1,S1_290874_IW1_20231016T005242_VV_CEBE-BURST|S1_290875_IW1_20231016T005245_VV_CEBE-BURST|S1_290876_IW1_20231016T005248_VV_CEBE-BURST|S1_290877_IW1_20231016T005251_VV_CEBE-BURST,S1_290874_IW1_20231109T005241_VV_A46B-BURST|S1_290875_IW1_20231109T005244_VV_A46B-BURST|S1_290876_IW1_20231109T005247_VV_A46B-BURST|S1_290877_IW1_20231109T005250_VV_A46B-BURST
2023-11-09,2023-12-03,24,237.5,239.0,False,,136_290874_IW1|136_290875_IW1|136_290876_IW1|136_290877_IW1,S1_290874_IW1_20231109T005241_VV_A46B-BURST|S1_290875_IW1_20231109T005244_VV_A46B-BURST|S1_290876_IW1_20231109T005247_VV_A46B-BURST|S1_290877_IW1_20231109T005250_VV_A46B-BURST,S1_290874_IW1_20231203T005241_VV_9CC8-BURST|S1_290875_IW1_20231203T005244_VV_9CC8-BURST|S1_290876_IW1_20231203T005247_VV_9CC8-BURST|S1_290877_IW1_20231203T005249_VV_9CC8-BURST
2023-12-03,2023-12-27,24,-84.5,86.0,False,,136_290874_IW1|136_290875_IW1|136_290876_IW1|136_290877_IW1,S1_290874_IW1_20231203T005241_VV_9CC8-BURST|S1_290875_IW1_20231203T005244_VV_9CC8-BURST|S1_290876_IW1_20231203T005247_VV_9CC8-BURST|S1_290877_IW1_20231203T005249_VV_9CC8-BURST,S1_290874_IW1_20231227T005240_VV_1BFE-BURST|S1_290875_IW1_20231227T005242_VV_1BFE-BURST|S1_290876_IW1_20231227T005245_VV_1BFE-BURST|S1_290877_IW1_20231227T005248_VV_1BFE-BURST
2023-12-03,2024-01-08,36,-64.0,65.0,False,,136_290874_IW1|136_290875_IW1|136_290876_IW1|136_290877_IW1,S1_290874_IW1_20231203T005241_VV_9CC8-BURST|S1_290875_IW1_20231203T005244_VV_9CC8-BURST|S1_290876_IW1_20231203T005247_VV_9CC8-BURST|S1_290877_IW1_20231203T005249_VV_9CC8-BURST,S1_290874_IW1_20240108T005239_VV_EF2D-BURST|S1_290875_IW1_20240108T005242_VV_EF2D-BURST|S1_290876_IW1_20240108T005245_VV_EF2D-BURST|S1_290877_IW1_20240108T005248_VV_EF2D-BURST
2023-12-27,2024-01-08,12,20.5,21.0,False,,136_290874_IW1|136_290875_IW1|136_290876_IW1|136_290877_IW1,S1_290874_IW1_20231227T005240_VV_1BFE-BURST|S1_290875_IW1_20231227T005242_VV_1BFE-BURST|S1_290876_IW1_20231227T005245_VV_1BFE-BURST|S1_290877_IW1_20231227T005248_VV_1BFE-BURST,S1_290874_IW1_20240108T005239_VV_EF2D-BURST|S1_290875_IW1_20240108T005242_VV_EF2D-BURST|S1_290876_IW1_20240108T005245_VV_EF2D-BURST|S1_290877_IW1_20240108T005248_VV_EF2D-BURST
2023-12-27,2024-01-20,24,-13.0,16.0,False,,136_290874_IW1|136_290875_IW1|136_290876_IW1|136_290877_IW1,S1_290874_IW1_20231227T005240_VV_1BFE-BURST|S1_290875_IW1_20231227T005242_VV_1BFE-BURST|S1_290876_IW1_20231227T005245_VV_1BFE-BURST|S1_290877_IW1_20231227T005248_VV_1BFE-BURST,S1_290874_IW1_20240120T005239_VV_721D-BURST|S1_290875_IW1_20240120T005242_VV_721D-BURST|S1_290876_IW1_20240120T005244_VV_721D-BURST|S1_290877_IW1_20240120T005247_VV_721D-BURST
2024-01-08,2024-01-20,12,-33.5,36.0,False,,136_290874_IW1|136_290875_IW1|136_290876_IW1|136_290877_IW1,S1_290874_IW1_20240108T005239_VV_EF2D-BURST|S1_290875_IW1_20240108T005242_VV_EF2D-BURST|S1_290876_IW1_20240108T005245_VV_EF2D-BURST|S1_290877_IW1_20240108T005248_VV_EF2D-BURST,S1_290874_IW1_20240120T005239_VV_721D-BURST|S1_290875_IW1_20240120T005242_VV_721D-BURST|S1_290876_IW1_20240120T005244_VV_721D-BURST|S1_290877_IW1_20240120T005247_VV_721D-BURST
2024-01-08,2024-03-08,60,-74.25,80.0,True,remove_bridge,136_290874_IW1|136_290875_IW1|136_290876_IW1|136_290877_IW1,S1_290874_IW1_20240108T005239_VV_EF2D-BURST|S1_290875_IW1_20240108T005242_VV_EF2D-BURST|S1_290876_IW1_20240108T005245_VV_EF2D-BURST|S1_290877_IW1_20240108T005248_VV_EF2D-BURST,S1_290874_IW1_20240308T005238_VV_A350-BURST|S1_290875_IW1_20240308T005241_VV_A350-BURST|S1_290876_IW1_20240308T005243_VV_A350-BURST|S1_290877_IW1_20240308T005246_VV_A350-BURST
2024-01-20,2024-02-25,36,117.25,119.0,False,,136_290874_IW1|136_290875_IW1|136_290876_IW1|136_290877_IW1,S1_290874_IW1_20240120T005239_VV_721D-BURST|S1_290875_IW1_20240120T005242_VV_721D-BURST|S1_290876_IW1_20240120T005244_VV_721D-BURST|S1_290877_IW1_20240120T005247_VV_721D-BURST,S1_290874_IW1_20240225T005238_VV_24F2-BURST|S1_290875_IW1_20240225T005241_VV_24F2-BURST|S1_290876_IW1_20240225T005244_VV_24F2-BURST|S1_290877_IW1_20240225T005246_VV_24F2-BURST
2024-02-25,2024-03-08,12,-158.0,158.0,False,,136_290874_IW1|136_290875_IW1|136_290876_IW1|136_290877_IW1,S1_290874_IW1_20240225T005238_VV_24F2-BURST|S1_290875_IW1_20240225T005241_VV_24F2-BURST|S1_290876_IW1_20240225T005244_VV_24F2-BURST|S1_290877_IW1_20240225T005246_VV_24F2-BURST,S1_290874_IW1_20240308T005238_VV_A350-BURST|S1_290875_IW1_20240308T005241_VV_A350-BURST|S1_290876_IW1_20240308T005243_VV_A350-BURST|S1_290877_IW1_20240308T005246_VV_A350-BURST
2024-02-25,2024-03-20,24,-135.25,139.0,False,,136_290874_IW1|136_290875_IW1|136_290876_IW1|136_290877_IW1,S1_290874_IW1_20240225T005238_VV_24F2-BURST|S1_290875_IW1_20240225T005241_VV_24F2-BURST|S1_290876_IW1_20240225T005244_VV_24F2-BURST|S1_290877_IW1_20240225T005246_VV_24F2-BURST,S1_290874_IW1_20240320T005238_VV_295E-BURST|S1_290875_IW1_20240320T005241_VV_295E-BURST|S1_290876_IW1_20240320T005244_VV_295E-BURST|S1_290877_IW1_20240320T005247_VV_295E-BURST
2024-02-25,2024-04-01,36,-66.0,66.0,False,,136_290874_IW1|136_290875_IW1|136_290876_IW1|136_290877_IW1,S1_290874_IW1_20240225T005238_VV_24F2-BURST|S1_290875_IW1_20240225T005241_VV_24F2-BURST|S1_290876_IW1_20240225T005244_VV_24F2-BURST|S1_290877_IW1_20240225T005246_VV_24F2-BURST,S1_290874_IW1_20240401T005239_VV_2182-BURST|S1_290875_IW1_20240401T005242_VV_2182-BURST|S1_290876_IW1_20240401T005245_VV_2182-BURST|S1_290877_IW1_20240401T005247_VV_2182-BURST
2024-03-08,2024-03-20,12,22.75,28.0,False,,136_290874_IW1|136_290875_IW1|136_290876_IW1|136_290877_IW1,S1_290874_IW1_20240308T005238_VV_A350-BURST|S1_290875_IW1_20240308T005241_VV_A350-BURST|S1_290876_IW1_20240308T005243_VV_A350-BURST|S1_290877_IW1_20240308T005246_VV_A350-BURST,S1_290874_IW1_20240320T005238_VV_295E-BURST|S1_290875_IW1_20240320T005241_VV_295E-BURST|S1_290876_IW1_20240320T005244_VV_295E-BURST|S1_290877_IW1_20240320T005247_VV_295E-BURST
2024-03-08,2024-04-01,24,92.0,92.0,False,,136_290874_IW1|136_290875_IW1|136_290876_IW1|136_290877_IW1,S1_290874_IW1_20240308T005238_VV_A350-BURST|S1_290875_IW1_20240308T005241_VV_A350-BURST|S1_290876_IW1_20240308T005243_VV_A350-BURST|S1_290877_IW1_20240308T005246_VV_A350-BURST,S1_290874_IW1_20240401T005239_VV_2182-BURST|S1_290875_IW1_20240401T005242_VV_2182-BURST|S1_290876_IW1_20240401T005245_VV_2182-BURST|S1_290877_IW1_20240401T005247_VV_2182-BURST
2024-03-20,2024-04-01,12,69.25,73.0,False,,136_290874_IW1|136_290875_IW1|136_290876_IW1|136_290877_IW1,S1_290874_IW1_20240320T005238_VV_295E-BURST|S1_290875_IW1_20240320T005241_VV_295E-BURST|S1_290876_IW1_20240320T005244_VV_295E-BURST|S1_290877_IW1_20240320T005247_VV_295E-BURST,S1_290874_IW1_20240401T005239_VV_2182-BURST|S1_290875_IW1_20240401T005242_VV_2182-BURST|S1_290876_IW1_20240401T005245_VV_2182-BURST|S1_290877_IW1_20240401T005247_VV_2182-BURST
2024-03-20,2024-04-25,36,76.0,77.0,False,,136_290874_IW1|136_290875_IW1|136_290876_IW1|136_290877_IW1,S1_290874_IW1_20240320T005238_VV_295E-BURST|S1_290875_IW1_20240320T005241_VV_295E-BURST|S1_290876_IW1_20240320T005244_VV_295E-BURST|S1_290877_IW1_20240320T005247_VV_295E-BURST,S1_290874_IW1_20240425T005239_VV_7B6C-BURST|S1_290875_IW1_20240425T005242_VV_7B6C-BURST|S1_290876_IW1_20240425T005245_VV_7B6C-BURST|S1_290877_IW1_20240425T005247_VV_7B6C-BURST
2024-04-01,2024-04-25,24,6.75,13.0,False,,136_290874_IW1|136_290875_IW1|136_290876_IW1|136_290877_IW1,S1_290874_IW1_20240401T005239_VV_2182-BURST|S1_290875_IW1_20240401T005242_VV_2182-BURST|S1_290876_IW1_20240401T005245_VV_2182-BURST|S1_290877_IW1_20240401T005247_VV_2182-BURST,S1_290874_IW1_20240425T005239_VV_7B6C-BURST|S1_290875_IW1_20240425T005242_VV_7B6C-BURST|S1_290876_IW1_20240425T005245_VV_7B6C-BURST|S1_290877_IW1_20240425T005247_VV_7B6C-BURST
2024-04-01,2024-05-19,48,190.75,197.0,True,reduce_articulation,136_290874_IW1|136_290875_IW1|136_290876_IW1|136_290877_IW1,S1_290874_IW1_20240401T005239_VV_2182-BURST|S1_290875_IW1_20240401T005242_VV_2182-BURST|S1_290876_IW1_20240401T005245_VV_2182-BURST|S1_290877_IW1_20240401T005247_VV_2182-BURST,S1_290874_IW1_20240519T005240_VV_F011-BURST|S1_290875_IW1_20240519T005242_VV_F011-BURST|S1_290876_IW1_20240519T005245_VV_F011-BURST|S1_290877_IW1_20240519T005248_VV_F011-BURST
2024-04-25,2024-05-19,24,184.0,185.0,False,,136_290874_IW1|136_290875_IW1|136_290876_IW1|136_290877_IW1,S1_290874_IW1_20240425T005239_VV_7B6C-BURST|S1_290875_IW1_20240425T005242_VV_7B6C-BURST|S1_290876_IW1_20240425T005245_VV_7B6C-BURST|S1_290877_IW1_20240425T005247_VV_7B6C-BURST,S1_290874_IW1_20240519T005240_VV_F011-BURST|S1_290875_IW1_20240519T005242_VV_F011-BURST|S1_290876_IW1_20240519T005245_VV_F011-BURST|S1_290877_IW1_20240519T005248_VV_F011-BURST
2024-04-25,2024-05-31,36,132.0,132.0,False,,136_290874_IW1|136_290875_IW1|136_290876_IW1|136_290877_IW1,S1_290874_IW1_20240425T005239_VV_7B6C-BURST|S1_290875_IW1_20240425T005242_VV_7B6C-BURST|S1_290876_IW1_20240425T005245_VV_7B6C-BURST|S1_290877_IW1_20240425T005247_VV_7B6C-BURST,S1_290874_IW1_20240531T005239_VV_FC35-BURST|S1_290875_IW1_20240531T005242_VV_FC35-BURST|S1_290876_IW1_20240531T005245_VV_FC35-BURST|S1_290877_IW1_20240531T005248_VV_FC35-BURST
2024-05-19,2024-05-31,12,-52.0,53.0,False,,136_290874_IW1|136_290875_IW1|136_290876_IW1|136_290877_IW1,S1_290874_IW1_20240519T005240_VV_F011-BURST|S1_290875_IW1_20240519T005242_VV_F011-BURST|S1_290876_IW1_20240519T005245_VV_F011-BURST|S1_290877_IW1_20240519T005248_VV_F011-BURST,S1_290874_IW1_20240531T005239_VV_FC35-BURST|S1_290875_IW1_20240531T005242_VV_FC35-BURST|S1_290876_IW1_20240531T005245_VV_FC35-BURST|S1_290877_IW1_20240531T005248_VV_FC35-BURST
2024-05-19,2024-09-16,120,-122.5,124.0,True,remove_bridge,136_290874_IW1|136_290875_IW1|136_290876_IW1|136_290877_IW1,S1_290874_IW1_20240519T005240_VV_F011-BURST|S1_290875_IW1_20240519T005242_VV_F011-BURST|S1_290876_IW1_20240519T005245_VV_F011-BURST|S1_290877_IW1_20240519T005248_VV_F011-BURST,S1_290874_IW1_20240916T005238_VV_1568-BURST|S1_290875_IW1_20240916T005241_VV_1568-BURST|S1_290876_IW1_20240916T005244_VV_1568-BURST|S1_290877_IW1_20240916T005246_VV_1568-BURST
2024-05-31,2024-07-18,48,-49.25,50.0,True,connect_components,136_290874_IW1|136_290875_IW1|136_290876_IW1|136_290877_IW1,S1_290874_IW1_20240531T005239_VV_FC35-BURST|S1_290875_IW1_20240531T005242_VV_FC35-BURST|S1_290876_IW1_20240531T005245_VV_FC35-BURST|S1_290877_IW1_20240531T005248_VV_FC35-BURST,S1_290874_IW1_20240718T005237_VV_22B6-BURST|S1_290875_IW1_20240718T005240_VV_22B6-BURST|S1_290876_IW1_20240718T005243_VV_22B6-BURST|S1_290877_IW1_20240718T005245_VV_22B6-BURST
2024-07-18,2024-08-23,36,-85.5,86.0,False,,136_290874_IW1|136_290875_IW1|136_290876_IW1|136_290877_IW1,S1_290874_IW1_20240718T005237_VV_22B6-BURST|S1_290875_IW1_20240718T005240_VV_22B6-BURST|S1_290876_IW1_20240718T005243_VV_22B6-BURST|S1_290877_IW1_20240718T005245_VV_22B6-BURST,S1_290874_IW1_20240823T005237_VV_0D30-BURST|S1_290875_IW1_20240823T005240_VV_0D30-BURST|S1_290876_IW1_20240823T005243_VV_0D30-BURST|S1_290877_IW1_20240823T005245_VV_0D30-BURST
2024-08-23,2024-09-04,12,-130.5,131.0,False,,136_290874_IW1|136_290875_IW1|136_290876_IW1|136_290877_IW1,S1_290874_IW1_20240823T005237_VV_0D30-BURST|S1_290875_IW1_20240823T005240_VV_0D30-BURST|S1_290876_IW1_20240823T005243_VV_0D30-BURST|S1_290877_IW1_20240823T005245_VV_0D30-BURST,S1_290874_IW1_20240904T005237_VV_6A1E-BURST|S1_290875_IW1_20240904T005240_VV_6A1E-BURST|S1_290876_IW1_20240904T005243_VV_6A1E-BURST|S1_290877_IW1_20240904T005245_VV_6A1E-BURST
2024-08-23,2024-09-16,24,64.25,65.0,False,,136_290874_IW1|136_290875_IW1|136_290876_IW1|136_290877_IW1,S1_290874_IW1_20240823T005237_VV_0D30-BURST|S1_290875_IW1_20240823T005240_VV_0D30-BURST|S1_290876_IW1_20240823T005243_VV_0D30-BURST|S1_290877_IW1_20240823T005245_VV_0D30-BURST,S1_290874_IW1_20240916T005238_VV_1568-BURST|S1_290875_IW1_20240916T005241_VV_1568-BURST|S1_290876_IW1_20240916T005244_VV_1568-BURST|S1_290877_IW1_20240916T005246_VV_1568-BURST
2024-08-23,2024-09-28,36,-195.25,201.0,False,,136_290874_IW1|136_290875_IW1|136_290876_IW1|136_290877_IW1,S1_290874_IW1_20240823T005237_VV_0D30-BURST|S1_290875_IW1_20240823T005240_VV_0D30-BURST|S1_290876_IW1_20240823T005243_VV_0D30-BURST|S1_290877_IW1_20240823T005245_VV_0D30-BURST,S1_290874_IW1_20240928T005238_VV_2566-BURST|S1_290875_IW1_20240928T005241_VV_2566-BURST|S1_290876_IW1_20240928T005243_VV_2566-BURST|S1_290877_IW1_20240928T005246_VV_2566-BURST
2024-09-04,2024-09-16,12,194.75,196.0,False,,136_290874_IW1|136_290875_IW1|136_290876_IW1|136_290877_IW1,S1_290874_IW1_20240904T005237_VV_6A1E-BURST|S1_290875_IW1_20240904T005240_VV_6A1E-BURST|S1_290876_IW1_20240904T005243_VV_6A1E-BURST|S1_290877_IW1_20240904T005245_VV_6A1E-BURST,S1_290874_IW1_20240916T005238_VV_1568-BURST|S1_290875_IW1_20240916T005241_VV_1568-BURST|S1_290876_IW1_20240916T005244_VV_1568-BURST|S1_290877_IW1_20240916T005246_VV_1568-BURST
2024-09-04,2024-09-28,24,-64.75,70.0,False,,136_290874_IW1|136_290875_IW1|136_290876_IW1|136_290877_IW1,S1_290874_IW1_20240904T005237_VV_6A1E-BURST|S1_290875_IW1_20240904T005240_VV_6A1E-BURST|S1_290876_IW1_20240904T005243_VV_6A1E-BURST|S1_290877_IW1_20240904T005245_VV_6A1E-BURST,S1_290874_IW1_20240928T005238_VV_2566-BURST|S1_290875_IW1_20240928T005241_VV_2566-BURST|S1_290876_IW1_20240928T005243_VV_2566-BURST|S1_290877_IW1_20240928T005246_VV_2566-BURST
2024-09-04,2024-10-10,36,211.5,214.0,False,,136_290874_IW1|136_290875_IW1|136_290876_IW1|136_290877_IW1,S1_290874_IW1_20240904T005237_VV_6A1E-BURST|S1_290875_IW1_20240904T005240_VV_6A1E-BURST|S1_290876_IW1_20240904T005243_VV_6A1E-BURST|S1_290877_IW1_20240904T005245_VV_6A1E-BURST,S1_290874_IW1_20241010T005239_VV_C53E-BURST|S1_290875_IW1_20241010T005242_VV_C53E-BURST|S1_290876_IW1_20241010T005244_VV_C53E-BURST|S1_290877_IW1_20241010T005247_VV_C53E-BURST
2024-09-16,2024-10-10,24,16.75,20.0,False,,136_290874_IW1|136_290875_IW1|136_290876_IW1|136_290877_IW1,S1_290874_IW1_20240916T005238_VV_1568-BURST|S1_290875_IW1_20240916T005241_VV_1568-BURST|S1_290876_IW1_20240916T005244_VV_1568-BURST|S1_290877_IW1_20240916T005246_VV_1568-BURST,S1_290874_IW1_20241010T005239_VV_C53E-BURST|S1_290875_IW1_20241010T005242_VV_C53E-BURST|S1_290876_IW1_20241010T005244_VV_C53E-BURST|S1_290877_IW1_20241010T005247_VV_C53E-BURST
2024-09-16,2024-10-22,36,-99.25,100.0,False,,136_290874_IW1|136_290875_IW1|136_290876_IW1|136_290877_IW1,S1_290874_IW1_20240916T005238_VV_1568-BURST|S1_290875_IW1_20240916T005241_VV_1568-BURST|S1_290876_IW1_20240916T005244_VV_1568-BURST|S1_290877_IW1_20240916T005246_VV_1568-BURST,S1_290874_IW1_20241022T005239_VV_CD8D-BURST|S1_290875_IW1_20241022T005241_VV_CD8D-BURST|S1_290876_IW1_20241022T005244_VV_CD8D-BURST|S1_290877_IW1_20241022T005247_VV_CD8D-BURST
2024-09-28,2024-10-22,24,160.25,166.0,False,,136_290874_IW1|136_290875_IW1|136_290876_IW1|136_290877_IW1,S1_290874_IW1_20240928T005238_VV_2566-BURST|S1_290875_IW1_20240928T005241_VV_2566-BURST|S1_290876_IW1_20240928T005243_VV_2566-BURST|S1_290877_IW1_20240928T005246_VV_2566-BURST,S1_290874_IW1_20241022T005239_VV_CD8D-BURST|S1_290875_IW1_20241022T005241_VV_CD8D-BURST|S1_290876_IW1_20241022T005244_VV_CD8D-BURST|S1_290877_IW1_20241022T005247_VV_CD8D-BURST
2024-10-10,2024-10-22,12,-116.0,120.0,False,,136_290874_IW1|136_290875_IW1|136_290876_IW1|136_290877_IW1,S1_290874_IW1_20241010T005239_VV_C53E-BURST|S1_290875_IW1_20241010T005242_VV_C53E-BURST|S1_290876_IW1_20241010T005244_VV_C53E-BURST|S1_290877_IW1_20241010T005247_VV_C53E-BURST,S1_290874_IW1_20241022T005239_VV_CD8D-BURST|S1_290875_IW1_20241022T005241_VV_CD8D-BURST|S1_290876_IW1_20241022T005244_VV_CD8D-BURST|S1_290877_IW1_20241022T005247_VV_CD8D-BURST
2024-10-10,2024-11-03,24,-16.5,21.0,False,,136_290874_IW1|136_290875_IW1|136_290876_IW1|136_290877_IW1,S1_290874_IW1_20241010T005239_VV_C53E-BURST|S1_290875_IW1_20241010T005242_VV_C53E-BURST|S1_290876_IW1_20241010T005244_VV_C53E-BURST|S1_290877_IW1_20241010T005247_VV_C53E-BURST,S1_290874_IW1_20241103T005239_VV_EFDB-BURST|S1_290875_IW1_20241103T005241_VV_EFDB-BURST|S1_290876_IW1_20241103T005244_VV_EFDB-BURST|S1_290877_IW1_20241103T005247_VV_EFDB-BURST
2024-10-10,2024-11-15,36,-15.25,18.0,False,,136_290874_IW1|136_290875_IW1|136_290876_IW1|136_290877_IW1,S1_290874_IW1_20241010T005239_VV_C53E-BURST|S1_290875_IW1_20241010T005242_VV_C53E-BURST|S1_290876_IW1_20241010T005244_VV_C53E-BURST|S1_290877_IW1_20241010T005247_VV_C53E-BURST,S1_290874_IW1_20241115T005238_VV_57E0-BURST|S1_290875_IW1_20241115T005241_VV_57E0-BURST|S1_290876_IW1_20241115T005244_VV_57E0-BURST|S1_290877_IW1_20241115T005246_VV_57E0-BURST
2024-10-22,2024-11-03,12,99.5,100.0,False,,136_290874_IW1|136_290875_IW1|136_290876_IW1|136_290877_IW1,S1_290874_IW1_20241022T005239_VV_CD8D-BURST|S1_290875_IW1_20241022T005241_VV_CD8D-BURST|S1_290876_IW1_20241022T005244_VV_CD8D-BURST|S1_290877_IW1_20241022T005247_VV_CD8D-BURST,S1_290874_IW1_20241103T005239_VV_EFDB-BURST|S1_290875_IW1_20241103T005241_VV_EFDB-BURST|S1_290876_IW1_20241103T005244_VV_EFDB-BURST|S1_290877_IW1_20241103T005247_VV_EFDB-BURST
2024-10-22,2024-11-15,24,100.75,102.0,False,,136_290874_IW1|136_290875_IW1|136_290876_IW1|136_290877_IW1,S1_290874_IW1_20241022T005239_VV_CD8D-BURST|S1_290875_IW1_20241022T005241_VV_CD8D-BURST|S1_290876_IW1_20241022T005244_VV_CD8D-BURST|S1_290877_IW1_20241022T005247_VV_CD8D-BURST,S1_290874_IW1_20241115T005238_VV_57E0-BURST|S1_290875_IW1_20241115T005241_VV_57E0-BURST|S1_290876_IW1_20241115T005244_VV_57E0-BURST|S1_290877_IW1_20241115T005246_VV_57E0-BURST
2024-10-22,2024-11-27,36,-21.5,27.0,False,,136_290874_IW1|136_290875_IW1|136_290876_IW1|136_290877_IW1,S1_290874_IW1_20241022T005239_VV_CD8D-BURST|S1_290875_IW1_20241022T005241_VV_CD8D-BURST|S1_290876_IW1_20241022T005244_VV_CD8D-BURST|S1_290877_IW1_20241022T005247_VV_CD8D-BURST,S1_290874_IW1_20241127T005237_VV_F5DA-BURST|S1_290875_IW1_20241127T005240_VV_F5DA-BURST|S1_290876_IW1_20241127T005243_VV_F5DA-BURST|S1_290877_IW1_20241127T005245_VV_F5DA-BURST
2024-11-03,2024-11-15,12,1.25,3.0,False,,136_290874_IW1|136_290875_IW1|136_290876_IW1|136_290877_IW1,S1_290874_IW1_20241103T005239_VV_EFDB-BURST|S1_290875_IW1_20241103T005241_VV_EFDB-BURST|S1_290876_IW1_20241103T005244_VV_EFDB-BURST|S1_290877_IW1_20241103T005247_VV_EFDB-BURST,S1_290874_IW1_20241115T005238_VV_57E0-BURST|S1_290875_IW1_20241115T005241_VV_57E0-BURST|S1_290876_IW1_20241115T005244_VV_57E0-BURST|S1_290877_IW1_20241115T005246_VV_57E0-BURST
2024-11-03,2024-11-27,24,-121.0,127.0,False,,136_290874_IW1|136_290875_IW1|136_290876_IW1|136_290877_IW1,S1_290874_IW1_20241103T005239_VV_EFDB-BURST|S1_290875_IW1_20241103T005241_VV_EFDB-BURST|S1_290876_IW1_20241103T005244_VV_EFDB-BURST|S1_290877_IW1_20241103T005247_VV_EFDB-BURST,S1_290874_IW1_20241127T005237_VV_F5DA-BURST|S1_290875_IW1_20241127T005240_VV_F5DA-BURST|S1_290876_IW1_20241127T005243_VV_F5DA-BURST|S1_290877_IW1_20241127T005245_VV_F5DA-BURST
2024-11-03,2024-12-09,36,-8.75,10.0,False,,136_290874_IW1|136_290875_IW1|136_290876_IW1|136_290877_IW1,S1_290874_IW1_20241103T005239_VV_EFDB-BURST|S1_290875_IW1_20241103T005241_VV_EFDB-BURST|S1_290876_IW1_20241103T005244_VV_EFDB-BURST|S1_290877_IW1_20241103T005247_VV_EFDB-BURST,S1_290874_IW1_20241209T005236_VV_2676-BURST|S1_290875_IW1_20241209T005239_VV_2676-BURST|S1_290876_IW1_20241209T005242_VV_2676-BURST|S1_290877_IW1_20241209T005245_VV_2676-BURST
2024-11-15,2024-11-27,12,-122.25,128.0,False,,136_290874_IW1|136_290875_IW1|136_290876_IW1|136_290877_IW1,S1_290874_IW1_20241115T005238_VV_57E0-BURST|S1_290875_IW1_20241115T005241_VV_57E0-BURST|S1_290876_IW1_20241115T005244_VV_57E0-BURST|S1_290877_IW1_20241115T005246_VV_57E0-BURST,S1_290874_IW1_20241127T005237_VV_F5DA-BURST|S1_290875_IW1_20241127T005240_VV_F5DA-BURST|S1_290876_IW1_20241127T005243_VV_F5DA-BURST|S1_290877_IW1_20241127T005245_VV_F5DA-BURST
2024-11-15,2024-12-09,24,-10.0,11.0,False,,136_290874_IW1|136_290875_IW1|136_290876_IW1|136_290877_IW1,S1_290874_IW1_20241115T005238_VV_57E0-BURST|S1_290875_IW1_20241115T005241_VV_57E0-BURST|S1_290876_IW1_20241115T005244_VV_57E0-BURST|S1_290877_IW1_20241115T005246_VV_57E0-BURST,S1_290874_IW1_20241209T005236_VV_2676-BURST|S1_290875_IW1_20241209T005239_VV_2676-BURST|S1_290876_IW1_20241209T005242_VV_2676-BURST|S1_290877_IW1_20241209T005245_VV_2676-BURST
2024-11-15,2024-12-21,36,-49.0,55.0,False,,136_290874_IW1|136_290875_IW1|136_290876_IW1|136_290877_IW1,S1_290874_IW1_20241115T005238_VV_57E0-BURST|S1_290875_IW1_20241115T005241_VV_57E0-BURST|S1_290876_IW1_20241115T005244_VV_57E0-BURST|S1_290877_IW1_20241115T005246_VV_57E0-BURST,S1_290874_IW1_20241221T005235_VV_6DA0-BURST|S1_290875_IW1_20241221T005238_VV_6DA0-BURST|S1_290876_IW1_20241221T005240_VV_6DA0-BURST|S1_290877_IW1_20241221T005243_VV_6DA0-BURST
2024-11-27,2024-12-09,12,112.25,117.0,False,,136_290874_IW1|136_290875_IW1|136_290876_IW1|136_290877_IW1,S1_290874_IW1_20241127T005237_VV_F5DA-BURST|S1_290875_IW1_20241127T005240_VV_F5DA-BURST|S1_290876_IW1_20241127T005243_VV_F5DA-BURST|S1_290877_IW1_20241127T005245_VV_F5DA-BURST,S1_290874_IW1_20241209T005236_VV_2676-BURST|S1_290875_IW1_20241209T005239_VV_2676-BURST|S1_290876_IW1_20241209T005242_VV_2676-BURST|S1_290877_IW1_20241209T005245_VV_2676-BURST
2024-11-27,2024-12-21,24,73.25,74.0,False,,136_290874_IW1|136_290875_IW1|136_290876_IW1|136_290877_IW1,S1_290874_IW1_20241127T005237_VV_F5DA-BURST|S1_290875_IW1_20241127T005240_VV_F5DA-BURST|S1_290876_IW1_20241127T005243_VV_F5DA-BURST|S1_290877_IW1_20241127T005245_VV_F5DA-BURST,S1_290874_IW1_20241221T005235_VV_6DA0-BURST|S1_290875_IW1_20241221T005238_VV_6DA0-BURST|S1_290876_IW1_20241221T005240_VV_6DA0-BURST|S1_290877_IW1_20241221T005243_VV_6DA0-BURST
2024-11-27,2025-01-02,36,172.0,172.0,False,,136_290874_IW1|136_290875_IW1|136_290876_IW1|136_290877_IW1,S1_290874_IW1_20241127T005237_VV_F5DA-BURST|S1_290875_IW1_20241127T005240_VV_F5DA-BURST|S1_290876_IW1_20241127T005243_VV_F5DA-BURST|S1_290877_IW1_20241127T005245_VV_F5DA-BURST,S1_290874_IW1_20250102T005234_VV_C02F-BURST|S1_290875_IW1_20250102T005237_VV_C02F-BURST|S1_290876_IW1_20250102T005240_VV_C02F-BURST|S1_290877_IW1_20250102T005242_VV_C02F-BURST
2024-12-09,2024-12-21,12,-39.0,44.0,False,,136_290874_IW1|136_290875_IW1|136_290876_IW1|136_290877_IW1,S1_290874_IW1_20241209T005236_VV_2676-BURST|S1_290875_IW1_20241209T005239_VV_2676-BURST|S1_290876_IW1_20241209T005242_VV_2676-BURST|S1_290877_IW1_20241209T005245_VV_2676-BURST,S1_290874_IW1_20241221T005235_VV_6DA0-BURST|S1_290875_IW1_20241221T005238_VV_6DA0-BURST|S1_290876_IW1_20241221T005240_VV_6DA0-BURST|S1_290877_IW1_20241221T005243_VV_6DA0-BURST
2024-12-09,2025-01-02,24,59.75,63.0,False,,136_290874_IW1|136_290875_IW1|136_290876_IW1|136_290877_IW1,S1_290874_IW1_20241209T005236_VV_2676-BURST|S1_290875_IW1_20241209T005239_VV_2676-BURST|S1_290876_IW1_20241209T005242_VV_2676-BURST|S1_290877_IW1_20241209T005245_VV_2676-BURST,S1_290874_IW1_20250102T005234_VV_C02F-BURST|S1_290875_IW1_20250102T005237_VV_C02F-BURST|S1_290876_IW1_20250102T005240_VV_C02F-BURST|S1_290877_IW1_20250102T005242_VV_C02F-BURST
2024-12-09,2025-01-14,36,14.5,18.0,False,,136_290874_IW1|136_290875_IW1|136_290876_IW1|136_290877_IW1,S1_290874_IW1_20241209T005236_VV_2676-BURST|S1_290875_IW1_20241209T005239_VV_2676-BURST|S1_290876_IW1_20241209T005242_VV_2676-BURST|S1_290877_IW1_20241209T005245_VV_2676-BURST,S1_290874_IW1_20250114T005233_VV_A40B-BURST|S1_290875_IW1_20250114T005236_VV_A40B-BURST|S1_290876_IW1_20250114T005238_VV_A40B-BURST|S1_290877_IW1_20250114T005241_VV_A40B-BURST
2024-12-21,2025-01-02,12,98.75,99.0,False,,136_290874_IW1|136_290875_IW1|136_290876_IW1|136_290877_IW1,S1_290874_IW1_20241221T005235_VV_6DA0-BURST|S1_290875_IW1_20241221T005238_VV_6DA0-BURST|S1_290876_IW1_20241221T005240_VV_6DA0-BURST|S1_290877_IW1_20241221T005243_VV_6DA0-BURST,S1_290874_IW1_20250102T005234_VV_C02F-BURST|S1_290875_IW1_20250102T005237_VV_C02F-BURST|S1_290876_IW1_20250102T005240_VV_C02F-BURST|S1_290877_IW1_20250102T005242_VV_C02F-BURST
2024-12-21,2025-01-14,24,53.5,54.0,False,,136_290874_IW1|136_290875_IW1|136_290876_IW1|136_290877_IW1,S1_290874_IW1_20241221T005235_VV_6DA0-BURST|S1_290875_IW1_20241221T005238_VV_6DA0-BURST|S1_290876_IW1_20241221T005240_VV_6DA0-BURST|S1_290877_IW1_20241221T005243_VV_6DA0-BURST,S1_290874_IW1_20250114T005233_VV_A40B-BURST|S1_290875_IW1_20250114T005236_VV_A40B-BURST|S1_290876_IW1_20250114T005238_VV_A40B-BURST|S1_290877_IW1_20250114T005241_VV_A40B-BURST
2024-12-21,2025-01-26,36,25.25,31.0,False,,136_290874_IW1|136_290875_IW1|136_290876_IW1|136_290877_IW1,S1_290874_IW1_20241221T005235_VV_6DA0-BURST|S1_290875_IW1_20241221T005238_VV_6DA0-BURST|S1_290876_IW1_20241221T005240_VV_6DA0-BURST|S1_290877_IW1_20241221T005243_VV_6DA0-BURST,S1_290874_IW1_20250126T005232_VV_D6DB-BURST|S1_290875_IW1_20250126T005235_VV_D6DB-BURST|S1_290876_IW1_20250126T005238_VV_D6DB-BURST|S1_290877_IW1_20250126T005241_VV_D6DB-BURST
2025-01-02,2025-01-14,12,-45.25,46.0,False,,136_290874_IW1|136_290875_IW1|136_290876_IW1|136_290877_IW1,S1_290874_IW1_20250102T005234_VV_C02F-BURST|S1_290875_IW1_20250102T005237_VV_C02F-BURST|S1_290876_IW1_20250102T005240_VV_C02F-BURST|S1_290877_IW1_20250102T005242_VV_C02F-BURST,S1_290874_IW1_20250114T005233_VV_A40B-BURST|S1_290875_IW1_20250114T005236_VV_A40B-BURST|S1_290876_IW1_20250114T005238_VV_A40B-BURST|S1_290877_IW1_20250114T005241_VV_A40B-BURST
2025-01-02,2025-01-26,24,-73.5,77.0,False,,136_290874_IW1|136_290875_IW1|136_290876_IW1|136_290877_IW1,S1_290874_IW1_20250102T005234_VV_C02F-BURST|S1_290875_IW1_20250102T005237_VV_C02F-BURST|S1_290876_IW1_20250102T005240_VV_C02F-BURST|S1_290877_IW1_20250102T005242_VV_C02F-BURST,S1_290874_IW1_20250126T005232_VV_D6DB-BURST|S1_290875_IW1_20250126T005235_VV_D6DB-BURST|S1_290876_IW1_20250126T005238_VV_D6DB-BURST|S1_290877_IW1_20250126T005241_VV_D6DB-BURST
2025-01-02,2025-02-07,36,-83.5,85.0,False,,136_290874_IW1|136_290875_IW1|136_290876_IW1|136_290877_IW1,S1_290874_IW1_20250102T005234_VV_C02F-BURST|S1_290875_IW1_20250102T005237_VV_C02F-BURST|S1_290876_IW1_20250102T005240_VV_C02F-BURST|S1_290877_IW1_20250102T005242_VV_C02F-BURST,S1_290874_IW1_20250207T005232_VV_69A5-BURST|S1_290875_IW1_20250207T005235_VV_69A5-BURST|S1_290876_IW1_20250207T005237_VV_69A5-BURST|S1_290877_IW1_20250207T005240_VV_69A5-BURST
2025-01-14,2025-01-26,12,-28.25,32.0,False,,136_290874_IW1|136_290875_IW1|136_290876_IW1|136_290877_IW1,S1_290874_IW1_20250114T005233_VV_A40B-BURST|S1_290875_IW1_20250114T005236_VV_A40B-BURST|S1_290876_IW1_20250114T005238_VV_A40B-BURST|S1_290877_IW1_20250114T005241_VV_A40B-BURST,S1_290874_IW1_20250126T005232_VV_D6DB-BURST|S1_290875_IW1_20250126T005235_VV_D6DB-BURST|S1_290876_IW1_20250126T005238_VV_D6DB-BURST|S1_290877_IW1_20250126T005241_VV_D6DB-BURST
2025-01-14,2025-02-07,24,-38.25,40.0,False,,136_290874_IW1|136_290875_IW1|136_290876_IW1|136_290877_IW1,S1_290874_IW1_20250114T005233_VV_A40B-BURST|S1_290875_IW1_20250114T005236_VV_A40B-BURST|S1_290876_IW1_20250114T005238_VV_A40B-BURST|S1_290877_IW1_20250114T005241_VV_A40B-BURST,S1_290874_IW1_20250207T005232_VV_69A5-BURST|S1_290875_IW1_20250207T005235_VV_69A5-BURST|S1_290876_IW1_20250207T005237_VV_69A5-BURST|S1_290877_IW1_20250207T005240_VV_69A5-BURST
2025-01-14,2025-02-19,36,-224.5,225.0,False,,136_290874_IW1|136_290875_IW1|136_290876_IW1|136_290877_IW1,S1_290874_IW1_20250114T005233_VV_A40B-BURST|S1_290875_IW1_20250114T005236_VV_A40B-BURST|S1_290876_IW1_20250114T005238_VV_A40B-BURST|S1_290877_IW1_20250114T005241_VV_A40B-BURST,S1_290874_IW1_20250219T005231_VV_B2E0-BURST|S1_290875_IW1_20250219T005234_VV_B2E0-BURST|S1_290876_IW1_20250219T005237_VV_B2E0-BURST|S1_290877_IW1_20250219T005239_VV_B2E0-BURST
2025-01-26,2025-02-07,12,-10.0,12.0,False,,136_290874_IW1|136_290875_IW1|136_290876_IW1|136_290877_IW1,S1_290874_IW1_20250126T005232_VV_D6DB-BURST|S1_290875_IW1_20250126T005235_VV_D6DB-BURST|S1_290876_IW1_20250126T005238_VV_D6DB-BURST|S1_290877_IW1_20250126T005241_VV_D6DB-BURST,S1_290874_IW1_20250207T005232_VV_69A5-BURST|S1_290875_IW1_20250207T005235_VV_69A5-BURST|S1_290876_IW1_20250207T005237_VV_69A5-BURST|S1_290877_IW1_20250207T005240_VV_69A5-BURST
2025-01-26,2025-02-19,24,-196.25,202.0,False,,136_290874_IW1|136_290875_IW1|136_290876_IW1|136_290877_IW1,S1_290874_IW1_20250126T005232_VV_D6DB-BURST|S1_290875_IW1_20250126T005235_VV_D6DB-BURST|S1_290876_IW1_20250126T005238_VV_D6DB-BURST|S1_290877_IW1_20250126T005241_VV_D6DB-BURST,S1_290874_IW1_20250219T005231_VV_B2E0-BURST|S1_290875_IW1_20250219T005234_VV_B2E0-BURST|S1_290876_IW1_20250219T005237_VV_B2E0-BURST|S1_290877_IW1_20250219T005239_VV_B2E0-BURST
2025-01-26,2025-03-03,36,-58.75,59.0,False,,136_290874_IW1|136_290875_IW1|136_290876_IW1|136_290877_IW1,S1_290874_IW1_20250126T005232_VV_D6DB-BURST|S1_290875_IW1_20250126T005235_VV_D6DB-BURST|S1_290876_IW1_20250126T005238_VV_D6DB-BURST|S1_290877_IW1_20250126T005241_VV_D6DB-BURST,S1_290874_IW1_20250303T005231_VV_59E2-BURST|S1_290875_IW1_20250303T005234_VV_59E2-BURST|S1_290876_IW1_20250303T005237_VV_59E2-BURST|S1_290877_IW1_20250303T005239_VV_59E2-BURST
2025-02-07,2025-02-19,12,-186.25,190.0,False,,136_290874_IW1|136_290875_IW1|136_290876_IW1|136_290877_IW1,S1_290874_IW1_20250207T005232_VV_69A5-BURST|S1_290875_IW1_20250207T005235_VV_69A5-BURST|S1_290876_IW1_20250207T005237_VV_69A5-BURST|S1_290877_IW1_20250207T005240_VV_69A5-BURST,S1_290874_IW1_20250219T005231_VV_B2E0-BURST|S1_290875_IW1_20250219T005234_VV_B2E0-BURST|S1_290876_IW1_20250219T005237_VV_B2E0-BURST|S1_290877_IW1_20250219T005239_VV_B2E0-BURST
2025-02-07,2025-03-03,24,-48.75,51.0,False,,136_290874_IW1|136_290875_IW1|136_290876_IW1|136_290877_IW1,S1_290874_IW1_20250207T005232_VV_69A5-BURST|S1_290875_IW1_20250207T005235_VV_69A5-BURST|S1_290876_IW1_20250207T005237_VV_69A5-BURST|S1_290877_IW1_20250207T005240_VV_69A5-BURST,S1_290874_IW1_20250303T005231_VV_59E2-BURST|S1_290875_IW1_20250303T005234_VV_59E2-BURST|S1_290876_IW1_20250303T005237_VV_59E2-BURST|S1_290877_IW1_20250303T005239_VV_59E2-BURST
2025-02-07,2025-03-15,36,-19.0,21.0,False,,136_290874_IW1|136_290875_IW1|136_290876_IW1|136_290877_IW1,S1_290874_IW1_20250207T005232_VV_69A5-BURST|S1_290875_IW1_20250207T005235_VV_69A5-BURST|S1_290876_IW1_20250207T005237_VV_69A5-BURST|S1_290877_IW1_20250207T005240_VV_69A5-BURST,S1_290874_IW1_20250315T005231_VV_75F5-BURST|S1_290875_IW1_20250315T005234_VV_75F5-BURST|S1_290876_IW1_20250315T005237_VV_75F5-BURST|S1_290877_IW1_20250315T005239_VV_75F5-BURST
2025-02-19,2025-03-03,12,137.5,143.0,False,,136_290874_IW1|136_290875_IW1|136_290876_IW1|136_290877_IW1,S1_290874_IW1_20250219T005231_VV_B2E0-BURST|S1_290875_IW1_20250219T005234_VV_B2E0-BURST|S1_290876_IW1_20250219T005237_VV_B2E0-BURST|S1_290877_IW1_20250219T005239_VV_B2E0-BURST,S1_290874_IW1_20250303T005231_VV_59E2-BURST|S1_290875_IW1_20250303T005234_VV_59E2-BURST|S1_290876_IW1_20250303T005237_VV_59E2-BURST|S1_290877_IW1_20250303T005239_VV_59E2-BURST
2025-02-19,2025-03-15,24,167.25,173.0,False,,136_290874_IW1|136_290875_IW1|136_290876_IW1|136_290877_IW1,S1_290874_IW1_20250219T005231_VV_B2E0-BURST|S1_290875_IW1_20250219T005234_VV_B2E0-BURST|S1_290876_IW1_20250219T005237_VV_B2E0-BURST|S1_290877_IW1_20250219T005239_VV_B2E0-BURST,S1_290874_IW1_20250315T005231_VV_75F5-BURST|S1_290875_IW1_20250315T005234_VV_75F5-BURST|S1_290876_IW1_20250315T005237_VV_75F5-BURST|S1_290877_IW1_20250315T005239_VV_75F5-BURST
2025-02-19,2025-03-27,36,92.0,97.0,False,,136_290874_IW1|136_290875_IW1|136_290876_IW1|136_290877_IW1,S1_290874_IW1_20250219T005231_VV_B2E0-BURST|S1_290875_IW1_20250219T005234_VV_B2E0-BURST|S1_290876_IW1_20250219T005237_VV_B2E0-BURST|S1_290877_IW1_20250219T005239_VV_B2E0-BURST,S1_290874_IW1_20250327T005231_VV_3614-BURST|S1_290875_IW1_20250327T005234_VV_3614-BURST|S1_290876_IW1_20250327T005237_VV_3614-BURST|S1_290877_IW1_20250327T005240_VV_3614-BURST
2025-03-03,2025-03-15,12,29.75,30.0,False,,136_290874_IW1|136_290875_IW1|136_290876_IW1|136_290877_IW1,S1_290874_IW1_20250303T005231_VV_59E2-BURST|S1_290875_IW1_20250303T005234_VV_59E2-BURST|S1_290876_IW1_20250303T005237_VV_59E2-BURST|S1_290877_IW1_20250303T005239_VV_59E2-BURST,S1_290874_IW1_20250315T005231_VV_75F5-BURST|S1_290875_IW1_20250315T005234_VV_75F5-BURST|S1_290876_IW1_20250315T005237_VV_75F5-BURST|S1_290877_IW1_20250315T005239_VV_75F5-BURST
2025-03-03,2025-03-27,24,-45.5,46.0,False,,136_290874_IW1|136_290875_IW1|136_290876_IW1|136_290877_IW1,S1_290874_IW1_20250303T005231_VV_59E2-BURST|S1_290875_IW1_20250303T005234_VV_59E2-BURST|S1_290876_IW1_20250303T005237_VV_59E2-BURST|S1_290877_IW1_20250303T005239_VV_59E2-BURST,S1_290874_IW1_20250327T005231_VV_3614-BURST|S1_290875_IW1_20250327T005234_VV_3614-BURST|S1_290876_IW1_20250327T005237_VV_3614-BURST|S1_290877_IW1_20250327T005240_VV_3614-BURST
2025-03-03,2025-04-08,36,21.0,24.0,False,,136_290874_IW1|136_290875_IW1|136_290876_IW1|136_290877_IW1,S1_290874_IW1_20250303T005231_VV_59E2-BURST|S1_290875_IW1_20250303T005234_VV_59E2-BURST|S1_290876_IW1_20250303T005237_VV_59E2-BURST|S1_290877_IW1_20250303T005239_VV_59E2-BURST,S1_290874_IW1_20250408T005232_VV_D1BE-BURST|S1_290875_IW1_20250408T005235_VV_D1BE-BURST|S1_290876_IW1_20250408T005237_VV_D1BE-BURST|S1_290877_IW1_20250408T005240_VV_D1BE-BURST
2025-03-15,2025-03-27,12,-75.25,76.0,False,,136_290874_IW1|136_290875_IW1|136_290876_IW1|136_290877_IW1,S1_290874_IW1_20250315T005231_VV_75F5-BURST|S1_290875_IW1_20250315T005234_VV_75F5-BURST|S1_290876_IW1_20250315T005237_VV_75F5-BURST|S1_290877_IW1_20250315T005239_VV_75F5-BURST,S1_290874_IW1_20250327T005231_VV_3614-BURST|S1_290875_IW1_20250327T005234_VV_3614-BURST|S1_290876_IW1_20250327T005237_VV_3614-BURST|S1_290877_IW1_20250327T005240_VV_3614-BURST
2025-03-15,2025-04-08,24,-8.75,16.0,False,,136_290874_IW1|136_290875_IW1|136_290876_IW1|136_290877_IW1,S1_290874_IW1_20250315T005231_VV_75F5-BURST|S1_290875_IW1_20250315T005234_VV_75F5-BURST|S1_290876_IW1_20250315T005237_VV_75F5-BURST|S1_290877_IW1_20250315T005239_VV_75F5-BURST,S1_290874_IW1_20250408T005232_VV_D1BE-BURST|S1_290875_IW1_20250408T005235_VV_D1BE-BURST|S1_290876_IW1_20250408T005237_VV_D1BE-BURST|S1_290877_IW1_20250408T005240_VV_D1BE-BURST
2025-03-15,2025-04-20,36,-15.25,21.0,False,,136_290874_IW1|136_290875_IW1|136_290876_IW1|136_290877_IW1,S1_290874_IW1_20250315T005231_VV_75F5-BURST|S1_290875_IW1_20250315T005234_VV_75F5-BURST|S1_290876_IW1_20250315T005237_VV_75F5-BURST|S1_290877_IW1_20250315T005239_VV_75F5-BURST,S1_290874_IW1_20250420T005232_VV_3DAA-BURST|S1_290875_IW1_20250420T005235_VV_3DAA-BURST|S1_290876_IW1_20250420T005237_VV_3DAA-BURST|S1_290877_IW1_20250420T005240_VV_3DAA-BURST
2025-03-27,2025-04-08,12,66.5,70.0,False,,136_290874_IW1|136_290875_IW1|136_290876_IW1|136_290877_IW1,S1_290874_IW1_20250327T005231_VV_3614-BURST|S1_290875_IW1_20250327T005234_VV_3614-BURST|S1_290876_IW1_20250327T005237_VV_3614-BURST|S1_290877_IW1_20250327T005240_VV_3614-BURST,S1_290874_IW1_20250408T005232_VV_D1BE-BURST|S1_290875_IW1_20250408T005235_VV_D1BE-BURST|S1_290876_IW1_20250408T005237_VV_D1BE-BURST|S1_290877_IW1_20250408T005240_VV_D1BE-BURST
2025-03-27,2025-04-20,24,60.0,63.0,False,,136_290874_IW1|136_290875_IW1|136_290876_IW1|136_290877_IW1,S1_290874_IW1_20250327T005231_VV_3614-BURST|S1_290875_IW1_20250327T005234_VV_3614-BURST|S1_290876_IW1_20250327T005237_VV_3614-BURST|S1_290877_IW1_20250327T005240_VV_3614-BURST,S1_290874_IW1_20250420T005232_VV_3DAA-BURST|S1_290875_IW1_20250420T005235_VV_3DAA-BURST|S1_290876_IW1_20250420T005237_VV_3DAA-BURST|S1_290877_IW1_20250420T005240_VV_3DAA-BURST
2025-03-27,2025-05-02,36,133.75,137.0,False,,136_290874_IW1|136_290875_IW1|136_290876_IW1|136_290877_IW1,S1_290874_IW1_20250327T005231_VV_3614-BURST|S1_290875_IW1_20250327T005234_VV_3614-BURST|S1_290876_IW1_20250327T005237_VV_3614-BURST|S1_290877_IW1_20250327T005240_VV_3614-BURST,S1_290874_IW1_20250502T005232_VV_38B9-BURST|S1_290875_IW1_20250502T005235_VV_38B9-BURST|S1_290876_IW1_20250502T005238_VV_38B9-BURST|S1_290877_IW1_20250502T005240_VV_38B9-BURST
2025-04-08,2025-04-20,12,-6.5,11.0,False,,136_290874_IW1|136_290875_IW1|136_290876_IW1|136_290877_IW1,S1_290874_IW1_20250408T005232_VV_D1BE-BURST|S1_290875_IW1_20250408T005235_VV_D1BE-BURST|S1_290876_IW1_20250408T005237_VV_D1BE-BURST|S1_290877_IW1_20250408T005240_VV_D1BE-BURST,S1_290874_IW1_20250420T005232_VV_3DAA-BURST|S1_290875_IW1_20250420T005235_VV_3DAA-BURST|S1_290876_IW1_20250420T005237_VV_3DAA-BURST|S1_290877_IW1_20250420T005240_VV_3DAA-BURST
2025-04-08,2025-05-02,24,67.25,69.0,False,,136_290874_IW1|136_290875_IW1|136_290876_IW1|136_290877_IW1,S1_290874_IW1_20250408T005232_VV_D1BE-BURST|S1_290875_IW1_20250408T005235_VV_D1BE-BURST|S1_290876_IW1_20250408T005237_VV_D1BE-BURST|S1_290877_IW1_20250408T005240_VV_D1BE-BURST,S1_290874_IW1_20250502T005232_VV_38B9-BURST|S1_290875_IW1_20250502T005235_VV_38B9-BURST|S1_290876_IW1_20250502T005238_VV_38B9-BURST|S1_290877_IW1_20250502T005240_VV_38B9-BURST
2025-04-08,2025-05-14,36,173.5,179.0,False,,136_290874_IW1|136_290875_IW1|136_290876_IW1|136_290877_IW1,S1_290874_IW1_20250408T005232_VV_D1BE-BURST|S1_290875_IW1_20250408T005235_VV_D1BE-BURST|S1_290876_IW1_20250408T005237_VV_D1BE-BURST|S1_290877_IW1_20250408T005240_VV_D1BE-BURST,S1_290874_IW1_20250514T005232_VV_9218-BURST|S1_290875_IW1_20250514T005234_VV_9218-BURST|S1_290876_IW1_20250514T005237_VV_9218-BURST|S1_290877_IW1_20250514T005240_VV_9218-BURST
2025-04-20,2025-05-02,12,73.75,74.0,False,,136_290874_IW1|136_290875_IW1|136_290876_IW1|136_290877_IW1,S1_290874_IW1_20250420T005232_VV_3DAA-BURST|S1_290875_IW1_20250420T005235_VV_3DAA-BURST|S1_290876_IW1_20250420T005237_VV_3DAA-BURST|S1_290877_IW1_20250420T005240_VV_3DAA-BURST,S1_290874_IW1_20250502T005232_VV_38B9-BURST|S1_290875_IW1_20250502T005235_VV_38B9-BURST|S1_290876_IW1_20250502T005238_VV_38B9-BURST|S1_290877_IW1_20250502T005240_VV_38B9-BURST
2025-04-20,2025-05-14,24,180.0,184.0,False,,136_290874_IW1|136_290875_IW1|136_290876_IW1|136_290877_IW1,S1_290874_IW1_20250420T005232_VV_3DAA-BURST|S1_290875_IW1_20250420T005235_VV_3DAA-BURST|S1_290876_IW1_20250420T005237_VV_3DAA-BURST|S1_290877_IW1_20250420T005240_VV_3DAA-BURST,S1_290874_IW1_20250514T005232_VV_9218-BURST|S1_290875_IW1_20250514T005234_VV_9218-BURST|S1_290876_IW1_20250514T005237_VV_9218-BURST|S1_290877_IW1_20250514T005240_VV_9218-BURST
2025-04-20,2025-05-26,36,217.5,223.0,False,,136_290874_IW1|136_290875_IW1|136_290876_IW1|136_290877_IW1,S1_290874_IW1_20250420T005232_VV_3DAA-BURST|S1_290875_IW1_20250420T005235_VV_3DAA-BURST|S1_290876_IW1_20250420T005237_VV_3DAA-BURST|S1_290877_IW1_20250420T005240_VV_3DAA-BURST,S1_290874_IW1_20250526T005231_VV_AAA1-BURST|S1_290875_IW1_20250526T005234_VV_AAA1-BURST|S1_290876_IW1_20250526T005237_VV_AAA1-BURST|S1_290877_IW1_20250526T005240_VV_AAA1-BURST
2025-05-02,2025-05-14,12,106.25,110.0,False,,136_290874_IW1|136_290875_IW1|136_290876_IW1|136_290877_IW1,S1_290874_IW1_20250502T005232_VV_38B9-BURST|S1_290875_IW1_20250502T005235_VV_38B9-BURST|S1_290876_IW1_20250502T005238_VV_38B9-BURST|S1_290877_IW1_20250502T005240_VV_38B9-BURST,S1_290874_IW1_20250514T005232_VV_9218-BURST|S1_290875_IW1_20250514T005234_VV_9218-BURST|S1_290876_IW1_20250514T005237_VV_9218-BURST|S1_290877_IW1_20250514T005240_VV_9218-BURST
2025-05-02,2025-05-26,24,143.75,149.0,False,,136_290874_IW1|136_290875_IW1|136_290876_IW1|136_290877_IW1,S1_290874_IW1_20250502T005232_VV_38B9-BURST|S1_290875_IW1_20250502T005235_VV_38B9-BURST|S1_290876_IW1_20250502T005238_VV_38B9-BURST|S1_290877_IW1_20250502T005240_VV_38B9-BURST,S1_290874_IW1_20250526T005231_VV_AAA1-BURST|S1_290875_IW1_20250526T005234_VV_AAA1-BURST|S1_290876_IW1_20250526T005237_VV_AAA1-BURST|S1_290877_IW1_20250526T005240_VV_AAA1-BURST
2025-05-02,2025-06-07,36,80.0,87.0,False,,136_290874_IW1|136_290875_IW1|136_290876_IW1|136_290877_IW1,S1_290874_IW1_20250502T005232_VV_38B9-BURST|S1_290875_IW1_20250502T005235_VV_38B9-BURST|S1_290876_IW1_20250502T005238_VV_38B9-BURST|S1_290877_IW1_20250502T005240_VV_38B9-BURST,S1_290874_IW1_20250607T005231_VV_0467-BURST|S1_290875_IW1_20250607T005233_VV_0467-BURST|S1_290876_IW1_20250607T005236_VV_0467-BURST|S1_290877_IW1_20250607T005239_VV_0467-BURST
2025-05-14,2025-05-26,12,37.5,39.0,False,,136_290874_IW1|136_290875_IW1|136_290876_IW1|136_290877_IW1,S1_290874_IW1_20250514T005232_VV_9218-BURST|S1_290875_IW1_20250514T005234_VV_9218-BURST|S1_290876_IW1_20250514T005237_VV_9218-BURST|S1_290877_IW1_20250514T005240_VV_9218-BURST,S1_290874_IW1_20250526T005231_VV_AAA1-BURST|S1_290875_IW1_20250526T005234_VV_AAA1-BURST|S1_290876_IW1_20250526T005237_VV_AAA1-BURST|S1_290877_IW1_20250526T005240_VV_AAA1-BURST
2025-05-14,2025-06-07,24,-26.25,31.0,False,,136_290874_IW1|136_290875_IW1|136_290876_IW1|136_290877_IW1,S1_290874_IW1_20250514T005232_VV_9218-BURST|S1_290875_IW1_20250514T005234_VV_9218-BURST|S1_290876_IW1_20250514T005237_VV_9218-BURST|S1_290877_IW1_20250514T005240_VV_9218-BURST,S1_290874_IW1_20250607T005231_VV_0467-BURST|S1_290875_IW1_20250607T005233_VV_0467-BURST|S1_290876_IW1_20250607T005236_VV_0467-BURST|S1_290877_IW1_20250607T005239_VV_0467-BURST
2025-05-14,2025-06-19,36,-74.5,78.0,False,,136_290874_IW1|136_290875_IW1|136_290876_IW1|136_290877_IW1,S1_290874_IW1_20250514T005232_VV_9218-BURST|S1_290875_IW1_20250514T005234_VV_9218-BURST|S1_290876_IW1_20250514T005237_VV_9218-BURST|S1_290877_IW1_20250514T005240_VV_9218-BURST,S1_290874_IW1_20250619T005230_VV_7C8E-BURST|S1_290875_IW1_20250619T005233_VV_7C8E-BURST|S1_290876_IW1_20250619T005235_VV_7C8E-BURST|S1_290877_IW1_20250619T005238_VV_7C8E-BURST
2025-05-26,2025-06-07,12,-63.75,67.0,False,,136_290874_IW1|136_290875_IW1|136_290876_IW1|136_290877_IW1,S1_290874_IW1_20250526T005231_VV_AAA1-BURST|S1_290875_IW1_20250526T005234_VV_AAA1-BURST|S1_290876_IW1_20250526T005237_VV_AAA1-BURST|S1_290877_IW1_20250526T005240_VV_AAA1-BURST,S1_290874_IW1_20250607T005231_VV_0467-BURST|S1_290875_IW1_20250607T005233_VV_0467-BURST|S1_290876_IW1_20250607T005236_VV_0467-BURST|S1_290877_IW1_20250607T005239_VV_0467-BURST
2025-05-26,2025-06-19,24,-112.0,117.0,False,,136_290874_IW1|136_290875_IW1|136_290876_IW1|136_290877_IW1,S1_290874_IW1_20250526T005231_VV_AAA1-BURST|S1_290875_IW1_20250526T005234_VV_AAA1-BURST|S1_290876_IW1_20250526T005237_VV_AAA1-BURST|S1_290877_IW1_20250526T005240_VV_AAA1-BURST,S1_290874_IW1_20250619T005230_VV_7C8E-BURST|S1_290875_IW1_20250619T005233_VV_7C8E-BURST|S1_290876_IW1_20250619T005235_VV_7C8E-BURST|S1_290877_IW1_20250619T005238_VV_7C8E-BURST
2025-05-26,2025-07-01,36,-79.0,82.0,False,,136_290874_IW1|136_290875_IW1|136_290876_IW1|136_290877_IW1,S1_290874_IW1_20250526T005231_VV_AAA1-BURST|S1_290875_IW1_20250526T005234_VV_AAA1-BURST|S1_290876_IW1_20250526T005237_VV_AAA1-BURST|S1_290877_IW1_20250526T005240_VV_AAA1-BURST,S1_290874_IW1_20250701T005229_VV_D803-BURST|S1_290875_IW1_20250701T005232_VV_D803-BURST|S1_290876_IW1_20250701T005235_VV_D803-BURST|S1_290877_IW1_20250701T005238_VV_D803-BURST
2025-06-07,2025-06-19,12,-48.25,55.0,False,,136_290874_IW1|136_290875_IW1|136_290876_IW1|136_290877_IW1,S1_290874_IW1_20250607T005231_VV_0467-BURST|S1_290875_IW1_20250607T005233_VV_0467-BURST|S1_290876_IW1_20250607T005236_VV_0467-BURST|S1_290877_IW1_20250607T005239_VV_0467-BURST,S1_290874_IW1_20250619T005230_VV_7C8E-BURST|S1_290875_IW1_20250619T005233_VV_7C8E-BURST|S1_290876_IW1_20250619T005235_VV_7C8E-BURST|S1_290877_IW1_20250619T005238_VV_7C8E-BURST
2025-06-07,2025-07-01,24,-15.25,16.0,False,,136_290874_IW1|136_290875_IW1|136_290876_IW1|136_290877_IW1,S1_290874_IW1_20250607T005231_VV_0467-BURST|S1_290875_IW1_20250607T005233_VV_0467-BURST|S1_290876_IW1_20250607T005236_VV_0467-BURST|S1_290877_IW1_20250607T005239_VV_0467-BURST,S1_290874_IW1_20250701T005229_VV_D803-BURST|S1_290875_IW1_20250701T005232_VV_D803-BURST|S1_290876_IW1_20250701T005235_VV_D803-BURST|S1_290877_IW1_20250701T005238_VV_D803-BURST
2025-06-07,2025-07-13,36,22.0,27.0,False,,136_290874_IW1|136_290875_IW1|136_290876_IW1|136_290877_IW1,S1_290874_IW1_20250607T005231_VV_0467-BURST|S1_290875_IW1_20250607T005233_VV_0467-BURST|S1_290876_IW1_20250607T005236_VV_0467-BURST|S1_290877_IW1_20250607T005239_VV_0467-BURST,S1_290874_IW1_20250713T005229_VV_7CAD-BURST|S1_290875_IW1_20250713T005232_VV_7CAD-BURST|S1_290876_IW1_20250713T005234_VV_7CAD-BURST|S1_290877_IW1_20250713T005237_VV_7CAD-BURST
2025-06-19,2025-07-01,12,33.0,39.0,False,,136_290874_IW1|136_290875_IW1|136_290876_IW1|136_290877_IW1,S1_290874_IW1_20250619T005230_VV_7C8E-BURST|S1_290875_IW1_20250619T005233_VV_7C8E-BURST|S1_290876_IW1_20250619T005235_VV_7C8E-BURST|S1_290877_IW1_20250619T005238_VV_7C8E-BURST,S1_290874_IW1_20250701T005229_VV_D803-BURST|S1_290875_IW1_20250701T005232_VV_D803-BURST|S1_290876_IW1_20250701T005235_VV_D803-BURST|S1_290877_IW1_20250701T005238_VV_D803-BURST
2025-06-19,2025-07-13,24,70.25,74.0,False,,136_290874_IW1|136_290875_IW1|136_290876_IW1|136_290877_IW1,S1_290874_IW1_20250619T005230_VV_7C8E-BURST|S1_290875_IW1_20250619T005233_VV_7C8E-BURST|S1_290876_IW1_20250619T005235_VV_7C8E-BURST|S1_290877_IW1_20250619T005238_VV_7C8E-BURST,S1_290874_IW1_20250713T005229_VV_7CAD-BURST|S1_290875_IW1_20250713T005232_VV_7CAD-BURST|S1_290876_IW1_20250713T005234_VV_7CAD-BURST|S1_290877_IW1_20250713T005237_VV_7CAD-BURST
2025-06-19,2025-07-25,36,-3.0,6.0,False,,136_290874_IW1|136_290875_IW1|136_290876_IW1|136_290877_IW1,S1_290874_IW1_20250619T005230_VV_7C8E-BURST|S1_290875_IW1_20250619T005233_VV_7C8E-BURST|S1_290876_IW1_20250619T005235_VV_7C8E-BURST|S1_290877_IW1_20250619T005238_VV_7C8E-BURST,S1_290874_IW1_20250725T005228_VV_556F-BURST|S1_290875_IW1_20250725T005231_VV_556F-BURST|S1_290876_IW1_20250725T005234_VV_556F-BURST|S1_290877_IW1_20250725T005237_VV_556F-BURST
2025-07-01,2025-07-13,12,37.25,42.0,False,,136_290874_IW1|136_290875_IW1|136_290876_IW1|136_290877_IW1,S1_290874_IW1_20250701T005229_VV_D803-BURST|S1_290875_IW1_20250701T005232_VV_D803-BURST|S1_290876_IW1_20250701T005235_VV_D803-BURST|S1_290877_IW1_20250701T005238_VV_D803-BURST,S1_290874_IW1_20250713T005229_VV_7CAD-BURST|S1_290875_IW1_20250713T005232_VV_7CAD-BURST|S1_290876_IW1_20250713T005234_VV_7CAD-BURST|S1_290877_IW1_20250713T005237_VV_7CAD-BURST
2025-07-01,2025-07-25,24,-36.0,37.0,False,,136_290874_IW1|136_290875_IW1|136_290876_IW1|136_290877_IW1,S1_290874_IW1_20250701T005229_VV_D803-BURST|S1_290875_IW1_20250701T005232_VV_D803-BURST|S1_290876_IW1_20250701T005235_VV_D803-BURST|S1_290877_IW1_20250701T005238_VV_D803-BURST,S1_290874_IW1_20250725T005228_VV_556F-BURST|S1_290875_IW1_20250725T005231_VV_556F-BURST|S1_290876_IW1_20250725T005234_VV_556F-BURST|S1_290877_IW1_20250725T005237_VV_556F-BURST
2025-07-01,2025-08-06,36,-58.75,60.0,False,,136_290874_IW1|136_290875_IW1|136_290876_IW1|136_290877_IW1,S1_290874_IW1_20250701T005229_VV_D803-BURST|S1_290875_IW1_20250701T005232_VV_D803-BURST|S1_290876_IW1_20250701T005235_VV_D803-BURST|S1_290877_IW1_20250701T005238_VV_D803-BURST,S1_290874_IW1_20250806T005228_VV_099C-BURST|S1_290875_IW1_20250806T005231_VV_099C-BURST|S1_290876_IW1_20250806T005234_VV_099C-BURST|S1_290877_IW1_20250806T005236_VV_099C-BURST
2025-07-13,2025-07-25,12,-73.25,75.0,False,,136_290874_IW1|136_290875_IW1|136_290876_IW1|136_290877_IW1,S1_290874_IW1_20250713T005229_VV_7CAD-BURST|S1_290875_IW1_20250713T005232_VV_7CAD-BURST|S1_290876_IW1_20250713T005234_VV_7CAD-BURST|S1_290877_IW1_20250713T005237_VV_7CAD-BURST,S1_290874_IW1_20250725T005228_VV_556F-BURST|S1_290875_IW1_20250725T005231_VV_556F-BURST|S1_290876_IW1_20250725T005234_VV_556F-BURST|S1_290877_IW1_20250725T005237_VV_556F-BURST
2025-07-13,2025-08-06,24,-96.0,98.0,False,,136_290874_IW1|136_290875_IW1|136_290876_IW1|136_290877_IW1,S1_290874_IW1_20250713T005229_VV_7CAD-BURST|S1_290875_IW1_20250713T005232_VV_7CAD-BURST|S1_290876_IW1_20250713T005234_VV_7CAD-BURST|S1_290877_IW1_20250713T005237_VV_7CAD-BURST,S1_290874_IW1_20250806T005228_VV_099C-BURST|S1_290875_IW1_20250806T005231_VV_099C-BURST|S1_290876_IW1_20250806T005234_VV_099C-BURST|S1_290877_IW1_20250806T005236_VV_099C-BURST
2025-07-13,2025-08-18,36,-161.5,164.0,False,,136_290874_IW1|136_290875_IW1|136_290876_IW1|136_290877_IW1,S1_290874_IW1_20250713T005229_VV_7CAD-BURST|S1_290875_IW1_20250713T005232_VV_7CAD-BURST|S1_290876_IW1_20250713T005234_VV_7CAD-BURST|S1_290877_IW1_20250713T005237_VV_7CAD-BURST,S1_290874_IW1_20250818T005228_VV_C2DB-BURST|S1_290875_IW1_20250818T005231_VV_C2DB-BURST|S1_290876_IW1_20250818T005234_VV_C2DB-BURST|S1_290877_IW1_20250818T005236_VV_C2DB-BURST
2025-07-25,2025-08-06,12,-22.75,23.0,False,,136_290874_IW1|136_290875_IW1|136_290876_IW1|136_290877_IW1,S1_290874_IW1_20250725T005228_VV_556F-BURST|S1_290875_IW1_20250725T005231_VV_556F-BURST|S1_290876_IW1_20250725T005234_VV_556F-BURST|S1_290877_IW1_20250725T005237_VV_556F-BURST,S1_290874_IW1_20250806T005228_VV_099C-BURST|S1_290875_IW1_20250806T005231_VV_099C-BURST|S1_290876_IW1_20250806T005234_VV_099C-BURST|S1_290877_IW1_20250806T005236_VV_099C-BURST
2025-07-25,2025-08-18,24,-88.25,89.0,False,,136_290874_IW1|136_290875_IW1|136_290876_IW1|136_290877_IW1,S1_290874_IW1_20250725T005228_VV_556F-BURST|S1_290875_IW1_20250725T005231_VV_556F-BURST|S1_290876_IW1_20250725T005234_VV_556F-BURST|S1_290877_IW1_20250725T005237_VV_556F-BURST,S1_290874_IW1_20250818T005228_VV_C2DB-BURST|S1_290875_IW1_20250818T005231_VV_C2DB-BURST|S1_290876_IW1_20250818T005234_VV_C2DB-BURST|S1_290877_IW1_20250818T005236_VV_C2DB-BURST
2025-07-25,2025-08-30,36,-154.5,155.0,False,,136_290874_IW1|136_290875_IW1|136_290876_IW1|136_290877_IW1,S1_290874_IW1_20250725T005228_VV_556F-BURST|S1_290875_IW1_20250725T005231_VV_556F-BURST|S1_290876_IW1_20250725T005234_VV_556F-BURST|S1_290877_IW1_20250725T005237_VV_556F-BURST,S1_290874_IW1_20250830T005228_VV_FE77-BURST|S1_290875_IW1_20250830T005231_VV_FE77-BURST|S1_290876_IW1_20250830T005234_VV_FE77-BURST|S1_290877_IW1_20250830T005236_VV_FE77-BURST
2025-08-06,2025-08-18,12,-65.5,66.0,False,,136_290874_IW1|136_290875_IW1|136_290876_IW1|136_290877_IW1,S1_290874_IW1_20250806T005228_VV_099C-BURST|S1_290875_IW1_20250806T005231_VV_099C-BURST|S1_290876_IW1_20250806T005234_VV_099C-BURST|S1_290877_IW1_20250806T005236_VV_099C-BURST,S1_290874_IW1_20250818T005228_VV_C2DB-BURST|S1_290875_IW1_20250818T005231_VV_C2DB-BURST|S1_290876_IW1_20250818T005234_VV_C2DB-BURST|S1_290877_IW1_20250818T005236_VV_C2DB-BURST
2025-08-06,2025-08-30,24,-131.75,132.0,False,,136_290874_IW1|136_290875_IW1|136_290876_IW1|136_290877_IW1,S1_290874_IW1_20250806T005228_VV_099C-BURST|S1_290875_IW1_20250806T005231_VV_099C-BURST|S1_290876_IW1_20250806T005234_VV_099C-BURST|S1_290877_IW1_20250806T005236_VV_099C-BURST,S1_290874_IW1_20250830T005228_VV_FE77-BURST|S1_290875_IW1_20250830T005231_VV_FE77-BURST|S1_290876_IW1_20250830T005234_VV_FE77-BURST|S1_290877_IW1_20250830T005236_VV_FE77-BURST
2025-08-06,2025-09-11,36,-21.75,24.0,False,,136_290874_IW1|136_290875_IW1|136_290876_IW1|136_290877_IW1,S1_290874_IW1_20250806T005228_VV_099C-BURST|S1_290875_IW1_20250806T005231_VV_099C-BURST|S1_290876_IW1_20250806T005234_VV_099C-BURST|S1_290877_IW1_20250806T005236_VV_099C-BURST,S1_290874_IW1_20250911T005229_VV_CED7-BURST|S1_290875_IW1_20250911T005232_VV_CED7-BURST|S1_290876_IW1_20250911T005234_VV_CED7-BURST|S1_290877_IW1_20250911T005237_VV_CED7-BURST
2025-08-18,2025-08-30,12,-66.25,67.0,False,,136_290874_IW1|136_290875_IW1|136_290876_IW1|136_290877_IW1,S1_290874_IW1_20250818T005228_VV_C2DB-BURST|S1_290875_IW1_20250818T005231_VV_C2DB-BURST|S1_290876_IW1_20250818T005234_VV_C2DB-BURST|S1_290877_IW1_20250818T005236_VV_C2DB-BURST,S1_290874_IW1_20250830T005228_VV_FE77-BURST|S1_290875_IW1_20250830T005231_VV_FE77-BURST|S1_290876_IW1_20250830T005234_VV_FE77-BURST|S1_290877_IW1_20250830T005236_VV_FE77-BURST
2025-08-18,2025-09-11,24,43.75,46.0,False,,136_290874_IW1|136_290875_IW1|136_290876_IW1|136_290877_IW1,S1_290874_IW1_20250818T005228_VV_C2DB-BURST|S1_290875_IW1_20250818T005231_VV_C2DB-BURST|S1_290876_IW1_20250818T005234_VV_C2DB-BURST|S1_290877_IW1_20250818T005236_VV_C2DB-BURST,S1_290874_IW1_20250911T005229_VV_CED7-BURST|S1_290875_IW1_20250911T005232_VV_CED7-BURST|S1_290876_IW1_20250911T005234_VV_CED7-BURST|S1_290877_IW1_20250911T005237_VV_CED7-BURST
2025-08-18,2025-09-23,36,-46.75,54.0,False,,136_290874_IW1|136_290875_IW1|136_290876_IW1|136_290877_IW1,S1_290874_IW1_20250818T005228_VV_C2DB-BURST|S1_290875_IW1_20250818T005231_VV_C2DB-BURST|S1_290876_IW1_20250818T005234_VV_C2DB-BURST|S1_290877_IW1_20250818T005236_VV_C2DB-BURST,S1_290874_IW1_20250923T005229_VV_EDDD-BURST|S1_290875_IW1_20250923T005232_VV_EDDD-BURST|S1_290876_IW1_20250923T005234_VV_EDDD-BURST|S1_290877_IW1_20250923T005237_VV_EDDD-BURST
2025-08-30,2025-09-11,12,110.0,112.0,False,,136_290874_IW1|136_290875_IW1|136_290876_IW1|136_290877_IW1,S1_290874_IW1_20250830T005228_VV_FE77-BURST|S1_290875_IW1_20250830T005231_VV_FE77-BURST|S1_290876_IW1_20250830T005234_VV_FE77-BURST|S1_290877_IW1_20250830T005236_VV_FE77-BURST,S1_290874_IW1_20250911T005229_VV_CED7-BURST|S1_290875_IW1_20250911T005232_VV_CED7-BURST|S1_290876_IW1_20250911T005234_VV_CED7-BURST|S1_290877_IW1_20250911T005237_VV_CED7-BURST
2025-08-30,2025-09-23,24,19.5,23.0,False,,136_290874_IW1|136_290875_IW1|136_290876_IW1|136_290877_IW1,S1_290874_IW1_20250830T005228_VV_FE77-BURST|S1_290875_IW1_20250830T005231_VV_FE77-BURST|S1_290876_IW1_20250830T005234_VV_FE77-BURST|S1_290877_IW1_20250830T005236_VV_FE77-BURST,S1_290874_IW1_20250923T005229_VV_EDDD-BURST|S1_290875_IW1_20250923T005232_VV_EDDD-BURST|S1_290876_IW1_20250923T005234_VV_EDDD-BURST|S1_290877_IW1_20250923T005237_VV_EDDD-BURST
2025-09-11,2025-09-23,12,-90.5,95.0,False,,136_290874_IW1|136_290875_IW1|136_290876_IW1|136_290877_IW1,S1_290874_IW1_20250911T005229_VV_CED7-BURST|S1_290875_IW1_20250911T005232_VV_CED7-BURST|S1_290876_IW1_20250911T005234_VV_CED7-BURST|S1_290877_IW1_20250911T005237_VV_CED7-BURST,S1_290874_IW1_20250923T005229_VV_EDDD-BURST|S1_290875_IW1_20250923T005232_VV_EDDD-BURST|S1_290876_IW1_20250923T005234_VV_EDDD-BURST|S1_290877_IW1_20250923T005237_VV_EDDD-BURST
