job_id,job_name,pair_id,apply_water_mask,status,downloaded_at,download_ok,zip_dir,extract_dir,zip_count,zip_bytes,zip_sha256,extracted_bytes,extracted_files,layers_present,layers_missing,error
c835fe48-00d3-439c-ada7-58995e8478f2,delhi_ncr_sbas_a27_v1_prod_20250412_20250506,20250412_20250506,True,SUCCEEDED,2026-09-22T00:00:14.239637+00:00,True,data/production_zips/delhi_ncr_sbas_a27_v1_prod_20250412_20250506__c835fe48,data/production_extracted/delhi_ncr_sbas_a27_v1_prod_20250412_20250506__c835fe48,1,122219613,89e41b5c357e965c4e7a9bb1747b1a6181775c7da4fb67acd8bcdd200b069725,126054242,14,"unw_phase.tif,corr.tif,conncomp.tif,dem.tif,lv_theta.tif,lv_phi.tif,water_mask.tif",,
3cb485a5-639e-43bc-a260-a5ea1692b8e2,delhi_ncr_sbas_a27_v1_prod_20240429_20240523,20240429_20240523,True,SUCCEEDED,2026-09-22T00:00:51.022524+00:00,True,data/production_zips/delhi_ncr_sbas_a27_v1_prod_20240429_20240523__3cb485a5,data/production_extracted/delhi_ncr_sbas_a27_v1_prod_20240429_20240523__3cb485a5,1,122670258,01810f03eb5ace69adfadb0584a2638c141199393420d7bd186a9d96ccba8d6e,126409559,14,"unw_phase.tif,corr.tif,conncomp.tif,dem.tif,lv_theta.tif,lv_phi.tif,water_mask.tif",,
35e9cf11-cc16-420a-b716-eeb576fe91e2,delhi_ncr_sbas_a27_v1_prod_20231207_20231231,20231207_20231231,True,SUCCEEDED,2026-09-22T00:01:29.433242+00:00,True,data/production_zips/delhi_ncr_sbas_a27_v1_prod_20231207_20231231__35e9cf11,data/production_extracted/delhi_ncr_sbas_a27_v1_prod_20231207_20231231__35e9cf11,1,123261610,ff63b27806e12026d05740827a32c8fc227b3179bfda0c049486c7959ab97e7d,126983754,14,"unw_phase.tif,corr.tif,conncomp.tif,dem.tif,lv_theta.tif,lv_phi.tif,water_mask.tif",,
056d2ae3-2781-44b1-be43-d4e04697f6c8,delhi_ncr_sbas_a27_v1_prod_20231207_20231219,20231207_20231219,True,SUCCEEDED,2026-09-22T00:02:06.570299+00:00,True,data/production_zips/delhi_ncr_sbas_a27_v1_prod_20231207_20231219__056d2ae3,data/production_extracted/delhi_ncr_sbas_a27_v1_prod_20231207_20231219__056d2ae3,1,122342244,e203d993047d7a2e231d97c233c0b1ddd878c8aa9587aa2a746308552c6aa225,125980044,14,"unw_phase.tif,corr.tif,conncomp.tif,dem.tif,lv_theta.tif,lv_phi.tif,water_mask.tif",,
42360f89-38a2-41bc-8287-63b893221372,delhi_ncr_sbas_a27_v1_prod_20231125_20231207,20231125_20231207,True,SUCCEEDED,2026-09-22T00:02:43.214404+00:00,True,data/production_zips/delhi_ncr_sbas_a27_v1_prod_20231125_20231207__42360f89,data/production_extracted/delhi_ncr_sbas_a27_v1_prod_20231125_20231207__42360f89,1,122390922,05dc0a15105382a9b01fa4098468aef58bb392748ecbafa2b8c6c911de55b7b0,126052641,14,"unw_phase.tif,corr.tif,conncomp.tif,dem.tif,lv_theta.tif,lv_phi.tif,water_mask.tif",,
d0d363ae-8291-4717-be3b-64a04b1ec996,delhi_ncr_sbas_a27_v1_prod_20231113_20231219,20231113_20231219,True,SUCCEEDED,2026-09-22T00:03:19.917996+00:00,True,data/production_zips/delhi_ncr_sbas_a27_v1_prod_20231113_20231219__d0d363ae,data/production_extracted/delhi_ncr_sbas_a27_v1_prod_20231113_20231219__d0d363ae,1,123191695,2db65102a5ea1dc70cc0ea1cc98062e93aa558461269a8fd836159c949743898,127170298,14,"unw_phase.tif,corr.tif,conncomp.tif,dem.tif,lv_theta.tif,lv_phi.tif,water_mask.tif",,
42caf336-bd8a-4341-bb83-b73a0e06ee99,delhi_ncr_sbas_a27_v1_prod_20231113_20231207,20231113_20231207,True,SUCCEEDED,2026-09-22T00:03:56.958177+00:00,True,data/production_zips/delhi_ncr_sbas_a27_v1_prod_20231113_20231207__42caf336,data/production_extracted/delhi_ncr_sbas_a27_v1_prod_20231113_20231207__42caf336,1,122810898,dea9e918a0a971d8674caa84134b52ec67b2b5425a3e5073112a434414369b92,126579768,14,"unw_phase.tif,corr.tif,conncomp.tif,dem.tif,lv_theta.tif,lv_phi.tif,water_mask.tif",,
96c11601-3eca-450d-a2c8-00af913c6f11,delhi_ncr_sbas_a27_v1_prod_20231113_20231125,20231113_20231125,True,SUCCEEDED,2026-09-22T00:04:33.353320+00:00,True,data/production_zips/delhi_ncr_sbas_a27_v1_prod_20231113_20231125__96c11601,data/production_extracted/delhi_ncr_sbas_a27_v1_prod_20231113_20231125__96c11601,1,122346295,5beef6265d7d987eed2d4e019702b7518deb7e7436fb88c05098773fbe43eb12,125985381,14,"unw_phase.tif,corr.tif,conncomp.tif,dem.tif,lv_theta.tif,lv_phi.tif,water_mask.tif",,
14ea4232-73c9-4443-b081-d8ba83657b9b,delhi_ncr_sbas_a27_v1_prod_20231101_20231125,20231101_20231125,True,SUCCEEDED,2026-09-22T00:05:10.347659+00:00,True,data/production_zips/delhi_ncr_sbas_a27_v1_prod_20231101_20231125__14ea4232,data/production_extracted/delhi_ncr_sbas_a27_v1_prod_20231101_20231125__14ea4232,1,123530699,d52b8d59a5f5576afc258d514c707c52ca7797ffc148543d1e65ebf02bcf680f,127410525,14,"unw_phase.tif,corr.tif,conncomp.tif,dem.tif,lv_theta.tif,lv_phi.tif,water_mask.tif",,
a4553612-bcd9-4132-808a-e28da534c0f1,delhi_ncr_sbas_a27_v1_prod_20231101_20231113,20231101_20231113,True,SUCCEEDED,2026-09-22T00:05:47.147836+00:00,True,data/production_zips/delhi_ncr_sbas_a27_v1_prod_20231101_20231113__a4553612,data/production_extracted/delhi_ncr_sbas_a27_v1_prod_20231101_20231113__a4553612,1,123212787,499d9a9e98fefc07418728e5ffe52b1b4da20fcfb244b9bd1f38772ac0d7344f,126909184,14,"unw_phase.tif,corr.tif,conncomp.tif,dem.tif,lv_theta.tif,lv_phi.tif,water_mask.tif",,
ac2da745-3f60-4bc5-b8d4-9fe2326d4ffd,delhi_ncr_sbas_a27_v1_prod_20231020_20231113,20231020_20231113,True,SUCCEEDED,2026-09-22T00:06:24.419493+00:00,True,data/production_zips/delhi_ncr_sbas_a27_v1_prod_20231020_20231113__ac2da745,data/production_extracted/delhi_ncr_sbas_a27_v1_prod_20231020_20231113__ac2da745,1,122679737,619a75ebdbdfd0077b7d58b11919c95326090212973767a232fbc1b08fbcdbb9,126481736,14,"unw_phase.tif,corr.tif,conncomp.tif,dem.tif,lv_theta.tif,lv_phi.tif,water_mask.tif",,
9f1322e9-a5ed-4891-a946-8dc7f4521262,delhi_ncr_sbas_a27_v1_prod_20231020_20231101,20231020_20231101,True,SUCCEEDED,2026-09-22T00:07:01.336161+00:00,True,data/production_zips/delhi_ncr_sbas_a27_v1_prod_20231020_20231101__9f1322e9,data/production_extracted/delhi_ncr_sbas_a27_v1_prod_20231020_20231101__9f1322e9,1,123562332,6d2030e8221ba01aee726a492ad614d044c5c84c1cc3b914c1b8223bd644cb7e,127316262,14,"unw_phase.tif,corr.tif,conncomp.tif,dem.tif,lv_theta.tif,lv_phi.tif,water_mask.tif",,
a68b34c8-ebe8-4656-bccf-b399857b1bc9,delhi_ncr_sbas_a27_v1_prod_20231008_20231113,20231008_20231113,True,SUCCEEDED,2026-09-22T00:07:38.285510+00:00,True,data/production_zips/delhi_ncr_sbas_a27_v1_prod_20231008_20231113__a68b34c8,data/production_extracted/delhi_ncr_sbas_a27_v1_prod_20231008_20231113__a68b34c8,1,120446119,1d52c820cb047312e89f82c0947f9009bc68720873c97efc9f208aec56a36ca4,124180723,14,"unw_phase.tif,corr.tif,conncomp.tif,dem.tif,lv_theta.tif,lv_phi.tif,water_mask.tif",,
a72970ac-97b7-4d3e-b6ec-c22cf8da8b4c,delhi_ncr_sbas_a27_v1_prod_20231008_20231101,20231008_20231101,True,SUCCEEDED,2026-09-22T00:08:14.042779+00:00,True,data/production_zips/delhi_ncr_sbas_a27_v1_prod_20231008_20231101__a72970ac,data/production_extracted/delhi_ncr_sbas_a27_v1_prod_20231008_20231101__a72970ac,1,123095562,065d8f98c39b6c3debbc616ca5d6f4ac366392f120437969ab833e05c36c8912,127022026,14,"unw_phase.tif,corr.tif,conncomp.tif,dem.tif,lv_theta.tif,lv_phi.tif,water_mask.tif",,
46e70112-1641-4880-83b4-a8bb45e972d8,delhi_ncr_sbas_a27_v1_prod_20231008_20231020,20231008_20231020,True,SUCCEEDED,2026-09-22T00:08:50.809622+00:00,True,data/production_zips/delhi_ncr_sbas_a27_v1_prod_20231008_20231020__46e70112,data/production_extracted/delhi_ncr_sbas_a27_v1_prod_20231008_20231020__46e70112,1,122479751,f883e59a66d2a068d1afe1a2be3874049323d385e36ba7cbd3c8ca6cd6cd9a8a,126188508,14,"unw_phase.tif,corr.tif,conncomp.tif,dem.tif,lv_theta.tif,lv_phi.tif,water_mask.tif",,
4e6a939a-b98b-4519-accd-e4f436e5f1af,delhi_ncr_sbas_a27_v1_prod_20230926_20231020,20230926_20231020,True,SUCCEEDED,2026-09-22T00:09:27.379396+00:00,True,data/production_zips/delhi_ncr_sbas_a27_v1_prod_20230926_20231020__4e6a939a,data/production_extracted/delhi_ncr_sbas_a27_v1_prod_20230926_20231020__4e6a939a,1,122046690,128b28bf8eecf1859dbc4d9460cd23ba76bec9ded72072fa88b3abfdd7a1d551,125882728,14,"unw_phase.tif,corr.tif,conncomp.tif,dem.tif,lv_theta.tif,lv_phi.tif,water_mask.tif",,
602bbeb7-4b26-47a4-a484-5575550d6d30,delhi_ncr_sbas_a27_v1_prod_20230926_20231008,20230926_20231008,True,SUCCEEDED,2026-09-22T00:10:03.853370+00:00,True,data/production_zips/delhi_ncr_sbas_a27_v1_prod_20230926_20231008__602bbeb7,data/production_extracted/delhi_ncr_sbas_a27_v1_prod_20230926_20231008__602bbeb7,1,122507257,e4ec73a62ab7ca0fc3f3eec3c820fb571c2462c76906e6df86e57ae2f2185530,126321716,14,"unw_phase.tif,corr.tif,conncomp.tif,dem.tif,lv_theta.tif,lv_phi.tif,water_mask.tif",,
dc7120f9-dc1c-4caf-9182-b044864999d7,delhi_ncr_sbas_a27_v1_prod_20230914_20231008,20230914_20231008,True,SUCCEEDED,2026-09-22T00:10:40.142922+00:00,True,data/production_zips/delhi_ncr_sbas_a27_v1_prod_20230914_20231008__dc7120f9,data/production_extracted/delhi_ncr_sbas_a27_v1_prod_20230914_20231008__dc7120f9,1,122120348,0e7712c87cfdfbabdd7ec21bd1d10d1a35c4cfdf698670ca0a780d76d80cfd0b,126031030,14,"unw_phase.tif,corr.tif,conncomp.tif,dem.tif,lv_theta.tif,lv_phi.tif,water_mask.tif",,
2ffd4fba-5a58-4772-bfd4-4aaa690cf1a4,delhi_ncr_sbas_a27_v1_prod_20230914_20230926,20230914_20230926,True,SUCCEEDED,2026-09-22T00:11:16.860764+00:00,True,data/production_zips/delhi_ncr_sbas_a27_v1_prod_20230914_20230926__2ffd4fba,data/production_extracted/delhi_ncr_sbas_a27_v1_prod_20230914_20230926__2ffd4fba,1,122561705,8d935814ad7dfbfb012d318b73023107d6ceaebd0c4b3291f0a420744a7c86c1,126399753,14,"unw_phase.tif,corr.tif,conncomp.tif,dem.tif,lv_theta.tif,lv_phi.tif,water_mask.tif",,
f89669fe-d09e-4495-afb7-959f83c6ce42,delhi_ncr_sbas_a27_v1_prod_20230902_20230914,20230902_20230914,True,SUCCEEDED,2026-09-22T00:11:53.732345+00:00,True,data/production_zips/delhi_ncr_sbas_a27_v1_prod_20230902_20230914__f89669fe,data/production_extracted/delhi_ncr_sbas_a27_v1_prod_20230902_20230914__f89669fe,1,122233869,f89b0306609e558d3289783131151a32fee4d7c6b511fb91bf1d499144b9cc77,126062790,14,"unw_phase.tif,corr.tif,conncomp.tif,dem.tif,lv_theta.tif,lv_phi.tif,water_mask.tif",,
f19eb702-6b6c-4c27-99f2-5227983b854a,delhi_ncr_sbas_a27_v1_prod_20230821_20230926,20230821_20230926,True,SUCCEEDED,2026-09-22T00:12:29.945095+00:00,True,data/production_zips/delhi_ncr_sbas_a27_v1_prod_20230821_20230926__f19eb702,data/production_extracted/delhi_ncr_sbas_a27_v1_prod_20230821_20230926__f19eb702,1,121131578,4fd7d19749cd254a1063b72d2effe99de6df6a79685cc42ed4d0018634e7b66d,124961516,14,"unw_phase.tif,corr.tif,conncomp.tif,dem.tif,lv_theta.tif,lv_phi.tif,water_mask.tif",,
9284b180-47b2-4bdf-98de-862e45bb4dbd,delhi_ncr_sbas_a27_v1_prod_20230821_20230902,20230821_20230902,True,SUCCEEDED,2026-09-22T00:13:06.383632+00:00,True,data/production_zips/delhi_ncr_sbas_a27_v1_prod_20230821_20230902__9284b180,data/production_extracted/delhi_ncr_sbas_a27_v1_prod_20230821_20230902__9284b180,1,121475943,2aa8ce195afb288c51dd467bd29b13575effc9ca053cb29d0d8bafa3e951aff6,125293380,14,"unw_phase.tif,corr.tif,conncomp.tif,dem.tif,lv_theta.tif,lv_phi.tif,water_mask.tif",,
0f1bd7a0-b5e3-4e2a-8c2f-2cd32aeffe78,delhi_ncr_sbas_a27_v1_prod_20230809_20230914,20230809_20230914,True,SUCCEEDED,2026-09-22T00:13:42.545904+00:00,True,data/production_zips/delhi_ncr_sbas_a27_v1_prod_20230809_20230914__0f1bd7a0,data/production_extracted/delhi_ncr_sbas_a27_v1_prod_20230809_20230914__0f1bd7a0,1,120257763,d4bdd2e7d549f5cbc9af3e8b4cd13a0e4fb0585e854d28df68ce71276661a342,124010806,14,"unw_phase.tif,corr.tif,conncomp.tif,dem.tif,lv_theta.tif,lv_phi.tif,water_mask.tif",,
7a84e598-93f2-4bd0-856d-3455bb147338,delhi_ncr_sbas_a27_v1_prod_20230809_20230821,20230809_20230821,True,SUCCEEDED,2026-09-22T00:14:18.972389+00:00,True,data/production_zips/delhi_ncr_sbas_a27_v1_prod_20230809_20230821__7a84e598,data/production_extracted/delhi_ncr_sbas_a27_v1_prod_20230809_20230821__7a84e598,1,121000398,2cdd3fed54e6c6eb7378c71fc7430470d1d6d4a66e3b6361a0c83964781568e1,124737763,14,"unw_phase.tif,corr.tif,conncomp.tif,dem.tif,lv_theta.tif,lv_phi.tif,water_mask.tif",,
5314633b-3558-4fd1-a799-60a66910e8f3,delhi_ncr_sbas_a27_v1_prod_20230716_20230728,20230716_20230728,True,SUCCEEDED,2026-09-22T00:14:55.245560+00:00,True,data/production_zips/delhi_ncr_sbas_a27_v1_prod_20230716_20230728__5314633b,data/production_extracted/delhi_ncr_sbas_a27_v1_prod_20230716_20230728__5314633b,1,121764556,d4b0bb6446d307eb34364276bedfaddf75385079c29fdd77892b8613401de017,125726912,14,"unw_phase.tif,corr.tif,conncomp.tif,dem.tif,lv_theta.tif,lv_phi.tif,water_mask.tif",,
14c7f78b-ad71-47f7-9b87-03905ae8e2f3,delhi_ncr_sbas_a27_v1_prod_20220627_20220709,20220627_20220709,True,SUCCEEDED,2026-09-22T00:15:31.683817+00:00,True,data/production_zips/delhi_ncr_sbas_a27_v1_prod_20220627_20220709__14c7f78b,data/production_extracted/delhi_ncr_sbas_a27_v1_prod_20220627_20220709__14c7f78b,1,121965660,398e84606b6c55f3549ccd6a9ba5f0343dbef91beb4ef7f90125d84810a5bddf,125879364,14,"unw_phase.tif,corr.tif,conncomp.tif,dem.tif,lv_theta.tif,lv_phi.tif,water_mask.tif",,
2d78a11b-afc8-4422-b778-386313d61061,delhi_ncr_sbas_a27_v1_prod_20220603_20220627,20220603_20220627,True,SUCCEEDED,2026-09-22T00:16:08.783327+00:00,True,data/production_zips/delhi_ncr_sbas_a27_v1_prod_20220603_20220627__2d78a11b,data/production_extracted/delhi_ncr_sbas_a27_v1_prod_20220603_20220627__2d78a11b,1,122686592,77826daee6e4f08fff9c6a6554c760e82d99ad071ecd9fd0c67991ba3464761e,126624547,14,"unw_phase.tif,corr.tif,conncomp.tif,dem.tif,lv_theta.tif,lv_phi.tif,water_mask.tif",,
64fa7a99-9982-45cf-9c04-9e7c4423c7fd,delhi_ncr_sbas_a27_v1_prod_20220510_20220603,20220510_20220603,True,SUCCEEDED,2026-09-22T00:16:45.643294+00:00,True,data/production_zips/delhi_ncr_sbas_a27_v1_prod_20220510_20220603__64fa7a99,data/production_extracted/delhi_ncr_sbas_a27_v1_prod_20220510_20220603__64fa7a99,1,121675976,14218258c697d1eeba6728d8a0f0f6cb11af45cdeb8e5d9e9f35083af5d715c2,125576762,14,"unw_phase.tif,corr.tif,conncomp.tif,dem.tif,lv_theta.tif,lv_phi.tif,water_mask.tif",,
b0e412f5-373a-46fe-a5b2-b58a2839d647,delhi_ncr_sbas_a27_v1_prod_20220510_20220522,20220510_20220522,True,SUCCEEDED,2026-09-22T00:17:21.802370+00:00,True,data/production_zips/delhi_ncr_sbas_a27_v1_prod_20220510_20220522__b0e412f5,data/production_extracted/delhi_ncr_sbas_a27_v1_prod_20220510_20220522__b0e412f5,1,122439072,907bb990ee882ee75ef012182e5314305230b78401ae52487d55c183a5205100,126101690,14,"unw_phase.tif,corr.tif,conncomp.tif,dem.tif,lv_theta.tif,lv_phi.tif,water_mask.tif",,
6674641f-d5c4-46bc-909d-6cb8c98303bc,delhi_ncr_sbas_a27_v1_prod_20220428_20220603,20220428_20220603,True,SUCCEEDED,2026-09-22T00:17:58.363233+00:00,True,data/production_zips/delhi_ncr_sbas_a27_v1_prod_20220428_20220603__6674641f,data/production_extracted/delhi_ncr_sbas_a27_v1_prod_20220428_20220603__6674641f,1,121619028,65fb5f4fa2f4d3234f10528a4cc11ffb7bf09ec093dccb3c68d17542646fd633,125540614,14,"unw_phase.tif,corr.tif,conncomp.tif,dem.tif,lv_theta.tif,lv_phi.tif,water_mask.tif",,
c3925e47-259d-4561-b0af-ef4f457b2afc,delhi_ncr_sbas_a27_v1_prod_20220428_20220522,20220428_20220522,True,SUCCEEDED,2026-09-22T00:18:34.770013+00:00,True,data/production_zips/delhi_ncr_sbas_a27_v1_prod_20220428_20220522__c3925e47,data/production_extracted/delhi_ncr_sbas_a27_v1_prod_20220428_20220522__c3925e47,1,123763943,b8925b0e8a247c382384c29e426e97a4466eda013b6c574291a390cf01d6494c,127584430,14,"unw_phase.tif,corr.tif,conncomp.tif,dem.tif,lv_theta.tif,lv_phi.tif,water_mask.tif",,
1f53f669-f233-44f8-ab9a-45055dd21ea4,delhi_ncr_sbas_a27_v1_prod_20220428_20220510,20220428_20220510,True,SUCCEEDED,2026-09-22T00:19:12.031386+00:00,True,data/production_zips/delhi_ncr_sbas_a27_v1_prod_20220428_20220510__1f53f669,data/production_extracted/delhi_ncr_sbas_a27_v1_prod_20220428_20220510__1f53f669,1,122871978,629d77ee3aa723e1946fbe1864e3500e4863d0da0b916829e67779c80f5fa896,126547245,14,"unw_phase.tif,corr.tif,conncomp.tif,dem.tif,lv_theta.tif,lv_phi.tif,water_mask.tif",,
aef598fd-172c-4990-bc97-e18b5765a206,delhi_ncr_sbas_a27_v1_prod_20220416_20220510,20220416_20220510,True,SUCCEEDED,2026-09-22T00:19:48.462437+00:00,True,data/production_zips/delhi_ncr_sbas_a27_v1_prod_20220416_20220510__aef598fd,data/production_extracted/delhi_ncr_sbas_a27_v1_prod_20220416_20220510__aef598fd,1,123473741,733828c443100c720eb45f7ab766fc255b642f05a32ef078b23f47e109a132b7,127231006,14,"unw_phase.tif,corr.tif,conncomp.tif,dem.tif,lv_theta.tif,lv_phi.tif,water_mask.tif",,
0b50e824-e2fd-4985-83cc-40cc4f81b693,delhi_ncr_sbas_a27_v1_prod_20220416_20220522,20220416_20220522,True,SUCCEEDED,2026-09-22T00:20:25.278493+00:00,True,data/production_zips/delhi_ncr_sbas_a27_v1_prod_20220416_20220522__0b50e824,data/production_extracted/delhi_ncr_sbas_a27_v1_prod_20220416_20220522__0b50e824,1,122889976,5d95b655819b2dc5b859822f9dd92d8fc2d39c688a8618eebcd777a0a44b8558,126656988,14,"unw_phase.tif,corr.tif,conncomp.tif,dem.tif,lv_theta.tif,lv_phi.tif,water_mask.tif",,
d69a6813-08c2-4069-b87e-ddb8ea6393a6,delhi_ncr_sbas_a27_v1_prod_20220416_20220428,20220416_20220428,True,SUCCEEDED,2026-09-22T00:21:02.381195+00:00,True,data/production_zips/delhi_ncr_sbas_a27_v1_prod_20220416_20220428__d69a6813,data/production_extracted/delhi_ncr_sbas_a27_v1_prod_20220416_20220428__d69a6813,1,122373939,1c3904b7673da742ca13323967955e81242104e0d1f5b3d0b63e6876be770f72,126047790,14,"unw_phase.tif,corr.tif,conncomp.tif,dem.tif,lv_theta.tif,lv_phi.tif,water_mask.tif",,
a2c80dc7-2a66-46e0-bf58-eaefe3296a9e,delhi_ncr_sbas_a27_v1_prod_20220404_20220510,20220404_20220510,True,SUCCEEDED,2026-09-22T00:21:38.928573+00:00,True,data/production_zips/delhi_ncr_sbas_a27_v1_prod_20220404_20220510__a2c80dc7,data/production_extracted/delhi_ncr_sbas_a27_v1_prod_20220404_20220510__a2c80dc7,1,122234975,7015d55f86c1fef38574a08d92308eb846fee888abffbcf8e0194fa7239aaaa2,126048647,14,"unw_phase.tif,corr.tif,conncomp.tif,dem.tif,lv_theta.tif,lv_phi.tif,water_mask.tif",,
9148526e-6268-404a-8a8d-4bd4f05e3f79,delhi_ncr_sbas_a27_v1_prod_20220404_20220416,20220404_20220416,True,SUCCEEDED,2026-09-22T00:22:15.451760+00:00,True,data/production_zips/delhi_ncr_sbas_a27_v1_prod_20220404_20220416__9148526e,data/production_extracted/delhi_ncr_sbas_a27_v1_prod_20220404_20220416__9148526e,1,122998693,8a9857ad15e7500bd31ec45f536f45d1cd318f0d334821d4e5f6143749644d87,126732431,14,"unw_phase.tif,corr.tif,conncomp.tif,dem.tif,lv_theta.tif,lv_phi.tif,water_mask.tif",,
395af071-9a59-4efd-bae8-a3a8750686dd,delhi_ncr_sbas_a27_v1_prod_20220323_20220428,20220323_20220428,True,SUCCEEDED,2026-09-22T00:22:52.179259+00:00,True,data/production_zips/delhi_ncr_sbas_a27_v1_prod_20220323_20220428__395af071,data/production_extracted/delhi_ncr_sbas_a27_v1_prod_20220323_20220428__395af071,1,121730924,47e2f646bdf328d28d0987be24a7f3e6b66ff64728213b867d43e898d9245a93,125550241,14,"unw_phase.tif,corr.tif,conncomp.tif,dem.tif,lv_theta.tif,lv_phi.tif,water_mask.tif",,
429957c9-5b39-4c9a-91e8-dc0e5423233e,delhi_ncr_sbas_a27_v1_prod_20220323_20220404,20220323_20220404,True,SUCCEEDED,2026-09-22T00:23:28.793229+00:00,True,data/production_zips/delhi_ncr_sbas_a27_v1_prod_20220323_20220404__429957c9,data/production_extracted/delhi_ncr_sbas_a27_v1_prod_20220323_20220404__429957c9,1,122245801,9b81a77a25903703db782e137cd8af8da7ceaac4bf7214d57f7b177c07dd451b,125997210,14,"unw_phase.tif,corr.tif,conncomp.tif,dem.tif,lv_theta.tif,lv_phi.tif,water_mask.tif",,
846e40d5-55d4-4231-bd23-ca107038e25c,delhi_ncr_sbas_a27_v1_prod_20220311_20220416,20220311_20220416,True,SUCCEEDED,2026-09-22T00:24:05.240644+00:00,True,data/production_zips/delhi_ncr_sbas_a27_v1_prod_20220311_20220416__846e40d5,data/production_extracted/delhi_ncr_sbas_a27_v1_prod_20220311_20220416__846e40d5,1,121166447,3152aa1c074b5f3f6e04fc7e5527ba28560607a1ef62b62dbf554b83ceafbe28,125008893,14,"unw_phase.tif,corr.tif,conncomp.tif,dem.tif,lv_theta.tif,lv_phi.tif,water_mask.tif",,
8c785f33-31b9-49fc-bc20-3f1b8c2aa4a2,delhi_ncr_sbas_a27_v1_prod_20220227_20220311,20220227_20220311,True,SUCCEEDED,2026-09-22T00:24:41.629883+00:00,True,data/production_zips/delhi_ncr_sbas_a27_v1_prod_20220227_20220311__8c785f33,data/production_extracted/delhi_ncr_sbas_a27_v1_prod_20220227_20220311__8c785f33,1,123142736,0eed9770f9e7588b786f20d7ea7ffd9ea944553993de3fb5f23cf8afdb98483a,126910778,14,"unw_phase.tif,corr.tif,conncomp.tif,dem.tif,lv_theta.tif,lv_phi.tif,water_mask.tif",,
211d09ae-17fa-4451-b67c-eaf8f9c24ee2,delhi_ncr_sbas_a27_v1_prod_20220110_20220122,20220110_20220122,True,SUCCEEDED,2026-09-22T00:25:18.562313+00:00,True,data/production_zips/delhi_ncr_sbas_a27_v1_prod_20220110_20220122__211d09ae,data/production_extracted/delhi_ncr_sbas_a27_v1_prod_20220110_20220122__211d09ae,1,122946670,938027d2c4b72bcf20b190b33aa344bc676649570e8c488a6d2fe7e92313df65,126637048,14,"unw_phase.tif,corr.tif,conncomp.tif,dem.tif,lv_theta.tif,lv_phi.tif,water_mask.tif",,
8b27910c-cbec-4e64-8088-9b61e0cea92e,delhi_ncr_sbas_a27_v1_prod_20211123_20211229,20211123_20211229,True,SUCCEEDED,2026-09-22T00:25:55.885524+00:00,True,data/production_zips/delhi_ncr_sbas_a27_v1_prod_20211123_20211229__8b27910c,data/production_extracted/delhi_ncr_sbas_a27_v1_prod_20211123_20211229__8b27910c,1,122567882,51f5b460c0f2976049584460b49de1dde9b40bc39e78535c68d3e8ab2402bec8,126439477,14,"unw_phase.tif,corr.tif,conncomp.tif,dem.tif,lv_theta.tif,lv_phi.tif,water_mask.tif",,
f9224a5e-4745-49b9-bd40-70005d55e461,delhi_ncr_sbas_a27_v1_prod_20211111_20211217,20211111_20211217,True,SUCCEEDED,2026-09-22T00:26:32.272414+00:00,True,data/production_zips/delhi_ncr_sbas_a27_v1_prod_20211111_20211217__f9224a5e,data/production_extracted/delhi_ncr_sbas_a27_v1_prod_20211111_20211217__f9224a5e,1,121935803,c23034b2dd5507e3ec41800b7934e339f8c8dbd22730ba18bd97113bbddbc3fb,125827747,14,"unw_phase.tif,corr.tif,conncomp.tif,dem.tif,lv_theta.tif,lv_phi.tif,water_mask.tif",,
acde0886-d815-44a8-8387-98a577dec42f,delhi_ncr_sbas_a27_v1_prod_20211111_20211205,20211111_20211205,True,SUCCEEDED,2026-09-22T00:27:08.825484+00:00,True,data/production_zips/delhi_ncr_sbas_a27_v1_prod_20211111_20211205__acde0886,data/production_extracted/delhi_ncr_sbas_a27_v1_prod_20211111_20211205__acde0886,1,122674750,87c3c0ff66cce2e5200e9d3fe075b633c8acabfadfe4b22f41cfee3ccff531d4,126438723,14,"unw_phase.tif,corr.tif,conncomp.tif,dem.tif,lv_theta.tif,lv_phi.tif,water_mask.tif",,
3a869d04-6dac-4a5d-bbfc-824881e4587b,delhi_ncr_sbas_a27_v1_prod_20211030_20211205,20211030_20211205,True,SUCCEEDED,2026-09-22T00:27:46.021650+00:00,True,data/production_zips/delhi_ncr_sbas_a27_v1_prod_20211030_20211205__3a869d04,data/production_extracted/delhi_ncr_sbas_a27_v1_prod_20211030_20211205__3a869d04,1,120481118,46a62a5813d25e8003e49e0649170e93237e82c962b3d002556073e854ae18ed,124234981,14,"unw_phase.tif,corr.tif,conncomp.tif,dem.tif,lv_theta.tif,lv_phi.tif,water_mask.tif",,
84389cd3-b41e-4122-bcf8-cbb96bffd3f2,delhi_ncr_sbas_a27_v1_prod_20211018_20211123,20211018_20211123,True,SUCCEEDED,2026-09-22T00:28:22.173949+00:00,True,data/production_zips/delhi_ncr_sbas_a27_v1_prod_20211018_20211123__84389cd3,data/production_extracted/delhi_ncr_sbas_a27_v1_prod_20211018_20211123__84389cd3,1,121692764,4c677041ce16188a3af5fb5d9d200a1c860efe9e62dfc3b12f9b0770818fa902,125591693,14,"unw_phase.tif,corr.tif,conncomp.tif,dem.tif,lv_theta.tif,lv_phi.tif,water_mask.tif",,
dd714135-df21-4c64-88c2-6aa75a0b1f95,delhi_ncr_sbas_a27_v1_prod_20250915_20250927,20250915_20250927,True,SUCCEEDED,2026-09-22T00:34:17.288745+00:00,True,data/production_zips/delhi_ncr_sbas_a27_v1_prod_20250915_20250927__dd714135,data/production_extracted/delhi_ncr_sbas_a27_v1_prod_20250915_20250927__dd714135,1,122799690,235757f5d4ffd0899fdfc7ee29e716d06ebe42b79b1528b8d641ec80ade45b34,126698334,14,"unw_phase.tif,corr.tif,conncomp.tif,dem.tif,lv_theta.tif,lv_phi.tif,water_mask.tif",,
d8413fbb-73e2-42ff-8c5e-77424ca560c5,delhi_ncr_sbas_a27_v1_prod_20250903_20250927,20250903_20250927,True,SUCCEEDED,2026-09-22T00:34:54.311077+00:00,True,data/production_zips/delhi_ncr_sbas_a27_v1_prod_20250903_20250927__d8413fbb,data/production_extracted/delhi_ncr_sbas_a27_v1_prod_20250903_20250927__d8413fbb,1,121930473,adf1c8354dc4218d56afb292f800f13fbb526c58f33bb6b4ffe5579c758145f8,125881724,14,"unw_phase.tif,corr.tif,conncomp.tif,dem.tif,lv_theta.tif,lv_phi.tif,water_mask.tif",,
df63b7ea-8ab9-46f2-a8d4-897331d469f0,delhi_ncr_sbas_a27_v1_prod_20250903_20250915,20250903_20250915,True,SUCCEEDED,2026-09-22T00:35:30.670450+00:00,True,data/production_zips/delhi_ncr_sbas_a27_v1_prod_20250903_20250915__df63b7ea,data/production_extracted/delhi_ncr_sbas_a27_v1_prod_20250903_20250915__df63b7ea,1,122079213,fcaeed39f18d2c68ab9b542a33fd4c66df3c078b05ddd3f1e3e48a6ec51d2761,126046313,14,"unw_phase.tif,corr.tif,conncomp.tif,dem.tif,lv_theta.tif,lv_phi.tif,water_mask.tif",,
2766cb56-318c-436a-9bb3-445241249271,delhi_ncr_sbas_a27_v1_prod_20250822_20250915,20250822_20250915,True,SUCCEEDED,2026-09-22T00:36:07.091785+00:00,True,data/production_zips/delhi_ncr_sbas_a27_v1_prod_20250822_20250915__2766cb56,data/production_extracted/delhi_ncr_sbas_a27_v1_prod_20250822_20250915__2766cb56,1,122057233,bd421ae2ae93b886961b2f1ef031bfef1ddcdf500a86e9d779e8bcc8fa92847c,126009981,14,"unw_phase.tif,corr.tif,conncomp.tif,dem.tif,lv_theta.tif,lv_phi.tif,water_mask.tif",,
a890ff57-a78b-4dc1-a033-6533e49468ea,delhi_ncr_sbas_a27_v1_prod_20250822_20250927,20250822_20250927,True,SUCCEEDED,2026-09-22T00:36:43.908892+00:00,True,data/production_zips/delhi_ncr_sbas_a27_v1_prod_20250822_20250927__a890ff57,data/production_extracted/delhi_ncr_sbas_a27_v1_prod_20250822_20250927__a890ff57,1,122308693,2416207602f917a471b90b5e59788934a531b6889119a70fee5bc84f095d8f5f,126286673,14,"unw_phase.tif,corr.tif,conncomp.tif,dem.tif,lv_theta.tif,lv_phi.tif,water_mask.tif",,
1284ca46-883a-4208-92c6-c11d45333f02,delhi_ncr_sbas_a27_v1_prod_20250822_20250903,20250822_20250903,True,SUCCEEDED,2026-09-22T00:37:21.466192+00:00,True,data/production_zips/delhi_ncr_sbas_a27_v1_prod_20250822_20250903__1284ca46,data/production_extracted/delhi_ncr_sbas_a27_v1_prod_20250822_20250903__1284ca46,1,121277967,76e0144d8fe03d22453292bba3fc60f8599c64c3e44e02b39a2b240afe93a93e,125155800,14,"unw_phase.tif,corr.tif,conncomp.tif,dem.tif,lv_theta.tif,lv_phi.tif,water_mask.tif",,
56b1db29-b05e-47a7-ae28-3eb826bb1f91,delhi_ncr_sbas_a27_v1_prod_20250810_20250915,20250810_20250915,True,SUCCEEDED,2026-09-22T00:37:57.499303+00:00,True,data/production_zips/delhi_ncr_sbas_a27_v1_prod_20250810_20250915__56b1db29,data/production_extracted/delhi_ncr_sbas_a27_v1_prod_20250810_20250915__56b1db29,1,121660680,a9bf67e1d39f4094062d1c038c9ff18708bb46f5c6603d4cb212746ff415171c,125560604,14,"unw_phase.tif,corr.tif,conncomp.tif,dem.tif,lv_theta.tif,lv_phi.tif,water_mask.tif",,
ff3a74f7-098f-4ecb-956d-3a04dc6f31b7,delhi_ncr_sbas_a27_v1_prod_20250810_20250903,20250810_20250903,True,SUCCEEDED,2026-09-22T00:38:33.565324+00:00,True,data/production_zips/delhi_ncr_sbas_a27_v1_prod_20250810_20250903__ff3a74f7,data/production_extracted/delhi_ncr_sbas_a27_v1_prod_20250810_20250903__ff3a74f7,1,121767563,dac7b2a3b35b49c97b014b84d1f25b62b5c0faeb2c46bc3bf96619c496abd3fe,125715909,14,"unw_phase.tif,corr.tif,conncomp.tif,dem.tif,lv_theta.tif,lv_phi.tif,water_mask.tif",,
25a96212-d669-41ae-a38a-9d156238b005,delhi_ncr_sbas_a27_v1_prod_20250810_20250822,20250810_20250822,True,SUCCEEDED,2026-09-22T00:39:09.757598+00:00,True,data/production_zips/delhi_ncr_sbas_a27_v1_prod_20250810_20250822__25a96212,data/production_extracted/delhi_ncr_sbas_a27_v1_prod_20250810_20250822__25a96212,1,123132498,20fce1c0baf07d4b52edc39e5f9cbb8c52e0173e7f28fcf744895cb0f4ccd97c,127103508,14,"unw_phase.tif,corr.tif,conncomp.tif,dem.tif,lv_theta.tif,lv_phi.tif,water_mask.tif",,
eb327c8c-eed8-49b2-8b0f-02a10d7c0a87,delhi_ncr_sbas_a27_v1_prod_20250729_20250903,20250729_20250903,True,SUCCEEDED,2026-09-22T00:39:46.383434+00:00,True,data/production_zips/delhi_ncr_sbas_a27_v1_prod_20250729_20250903__eb327c8c,data/production_extracted/delhi_ncr_sbas_a27_v1_prod_20250729_20250903__eb327c8c,1,121317134,21da9a967d714504110f6a993dcb60a01558f5e14fbb433c3bdd0c6c4fd258c6,125201145,14,"unw_phase.tif,corr.tif,conncomp.tif,dem.tif,lv_theta.tif,lv_phi.tif,water_mask.tif",,
a7209675-d94b-44fc-a7cb-cc6626e9cdda,delhi_ncr_sbas_a27_v1_prod_20250729_20250822,20250729_20250822,True,SUCCEEDED,2026-09-22T00:40:22.734005+00:00,True,data/production_zips/delhi_ncr_sbas_a27_v1_prod_20250729_20250822__a7209675,data/production_extracted/delhi_ncr_sbas_a27_v1_prod_20250729_20250822__a7209675,1,121641922,1ab6b64287745222dcb45210a25f9562103e989a4270ded9a058afea288a442b,125550420,14,"unw_phase.tif,corr.tif,conncomp.tif,dem.tif,lv_theta.tif,lv_phi.tif,water_mask.tif",,
80892028-5e21-452e-b75a-d9a72d867747,delhi_ncr_sbas_a27_v1_prod_20250729_20250810,20250729_20250810,True,SUCCEEDED,2026-09-22T00:40:59.518781+00:00,True,data/production_zips/delhi_ncr_sbas_a27_v1_prod_20250729_20250810__80892028,data/production_extracted/delhi_ncr_sbas_a27_v1_prod_20250729_20250810__80892028,1,122996087,7880854863d4aa4c90684114afb5675b1bc9b28fce36020139e69d6482a444f4,126942236,14,"unw_phase.tif,corr.tif,conncomp.tif,dem.tif,lv_theta.tif,lv_phi.tif,water_mask.tif",,
c9893f59-d75f-408a-9d70-e054412718b3,delhi_ncr_sbas_a27_v1_prod_20250717_20250822,20250717_20250822,True,SUCCEEDED,2026-09-22T00:41:36.486655+00:00,True,data/production_zips/delhi_ncr_sbas_a27_v1_prod_20250717_20250822__c9893f59,data/production_extracted/delhi_ncr_sbas_a27_v1_prod_20250717_20250822__c9893f59,1,122148452,bb312d2e0cb0d888f8c536387df0fd67400e77d20c9741b83229fa2cb764f750,126148947,14,"unw_phase.tif,corr.tif,conncomp.tif,dem.tif,lv_theta.tif,lv_phi.tif,water_mask.tif",,
4423f1d7-65b5-489f-81f1-3eefbf96e0ee,delhi_ncr_sbas_a27_v1_prod_20250717_20250810,20250717_20250810,True,SUCCEEDED,2026-09-22T00:42:13.204433+00:00,True,data/production_zips/delhi_ncr_sbas_a27_v1_prod_20250717_20250810__4423f1d7,data/production_extracted/delhi_ncr_sbas_a27_v1_prod_20250717_20250810__4423f1d7,1,121996056,da6fb6abc789cada6168703dd1d82f3932f43979b175cf7765a88ba876c6d617,125961603,14,"unw_phase.tif,corr.tif,conncomp.tif,dem.tif,lv_theta.tif,lv_phi.tif,water_mask.tif",,
11509811-578a-4196-b6a6-f838a0cf42a6,delhi_ncr_sbas_a27_v1_prod_20250717_20250729,20250717_20250729,True,SUCCEEDED,2026-09-22T00:43:38.176321+00:00,True,data/production_zips/delhi_ncr_sbas_a27_v1_prod_20250717_20250729__11509811,data/production_extracted/delhi_ncr_sbas_a27_v1_prod_20250717_20250729__11509811,1,121465862,db340b54db54ed5474744e09cb71e336bf70c4378f65772ab777f9366a6aff50,125309845,14,"unw_phase.tif,corr.tif,conncomp.tif,dem.tif,lv_theta.tif,lv_phi.tif,water_mask.tif",,
8ef4e155-125c-4cd3-985f-75c585c42f0f,delhi_ncr_sbas_a27_v1_prod_20250705_20250810,20250705_20250810,True,SUCCEEDED,2026-09-22T00:44:15.123803+00:00,True,data/production_zips/delhi_ncr_sbas_a27_v1_prod_20250705_20250810__8ef4e155,data/production_extracted/delhi_ncr_sbas_a27_v1_prod_20250705_20250810__8ef4e155,1,121453158,81e9a5657e32862c1d3d1b5a8e96172dd33467bcd0b694ab2c309a9a977e9ee2,125326880,14,"unw_phase.tif,corr.tif,conncomp.tif,dem.tif,lv_theta.tif,lv_phi.tif,water_mask.tif",,
2c63d6f0-70e2-4184-a498-492ba8ddad0e,delhi_ncr_sbas_a27_v1_prod_20250705_20250717,20250705_20250717,True,SUCCEEDED,2026-09-22T00:44:51.971862+00:00,True,data/production_zips/delhi_ncr_sbas_a27_v1_prod_20250705_20250717__2c63d6f0,data/production_extracted/delhi_ncr_sbas_a27_v1_prod_20250705_20250717__2c63d6f0,1,122268608,f43f3a4ee042791333cc9d367bc7309e4b5b00336ae00763711d64821af239f3,126244808,14,"unw_phase.tif,corr.tif,conncomp.tif,dem.tif,lv_theta.tif,lv_phi.tif,water_mask.tif",,
1793270f-5e3a-4a72-8faf-43525cafbf4d,delhi_ncr_sbas_a27_v1_prod_20250705_20250729,20250705_20250729,True,SUCCEEDED,2026-09-22T00:45:29.893719+00:00,True,data/production_zips/delhi_ncr_sbas_a27_v1_prod_20250705_20250729__1793270f,data/production_extracted/delhi_ncr_sbas_a27_v1_prod_20250705_20250729__1793270f,1,121830100,1ffed4b8d2dd36ea13eb1960ed9c8b7ec930ae54e47eab8857bd9ecda6a7f56c,125690133,14,"unw_phase.tif,corr.tif,conncomp.tif,dem.tif,lv_theta.tif,lv_phi.tif,water_mask.tif",,
b3d8c157-641b-4743-b6da-0f89526bc28c,delhi_ncr_sbas_a27_v1_prod_20250623_20250729,20250623_20250729,True,SUCCEEDED,2026-09-22T00:46:06.325233+00:00,True,data/production_zips/delhi_ncr_sbas_a27_v1_prod_20250623_20250729__b3d8c157,data/production_extracted/delhi_ncr_sbas_a27_v1_prod_20250623_20250729__b3d8c157,1,121996638,f61636a84f311e672f9dbdc0b78f21749fd46cf746ee786632f6c26bf7553363,125951872,14,"unw_phase.tif,corr.tif,conncomp.tif,dem.tif,lv_theta.tif,lv_phi.tif,water_mask.tif",,
b4c4fed7-d2c5-4a4c-9f64-5b22739f26f3,delhi_ncr_sbas_a27_v1_prod_20250623_20250705,20250623_20250705,True,SUCCEEDED,2026-09-22T00:46:43.239638+00:00,True,data/production_zips/delhi_ncr_sbas_a27_v1_prod_20250623_20250705__b4c4fed7,data/production_extracted/delhi_ncr_sbas_a27_v1_prod_20250623_20250705__b4c4fed7,1,121665026,79ccebc08bc0b9b205fb4c0024e611f07ad94932297c0c271fc1a52bf3757040,125559124,14,"unw_phase.tif,corr.tif,conncomp.tif,dem.tif,lv_theta.tif,lv_phi.tif,water_mask.tif",,
95c9f005-22da-4dfd-8fff-831eab69cabb,delhi_ncr_sbas_a27_v1_prod_20250623_20250717,20250623_20250717,True,SUCCEEDED,2026-09-22T00:47:19.697448+00:00,True,data/production_zips/delhi_ncr_sbas_a27_v1_prod_20250623_20250717__95c9f005,data/production_extracted/delhi_ncr_sbas_a27_v1_prod_20250623_20250717__95c9f005,1,122330234,335a11c0d0da983683340c271131217c10517ce6a624a920526b88f46473ec44,126348312,14,"unw_phase.tif,corr.tif,conncomp.tif,dem.tif,lv_theta.tif,lv_phi.tif,water_mask.tif",,
8abcfeb9-978c-4162-b641-47caf90e5601,delhi_ncr_sbas_a27_v1_prod_20250611_20250717,20250611_20250717,True,SUCCEEDED,2026-09-22T00:47:56.635135+00:00,True,data/production_zips/delhi_ncr_sbas_a27_v1_prod_20250611_20250717__8abcfeb9,data/production_extracted/delhi_ncr_sbas_a27_v1_prod_20250611_20250717__8abcfeb9,1,121226527,5bbd41d998f9ff4f34efc3ac59f86082eadfbfe8adab2051c2c90f8643e59c12,125080542,14,"unw_phase.tif,corr.tif,conncomp.tif,dem.tif,lv_theta.tif,lv_phi.tif,water_mask.tif",,
98b6b2e1-9761-4132-8b3f-f557a142b70f,delhi_ncr_sbas_a27_v1_prod_20250611_20250705,20250611_20250705,True,SUCCEEDED,2026-09-22T00:48:32.952722+00:00,True,data/production_zips/delhi_ncr_sbas_a27_v1_prod_20250611_20250705__98b6b2e1,data/production_extracted/delhi_ncr_sbas_a27_v1_prod_20250611_20250705__98b6b2e1,1,121113777,6e293a39cf04b12aa827a5ff87d6dbd05ccc0001c10f8819a1e4ab720b3f5c37,124933056,14,"unw_phase.tif,corr.tif,conncomp.tif,dem.tif,lv_theta.tif,lv_phi.tif,water_mask.tif",,
e3eaa3d8-5f72-4034-8384-d492507de59e,delhi_ncr_sbas_a27_v1_prod_20250611_20250623,20250611_20250623,True,SUCCEEDED,2026-09-22T00:49:09.023612+00:00,True,data/production_zips/delhi_ncr_sbas_a27_v1_prod_20250611_20250623__e3eaa3d8,data/production_extracted/delhi_ncr_sbas_a27_v1_prod_20250611_20250623__e3eaa3d8,1,121031687,418ffcc6e8b0a7d5b415f16dae89eb1b33e497f0cb3f075b59b482c8a073fa84,124853615,14,"unw_phase.tif,corr.tif,conncomp.tif,dem.tif,lv_theta.tif,lv_phi.tif,water_mask.tif",,
9cc53b26-4dc1-4f55-917c-55beb3cfff02,delhi_ncr_sbas_a27_v1_prod_20250530_20250623,20250530_20250623,True,SUCCEEDED,2026-09-22T00:50:48.243094+00:00,True,data/production_zips/delhi_ncr_sbas_a27_v1_prod_20250530_20250623__9cc53b26,data/production_extracted/delhi_ncr_sbas_a27_v1_prod_20250530_20250623__9cc53b26,1,121790288,79daad28fd4d1a7a623c9569354b0d537821af66b159993a71463971a76a7e4d,125720651,14,"unw_phase.tif,corr.tif,conncomp.tif,dem.tif,lv_theta.tif,lv_phi.tif,water_mask.tif",,
865435bb-2558-4dc9-b64b-52c0295aa186,delhi_ncr_sbas_a27_v1_prod_20250530_20250705,20250530_20250705,True,SUCCEEDED,2026-09-22T00:51:56.043213+00:00,True,data/production_zips/delhi_ncr_sbas_a27_v1_prod_20250530_20250705__865435bb,data/production_extracted/delhi_ncr_sbas_a27_v1_prod_20250530_20250705__865435bb,1,122153145,bed718b46d41437c056331c7881121cb42effe08746374ef6a4aa9cea80dfd45,126125750,14,"unw_phase.tif,corr.tif,conncomp.tif,dem.tif,lv_theta.tif,lv_phi.tif,water_mask.tif",,
7da849a6-793c-4803-aa09-d137993c56cf,delhi_ncr_sbas_a27_v1_prod_20250530_20250611,20250530_20250611,True,SUCCEEDED,2026-09-22T00:52:33.275929+00:00,True,data/production_zips/delhi_ncr_sbas_a27_v1_prod_20250530_20250611__7da849a6,data/production_extracted/delhi_ncr_sbas_a27_v1_prod_20250530_20250611__7da849a6,1,121980477,2fe9d20717a43191bbc467866c77dadde8cee8ff95b1141cbee515eadcec611e,125781504,14,"unw_phase.tif,corr.tif,conncomp.tif,dem.tif,lv_theta.tif,lv_phi.tif,water_mask.tif",,
3842c624-6574-493c-8f69-598a8b378613,delhi_ncr_sbas_a27_v1_prod_20250506_20250611,20250506_20250611,True,SUCCEEDED,2026-09-22T00:53:09.912902+00:00,True,data/production_zips/delhi_ncr_sbas_a27_v1_prod_20250506_20250611__3842c624,data/production_extracted/delhi_ncr_sbas_a27_v1_prod_20250506_20250611__3842c624,1,120919609,4cebaa15345978989f6ae57b39231ad525af1ce0ccf4e29b2e256d11d9074738,124771973,14,"unw_phase.tif,corr.tif,conncomp.tif,dem.tif,lv_theta.tif,lv_phi.tif,water_mask.tif",,
f1009a84-9c93-4947-87ee-d63c42a0dc3a,delhi_ncr_sbas_a27_v1_prod_20250506_20250530,20250506_20250530,True,SUCCEEDED,2026-09-22T00:53:47.027433+00:00,True,data/production_zips/delhi_ncr_sbas_a27_v1_prod_20250506_20250530__f1009a84,data/production_extracted/delhi_ncr_sbas_a27_v1_prod_20250506_20250530__f1009a84,1,121486391,e963a2e10d6cd2b2da9aa31c00a12fb47136d13cab2cd79e85c2791a5b0501b7,125351093,14,"unw_phase.tif,corr.tif,conncomp.tif,dem.tif,lv_theta.tif,lv_phi.tif,water_mask.tif",,
9b65f532-71cb-4417-87e8-23228e6f7c80,delhi_ncr_sbas_a27_v1_prod_20250424_20250530,20250424_20250530,True,SUCCEEDED,2026-09-22T00:54:23.150716+00:00,True,data/production_zips/delhi_ncr_sbas_a27_v1_prod_20250424_20250530__9b65f532,data/production_extracted/delhi_ncr_sbas_a27_v1_prod_20250424_20250530__9b65f532,1,121411703,6b333012cffa557d604f34a703f68dd08c47dee8bc3c7d4cada20e6766534238,125294258,14,"unw_phase.tif,corr.tif,conncomp.tif,dem.tif,lv_theta.tif,lv_phi.tif,water_mask.tif",,
6efe3e7d-c8d3-48d7-bc96-6a1e873072ec,delhi_ncr_sbas_a27_v1_prod_20250424_20250506,20250424_20250506,True,SUCCEEDED,2026-09-22T00:54:59.371269+00:00,True,data/production_zips/delhi_ncr_sbas_a27_v1_prod_20250424_20250506__6efe3e7d,data/production_extracted/delhi_ncr_sbas_a27_v1_prod_20250424_20250506__6efe3e7d,1,124191962,995ee20e378e22e61836f553bd902895fade5ba8b4b8d7e70c55bd4369a9d5fd,127976781,14,"unw_phase.tif,corr.tif,conncomp.tif,dem.tif,lv_theta.tif,lv_phi.tif,water_mask.tif",,
d3ddb14d-48a1-4bed-b184-e612286b904f,delhi_ncr_sbas_a27_v1_prod_20250412_20250424,20250412_20250424,True,SUCCEEDED,2026-09-22T00:55:36.336605+00:00,True,data/production_zips/delhi_ncr_sbas_a27_v1_prod_20250412_20250424__d3ddb14d,data/production_extracted/delhi_ncr_sbas_a27_v1_prod_20250412_20250424__d3ddb14d,1,123136975,9ce3bc1fb2465a17ccfcfb5a4c27bc8a8096c08a4eb1e24cb9751c21982075ab,126829003,14,"unw_phase.tif,corr.tif,conncomp.tif,dem.tif,lv_theta.tif,lv_phi.tif,water_mask.tif",,
cc36af4d-dbbd-4aec-ae3b-ce05b5320efd,delhi_ncr_sbas_a27_v1_prod_20250331_20250506,20250331_20250506,True,SUCCEEDED,2026-09-22T00:56:13.141923+00:00,True,data/production_zips/delhi_ncr_sbas_a27_v1_prod_20250331_20250506__cc36af4d,data/production_extracted/delhi_ncr_sbas_a27_v1_prod_20250331_20250506__cc36af4d,1,121890556,db14a3efd6d9854d337b37411cf177c300fab19dfe75653bace6e50a84b5144d,125811504,14,"unw_phase.tif,corr.tif,conncomp.tif,dem.tif,lv_theta.tif,lv_phi.tif,water_mask.tif",,
54a52f5e-f686-4045-b240-d6514b98375c,delhi_ncr_sbas_a27_v1_prod_20250331_20250424,20250331_20250424,True,SUCCEEDED,2026-09-22T00:56:49.695578+00:00,True,data/production_zips/delhi_ncr_sbas_a27_v1_prod_20250331_20250424__54a52f5e,data/production_extracted/delhi_ncr_sbas_a27_v1_prod_20250331_20250424__54a52f5e,1,121293469,0007f304ac7527821c3db5c32341e4fcb804cece369c585f7f5d690f9e46dc4e,125115664,14,"unw_phase.tif,corr.tif,conncomp.tif,dem.tif,lv_theta.tif,lv_phi.tif,water_mask.tif",,
2b2da485-9387-471e-88df-5b9bf755c2ad,delhi_ncr_sbas_a27_v1_prod_20250331_20250412,20250331_20250412,True,SUCCEEDED,2026-09-22T00:57:25.968304+00:00,True,data/production_zips/delhi_ncr_sbas_a27_v1_prod_20250331_20250412__2b2da485,data/production_extracted/delhi_ncr_sbas_a27_v1_prod_20250331_20250412__2b2da485,1,122104233,410806b0a2e9e3f1fe27d0eb6a4cc68b782927af5a76b546327582db092e587d,125872566,14,"unw_phase.tif,corr.tif,conncomp.tif,dem.tif,lv_theta.tif,lv_phi.tif,water_mask.tif",,
032b40c1-7598-4e15-b43c-c3b953c70af8,delhi_ncr_sbas_a27_v1_prod_20250319_20250424,20250319_20250424,True,SUCCEEDED,2026-09-22T00:58:02.295687+00:00,True,data/production_zips/delhi_ncr_sbas_a27_v1_prod_20250319_20250424__032b40c1,data/production_extracted/delhi_ncr_sbas_a27_v1_prod_20250319_20250424__032b40c1,1,122209052,f7ca3c2aea6e40fe0ea09deba9fc709d2128b4e97c6672d7053cfbd860719200,126083158,14,"unw_phase.tif,corr.tif,conncomp.tif,dem.tif,lv_theta.tif,lv_phi.tif,water_mask.tif",,
2e88db67-8cf4-44bd-91bc-d0a9e7f430cc,delhi_ncr_sbas_a27_v1_prod_20250319_20250412,20250319_20250412,True,SUCCEEDED,2026-09-22T00:58:38.816755+00:00,True,data/production_zips/delhi_ncr_sbas_a27_v1_prod_20250319_20250412__2e88db67,data/production_extracted/delhi_ncr_sbas_a27_v1_prod_20250319_20250412__2e88db67,1,121492911,b9d399d95c1e0c27f5ac2aad5a96bf5f2124d7b3cf16b817ef497bcf260131bb,125276172,14,"unw_phase.tif,corr.tif,conncomp.tif,dem.tif,lv_theta.tif,lv_phi.tif,water_mask.tif",,
eb6b1dd9-cc4f-4101-a5ea-b139fc10fa5a,delhi_ncr_sbas_a27_v1_prod_20250319_20250331,20250319_20250331,True,SUCCEEDED,2026-09-22T00:59:14.889115+00:00,True,data/production_zips/delhi_ncr_sbas_a27_v1_prod_20250319_20250331__eb6b1dd9,data/production_extracted/delhi_ncr_sbas_a27_v1_prod_20250319_20250331__eb6b1dd9,1,122348530,683672b6f9cb5cb00a7831cebfdea46c5ffab5866c86835078b6e9ce9275bd9c,126055717,14,"unw_phase.tif,corr.tif,conncomp.tif,dem.tif,lv_theta.tif,lv_phi.tif,water_mask.tif",,
40382c09-86f4-470e-b1f1-40616eb38265,delhi_ncr_sbas_a27_v1_prod_20250307_20250412,20250307_20250412,True,SUCCEEDED,2026-09-22T00:59:51.498741+00:00,True,data/production_zips/delhi_ncr_sbas_a27_v1_prod_20250307_20250412__40382c09,data/production_extracted/delhi_ncr_sbas_a27_v1_prod_20250307_20250412__40382c09,1,121162739,103d4d66bddcd01e511452ad15ea3813025d4ba8a40735593c7d598282af9d9a,124979144,14,"unw_phase.tif,corr.tif,conncomp.tif,dem.tif,lv_theta.tif,lv_phi.tif,water_mask.tif",,
efdd7b1e-8bbf-42a8-a33d-6235ab34095e,delhi_ncr_sbas_a27_v1_prod_20250307_20250331,20250307_20250331,True,SUCCEEDED,2026-09-22T01:00:27.556637+00:00,True,data/production_zips/delhi_ncr_sbas_a27_v1_prod_20250307_20250331__efdd7b1e,data/production_extracted/delhi_ncr_sbas_a27_v1_prod_20250307_20250331__efdd7b1e,1,122810171,c92e72b2cf3f4b67820d5dfc60226029d01f22f17363949f1af484dc2978de15,126620629,14,"unw_phase.tif,corr.tif,conncomp.tif,dem.tif,lv_theta.tif,lv_phi.tif,water_mask.tif",,
ddbdcc8f-c015-4b52-ac06-5d1c9fa7dd63,delhi_ncr_sbas_a27_v1_prod_20250307_20250319,20250307_20250319,True,SUCCEEDED,2026-09-22T01:01:04.839166+00:00,True,data/production_zips/delhi_ncr_sbas_a27_v1_prod_20250307_20250319__ddbdcc8f,data/production_extracted/delhi_ncr_sbas_a27_v1_prod_20250307_20250319__ddbdcc8f,1,124221556,725c8ca0dc10540de63e69df5fac50a6cba8ac35f621d5c788e728b349a9cf8b,128077124,14,"unw_phase.tif,corr.tif,conncomp.tif,dem.tif,lv_theta.tif,lv_phi.tif,water_mask.tif",,
d71fe109-eb7b-474d-a843-fd130e939ef3,delhi_ncr_sbas_a27_v1_prod_20250223_20250331,20250223_20250331,True,SUCCEEDED,2026-09-22T01:01:43.267642+00:00,True,data/production_zips/delhi_ncr_sbas_a27_v1_prod_20250223_20250331__d71fe109,data/production_extracted/delhi_ncr_sbas_a27_v1_prod_20250223_20250331__d71fe109,1,121364380,c96216853b100dd430e16eb812a08f6e242d849cc4ea590b78f13b1abd1f3d23,125163686,14,"unw_phase.tif,corr.tif,conncomp.tif,dem.tif,lv_theta.tif,lv_phi.tif,water_mask.tif",,
b6512664-a216-467c-9d9a-b766719bd7eb,delhi_ncr_sbas_a27_v1_prod_20250223_20250319,20250223_20250319,True,SUCCEEDED,2026-09-22T01:02:19.452382+00:00,True,data/production_zips/delhi_ncr_sbas_a27_v1_prod_20250223_20250319__b6512664,data/production_extracted/delhi_ncr_sbas_a27_v1_prod_20250223_20250319__b6512664,1,122847032,a2e7700d653cf34fb8a99de817e1778cf38fa102c5ba3028b5c2959a21853164,126745293,14,"unw_phase.tif,corr.tif,conncomp.tif,dem.tif,lv_theta.tif,lv_phi.tif,water_mask.tif",,
ff7a1c64-ff7a-41ea-ae18-54ff9504bd0c,delhi_ncr_sbas_a27_v1_prod_20250223_20250307,20250223_20250307,True,SUCCEEDED,2026-09-22T01:02:56.439173+00:00,True,data/production_zips/delhi_ncr_sbas_a27_v1_prod_20250223_20250307__ff7a1c64,data/production_extracted/delhi_ncr_sbas_a27_v1_prod_20250223_20250307__ff7a1c64,1,122922401,257571459c51a45458f42bcccbb3319476859907223700e30f0847cafa9daf8f,126704268,14,"unw_phase.tif,corr.tif,conncomp.tif,dem.tif,lv_theta.tif,lv_phi.tif,water_mask.tif",,
43a49d9e-d8c8-4f02-875f-119016b702fb,delhi_ncr_sbas_a27_v1_prod_20250211_20250319,20250211_20250319,True,SUCCEEDED,2026-09-22T01:03:33.024808+00:00,True,data/production_zips/delhi_ncr_sbas_a27_v1_prod_20250211_20250319__43a49d9e,data/production_extracted/delhi_ncr_sbas_a27_v1_prod_20250211_20250319__43a49d9e,1,121454689,46908da66c6f80511bfaa0d2ce1c4038ad279fe5ce2cf0b4e441ddd80ff0293c,125285516,14,"unw_phase.tif,corr.tif,conncomp.tif,dem.tif,lv_theta.tif,lv_phi.tif,water_mask.tif",,
96962eda-996b-4d55-bef8-becb9516898a,delhi_ncr_sbas_a27_v1_prod_20250211_20250307,20250211_20250307,True,SUCCEEDED,2026-09-22T01:04:09.263363+00:00,True,data/production_zips/delhi_ncr_sbas_a27_v1_prod_20250211_20250307__96962eda,data/production_extracted/delhi_ncr_sbas_a27_v1_prod_20250211_20250307__96962eda,1,121675707,6486c32cc574de2da028d1df9bb0f48e3db63297a7a694afb45a8d5c9ca49141,125475782,14,"unw_phase.tif,corr.tif,conncomp.tif,dem.tif,lv_theta.tif,lv_phi.tif,water_mask.tif",,
5caeecd1-4f03-4ddc-b118-d83bf39bce12,delhi_ncr_sbas_a27_v1_prod_20250211_20250223,20250211_20250223,True,SUCCEEDED,2026-09-22T01:04:45.766805+00:00,True,data/production_zips/delhi_ncr_sbas_a27_v1_prod_20250211_20250223__5caeecd1,data/production_extracted/delhi_ncr_sbas_a27_v1_prod_20250211_20250223__5caeecd1,1,123141784,a5b596c2c83bb1a2a93e01e88db4460d1cd0f4732433656411d530a58e7a4c07,126871456,14,"unw_phase.tif,corr.tif,conncomp.tif,dem.tif,lv_theta.tif,lv_phi.tif,water_mask.tif",,
702fba03-be68-4b6b-9df7-ce16644c0296,delhi_ncr_sbas_a27_v1_prod_20250130_20250223,20250130_20250223,True,SUCCEEDED,2026-09-22T01:05:22.375640+00:00,True,data/production_zips/delhi_ncr_sbas_a27_v1_prod_20250130_20250223__702fba03,data/production_extracted/delhi_ncr_sbas_a27_v1_prod_20250130_20250223__702fba03,1,121529152,c20a8ef04d8364568ddfc532eec479c391b1179e0ab7912ec1691114e70a8697,125289808,14,"unw_phase.tif,corr.tif,conncomp.tif,dem.tif,lv_theta.tif,lv_phi.tif,water_mask.tif",,
591e4a9c-6c1b-41b7-abf3-b3a3801284c6,delhi_ncr_sbas_a27_v1_prod_20250130_20250307,20250130_20250307,True,SUCCEEDED,2026-09-22T01:06:00.772295+00:00,True,data/production_zips/delhi_ncr_sbas_a27_v1_prod_20250130_20250307__591e4a9c,data/production_extracted/delhi_ncr_sbas_a27_v1_prod_20250130_20250307__591e4a9c,1,121184852,5bf8f5b0c130967688064f7aa0b7b83d3c34436bf0dd7db7396053d79f5897c7,125004355,14,"unw_phase.tif,corr.tif,conncomp.tif,dem.tif,lv_theta.tif,lv_phi.tif,water_mask.tif",,
8d42e958-363a-472b-9a2e-b3cb43250515,delhi_ncr_sbas_a27_v1_prod_20250130_20250211,20250130_20250211,True,SUCCEEDED,2026-09-22T01:06:37.339713+00:00,True,data/production_zips/delhi_ncr_sbas_a27_v1_prod_20250130_20250211__8d42e958,data/production_extracted/delhi_ncr_sbas_a27_v1_prod_20250130_20250211__8d42e958,1,124144939,6591dbb11faadc6f615d2ce356e6c2dbb29cd6ccde0bd01204aedc2a21eec487,127849740,14,"unw_phase.tif,corr.tif,conncomp.tif,dem.tif,lv_theta.tif,lv_phi.tif,water_mask.tif",,
06d40a28-b055-4db1-a296-9cd14b96c044,delhi_ncr_sbas_a27_v1_prod_20250118_20250211,20250118_20250211,True,SUCCEEDED,2026-09-22T01:07:14.477316+00:00,True,data/production_zips/delhi_ncr_sbas_a27_v1_prod_20250118_20250211__06d40a28,data/production_extracted/delhi_ncr_sbas_a27_v1_prod_20250118_20250211__06d40a28,1,122552418,6cf1215eab01b8d667ccf8204ae817fc84d3444c90c052c0a5970e2d04294d65,126316074,14,"unw_phase.tif,corr.tif,conncomp.tif,dem.tif,lv_theta.tif,lv_phi.tif,water_mask.tif",,
902470bf-1c0a-44ec-9140-b7f96700c809,delhi_ncr_sbas_a27_v1_prod_20250118_20250223,20250118_20250223,True,SUCCEEDED,2026-09-22T01:07:51.617496+00:00,True,data/production_zips/delhi_ncr_sbas_a27_v1_prod_20250118_20250223__902470bf,data/production_extracted/delhi_ncr_sbas_a27_v1_prod_20250118_20250223__902470bf,1,120916175,07bb0106c89ab33cba3d0ee325589e3f73f2070049af65d420bbab99e4991253,124697175,14,"unw_phase.tif,corr.tif,conncomp.tif,dem.tif,lv_theta.tif,lv_phi.tif,water_mask.tif",,
2dbf3954-4ca2-4a72-be6b-9dde3d663941,delhi_ncr_sbas_a27_v1_prod_20250118_20250130,20250118_20250130,True,SUCCEEDED,2026-09-22T01:08:27.934995+00:00,True,data/production_zips/delhi_ncr_sbas_a27_v1_prod_20250118_20250130__2dbf3954,data/production_extracted/delhi_ncr_sbas_a27_v1_prod_20250118_20250130__2dbf3954,1,122410924,31cb8ee7f63ab1d83a3aa812409b56e855e8b756d5c71bb277341119da1edeb6,126069141,14,"unw_phase.tif,corr.tif,conncomp.tif,dem.tif,lv_theta.tif,lv_phi.tif,water_mask.tif",,
51bcf35e-61a0-4a89-bbbb-8a334ada2dfc,delhi_ncr_sbas_a27_v1_prod_20250106_20250211,20250106_20250211,True,SUCCEEDED,2026-09-22T01:09:04.973174+00:00,True,data/production_zips/delhi_ncr_sbas_a27_v1_prod_20250106_20250211__51bcf35e,data/production_extracted/delhi_ncr_sbas_a27_v1_prod_20250106_20250211__51bcf35e,1,121071207,bd6488dd750440a49b5c0d0a8c94b7df93295b9540a03658d6e89b70274f976b,124792666,14,"unw_phase.tif,corr.tif,conncomp.tif,dem.tif,lv_theta.tif,lv_phi.tif,water_mask.tif",,
47f9d7fa-5ee1-475c-a4a8-258a0926c38a,delhi_ncr_sbas_a27_v1_prod_20250106_20250130,20250106_20250130,True,SUCCEEDED,2026-09-22T01:09:41.540794+00:00,True,data/production_zips/delhi_ncr_sbas_a27_v1_prod_20250106_20250130__47f9d7fa,data/production_extracted/delhi_ncr_sbas_a27_v1_prod_20250106_20250130__47f9d7fa,1,124131191,52a24029dcf182fe4925b4c242acf3403a338788c66ba6c1c6c16c1cdd62e71f,127848908,14,"unw_phase.tif,corr.tif,conncomp.tif,dem.tif,lv_theta.tif,lv_phi.tif,water_mask.tif",,
39293333-0d9b-49d7-9ec5-aa274830c8ad,delhi_ncr_sbas_a27_v1_prod_20250106_20250118,20250106_20250118,True,SUCCEEDED,2026-09-22T01:10:19.982188+00:00,True,data/production_zips/delhi_ncr_sbas_a27_v1_prod_20250106_20250118__39293333,data/production_extracted/delhi_ncr_sbas_a27_v1_prod_20250106_20250118__39293333,1,120294482,96297c64227bfa8f774fe21b55f4d2b93913d9910849c61951d38953d0ff876d,123892265,14,"unw_phase.tif,corr.tif,conncomp.tif,dem.tif,lv_theta.tif,lv_phi.tif,water_mask.tif",,
a9986bea-0dc6-47d9-8d2e-3f865bb92ea0,delhi_ncr_sbas_a27_v1_prod_20241225_20250130,20241225_20250130,True,SUCCEEDED,2026-09-22T01:10:56.455186+00:00,True,data/production_zips/delhi_ncr_sbas_a27_v1_prod_20241225_20250130__a9986bea,data/production_extracted/delhi_ncr_sbas_a27_v1_prod_20241225_20250130__a9986bea,1,122700505,3cf743dc468968ece2ec095625d7be53544c73b5ceb96dc705f90b06be92cd58,126529016,14,"unw_phase.tif,corr.tif,conncomp.tif,dem.tif,lv_theta.tif,lv_phi.tif,water_mask.tif",,
e25280c9-64d8-44b1-a597-b82d660f1689,delhi_ncr_sbas_a27_v1_prod_20241225_20250118,20241225_20250118,True,SUCCEEDED,2026-09-22T01:11:33.374988+00:00,True,data/production_zips/delhi_ncr_sbas_a27_v1_prod_20241225_20250118__e25280c9,data/production_extracted/delhi_ncr_sbas_a27_v1_prod_20241225_20250118__e25280c9,1,121845553,d210934969b880a7f87462492beb995fc7d17d38b5d615be8d94882298178800,125530407,14,"unw_phase.tif,corr.tif,conncomp.tif,dem.tif,lv_theta.tif,lv_phi.tif,water_mask.tif",,
60b9c68a-82fe-4a56-a1c9-d3a65493485a,delhi_ncr_sbas_a27_v1_prod_20241225_20250106,20241225_20250106,True,SUCCEEDED,2026-09-22T01:12:09.957195+00:00,True,data/production_zips/delhi_ncr_sbas_a27_v1_prod_20241225_20250106__60b9c68a,data/production_extracted/delhi_ncr_sbas_a27_v1_prod_20241225_20250106__60b9c68a,1,122608173,912bb095a20f5d7e2e0b94c6cee46c04a8cdc9d091388649f9e840ece45fb008,126289535,14,"unw_phase.tif,corr.tif,conncomp.tif,dem.tif,lv_theta.tif,lv_phi.tif,water_mask.tif",,
1d753a4e-6e08-4b23-9598-bc5ff9a48588,delhi_ncr_sbas_a27_v1_prod_20241213_20250118,20241213_20250118,True,SUCCEEDED,2026-09-22T01:12:47.451490+00:00,True,data/production_zips/delhi_ncr_sbas_a27_v1_prod_20241213_20250118__1d753a4e,data/production_extracted/delhi_ncr_sbas_a27_v1_prod_20241213_20250118__1d753a4e,1,121939830,c5a12cfd48e3295ff06bc4402a2b0c478fd0948cf82b1ae3102b185b2f616fd5,125706561,14,"unw_phase.tif,corr.tif,conncomp.tif,dem.tif,lv_theta.tif,lv_phi.tif,water_mask.tif",,
b6af36ec-b4c8-4bc6-a726-0fcd9c952dd5,delhi_ncr_sbas_a27_v1_prod_20241213_20250106,20241213_20250106,True,SUCCEEDED,2026-09-22T01:13:25.455405+00:00,True,data/production_zips/delhi_ncr_sbas_a27_v1_prod_20241213_20250106__b6af36ec,data/production_extracted/delhi_ncr_sbas_a27_v1_prod_20241213_20250106__b6af36ec,1,121781567,a26bc18e7fbd7084129bb8fb14d3bce128fe0606d2c9f92c3ba57dfb7aee4c30,125519630,14,"unw_phase.tif,corr.tif,conncomp.tif,dem.tif,lv_theta.tif,lv_phi.tif,water_mask.tif",,
6cbcbaa5-9704-49f3-b9cb-899f284ff55b,delhi_ncr_sbas_a27_v1_prod_20241213_20241225,20241213_20241225,True,SUCCEEDED,2026-09-22T01:14:02.333603+00:00,True,data/production_zips/delhi_ncr_sbas_a27_v1_prod_20241213_20241225__6cbcbaa5,data/production_extracted/delhi_ncr_sbas_a27_v1_prod_20241213_20241225__6cbcbaa5,1,122387107,1eeed95ab64070a000e58db2b02bfb4b9d9f0bb7402f21220a7294b8ca75c121,125996062,14,"unw_phase.tif,corr.tif,conncomp.tif,dem.tif,lv_theta.tif,lv_phi.tif,water_mask.tif",,
8bbeadb7-cc22-4a47-ba0f-ff569ae9089c,delhi_ncr_sbas_a27_v1_prod_20241119_20241225,20241119_20241225,True,SUCCEEDED,2026-09-22T01:14:39.376425+00:00,True,data/production_zips/delhi_ncr_sbas_a27_v1_prod_20241119_20241225__8bbeadb7,data/production_extracted/delhi_ncr_sbas_a27_v1_prod_20241119_20241225__8bbeadb7,1,121544326,aac6060c32cf2ae3583f4c3ba85562424139f7ae1b45997cdb3d28ff9aca2824,125321059,14,"unw_phase.tif,corr.tif,conncomp.tif,dem.tif,lv_theta.tif,lv_phi.tif,water_mask.tif",,
d78d2bb0-3241-487c-860f-f4f405079a01,delhi_ncr_sbas_a27_v1_prod_20241119_20241213,20241119_20241213,True,SUCCEEDED,2026-09-22T01:15:15.822762+00:00,True,data/production_zips/delhi_ncr_sbas_a27_v1_prod_20241119_20241213__d78d2bb0,data/production_extracted/delhi_ncr_sbas_a27_v1_prod_20241119_20241213__d78d2bb0,1,121568190,713244f44f420a37c25eecb98280c96b7da29614a75c9f4551e835542dd811e9,125283971,14,"unw_phase.tif,corr.tif,conncomp.tif,dem.tif,lv_theta.tif,lv_phi.tif,water_mask.tif",,
5420b7c0-b2e8-4020-b902-d5a59077e353,delhi_ncr_sbas_a27_v1_prod_20241107_20241213,20241107_20241213,True,SUCCEEDED,2026-09-22T01:15:52.071070+00:00,True,data/production_zips/delhi_ncr_sbas_a27_v1_prod_20241107_20241213__5420b7c0,data/production_extracted/delhi_ncr_sbas_a27_v1_prod_20241107_20241213__5420b7c0,1,121185067,018de56b08fca771b1aae9aab1aab5e1746b6c04da83177dff82c39747ecba63,124937374,14,"unw_phase.tif,corr.tif,conncomp.tif,dem.tif,lv_theta.tif,lv_phi.tif,water_mask.tif",,
1fa20371-9a67-413a-b5cf-b14715e8fb00,delhi_ncr_sbas_a27_v1_prod_20241107_20241119,20241107_20241119,True,SUCCEEDED,2026-09-22T01:16:28.324276+00:00,True,data/production_zips/delhi_ncr_sbas_a27_v1_prod_20241107_20241119__1fa20371,data/production_extracted/delhi_ncr_sbas_a27_v1_prod_20241107_20241119__1fa20371,1,124060478,9f614e2b93e1b30fd23949fa7942d91c133c4decf2f8597b4b42daaeaffbc9f5,127797146,14,"unw_phase.tif,corr.tif,conncomp.tif,dem.tif,lv_theta.tif,lv_phi.tif,water_mask.tif",,
61a96a3d-0ce9-4a8f-88ab-f7145593f3ae,delhi_ncr_sbas_a27_v1_prod_20241026_20241119,20241026_20241119,True,SUCCEEDED,2026-09-22T01:17:05.707111+00:00,True,data/production_zips/delhi_ncr_sbas_a27_v1_prod_20241026_20241119__61a96a3d,data/production_extracted/delhi_ncr_sbas_a27_v1_prod_20241026_20241119__61a96a3d,1,125110490,ed79ff9ea6b65e9368e0e47e700d3af6504616966452b0ba8b149e3d4ebe3258,129112321,14,"unw_phase.tif,corr.tif,conncomp.tif,dem.tif,lv_theta.tif,lv_phi.tif,water_mask.tif",,
16fc5a08-8934-4033-a21e-847e458c8676,delhi_ncr_sbas_a27_v1_prod_20241026_20241107,20241026_20241107,True,SUCCEEDED,2026-09-22T01:17:43.375000+00:00,True,data/production_zips/delhi_ncr_sbas_a27_v1_prod_20241026_20241107__16fc5a08,data/production_extracted/delhi_ncr_sbas_a27_v1_prod_20241026_20241107__16fc5a08,1,122547967,597bede0d88e611b3122fffdeaf8e7843e381ed5fc3d5e43356648f01fb452ee,126209861,14,"unw_phase.tif,corr.tif,conncomp.tif,dem.tif,lv_theta.tif,lv_phi.tif,water_mask.tif",,
53422f9e-c126-42d0-aead-8d26963522b4,delhi_ncr_sbas_a27_v1_prod_20241014_20241119,20241014_20241119,True,SUCCEEDED,2026-09-22T01:18:20.476623+00:00,True,data/production_zips/delhi_ncr_sbas_a27_v1_prod_20241014_20241119__53422f9e,data/production_extracted/delhi_ncr_sbas_a27_v1_prod_20241014_20241119__53422f9e,1,121968083,55cdba0f3fd6b5bbe82e4efa3f85abe50c54119864b82957a5722e34a624e50f,125874112,14,"unw_phase.tif,corr.tif,conncomp.tif,dem.tif,lv_theta.tif,lv_phi.tif,water_mask.tif",,
936e59cc-e9bb-4a6f-b85a-632ecf8b585e,delhi_ncr_sbas_a27_v1_prod_20241014_20241026,20241014_20241026,True,SUCCEEDED,2026-09-22T01:18:57.297679+00:00,True,data/production_zips/delhi_ncr_sbas_a27_v1_prod_20241014_20241026__936e59cc,data/production_extracted/delhi_ncr_sbas_a27_v1_prod_20241014_20241026__936e59cc,1,122856697,cb1ceba95594764d24fd1036233c3071e5e45f0310bdbf3a4ea8e16032e74a2a,126631319,14,"unw_phase.tif,corr.tif,conncomp.tif,dem.tif,lv_theta.tif,lv_phi.tif,water_mask.tif",,
f561fe28-efda-41b9-9149-eabc9ccfffea,delhi_ncr_sbas_a27_v1_prod_20241014_20241107,20241014_20241107,True,SUCCEEDED,2026-09-22T01:19:34.142935+00:00,True,data/production_zips/delhi_ncr_sbas_a27_v1_prod_20241014_20241107__f561fe28,data/production_extracted/delhi_ncr_sbas_a27_v1_prod_20241014_20241107__f561fe28,1,121825030,6eb901d6814d51d010f2db9b3e2866e2a37b0830914f27156dd47a9ca113ae0f,125604169,14,"unw_phase.tif,corr.tif,conncomp.tif,dem.tif,lv_theta.tif,lv_phi.tif,water_mask.tif",,
f98c9872-43f2-4a96-b021-5e3822b3b783,delhi_ncr_sbas_a27_v1_prod_20241002_20241107,20241002_20241107,True,SUCCEEDED,2026-09-22T01:20:10.559789+00:00,True,data/production_zips/delhi_ncr_sbas_a27_v1_prod_20241002_20241107__f98c9872,data/production_extracted/delhi_ncr_sbas_a27_v1_prod_20241002_20241107__f98c9872,1,121318350,25b3b71aa0d8241a06e7086a6c8ccf7b1dc89058ab00a3a678b2eb89febca230,125162736,14,"unw_phase.tif,corr.tif,conncomp.tif,dem.tif,lv_theta.tif,lv_phi.tif,water_mask.tif",,
e366e485-bf2c-48c5-b7b9-15b2f1fa26c7,delhi_ncr_sbas_a27_v1_prod_20241002_20241026,20241002_20241026,True,SUCCEEDED,2026-09-22T01:20:46.912420+00:00,True,data/production_zips/delhi_ncr_sbas_a27_v1_prod_20241002_20241026__e366e485,data/production_extracted/delhi_ncr_sbas_a27_v1_prod_20241002_20241026__e366e485,1,121230034,62ee12265e88e12347bfe3ae861e1c414e5c8942d23a938e10042d68286dda9f,125043045,14,"unw_phase.tif,corr.tif,conncomp.tif,dem.tif,lv_theta.tif,lv_phi.tif,water_mask.tif",,
fd6e3a8a-fe53-46ac-861e-fba0815ca1f0,delhi_ncr_sbas_a27_v1_prod_20241002_20241014,20241002_20241014,True,SUCCEEDED,2026-09-22T01:21:24.194644+00:00,True,data/production_zips/delhi_ncr_sbas_a27_v1_prod_20241002_20241014__fd6e3a8a,data/production_extracted/delhi_ncr_sbas_a27_v1_prod_20241002_20241014__fd6e3a8a,1,121847342,1d6b4cbd563f4763b75d755f40745d4425c9801be182b7bade8660c132b4cd93,125628439,14,"unw_phase.tif,corr.tif,conncomp.tif,dem.tif,lv_theta.tif,lv_phi.tif,water_mask.tif",,
86364164-ee51-445c-994f-8f713759fca2,delhi_ncr_sbas_a27_v1_prod_20240920_20241026,20240920_20241026,True,SUCCEEDED,2026-09-22T01:22:01.011558+00:00,True,data/production_zips/delhi_ncr_sbas_a27_v1_prod_20240920_20241026__86364164,data/production_extracted/delhi_ncr_sbas_a27_v1_prod_20240920_20241026__86364164,1,121148496,109431f02b03fe65b22ce2ef9670eaec5f8011a6950aec84176ff4640e5e3db3,124929174,14,"unw_phase.tif,corr.tif,conncomp.tif,dem.tif,lv_theta.tif,lv_phi.tif,water_mask.tif",,
822f802f-8c4b-470b-99ab-7d87e735a8b5,delhi_ncr_sbas_a27_v1_prod_20240920_20241014,20240920_20241014,True,SUCCEEDED,2026-09-22T01:22:38.120617+00:00,True,data/production_zips/delhi_ncr_sbas_a27_v1_prod_20240920_20241014__822f802f,data/production_extracted/delhi_ncr_sbas_a27_v1_prod_20240920_20241014__822f802f,1,122168480,773a7f68c8b3b0701c2394689cb1a3bdec2f562fa49b07b41206113ad4f0656c,126085783,14,"unw_phase.tif,corr.tif,conncomp.tif,dem.tif,lv_theta.tif,lv_phi.tif,water_mask.tif",,
8fc31226-b4a7-49fb-aa69-9b1f3f8b37d6,delhi_ncr_sbas_a27_v1_prod_20240920_20241002,20240920_20241002,True,SUCCEEDED,2026-09-22T01:23:14.478981+00:00,True,data/production_zips/delhi_ncr_sbas_a27_v1_prod_20240920_20241002__8fc31226,data/production_extracted/delhi_ncr_sbas_a27_v1_prod_20240920_20241002__8fc31226,1,121893621,4d31ae4e81aac4295ca5f73b46a7581878f02748a6afb49354331abbe36c14dc,125699762,14,"unw_phase.tif,corr.tif,conncomp.tif,dem.tif,lv_theta.tif,lv_phi.tif,water_mask.tif",,
cc409629-f635-42f1-807e-c13fbb1f4a5e,delhi_ncr_sbas_a27_v1_prod_20240908_20241014,20240908_20241014,True,SUCCEEDED,2026-09-22T01:23:50.839106+00:00,True,data/production_zips/delhi_ncr_sbas_a27_v1_prod_20240908_20241014__cc409629,data/production_extracted/delhi_ncr_sbas_a27_v1_prod_20240908_20241014__cc409629,1,122260712,ceb73130a54e8674d24dd1f018605810796993eaf9125b1b7055b8705b2387e1,126214820,14,"unw_phase.tif,corr.tif,conncomp.tif,dem.tif,lv_theta.tif,lv_phi.tif,water_mask.tif",,
866d712a-78af-45dc-b393-c1c3d3286b1d,delhi_ncr_sbas_a27_v1_prod_20240908_20241002,20240908_20241002,True,SUCCEEDED,2026-09-22T01:24:27.299479+00:00,True,data/production_zips/delhi_ncr_sbas_a27_v1_prod_20240908_20241002__866d712a,data/production_extracted/delhi_ncr_sbas_a27_v1_prod_20240908_20241002__866d712a,1,121012345,b05042564943156a001c1d3966aba000c3852a760a520fdb0c6314d5cf65158c,124769003,14,"unw_phase.tif,corr.tif,conncomp.tif,dem.tif,lv_theta.tif,lv_phi.tif,water_mask.tif",,
79a0bf72-1569-4dab-9ffc-ec47f562e46f,delhi_ncr_sbas_a27_v1_prod_20240827_20241002,20240827_20241002,True,SUCCEEDED,2026-09-22T01:25:04.006650+00:00,True,data/production_zips/delhi_ncr_sbas_a27_v1_prod_20240827_20241002__79a0bf72,data/production_extracted/delhi_ncr_sbas_a27_v1_prod_20240827_20241002__79a0bf72,1,121068134,cd3abd5e54e55ce18dcaa7d86ab8ad3e51806e96138f679146ce157e369f6946,124833803,14,"unw_phase.tif,corr.tif,conncomp.tif,dem.tif,lv_theta.tif,lv_phi.tif,water_mask.tif",,
5c8a548b-1cb8-4068-a823-f3179c0db499,delhi_ncr_sbas_a27_v1_prod_20240908_20240920,20240908_20240920,True,SUCCEEDED,2026-09-22T01:25:40.695525+00:00,True,data/production_zips/delhi_ncr_sbas_a27_v1_prod_20240908_20240920__5c8a548b,data/production_extracted/delhi_ncr_sbas_a27_v1_prod_20240908_20240920__5c8a548b,1,121981388,39c6ac9fffd215f179f7de155673ef43c4d14122e3efd63fe4c354903e044b90,125773048,14,"unw_phase.tif,corr.tif,conncomp.tif,dem.tif,lv_theta.tif,lv_phi.tif,water_mask.tif",,
4b899493-f9fb-4f85-8dfb-106bddabfa91,delhi_ncr_sbas_a27_v1_prod_20240827_20240920,20240827_20240920,True,SUCCEEDED,2026-09-22T01:26:18.811543+00:00,True,data/production_zips/delhi_ncr_sbas_a27_v1_prod_20240827_20240920__4b899493,data/production_extracted/delhi_ncr_sbas_a27_v1_prod_20240827_20240920__4b899493,1,121946349,0b49aee596cdeee4be985134598b14aebc62c67095058c11fd025e11dde67fa1,125817674,14,"unw_phase.tif,corr.tif,conncomp.tif,dem.tif,lv_theta.tif,lv_phi.tif,water_mask.tif",,
7c99e533-f54e-4388-adc9-9751b98241ef,delhi_ncr_sbas_a27_v1_prod_20240827_20240908,20240827_20240908,True,SUCCEEDED,2026-09-22T01:26:55.960722+00:00,True,data/production_zips/delhi_ncr_sbas_a27_v1_prod_20240827_20240908__7c99e533,data/production_extracted/delhi_ncr_sbas_a27_v1_prod_20240827_20240908__7c99e533,1,122358305,446d5312070e3e120993a5c367de7333b4e2b9c46452f0fbeabfe8318d9b39f9,126268077,14,"unw_phase.tif,corr.tif,conncomp.tif,dem.tif,lv_theta.tif,lv_phi.tif,water_mask.tif",,
4413c709-f011-4df0-ba7b-44e4182348fc,delhi_ncr_sbas_a27_v1_prod_20240815_20240920,20240815_20240920,True,SUCCEEDED,2026-09-22T01:27:32.580190+00:00,True,data/production_zips/delhi_ncr_sbas_a27_v1_prod_20240815_20240920__4413c709,data/production_extracted/delhi_ncr_sbas_a27_v1_prod_20240815_20240920__4413c709,1,121941293,baeeaf3029de04da8b881d78384dd9ab5807e4b6c352d2302231dc3f5b2182e1,125888199,14,"unw_phase.tif,corr.tif,conncomp.tif,dem.tif,lv_theta.tif,lv_phi.tif,water_mask.tif",,
57cca548-e48c-4a28-8e06-a1b660c158da,delhi_ncr_sbas_a27_v1_prod_20240815_20240827,20240815_20240827,True,SUCCEEDED,2026-09-22T01:28:09.172155+00:00,True,data/production_zips/delhi_ncr_sbas_a27_v1_prod_20240815_20240827__57cca548,data/production_extracted/delhi_ncr_sbas_a27_v1_prod_20240815_20240827__57cca548,1,122210136,68d97340d18512c37b6d14dea37a866e82a617dfab53ead7f36ef10e683531f7,126171689,14,"unw_phase.tif,corr.tif,conncomp.tif,dem.tif,lv_theta.tif,lv_phi.tif,water_mask.tif",,
edbd2169-8e3e-4b51-a6e5-1d9e422c8825,delhi_ncr_sbas_a27_v1_prod_20240815_20240908,20240815_20240908,True,SUCCEEDED,2026-09-22T01:28:45.616183+00:00,True,data/production_zips/delhi_ncr_sbas_a27_v1_prod_20240815_20240908__edbd2169,data/production_extracted/delhi_ncr_sbas_a27_v1_prod_20240815_20240908__edbd2169,1,121787606,e8842f0ac1a0f7df38d042b1276c7259dde5538a0ca52cda877fd30daf7e074b,125703268,14,"unw_phase.tif,corr.tif,conncomp.tif,dem.tif,lv_theta.tif,lv_phi.tif,water_mask.tif",,
569f8c95-ee67-4f5b-96c6-14142d4ab8ac,delhi_ncr_sbas_a27_v1_prod_20240803_20240908,20240803_20240908,True,SUCCEEDED,2026-09-22T01:29:22.734878+00:00,True,data/production_zips/delhi_ncr_sbas_a27_v1_prod_20240803_20240908__569f8c95,data/production_extracted/delhi_ncr_sbas_a27_v1_prod_20240803_20240908__569f8c95,1,121444606,b7741a26618eeec30e0bee04203db481917e2007b23c2e6855e2c1491c7dc703,125326987,14,"unw_phase.tif,corr.tif,conncomp.tif,dem.tif,lv_theta.tif,lv_phi.tif,water_mask.tif",,
f7cda7af-7c08-49b9-a809-e3c33fe136db,delhi_ncr_sbas_a27_v1_prod_20240803_20240827,20240803_20240827,True,SUCCEEDED,2026-09-22T01:29:59.862020+00:00,True,data/production_zips/delhi_ncr_sbas_a27_v1_prod_20240803_20240827__f7cda7af,data/production_extracted/delhi_ncr_sbas_a27_v1_prod_20240803_20240827__f7cda7af,1,121533372,9ec82fd55fbbd4c8556d233208b8710d955de5041b5b71646fa16049d6956b38,125367091,14,"unw_phase.tif,corr.tif,conncomp.tif,dem.tif,lv_theta.tif,lv_phi.tif,water_mask.tif",,
157f6a86-85f9-4d67-84c4-f52cbb748c7a,delhi_ncr_sbas_a27_v1_prod_20240803_20240815,20240803_20240815,True,SUCCEEDED,2026-09-22T01:30:37.693852+00:00,True,data/production_zips/delhi_ncr_sbas_a27_v1_prod_20240803_20240815__157f6a86,data/production_extracted/delhi_ncr_sbas_a27_v1_prod_20240803_20240815__157f6a86,1,121748574,df305965d5fd0c13ff9fd5e67978786f217e106c3d7bdc44653137e1b8efb8f2,125619692,14,"unw_phase.tif,corr.tif,conncomp.tif,dem.tif,lv_theta.tif,lv_phi.tif,water_mask.tif",,
093a0581-060b-4bea-aeb1-e7c98d98768e,delhi_ncr_sbas_a27_v1_prod_20240722_20240815,20240722_20240815,True,SUCCEEDED,2026-09-22T01:31:15.220128+00:00,True,data/production_zips/delhi_ncr_sbas_a27_v1_prod_20240722_20240815__093a0581,data/production_extracted/delhi_ncr_sbas_a27_v1_prod_20240722_20240815__093a0581,1,120637549,7d8b3419b3c335e7c5964a6a9393234ab579e9470e11ca8d5e768ca5d42400d3,124395470,14,"unw_phase.tif,corr.tif,conncomp.tif,dem.tif,lv_theta.tif,lv_phi.tif,water_mask.tif",,
d2d82227-c00c-4175-83e3-5cdf65e2dc81,delhi_ncr_sbas_a27_v1_prod_20240722_20240803,20240722_20240803,True,SUCCEEDED,2026-09-22T01:31:51.817743+00:00,True,data/production_zips/delhi_ncr_sbas_a27_v1_prod_20240722_20240803__d2d82227,data/production_extracted/delhi_ncr_sbas_a27_v1_prod_20240722_20240803__d2d82227,1,121533697,7837a86c03b0d4159828260753f7f0c87590a426635056bb7ac2e452d12f2544,125397465,14,"unw_phase.tif,corr.tif,conncomp.tif,dem.tif,lv_theta.tif,lv_phi.tif,water_mask.tif",,
80dcb5c5-9c59-40b1-baf8-b127aa9996af,delhi_ncr_sbas_a27_v1_prod_20240710_20240815,20240710_20240815,True,SUCCEEDED,2026-09-22T01:32:27.986351+00:00,True,data/production_zips/delhi_ncr_sbas_a27_v1_prod_20240710_20240815__80dcb5c5,data/production_extracted/delhi_ncr_sbas_a27_v1_prod_20240710_20240815__80dcb5c5,1,121257632,ab1b1e26884712cea99ffe17d0831d3b5f233e9d7e9611feb72452cf569af510,125133053,14,"unw_phase.tif,corr.tif,conncomp.tif,dem.tif,lv_theta.tif,lv_phi.tif,water_mask.tif",,
ef07117d-3dbd-4e81-b6d0-4d4ee5577a02,delhi_ncr_sbas_a27_v1_prod_20240710_20240803,20240710_20240803,True,SUCCEEDED,2026-09-22T01:33:04.554414+00:00,True,data/production_zips/delhi_ncr_sbas_a27_v1_prod_20240710_20240803__ef07117d,data/production_extracted/delhi_ncr_sbas_a27_v1_prod_20240710_20240803__ef07117d,1,121293521,28f669d1ba05e5330f0f091ca1602383c6afc492f7945d5e8c725664e9e58a62,125158165,14,"unw_phase.tif,corr.tif,conncomp.tif,dem.tif,lv_theta.tif,lv_phi.tif,water_mask.tif",,
81bc7242-58c6-43b4-a899-2ce98ae87e86,delhi_ncr_sbas_a27_v1_prod_20240710_20240722,20240710_20240722,True,SUCCEEDED,2026-09-22T01:33:42.201156+00:00,True,data/production_zips/delhi_ncr_sbas_a27_v1_prod_20240710_20240722__81bc7242,data/production_extracted/delhi_ncr_sbas_a27_v1_prod_20240710_20240722__81bc7242,1,122792488,60c667546c7b2486bdf55fe0ed0518cad136123528fc7c3f4ede031dc0f03a50,126655685,14,"unw_phase.tif,corr.tif,conncomp.tif,dem.tif,lv_theta.tif,lv_phi.tif,water_mask.tif",,
1b26f11d-ea46-4639-9836-7d5ca1f0b193,delhi_ncr_sbas_a27_v1_prod_20240616_20240722,20240616_20240722,True,SUCCEEDED,2026-09-22T01:34:18.958687+00:00,True,data/production_zips/delhi_ncr_sbas_a27_v1_prod_20240616_20240722__1b26f11d,data/production_extracted/delhi_ncr_sbas_a27_v1_prod_20240616_20240722__1b26f11d,1,121307878,40cbc22abd8f3d2852bd7ab14891168bb7320a7b26178ad2dd3736f15accd9df,125138002,14,"unw_phase.tif,corr.tif,conncomp.tif,dem.tif,lv_theta.tif,lv_phi.tif,water_mask.tif",,
9e7c9b3a-5bca-461a-8b91-8d2f99470d44,delhi_ncr_sbas_a27_v1_prod_20240616_20240710,20240616_20240710,True,SUCCEEDED,2026-09-22T01:34:55.812256+00:00,True,data/production_zips/delhi_ncr_sbas_a27_v1_prod_20240616_20240710__9e7c9b3a,data/production_extracted/delhi_ncr_sbas_a27_v1_prod_20240616_20240710__9e7c9b3a,1,121914002,b5d5d694674c12bf6e8f31701c2c7f276f45b5ff275ac157585a19c1163e158e,125891405,14,"unw_phase.tif,corr.tif,conncomp.tif,dem.tif,lv_theta.tif,lv_phi.tif,water_mask.tif",,
fa020617-fa44-42f5-80bf-70fc556a855d,delhi_ncr_sbas_a27_v1_prod_20240604_20240710,20240604_20240710,True,SUCCEEDED,2026-09-22T01:35:32.140217+00:00,True,data/production_zips/delhi_ncr_sbas_a27_v1_prod_20240604_20240710__fa020617,data/production_extracted/delhi_ncr_sbas_a27_v1_prod_20240604_20240710__fa020617,1,121509815,9e0f75bae2b827c5c8a4eb2243d64c674f8a12d8ff8ecdb1fab3aaa08dd3e6cd,125419653,14,"unw_phase.tif,corr.tif,conncomp.tif,dem.tif,lv_theta.tif,lv_phi.tif,water_mask.tif",,
5172f848-4349-4091-9646-ce71bb0c052f,delhi_ncr_sbas_a27_v1_prod_20240604_20240616,20240604_20240616,True,SUCCEEDED,2026-09-22T01:36:13.155644+00:00,True,data/production_zips/delhi_ncr_sbas_a27_v1_prod_20240604_20240616__5172f848,data/production_extracted/delhi_ncr_sbas_a27_v1_prod_20240604_20240616__5172f848,1,123913758,2f15f4ecc15353904bbc05e0dba1f892e38e071689aedd510df7d3d9f46d588c,127678865,14,"unw_phase.tif,corr.tif,conncomp.tif,dem.tif,lv_theta.tif,lv_phi.tif,water_mask.tif",,
ad18f95f-15ed-4337-a4dc-339fd1e20438,delhi_ncr_sbas_a27_v1_prod_20240523_20240616,20240523_20240616,True,SUCCEEDED,2026-09-22T01:36:52.698431+00:00,True,data/production_zips/delhi_ncr_sbas_a27_v1_prod_20240523_20240616__ad18f95f,data/production_extracted/delhi_ncr_sbas_a27_v1_prod_20240523_20240616__ad18f95f,1,124391294,b166555c79c15ca331dad73859f780c51e6e1142227cda95f77bf35134aeaf40,128239558,14,"unw_phase.tif,corr.tif,conncomp.tif,dem.tif,lv_theta.tif,lv_phi.tif,water_mask.tif",,
88456c3c-d3a6-42c6-9355-04b1277c014d,delhi_ncr_sbas_a27_v1_prod_20240523_20240604,20240523_20240604,True,SUCCEEDED,2026-09-22T01:37:32.728779+00:00,True,data/production_zips/delhi_ncr_sbas_a27_v1_prod_20240523_20240604__88456c3c,data/production_extracted/delhi_ncr_sbas_a27_v1_prod_20240523_20240604__88456c3c,1,123716615,4209d708aaa77b73c5fabee5e0ce6bc52e13758492f3924d756fdeaf2947aecb,127516046,14,"unw_phase.tif,corr.tif,conncomp.tif,dem.tif,lv_theta.tif,lv_phi.tif,water_mask.tif",,
206404ed-dd63-475d-bc3f-edc9161c48a3,delhi_ncr_sbas_a27_v1_prod_20240511_20240616,20240511_20240616,True,SUCCEEDED,2026-09-22T01:38:14.106533+00:00,True,data/production_zips/delhi_ncr_sbas_a27_v1_prod_20240511_20240616__206404ed,data/production_extracted/delhi_ncr_sbas_a27_v1_prod_20240511_20240616__206404ed,1,123492800,925db26e40a23c3e3fc652546ca1ac35b922e9339627546b53837e1781045ede,127315424,14,"unw_phase.tif,corr.tif,conncomp.tif,dem.tif,lv_theta.tif,lv_phi.tif,water_mask.tif",,
8aab7cec-af53-4748-8301-82737addd6dc,delhi_ncr_sbas_a27_v1_prod_20240511_20240604,20240511_20240604,True,SUCCEEDED,2026-09-22T01:38:50.961198+00:00,True,data/production_zips/delhi_ncr_sbas_a27_v1_prod_20240511_20240604__8aab7cec,data/production_extracted/delhi_ncr_sbas_a27_v1_prod_20240511_20240604__8aab7cec,1,122891219,aea244d9d07b4f4cc5732fd55865f2c4c931061d20256663a8eb9261c5aef4d6,126648830,14,"unw_phase.tif,corr.tif,conncomp.tif,dem.tif,lv_theta.tif,lv_phi.tif,water_mask.tif",,
2545f2ac-de04-437b-b107-8b2fbe28160e,delhi_ncr_sbas_a27_v1_prod_20240511_20240523,20240511_20240523,True,SUCCEEDED,2026-09-22T01:39:28.605772+00:00,True,data/production_zips/delhi_ncr_sbas_a27_v1_prod_20240511_20240523__2545f2ac,data/production_extracted/delhi_ncr_sbas_a27_v1_prod_20240511_20240523__2545f2ac,1,123598967,6188ccb2b0c2f231d9e743643e3725b4d47391adf161a0034de198d0a5798942,127321226,14,"unw_phase.tif,corr.tif,conncomp.tif,dem.tif,lv_theta.tif,lv_phi.tif,water_mask.tif",,
dc8ea801-7f27-43f8-8c59-d1a44adfb8ca,delhi_ncr_sbas_a27_v1_prod_20240429_20240604,20240429_20240604,True,SUCCEEDED,2026-09-22T01:40:08.551608+00:00,True,data/production_zips/delhi_ncr_sbas_a27_v1_prod_20240429_20240604__dc8ea801,data/production_extracted/delhi_ncr_sbas_a27_v1_prod_20240429_20240604__dc8ea801,1,122171049,7ac831f6d8193667112be260d26be4bb21f2eb0dd837b990b71a69a37a7523e7,125938731,14,"unw_phase.tif,corr.tif,conncomp.tif,dem.tif,lv_theta.tif,lv_phi.tif,water_mask.tif",,
bd294828-6d38-4a76-9813-100f1274cc85,delhi_ncr_sbas_a27_v1_prod_20240429_20240511,20240429_20240511,True,SUCCEEDED,2026-09-22T01:40:50.160740+00:00,True,data/production_zips/delhi_ncr_sbas_a27_v1_prod_20240429_20240511__bd294828,data/production_extracted/delhi_ncr_sbas_a27_v1_prod_20240429_20240511__bd294828,1,123697385,58ae9e9cce17e5386ca0fbd2dfd64c42ee8b1dfd936b82a97f13f44abc0f15f2,127459613,14,"unw_phase.tif,corr.tif,conncomp.tif,dem.tif,lv_theta.tif,lv_phi.tif,water_mask.tif",,
bcda9ca1-1321-4025-8286-15ab46a6eacc,delhi_ncr_sbas_a27_v1_prod_20240417_20240523,20240417_20240523,True,SUCCEEDED,2026-09-22T01:41:27.161795+00:00,True,data/production_zips/delhi_ncr_sbas_a27_v1_prod_20240417_20240523__bcda9ca1,data/production_extracted/delhi_ncr_sbas_a27_v1_prod_20240417_20240523__bcda9ca1,1,121687295,4629e33f90db3edfa10ef27ab9444e714b9e780f956440259eba4f4688f9ee50,125503490,14,"unw_phase.tif,corr.tif,conncomp.tif,dem.tif,lv_theta.tif,lv_phi.tif,water_mask.tif",,
338de842-ce3c-41d7-b944-8126ad73e447,delhi_ncr_sbas_a27_v1_prod_20240417_20240511,20240417_20240511,True,SUCCEEDED,2026-09-22T01:42:07.559790+00:00,True,data/production_zips/delhi_ncr_sbas_a27_v1_prod_20240417_20240511__338de842,data/production_extracted/delhi_ncr_sbas_a27_v1_prod_20240417_20240511__338de842,1,123484964,8eafa2d8ffad59e0e46a7b6cac26651dbd47092b1c031ef49d917ce896c016b1,127291293,14,"unw_phase.tif,corr.tif,conncomp.tif,dem.tif,lv_theta.tif,lv_phi.tif,water_mask.tif",,
6a0da3ee-b7d3-49f6-aeea-0df0a558d0d5,delhi_ncr_sbas_a27_v1_prod_20240417_20240429,20240417_20240429,True,SUCCEEDED,2026-09-22T01:42:45.605482+00:00,True,data/production_zips/delhi_ncr_sbas_a27_v1_prod_20240417_20240429__6a0da3ee,data/production_extracted/delhi_ncr_sbas_a27_v1_prod_20240417_20240429__6a0da3ee,1,122961057,ddf066f9cb4829ca7c298f58806ddcef0c3a9f7b9efaabafbc425a2b72da7738,126694056,14,"unw_phase.tif,corr.tif,conncomp.tif,dem.tif,lv_theta.tif,lv_phi.tif,water_mask.tif",,
c5d89423-e2e3-49ee-96eb-c4b9f59d8dc0,delhi_ncr_sbas_a27_v1_prod_20240405_20240511,20240405_20240511,True,SUCCEEDED,2026-09-22T01:43:23.738557+00:00,True,data/production_zips/delhi_ncr_sbas_a27_v1_prod_20240405_20240511__c5d89423,data/production_extracted/delhi_ncr_sbas_a27_v1_prod_20240405_20240511__c5d89423,1,122378256,d826b1fc3e387ba8b3ce2de30908bf51f67ec978817d1a11c65145cc92670ac0,126276534,14,"unw_phase.tif,corr.tif,conncomp.tif,dem.tif,lv_theta.tif,lv_phi.tif,water_mask.tif",,
2766eed6-d70f-4724-bbcf-2322c31f5dc2,delhi_ncr_sbas_a27_v1_prod_20240405_20240417,20240405_20240417,True,SUCCEEDED,2026-09-22T01:44:00.983079+00:00,True,data/production_zips/delhi_ncr_sbas_a27_v1_prod_20240405_20240417__2766eed6,data/production_extracted/delhi_ncr_sbas_a27_v1_prod_20240405_20240417__2766eed6,1,122473127,4520dcc919f99da8271c6fe0c4bd46ee431efb5cc3131bcd8d86987425c0466d,126188894,14,"unw_phase.tif,corr.tif,conncomp.tif,dem.tif,lv_theta.tif,lv_phi.tif,water_mask.tif",,
80ca6831-9753-4152-b6ce-85cf489abca8,delhi_ncr_sbas_a27_v1_prod_20240405_20240429,20240405_20240429,True,SUCCEEDED,2026-09-22T01:44:39.279291+00:00,True,data/production_zips/delhi_ncr_sbas_a27_v1_prod_20240405_20240429__80ca6831,data/production_extracted/delhi_ncr_sbas_a27_v1_prod_20240405_20240429__80ca6831,1,123030770,3ed0ff57c206225b5f90727c2d7ffa9b2e264615703ef522beffc622d06a2b04,126837660,14,"unw_phase.tif,corr.tif,conncomp.tif,dem.tif,lv_theta.tif,lv_phi.tif,water_mask.tif",,
a7437bc5-8429-4b8e-9b25-864dd7c824e6,delhi_ncr_sbas_a27_v1_prod_20240324_20240429,20240324_20240429,True,SUCCEEDED,2026-09-22T01:45:17.174000+00:00,True,data/production_zips/delhi_ncr_sbas_a27_v1_prod_20240324_20240429__a7437bc5,data/production_extracted/delhi_ncr_sbas_a27_v1_prod_20240324_20240429__a7437bc5,1,123069884,87cb5971cbec7490b53c6f8a449dfa5fa47efe37d75fc35c56269ab8294d8796,126992024,14,"unw_phase.tif,corr.tif,conncomp.tif,dem.tif,lv_theta.tif,lv_phi.tif,water_mask.tif",,
3d1daffc-3986-4280-bdc7-340adfd5c19d,delhi_ncr_sbas_a27_v1_prod_20240324_20240417,20240324_20240417,True,SUCCEEDED,2026-09-22T01:45:56.378726+00:00,True,data/production_zips/delhi_ncr_sbas_a27_v1_prod_20240324_20240417__3d1daffc,data/production_extracted/delhi_ncr_sbas_a27_v1_prod_20240324_20240417__3d1daffc,1,123214385,57d4ce8c66dcd0554bc30ebdeb176ef163d00b86f6f87e252057e24af1d69d56,127045508,14,"unw_phase.tif,corr.tif,conncomp.tif,dem.tif,lv_theta.tif,lv_phi.tif,water_mask.tif",,
bd37427c-7baf-4612-998d-83ea61b9fc07,delhi_ncr_sbas_a27_v1_prod_20240324_20240405,20240324_20240405,True,SUCCEEDED,2026-09-22T01:46:33.370636+00:00,True,data/production_zips/delhi_ncr_sbas_a27_v1_prod_20240324_20240405__bd37427c,data/production_extracted/delhi_ncr_sbas_a27_v1_prod_20240324_20240405__bd37427c,1,123360185,4956d114ae455be1d7fc6b51618098615d03a637038a43aac8ce6ae131d46e43,127170208,14,"unw_phase.tif,corr.tif,conncomp.tif,dem.tif,lv_theta.tif,lv_phi.tif,water_mask.tif",,
8f228fa0-0acb-4686-abac-2f24fe430b25,delhi_ncr_sbas_a27_v1_prod_20240312_20240405,20240312_20240405,True,SUCCEEDED,2026-09-22T01:47:14.023191+00:00,True,data/production_zips/delhi_ncr_sbas_a27_v1_prod_20240312_20240405__8f228fa0,data/production_extracted/delhi_ncr_sbas_a27_v1_prod_20240312_20240405__8f228fa0,1,123453711,ba96cd789c6c4d4671990be20d330518a3e2d00be3e487044b1efc0342a9fe3a,127357794,14,"unw_phase.tif,corr.tif,conncomp.tif,dem.tif,lv_theta.tif,lv_phi.tif,water_mask.tif",,
00d7c016-4925-495e-9bb0-da2810665d85,delhi_ncr_sbas_a27_v1_prod_20240312_20240417,20240312_20240417,True,SUCCEEDED,2026-09-22T01:47:51.132163+00:00,True,data/production_zips/delhi_ncr_sbas_a27_v1_prod_20240312_20240417__00d7c016,data/production_extracted/delhi_ncr_sbas_a27_v1_prod_20240312_20240417__00d7c016,1,121490668,1ed277180774b7cbd23737773f630fe5ac566cf40aa341884226bb751613f851,125352733,14,"unw_phase.tif,corr.tif,conncomp.tif,dem.tif,lv_theta.tif,lv_phi.tif,water_mask.tif",,
1f00fd20-0eb4-4d02-b5d9-67ff430f22a4,delhi_ncr_sbas_a27_v1_prod_20240312_20240324,20240312_20240324,True,SUCCEEDED,2026-09-22T01:48:29.147466+00:00,True,data/production_zips/delhi_ncr_sbas_a27_v1_prod_20240312_20240324__1f00fd20,data/production_extracted/delhi_ncr_sbas_a27_v1_prod_20240312_20240324__1f00fd20,1,124240477,b1ec05c977b7a472d9130d5af430bfcc9ad4c2bcb1e2a94dd2e838fabfe2e8ff,128047605,14,"unw_phase.tif,corr.tif,conncomp.tif,dem.tif,lv_theta.tif,lv_phi.tif,water_mask.tif",,
964ddf8f-dcf1-44ad-8ae4-34e0855d1a30,delhi_ncr_sbas_a27_v1_prod_20240229_20240405,20240229_20240405,True,SUCCEEDED,2026-09-22T01:49:07.402644+00:00,True,data/production_zips/delhi_ncr_sbas_a27_v1_prod_20240229_20240405__964ddf8f,data/production_extracted/delhi_ncr_sbas_a27_v1_prod_20240229_20240405__964ddf8f,1,121057694,6c4e7b49922582667ce93c91520f048b914bd3d5ee15545a464cd72d6ce6a0eb,124896020,14,"unw_phase.tif,corr.tif,conncomp.tif,dem.tif,lv_theta.tif,lv_phi.tif,water_mask.tif",,
4e44a29f-4e90-4efc-abe1-44904405d94c,delhi_ncr_sbas_a27_v1_prod_20240229_20240324,20240229_20240324,True,SUCCEEDED,2026-09-22T01:49:46.130632+00:00,True,data/production_zips/delhi_ncr_sbas_a27_v1_prod_20240229_20240324__4e44a29f,data/production_extracted/delhi_ncr_sbas_a27_v1_prod_20240229_20240324__4e44a29f,1,121920887,5edeee7546233abd3a985046b46f57fef084252cce86b4873e896baf37db2e58,125725572,14,"unw_phase.tif,corr.tif,conncomp.tif,dem.tif,lv_theta.tif,lv_phi.tif,water_mask.tif",,
a6961c11-eb59-4066-81c8-f2884233b503,delhi_ncr_sbas_a27_v1_prod_20240229_20240312,20240229_20240312,True,SUCCEEDED,2026-09-22T01:50:23.734844+00:00,True,data/production_zips/delhi_ncr_sbas_a27_v1_prod_20240229_20240312__a6961c11,data/production_extracted/delhi_ncr_sbas_a27_v1_prod_20240229_20240312__a6961c11,1,122408444,147139fbd3ba76d016211f649ebc175089f14911ac99401a52da3d3ede66094a,126143046,14,"unw_phase.tif,corr.tif,conncomp.tif,dem.tif,lv_theta.tif,lv_phi.tif,water_mask.tif",,
b56969ec-5d63-474b-955f-50e1ea7648a8,delhi_ncr_sbas_a27_v1_prod_20240217_20240312,20240217_20240312,True,SUCCEEDED,2026-09-22T01:51:00.622702+00:00,True,data/production_zips/delhi_ncr_sbas_a27_v1_prod_20240217_20240312__b56969ec,data/production_extracted/delhi_ncr_sbas_a27_v1_prod_20240217_20240312__b56969ec,1,120887433,5776ccc93dec9dd59ae0038febabd00d58496d5621ff5f54b589b7bb5a9b911b,124649564,14,"unw_phase.tif,corr.tif,conncomp.tif,dem.tif,lv_theta.tif,lv_phi.tif,water_mask.tif",,
20df6675-aad3-4b4a-8a39-a37af7b7ae53,delhi_ncr_sbas_a27_v1_prod_20240217_20240324,20240217_20240324,True,SUCCEEDED,2026-09-22T01:51:36.715470+00:00,True,data/production_zips/delhi_ncr_sbas_a27_v1_prod_20240217_20240324__20df6675,data/production_extracted/delhi_ncr_sbas_a27_v1_prod_20240217_20240324__20df6675,1,121630473,386eb83235c30daa73ce1cb774b6addaf3479d3251be6b5ad3dba8f6d5779fe2,125469704,14,"unw_phase.tif,corr.tif,conncomp.tif,dem.tif,lv_theta.tif,lv_phi.tif,water_mask.tif",,
e1082bef-655a-4329-9327-d5f861c7926f,delhi_ncr_sbas_a27_v1_prod_20240217_20240229,20240217_20240229,True,SUCCEEDED,2026-09-22T01:52:12.927836+00:00,True,data/production_zips/delhi_ncr_sbas_a27_v1_prod_20240217_20240229__e1082bef,data/production_extracted/delhi_ncr_sbas_a27_v1_prod_20240217_20240229__e1082bef,1,123891281,77b9f9849c9a07cafcf42444b8d7141a7c5664e817d91b141824d2e0433e696d,127687903,14,"unw_phase.tif,corr.tif,conncomp.tif,dem.tif,lv_theta.tif,lv_phi.tif,water_mask.tif",,
6b311bde-5aa3-4446-bad7-74e553ef94a8,delhi_ncr_sbas_a27_v1_prod_20240205_20240312,20240205_20240312,True,SUCCEEDED,2026-09-22T01:52:50.082441+00:00,True,data/production_zips/delhi_ncr_sbas_a27_v1_prod_20240205_20240312__6b311bde,data/production_extracted/delhi_ncr_sbas_a27_v1_prod_20240205_20240312__6b311bde,1,121242055,c8f887b626f1502f1b1f70945213b2e662d82cce3ae16b4c90fa415f274c1ad9,125011773,14,"unw_phase.tif,corr.tif,conncomp.tif,dem.tif,lv_theta.tif,lv_phi.tif,water_mask.tif",,
b6ec0d96-b5c8-423c-a44a-5c0ec65625b5,delhi_ncr_sbas_a27_v1_prod_20240205_20240229,20240205_20240229,True,SUCCEEDED,2026-09-22T01:53:29.877851+00:00,True,data/production_zips/delhi_ncr_sbas_a27_v1_prod_20240205_20240229__b6ec0d96,data/production_extracted/delhi_ncr_sbas_a27_v1_prod_20240205_20240229__b6ec0d96,1,121308245,3cc3d3dce5ab088e74bba1bca30d819e1ac3a9bbe985bca00a8ba918a52d5563,125073019,14,"unw_phase.tif,corr.tif,conncomp.tif,dem.tif,lv_theta.tif,lv_phi.tif,water_mask.tif",,
af73c159-973e-4c7f-9f27-fb962df6e4e1,delhi_ncr_sbas_a27_v1_prod_20240205_20240217,20240205_20240217,True,SUCCEEDED,2026-09-22T01:54:09.650452+00:00,True,data/production_zips/delhi_ncr_sbas_a27_v1_prod_20240205_20240217__af73c159,data/production_extracted/delhi_ncr_sbas_a27_v1_prod_20240205_20240217__af73c159,1,122670703,c647ffdb119f767af61dbb8dce088975203490e658258a9816fd3347475d0b9e,126360229,14,"unw_phase.tif,corr.tif,conncomp.tif,dem.tif,lv_theta.tif,lv_phi.tif,water_mask.tif",,
2a255608-1b7e-42db-bcc3-aead309352ba,delhi_ncr_sbas_a27_v1_prod_20240124_20240217,20240124_20240217,True,SUCCEEDED,2026-09-22T01:54:47.200939+00:00,True,data/production_zips/delhi_ncr_sbas_a27_v1_prod_20240124_20240217__2a255608,data/production_extracted/delhi_ncr_sbas_a27_v1_prod_20240124_20240217__2a255608,1,122829882,8e943f66946e0c7bba155fae126b546400e3a7b6555e539480a9607e9b948f25,126616168,14,"unw_phase.tif,corr.tif,conncomp.tif,dem.tif,lv_theta.tif,lv_phi.tif,water_mask.tif",,
1cd9318f-e72b-4342-b4d3-73ad2597342b,delhi_ncr_sbas_a27_v1_prod_20240124_20240229,20240124_20240229,True,SUCCEEDED,2026-09-22T01:55:29.861838+00:00,True,data/production_zips/delhi_ncr_sbas_a27_v1_prod_20240124_20240229__1cd9318f,data/production_extracted/delhi_ncr_sbas_a27_v1_prod_20240124_20240229__1cd9318f,1,122380080,c78b0b4670bf7131ac9cba5a37b97428cee2f54054e364db0e8926fb6696b138,126257726,14,"unw_phase.tif,corr.tif,conncomp.tif,dem.tif,lv_theta.tif,lv_phi.tif,water_mask.tif",,
e98e72de-6a88-4f99-b62b-44511cbaf81e,delhi_ncr_sbas_a27_v1_prod_20240124_20240205,20240124_20240205,True,SUCCEEDED,2026-09-22T01:56:07.358537+00:00,True,data/production_zips/delhi_ncr_sbas_a27_v1_prod_20240124_20240205__e98e72de,data/production_extracted/delhi_ncr_sbas_a27_v1_prod_20240124_20240205__e98e72de,1,122929911,8cd4aaf17e2b5c7999162361d1f3fdf399de726dbff3b1b5d5780062a18624a7,126622988,14,"unw_phase.tif,corr.tif,conncomp.tif,dem.tif,lv_theta.tif,lv_phi.tif,water_mask.tif",,
478156b9-6de8-4502-8ee6-95c1287323f2,delhi_ncr_sbas_a27_v1_prod_20240112_20240217,20240112_20240217,True,SUCCEEDED,2026-09-22T01:56:49.735836+00:00,True,data/production_zips/delhi_ncr_sbas_a27_v1_prod_20240112_20240217__478156b9,data/production_extracted/delhi_ncr_sbas_a27_v1_prod_20240112_20240217__478156b9,1,122913137,14bef40698404b524163943eb1b62b635b05b8d49648ed26e6cf36e2fc04bff2,126766085,14,"unw_phase.tif,corr.tif,conncomp.tif,dem.tif,lv_theta.tif,lv_phi.tif,water_mask.tif",,
36cb90f2-f397-49ed-a385-7b6e00e5c5dc,delhi_ncr_sbas_a27_v1_prod_20240112_20240205,20240112_20240205,True,SUCCEEDED,2026-09-22T01:57:33.359197+00:00,True,data/production_zips/delhi_ncr_sbas_a27_v1_prod_20240112_20240205__36cb90f2,data/production_extracted/delhi_ncr_sbas_a27_v1_prod_20240112_20240205__36cb90f2,1,123179508,5a9b7583163f7fb8e4284ee47878a5f18172108bb30df2098046c18a404903be,126892676,14,"unw_phase.tif,corr.tif,conncomp.tif,dem.tif,lv_theta.tif,lv_phi.tif,water_mask.tif",,
2a449357-b008-4bac-b611-2819bf1d6c6b,delhi_ncr_sbas_a27_v1_prod_20240112_20240124,20240112_20240124,True,SUCCEEDED,2026-09-22T01:58:15.955129+00:00,True,data/production_zips/delhi_ncr_sbas_a27_v1_prod_20240112_20240124__2a449357,data/production_extracted/delhi_ncr_sbas_a27_v1_prod_20240112_20240124__2a449357,1,120535588,6782aea690e0f98506873d14f3ddc01e04da709f6128fa44a8cf17d7ce0103b9,124190831,14,"unw_phase.tif,corr.tif,conncomp.tif,dem.tif,lv_theta.tif,lv_phi.tif,water_mask.tif",,
4422fe50-aa7f-4138-80e0-b35d5d1eb9b2,delhi_ncr_sbas_a27_v1_prod_20231231_20240205,20231231_20240205,True,SUCCEEDED,2026-09-22T01:58:59.853630+00:00,True,data/production_zips/delhi_ncr_sbas_a27_v1_prod_20231231_20240205__4422fe50,data/production_extracted/delhi_ncr_sbas_a27_v1_prod_20231231_20240205__4422fe50,1,121435516,24d590a6e8bfe1b8777d18edba3e5f77c92de818d1bcc7d51620cc07a6d415c0,125189343,14,"unw_phase.tif,corr.tif,conncomp.tif,dem.tif,lv_theta.tif,lv_phi.tif,water_mask.tif",,
79c92e23-6d0d-479e-aca5-e5c940ae60c1,delhi_ncr_sbas_a27_v1_prod_20231231_20240124,20231231_20240124,True,SUCCEEDED,2026-09-22T01:59:46.272220+00:00,True,data/production_zips/delhi_ncr_sbas_a27_v1_prod_20231231_20240124__79c92e23,data/production_extracted/delhi_ncr_sbas_a27_v1_prod_20231231_20240124__79c92e23,1,123909169,65c6fd8d6405a7e5ade53bb6f81b2e6003d50758dfd3dc10c2e9dac57f2225c5,127633711,14,"unw_phase.tif,corr.tif,conncomp.tif,dem.tif,lv_theta.tif,lv_phi.tif,water_mask.tif",,
3ddb6c09-6a0e-42df-8c85-3bee0a683bb4,delhi_ncr_sbas_a27_v1_prod_20231231_20240112,20231231_20240112,True,SUCCEEDED,2026-09-22T02:00:26.407869+00:00,True,data/production_zips/delhi_ncr_sbas_a27_v1_prod_20231231_20240112__3ddb6c09,data/production_extracted/delhi_ncr_sbas_a27_v1_prod_20231231_20240112__3ddb6c09,1,118856564,4f84b4288edc85fe87621d7a27cf76f3e97c50f5d3a8e1f7ff5039c674429fe2,122437145,14,"unw_phase.tif,corr.tif,conncomp.tif,dem.tif,lv_theta.tif,lv_phi.tif,water_mask.tif",,
baf35c40-5c56-496b-835f-dea224784ae1,delhi_ncr_sbas_a27_v1_prod_20231219_20240124,20231219_20240124,True,SUCCEEDED,2026-09-22T02:01:07.284658+00:00,True,data/production_zips/delhi_ncr_sbas_a27_v1_prod_20231219_20240124__baf35c40,data/production_extracted/delhi_ncr_sbas_a27_v1_prod_20231219_20240124__baf35c40,1,123537615,24d23ed6d452bd42a3ec8438139b8d814a4634a08f475018fb0a9c825346d2ca,127326201,14,"unw_phase.tif,corr.tif,conncomp.tif,dem.tif,lv_theta.tif,lv_phi.tif,water_mask.tif",,
ecf569af-2905-4913-b0fb-af8925f3b4b2,delhi_ncr_sbas_a27_v1_prod_20231219_20231231,20231219_20231231,True,SUCCEEDED,2026-09-22T02:01:45.502705+00:00,True,data/production_zips/delhi_ncr_sbas_a27_v1_prod_20231219_20231231__ecf569af,data/production_extracted/delhi_ncr_sbas_a27_v1_prod_20231219_20231231__ecf569af,1,123124449,3c87c295c1bf2646e7dcba712124baedf5e23f9117a9b8bc1368f81b6fcec56f,126883745,14,"unw_phase.tif,corr.tif,conncomp.tif,dem.tif,lv_theta.tif,lv_phi.tif,water_mask.tif",,
c77c8743-085e-4592-b59f-7b4bc5ac5e20,delhi_ncr_sbas_a27_v1_prod_20231219_20240112,20231219_20240112,True,SUCCEEDED,2026-09-22T02:02:29.988440+00:00,True,data/production_zips/delhi_ncr_sbas_a27_v1_prod_20231219_20240112__c77c8743,data/production_extracted/delhi_ncr_sbas_a27_v1_prod_20231219_20240112__c77c8743,1,120190819,c17e94e80880e6b30783452d1acb29172081414353c526b26be9e1d0119027c3,123828739,14,"unw_phase.tif,corr.tif,conncomp.tif,dem.tif,lv_theta.tif,lv_phi.tif,water_mask.tif",,
03009faa-7485-4d28-bd64-440650c44b7f,delhi_ncr_sbas_a27_v1_prod_20231207_20240112,20231207_20240112,True,SUCCEEDED,2026-09-22T02:03:07.407539+00:00,True,data/production_zips/delhi_ncr_sbas_a27_v1_prod_20231207_20240112__03009faa,data/production_extracted/delhi_ncr_sbas_a27_v1_prod_20231207_20240112__03009faa,1,122973125,0ceb0416683cea20353a484bff6cf236f8267fa58d2260cdf38b36783171c53f,126750658,14,"unw_phase.tif,corr.tif,conncomp.tif,dem.tif,lv_theta.tif,lv_phi.tif,water_mask.tif",,
cdb60795-9a0f-47b0-893a-ac7688a779f4,delhi_ncr_sbas_a27_v1_prod_20231125_20231231,20231125_20231231,True,SUCCEEDED,2026-09-22T02:03:45.000647+00:00,True,data/production_zips/delhi_ncr_sbas_a27_v1_prod_20231125_20231231__cdb60795,data/production_extracted/delhi_ncr_sbas_a27_v1_prod_20231125_20231231__cdb60795,1,121652877,1aebadce94e2a18edb34e856e4a88b7bc8f64b92a1741dd387a2dce419e95fd2,125503988,14,"unw_phase.tif,corr.tif,conncomp.tif,dem.tif,lv_theta.tif,lv_phi.tif,water_mask.tif",,
c78ab6cc-c590-49b5-af9f-d691afaff8b4,delhi_ncr_sbas_a27_v1_prod_20231125_20231219,20231125_20231219,True,SUCCEEDED,2026-09-22T02:04:23.423391+00:00,True,data/production_zips/delhi_ncr_sbas_a27_v1_prod_20231125_20231219__c78ab6cc,data/production_extracted/delhi_ncr_sbas_a27_v1_prod_20231125_20231219__c78ab6cc,1,122318354,d9bc90ac4b47cc7112ad4f401e86fa92be7ab4c906c2cce22266961aeb2517c3,126111363,14,"unw_phase.tif,corr.tif,conncomp.tif,dem.tif,lv_theta.tif,lv_phi.tif,water_mask.tif",,
bf0a0f26-6d91-4ced-8f2b-5520e1bb5d17,delhi_ncr_sbas_a27_v1_prod_20231101_20231207,20231101_20231207,True,SUCCEEDED,2026-09-22T02:05:00.896648+00:00,True,data/production_zips/delhi_ncr_sbas_a27_v1_prod_20231101_20231207__bf0a0f26,data/production_extracted/delhi_ncr_sbas_a27_v1_prod_20231101_20231207__bf0a0f26,1,121118823,57dbb88a882b1c208d0cc45d70e7e72c9f11126bae86bd11b52e076278955e48,124944705,14,"unw_phase.tif,corr.tif,conncomp.tif,dem.tif,lv_theta.tif,lv_phi.tif,water_mask.tif",,
be621546-fca1-4912-94d9-03bb7997316e,delhi_ncr_sbas_a27_v1_prod_20230926_20231101,20230926_20231101,True,SUCCEEDED,2026-09-22T02:05:38.211793+00:00,True,data/production_zips/delhi_ncr_sbas_a27_v1_prod_20230926_20231101__be621546,data/production_extracted/delhi_ncr_sbas_a27_v1_prod_20230926_20231101__be621546,1,121878401,08f693f1c261d94919d53ed97ef1cf11a0103874e3e91fcfe8a735c6fb6a883e,125797787,14,"unw_phase.tif,corr.tif,conncomp.tif,dem.tif,lv_theta.tif,lv_phi.tif,water_mask.tif",,
325a7648-1f6a-457e-a51d-53235203685e,delhi_ncr_sbas_a27_v1_prod_20230914_20231020,20230914_20231020,True,SUCCEEDED,2026-09-22T02:06:14.773605+00:00,True,data/production_zips/delhi_ncr_sbas_a27_v1_prod_20230914_20231020__325a7648,data/production_extracted/delhi_ncr_sbas_a27_v1_prod_20230914_20231020__325a7648,1,121955584,53f9e0a259b83e3eaef503e7d208e9ba8b91c31e1d549d73044e97832671de2e,125869225,14,"unw_phase.tif,corr.tif,conncomp.tif,dem.tif,lv_theta.tif,lv_phi.tif,water_mask.tif",,
a7cf81f2-23a7-4484-b269-18cea1438187,delhi_ncr_sbas_a27_v1_prod_20230902_20231008,20230902_20231008,True,SUCCEEDED,2026-09-22T02:06:53.535450+00:00,True,data/production_zips/delhi_ncr_sbas_a27_v1_prod_20230902_20231008__a7cf81f2,data/production_extracted/delhi_ncr_sbas_a27_v1_prod_20230902_20231008__a7cf81f2,1,121568911,b96c21de51e3cb3f0f76e2640270953e1bebbacfa69975e233ccc204c00419ad,125472462,14,"unw_phase.tif,corr.tif,conncomp.tif,dem.tif,lv_theta.tif,lv_phi.tif,water_mask.tif",,
78e28850-b891-4713-a822-3d4f41e5a6dc,delhi_ncr_sbas_a27_v1_prod_20230902_20230926,20230902_20230926,True,SUCCEEDED,2026-09-22T02:07:30.288076+00:00,True,data/production_zips/delhi_ncr_sbas_a27_v1_prod_20230902_20230926__78e28850,data/production_extracted/delhi_ncr_sbas_a27_v1_prod_20230902_20230926__78e28850,1,121935311,cde6cb6ac3d469434817c0f1c4a12bb5837b932fc8feb4636e999ab92442a34e,125798925,14,"unw_phase.tif,corr.tif,conncomp.tif,dem.tif,lv_theta.tif,lv_phi.tif,water_mask.tif",,
6a9a1738-4c8b-44b8-b7e2-3bbdf2ae0ee2,delhi_ncr_sbas_a27_v1_prod_20230821_20230914,20230821_20230914,True,SUCCEEDED,2026-09-22T02:08:09.904297+00:00,True,data/production_zips/delhi_ncr_sbas_a27_v1_prod_20230821_20230914__6a9a1738,data/production_extracted/delhi_ncr_sbas_a27_v1_prod_20230821_20230914__6a9a1738,1,120972280,201678f4206068aa325a4a7d540ff63e08286fba0e5f29a0c15ca6d31894c5a4,124762878,14,"unw_phase.tif,corr.tif,conncomp.tif,dem.tif,lv_theta.tif,lv_phi.tif,water_mask.tif",,
9eec937a-d6b0-4511-a138-3ce318b39ece,delhi_ncr_sbas_a27_v1_prod_20230809_20230902,20230809_20230902,True,SUCCEEDED,2026-09-22T02:08:47.456666+00:00,True,data/production_zips/delhi_ncr_sbas_a27_v1_prod_20230809_20230902__9eec937a,data/production_extracted/delhi_ncr_sbas_a27_v1_prod_20230809_20230902__9eec937a,1,119779096,7d45ed169bd9edee40ce229771d6b9552645ae393e153689b279e993ac4c04a9,123539967,14,"unw_phase.tif,corr.tif,conncomp.tif,dem.tif,lv_theta.tif,lv_phi.tif,water_mask.tif",,
8b2c008e-079e-4a5d-bbd2-4e39112e3b3d,delhi_ncr_sbas_a27_v1_prod_20230728_20230902,20230728_20230902,True,SUCCEEDED,2026-09-22T02:09:26.878941+00:00,True,data/production_zips/delhi_ncr_sbas_a27_v1_prod_20230728_20230902__8b2c008e,data/production_extracted/delhi_ncr_sbas_a27_v1_prod_20230728_20230902__8b2c008e,1,120051592,73a12c1c29513f829ec4808ed2eff6b7b80c6faf4ce4c6eb2efe3c95a0ff9ac0,123835941,14,"unw_phase.tif,corr.tif,conncomp.tif,dem.tif,lv_theta.tif,lv_phi.tif,water_mask.tif",,
a4925d6d-6958-4df9-910e-01b94dd159d1,delhi_ncr_sbas_a27_v1_prod_20230728_20230821,20230728_20230821,True,SUCCEEDED,2026-09-22T02:10:02.778717+00:00,True,data/production_zips/delhi_ncr_sbas_a27_v1_prod_20230728_20230821__a4925d6d,data/production_extracted/delhi_ncr_sbas_a27_v1_prod_20230728_20230821__a4925d6d,1,121503928,d1a49fbc423b719ed5cfda1ae05e974fd08bc7e1d6474113136c469d5409e680,125387010,14,"unw_phase.tif,corr.tif,conncomp.tif,dem.tif,lv_theta.tif,lv_phi.tif,water_mask.tif",,
7ae6dd2c-b3c4-47d8-8aef-744c7ff7593e,delhi_ncr_sbas_a27_v1_prod_20230716_20230821,20230716_20230821,True,SUCCEEDED,2026-09-22T02:10:46.107366+00:00,True,data/production_zips/delhi_ncr_sbas_a27_v1_prod_20230716_20230821__7ae6dd2c,data/production_extracted/delhi_ncr_sbas_a27_v1_prod_20230716_20230821__7ae6dd2c,1,121585719,bca9756fffffc82b45ed8b1b8a93004028a0ca3d5f59e169ff6f7c4013136d95,125483822,14,"unw_phase.tif,corr.tif,conncomp.tif,dem.tif,lv_theta.tif,lv_phi.tif,water_mask.tif",,
0dd211c2-0125-4b88-95f1-5d4a0e7ac3cd,delhi_ncr_sbas_a27_v1_prod_20230704_20230809,20230704_20230809,True,SUCCEEDED,2026-09-22T02:11:26.054776+00:00,True,data/production_zips/delhi_ncr_sbas_a27_v1_prod_20230704_20230809__0dd211c2,data/production_extracted/delhi_ncr_sbas_a27_v1_prod_20230704_20230809__0dd211c2,1,120581890,cd829d5307954609428f6737ac6a1d0d0117816cdefe829c71c59225dc5f4229,124342049,14,"unw_phase.tif,corr.tif,conncomp.tif,dem.tif,lv_theta.tif,lv_phi.tif,water_mask.tif",,
082f6d7a-738f-452a-a1a8-78cf6cc7dc51,delhi_ncr_sbas_a27_v1_prod_20230704_20230728,20230704_20230728,True,SUCCEEDED,2026-09-22T02:12:02.277197+00:00,True,data/production_zips/delhi_ncr_sbas_a27_v1_prod_20230704_20230728__082f6d7a,data/production_extracted/delhi_ncr_sbas_a27_v1_prod_20230704_20230728__082f6d7a,1,121147814,d733c094ae79225323b038a9b80e2332ad1863da32c11dba15702b67d5fea006,124971777,14,"unw_phase.tif,corr.tif,conncomp.tif,dem.tif,lv_theta.tif,lv_phi.tif,water_mask.tif",,
a72b4316-0375-418f-98a2-2f71ca190456,delhi_ncr_sbas_a27_v1_prod_20230704_20230716,20230704_20230716,True,SUCCEEDED,2026-09-22T02:12:39.542413+00:00,True,data/production_zips/delhi_ncr_sbas_a27_v1_prod_20230704_20230716__a72b4316,data/production_extracted/delhi_ncr_sbas_a27_v1_prod_20230704_20230716__a72b4316,1,121832144,e1c78b7064887f79ef60ad41bca4146efa479e7283f40a52dd8b5b97ce6f271d,125771666,14,"unw_phase.tif,corr.tif,conncomp.tif,dem.tif,lv_theta.tif,lv_phi.tif,water_mask.tif",,
7ed7d9e0-7fba-4901-9424-8188bcd0ca5d,delhi_ncr_sbas_a27_v1_prod_20230622_20230728,20230622_20230728,True,SUCCEEDED,2026-09-22T02:13:16.709246+00:00,True,data/production_zips/delhi_ncr_sbas_a27_v1_prod_20230622_20230728__7ed7d9e0,data/production_extracted/delhi_ncr_sbas_a27_v1_prod_20230622_20230728__7ed7d9e0,1,121435931,9c30c20c09e436c43c8a402b4607e266193d965b19bd1e6fa6ebdc7e7cd30ed4,125352706,14,"unw_phase.tif,corr.tif,conncomp.tif,dem.tif,lv_theta.tif,lv_phi.tif,water_mask.tif",,
c9cd606d-1b65-452c-a35c-6dd0bd5456ee,delhi_ncr_sbas_a27_v1_prod_20230622_20230716,20230622_20230716,True,SUCCEEDED,2026-09-22T02:13:53.263846+00:00,True,data/production_zips/delhi_ncr_sbas_a27_v1_prod_20230622_20230716__c9cd606d,data/production_extracted/delhi_ncr_sbas_a27_v1_prod_20230622_20230716__c9cd606d,1,121295094,275240831c76ca99e20cc98a222a077a1fbbf0497fd454793d684937ff6d1131,125197229,14,"unw_phase.tif,corr.tif,conncomp.tif,dem.tif,lv_theta.tif,lv_phi.tif,water_mask.tif",,
ad588b56-986b-4bfc-a4ae-f4f48e99d03a,delhi_ncr_sbas_a27_v1_prod_20230622_20230704,20230622_20230704,True,SUCCEEDED,2026-09-22T02:14:31.170210+00:00,True,data/production_zips/delhi_ncr_sbas_a27_v1_prod_20230622_20230704__ad588b56,data/production_extracted/delhi_ncr_sbas_a27_v1_prod_20230622_20230704__ad588b56,1,121374729,69e9241e9556e748150c4693270c38c0f521c796d0abcd9853b7a8ae7e55ee71,125268695,14,"unw_phase.tif,corr.tif,conncomp.tif,dem.tif,lv_theta.tif,lv_phi.tif,water_mask.tif",,
2ade7fd4-56e1-47bb-8f24-9c3e9fd40647,delhi_ncr_sbas_a27_v1_prod_20230610_20230716,20230610_20230716,True,SUCCEEDED,2026-09-22T02:15:07.901132+00:00,True,data/production_zips/delhi_ncr_sbas_a27_v1_prod_20230610_20230716__2ade7fd4,data/production_extracted/delhi_ncr_sbas_a27_v1_prod_20230610_20230716__2ade7fd4,1,122009968,1452e6f8ef4f7e21f5d92c50dc18d1df0cf93aaf23639440633ea0e370b0f3e0,126018905,14,"unw_phase.tif,corr.tif,conncomp.tif,dem.tif,lv_theta.tif,lv_phi.tif,water_mask.tif",,
726ccf92-4ea2-4519-b213-6dfe531286ee,delhi_ncr_sbas_a27_v1_prod_20230610_20230704,20230610_20230704,True,SUCCEEDED,2026-09-22T02:15:44.897997+00:00,True,data/production_zips/delhi_ncr_sbas_a27_v1_prod_20230610_20230704__726ccf92,data/production_extracted/delhi_ncr_sbas_a27_v1_prod_20230610_20230704__726ccf92,1,121706473,9a36fff97672a9e523291e23954b101606fc3ccd81b2d0aeaae7c820a8986c93,125596314,14,"unw_phase.tif,corr.tif,conncomp.tif,dem.tif,lv_theta.tif,lv_phi.tif,water_mask.tif",,
795362a4-54dd-4a9e-a324-0cd15220ab68,delhi_ncr_sbas_a27_v1_prod_20230529_20230704,20230529_20230704,True,SUCCEEDED,2026-09-22T02:16:22.909042+00:00,True,data/production_zips/delhi_ncr_sbas_a27_v1_prod_20230529_20230704__795362a4,data/production_extracted/delhi_ncr_sbas_a27_v1_prod_20230529_20230704__795362a4,1,121005374,919b5fe6d76e9876d5660f06f0f73a3baa450c8f403e858bffe34231d7657bdf,124814277,14,"unw_phase.tif,corr.tif,conncomp.tif,dem.tif,lv_theta.tif,lv_phi.tif,water_mask.tif",,
30f872b2-c8a0-49ba-b26e-e7468f91d8aa,delhi_ncr_sbas_a27_v1_prod_20230610_20230622,20230610_20230622,True,SUCCEEDED,2026-09-22T02:16:59.691315+00:00,True,data/production_zips/delhi_ncr_sbas_a27_v1_prod_20230610_20230622__30f872b2,data/production_extracted/delhi_ncr_sbas_a27_v1_prod_20230610_20230622__30f872b2,1,122641532,d7bb91d2e7014f0335d00194f12ae3a23179282e52b446839a0c68b5debf6436,126362196,14,"unw_phase.tif,corr.tif,conncomp.tif,dem.tif,lv_theta.tif,lv_phi.tif,water_mask.tif",,
9ad66f8c-62c7-470f-aa7d-f5a9c354407c,delhi_ncr_sbas_a27_v1_prod_20230529_20230622,20230529_20230622,True,SUCCEEDED,2026-09-22T02:17:38.743996+00:00,True,data/production_zips/delhi_ncr_sbas_a27_v1_prod_20230529_20230622__9ad66f8c,data/production_extracted/delhi_ncr_sbas_a27_v1_prod_20230529_20230622__9ad66f8c,1,120968894,1b0b4b4d293a5cbb048835fc7c83d7b0d5fa707bf64810a390d08355fa1a8435,124715024,14,"unw_phase.tif,corr.tif,conncomp.tif,dem.tif,lv_theta.tif,lv_phi.tif,water_mask.tif",,
1804a3dc-da2e-4619-a336-b16926949c6b,delhi_ncr_sbas_a27_v1_prod_20230529_20230610,20230529_20230610,True,SUCCEEDED,2026-09-22T02:18:15.362000+00:00,True,data/production_zips/delhi_ncr_sbas_a27_v1_prod_20230529_20230610__1804a3dc,data/production_extracted/delhi_ncr_sbas_a27_v1_prod_20230529_20230610__1804a3dc,1,122191205,f7b1616d0661b1534ff0cab03e45d15279a38bf92f85e704c908dd8b7a3e8b22,126024718,14,"unw_phase.tif,corr.tif,conncomp.tif,dem.tif,lv_theta.tif,lv_phi.tif,water_mask.tif",,
b70e84ed-cbfe-4311-84cb-78a7d58576d9,delhi_ncr_sbas_a27_v1_prod_20230517_20230610,20230517_20230610,True,SUCCEEDED,2026-09-22T02:18:54.410095+00:00,True,data/production_zips/delhi_ncr_sbas_a27_v1_prod_20230517_20230610__b70e84ed,data/production_extracted/delhi_ncr_sbas_a27_v1_prod_20230517_20230610__b70e84ed,1,121379821,4f72e051c1bab97343014e26fd07c2d99c6eafcbc37de2805c7a07fe5148443a,125249418,14,"unw_phase.tif,corr.tif,conncomp.tif,dem.tif,lv_theta.tif,lv_phi.tif,water_mask.tif",,
98cc55a1-db17-4d4b-b672-c92390622f5f,delhi_ncr_sbas_a27_v1_prod_20230517_20230622,20230517_20230622,True,SUCCEEDED,2026-09-22T02:19:32.955817+00:00,True,data/production_zips/delhi_ncr_sbas_a27_v1_prod_20230517_20230622__98cc55a1,data/production_extracted/delhi_ncr_sbas_a27_v1_prod_20230517_20230622__98cc55a1,1,121587048,a3b7b592c98551e9ed5d5e49f42c2bb079b219c751e25ba56440b9e2e07291a5,125483880,14,"unw_phase.tif,corr.tif,conncomp.tif,dem.tif,lv_theta.tif,lv_phi.tif,water_mask.tif",,
30c41be1-be3e-42ab-a677-0a9c070920ce,delhi_ncr_sbas_a27_v1_prod_20230517_20230529,20230517_20230529,True,SUCCEEDED,2026-09-22T02:20:10.555522+00:00,True,data/production_zips/delhi_ncr_sbas_a27_v1_prod_20230517_20230529__30c41be1,data/production_extracted/delhi_ncr_sbas_a27_v1_prod_20230517_20230529__30c41be1,1,121798909,c06a23cd837ad9fd253f7652aee0f8573371e4a9b16761fc24a38b73234fdf0a,125657542,14,"unw_phase.tif,corr.tif,conncomp.tif,dem.tif,lv_theta.tif,lv_phi.tif,water_mask.tif",,
fea79c57-ba2e-41ba-b35b-689b5b5e57fd,delhi_ncr_sbas_a27_v1_prod_20230505_20230610,20230505_20230610,True,SUCCEEDED,2026-09-22T02:20:51.521534+00:00,True,data/production_zips/delhi_ncr_sbas_a27_v1_prod_20230505_20230610__fea79c57,data/production_extracted/delhi_ncr_sbas_a27_v1_prod_20230505_20230610__fea79c57,1,120960719,357fef52e907be73b2c3697343dfe170ead452c5ccc11551031dc2baa1225cd9,124755376,14,"unw_phase.tif,corr.tif,conncomp.tif,dem.tif,lv_theta.tif,lv_phi.tif,water_mask.tif",,
2daca539-dfe6-4772-b79a-5c0836bc6128,delhi_ncr_sbas_a27_v1_prod_20230505_20230529,20230505_20230529,True,SUCCEEDED,2026-09-22T02:21:28.423969+00:00,True,data/production_zips/delhi_ncr_sbas_a27_v1_prod_20230505_20230529__2daca539,data/production_extracted/delhi_ncr_sbas_a27_v1_prod_20230505_20230529__2daca539,1,121296473,3574bd5557ac42bb51dc99f2c7d455c3c4d49079a394acca88cd1328611f6605,125111753,14,"unw_phase.tif,corr.tif,conncomp.tif,dem.tif,lv_theta.tif,lv_phi.tif,water_mask.tif",,
6b951556-513c-4139-86d5-188d84574cce,delhi_ncr_sbas_a27_v1_prod_20230505_20230517,20230505_20230517,True,SUCCEEDED,2026-09-22T02:22:05.124181+00:00,True,data/production_zips/delhi_ncr_sbas_a27_v1_prod_20230505_20230517__6b951556,data/production_extracted/delhi_ncr_sbas_a27_v1_prod_20230505_20230517__6b951556,1,123284259,dd5a727b67962109bec4abe4166940c965cff0ff2499045483ba2fe58ff475b2,127094799,14,"unw_phase.tif,corr.tif,conncomp.tif,dem.tif,lv_theta.tif,lv_phi.tif,water_mask.tif",,
8b01cef0-6b56-408a-847d-b48a5f1e85f4,delhi_ncr_sbas_a27_v1_prod_20230423_20230529,20230423_20230529,True,SUCCEEDED,2026-09-22T02:22:44.032398+00:00,True,data/production_zips/delhi_ncr_sbas_a27_v1_prod_20230423_20230529__8b01cef0,data/production_extracted/delhi_ncr_sbas_a27_v1_prod_20230423_20230529__8b01cef0,1,121228557,16c0f939f20db06317f71d757e4c6c310c50e9a526ec50cf66df9e8c17598e83,125083583,14,"unw_phase.tif,corr.tif,conncomp.tif,dem.tif,lv_theta.tif,lv_phi.tif,water_mask.tif",,
d71c818c-974e-459c-a6b5-24c5cfe0f61b,delhi_ncr_sbas_a27_v1_prod_20230423_20230517,20230423_20230517,True,SUCCEEDED,2026-09-22T02:23:23.756575+00:00,True,data/production_zips/delhi_ncr_sbas_a27_v1_prod_20230423_20230517__d71c818c,data/production_extracted/delhi_ncr_sbas_a27_v1_prod_20230423_20230517__d71c818c,1,122706853,4fe0301b1ddf0d78a606ddc57b719c4862f0758dd8fd4bfd8002fc958f977bd6,126578779,14,"unw_phase.tif,corr.tif,conncomp.tif,dem.tif,lv_theta.tif,lv_phi.tif,water_mask.tif",,
da8d796e-1cd3-42e9-b95e-cecc108d0935,delhi_ncr_sbas_a27_v1_prod_20230423_20230505,20230423_20230505,True,SUCCEEDED,2026-09-22T02:24:00.750566+00:00,True,data/production_zips/delhi_ncr_sbas_a27_v1_prod_20230423_20230505__da8d796e,data/production_extracted/delhi_ncr_sbas_a27_v1_prod_20230423_20230505__da8d796e,1,124675657,427783797287b5145acd5a5e74aa0889bb0bdeec882ace9e8158f0706ed20cdc,128438432,14,"unw_phase.tif,corr.tif,conncomp.tif,dem.tif,lv_theta.tif,lv_phi.tif,water_mask.tif",,
1fffd005-ac48-4ebf-8613-54b7d07dd215,delhi_ncr_sbas_a27_v1_prod_20230411_20230517,20230411_20230517,True,SUCCEEDED,2026-09-22T02:24:39.345696+00:00,True,data/production_zips/delhi_ncr_sbas_a27_v1_prod_20230411_20230517__1fffd005,data/production_extracted/delhi_ncr_sbas_a27_v1_prod_20230411_20230517__1fffd005,1,121531616,e59195e1dec8bf4c636bc7da798d695e43e5ed131cc7d396bf766732448b95fe,125402634,14,"unw_phase.tif,corr.tif,conncomp.tif,dem.tif,lv_theta.tif,lv_phi.tif,water_mask.tif",,
b7791096-7cae-41fe-b854-9bb93c6e2357,delhi_ncr_sbas_a27_v1_prod_20230411_20230505,20230411_20230505,True,SUCCEEDED,2026-09-22T02:25:18.104560+00:00,True,data/production_zips/delhi_ncr_sbas_a27_v1_prod_20230411_20230505__b7791096,data/production_extracted/delhi_ncr_sbas_a27_v1_prod_20230411_20230505__b7791096,1,123421776,2babcf8dd8f97b473a4bc13ea13df32fedfc77b51a0e69c35f3b31263519fb78,127231008,14,"unw_phase.tif,corr.tif,conncomp.tif,dem.tif,lv_theta.tif,lv_phi.tif,water_mask.tif",,
242c948d-bcfd-4c0d-b398-3afac42bcf97,delhi_ncr_sbas_a27_v1_prod_20230411_20230423,20230411_20230423,True,SUCCEEDED,2026-09-22T02:25:55.520132+00:00,True,data/production_zips/delhi_ncr_sbas_a27_v1_prod_20230411_20230423__242c948d,data/production_extracted/delhi_ncr_sbas_a27_v1_prod_20230411_20230423__242c948d,1,123155219,e25685e6fe3249ab35aef33c919a6a84f0cec1d8442deb76e24a09dd25e47242,126822207,14,"unw_phase.tif,corr.tif,conncomp.tif,dem.tif,lv_theta.tif,lv_phi.tif,water_mask.tif",,
43cc1047-1ef4-4c7f-ab64-817a5fc594a6,delhi_ncr_sbas_a27_v1_prod_20230330_20230505,20230330_20230505,True,SUCCEEDED,2026-09-22T02:26:34.140628+00:00,True,data/production_zips/delhi_ncr_sbas_a27_v1_prod_20230330_20230505__43cc1047,data/production_extracted/delhi_ncr_sbas_a27_v1_prod_20230330_20230505__43cc1047,1,121433201,ee07e8a4343ace8e43b9e483beec2f62da49b46a3cc6ac3b8e71365417f46ea1,125300691,14,"unw_phase.tif,corr.tif,conncomp.tif,dem.tif,lv_theta.tif,lv_phi.tif,water_mask.tif",,
8301e2d5-8dc9-45de-999f-3384fb6b639d,delhi_ncr_sbas_a27_v1_prod_20230330_20230423,20230330_20230423,True,SUCCEEDED,2026-09-22T02:27:11.517501+00:00,True,data/production_zips/delhi_ncr_sbas_a27_v1_prod_20230330_20230423__8301e2d5,data/production_extracted/delhi_ncr_sbas_a27_v1_prod_20230330_20230423__8301e2d5,1,120850445,95df8b80eb1e6926842dd3301b0b0e2df4614229b587e6676b35bc8666eb79d2,124607458,14,"unw_phase.tif,corr.tif,conncomp.tif,dem.tif,lv_theta.tif,lv_phi.tif,water_mask.tif",,
4114f2e8-33e0-44e1-b994-298f71aa5313,delhi_ncr_sbas_a27_v1_prod_20230330_20230411,20230330_20230411,True,SUCCEEDED,2026-09-22T02:27:47.753527+00:00,True,data/production_zips/delhi_ncr_sbas_a27_v1_prod_20230330_20230411__4114f2e8,data/production_extracted/delhi_ncr_sbas_a27_v1_prod_20230330_20230411__4114f2e8,1,121182079,76f95fad728f9d90e0b9230de3444ed376d8a68996574a3473bea8d5a7981874,124944885,14,"unw_phase.tif,corr.tif,conncomp.tif,dem.tif,lv_theta.tif,lv_phi.tif,water_mask.tif",,
52b26194-e173-45b9-bafe-22404aea2c89,delhi_ncr_sbas_a27_v1_prod_20230318_20230423,20230318_20230423,True,SUCCEEDED,2026-09-22T02:28:27.399335+00:00,True,data/production_zips/delhi_ncr_sbas_a27_v1_prod_20230318_20230423__52b26194,data/production_extracted/delhi_ncr_sbas_a27_v1_prod_20230318_20230423__52b26194,1,121941186,526f4f24c88bfd02b6e9ae39c47a02d452ee8a3067ec1ac9425a169672eac6e6,125911498,14,"unw_phase.tif,corr.tif,conncomp.tif,dem.tif,lv_theta.tif,lv_phi.tif,water_mask.tif",,
ce620f54-8fc6-4c51-a58c-ccef341f8c05,delhi_ncr_sbas_a27_v1_prod_20230318_20230411,20230318_20230411,True,SUCCEEDED,2026-09-22T02:29:04.441004+00:00,True,data/production_zips/delhi_ncr_sbas_a27_v1_prod_20230318_20230411__ce620f54,data/production_extracted/delhi_ncr_sbas_a27_v1_prod_20230318_20230411__ce620f54,1,121805654,98d79940a0bd12adadf02d5c087a300575c05dfd3d259f33766b47be407b060f,125727764,14,"unw_phase.tif,corr.tif,conncomp.tif,dem.tif,lv_theta.tif,lv_phi.tif,water_mask.tif",,
cd03362e-38ee-49f4-9b27-8fcf7940abce,delhi_ncr_sbas_a27_v1_prod_20230318_20230330,20230318_20230330,True,SUCCEEDED,2026-09-22T02:29:43.276347+00:00,True,data/production_zips/delhi_ncr_sbas_a27_v1_prod_20230318_20230330__cd03362e,data/production_extracted/delhi_ncr_sbas_a27_v1_prod_20230318_20230330__cd03362e,1,120968931,3d3e5afa9d2d9f805c6512354d2d9ad307585eacb919ca62078abaf685eacd07,124753846,14,"unw_phase.tif,corr.tif,conncomp.tif,dem.tif,lv_theta.tif,lv_phi.tif,water_mask.tif",,
7d4911fe-51ad-4691-b82f-81eba6eea04c,delhi_ncr_sbas_a27_v1_prod_20230306_20230411,20230306_20230411,True,SUCCEEDED,2026-09-22T02:30:19.734042+00:00,True,data/production_zips/delhi_ncr_sbas_a27_v1_prod_20230306_20230411__7d4911fe,data/production_extracted/delhi_ncr_sbas_a27_v1_prod_20230306_20230411__7d4911fe,1,120982690,4f90a120c61208ff90b64427ad3fe31d618d15c092a99ed5cb06d01539fc5ad1,124820448,14,"unw_phase.tif,corr.tif,conncomp.tif,dem.tif,lv_theta.tif,lv_phi.tif,water_mask.tif",,
3922703e-bcde-44e0-aaa6-e5292380f091,delhi_ncr_sbas_a27_v1_prod_20230306_20230330,20230306_20230330,True,SUCCEEDED,2026-09-22T02:30:56.278214+00:00,True,data/production_zips/delhi_ncr_sbas_a27_v1_prod_20230306_20230330__3922703e,data/production_extracted/delhi_ncr_sbas_a27_v1_prod_20230306_20230330__3922703e,1,120829863,fc51c2fc4ac7df59bfabc869e432a68f2ba83a5e0809d2a40b9926ec49ec462a,124626263,14,"unw_phase.tif,corr.tif,conncomp.tif,dem.tif,lv_theta.tif,lv_phi.tif,water_mask.tif",,
d9425b65-5f24-4043-9bbd-580afcbea9d7,delhi_ncr_sbas_a27_v1_prod_20230306_20230318,20230306_20230318,True,SUCCEEDED,2026-09-22T02:31:32.979724+00:00,True,data/production_zips/delhi_ncr_sbas_a27_v1_prod_20230306_20230318__d9425b65,data/production_extracted/delhi_ncr_sbas_a27_v1_prod_20230306_20230318__d9425b65,1,121443188,83b5d2994f917d350649ca75cff55700f028f8662a8688d4bbd79f81af1fcd13,125245856,14,"unw_phase.tif,corr.tif,conncomp.tif,dem.tif,lv_theta.tif,lv_phi.tif,water_mask.tif",,
83d41274-4a3b-4b7b-9940-ae2ae8171b9c,delhi_ncr_sbas_a27_v1_prod_20230222_20230330,20230222_20230330,True,SUCCEEDED,2026-09-22T02:32:11.964621+00:00,True,data/production_zips/delhi_ncr_sbas_a27_v1_prod_20230222_20230330__83d41274,data/production_extracted/delhi_ncr_sbas_a27_v1_prod_20230222_20230330__83d41274,1,120117038,23f6390eb433dfaec20e55fcd49dda87a13335c53c72aa684ecb0efa29c053e2,123906500,14,"unw_phase.tif,corr.tif,conncomp.tif,dem.tif,lv_theta.tif,lv_phi.tif,water_mask.tif",,
1b29b450-4726-47aa-8092-f19a9e11b048,delhi_ncr_sbas_a27_v1_prod_20230222_20230318,20230222_20230318,True,SUCCEEDED,2026-09-22T02:32:49.000080+00:00,True,data/production_zips/delhi_ncr_sbas_a27_v1_prod_20230222_20230318__1b29b450,data/production_extracted/delhi_ncr_sbas_a27_v1_prod_20230222_20230318__1b29b450,1,122444283,3ee644e28117f4906e6650754699001a075b7e56d233adf67648408ad0eac4f2,126357847,14,"unw_phase.tif,corr.tif,conncomp.tif,dem.tif,lv_theta.tif,lv_phi.tif,water_mask.tif",,
54852a05-a76a-45e6-8ea5-231faba37494,delhi_ncr_sbas_a27_v1_prod_20230222_20230306,20230222_20230306,True,SUCCEEDED,2026-09-22T02:33:28.487849+00:00,True,data/production_zips/delhi_ncr_sbas_a27_v1_prod_20230222_20230306__54852a05,data/production_extracted/delhi_ncr_sbas_a27_v1_prod_20230222_20230306__54852a05,1,122732116,6affe597684ed6b52df85b3c7b0f15905d1af7020511250652dc56ec4fad18e9,126522990,14,"unw_phase.tif,corr.tif,conncomp.tif,dem.tif,lv_theta.tif,lv_phi.tif,water_mask.tif",,
ddbac497-00c1-4ce2-8770-a48f9956c98d,delhi_ncr_sbas_a27_v1_prod_20230210_20230318,20230210_20230318,True,SUCCEEDED,2026-09-22T02:34:05.926304+00:00,True,data/production_zips/delhi_ncr_sbas_a27_v1_prod_20230210_20230318__ddbac497,data/production_extracted/delhi_ncr_sbas_a27_v1_prod_20230210_20230318__ddbac497,1,122312457,44fa2d305bbbdf8fb399968a80ee5f072cb85635ae15bef8df9ebc1542fb8f40,126287303,14,"unw_phase.tif,corr.tif,conncomp.tif,dem.tif,lv_theta.tif,lv_phi.tif,water_mask.tif",,
b712efb2-3b4d-478a-af23-d2608b4e4df3,delhi_ncr_sbas_a27_v1_prod_20230210_20230306,20230210_20230306,True,SUCCEEDED,2026-09-22T02:34:42.662483+00:00,True,data/production_zips/delhi_ncr_sbas_a27_v1_prod_20230210_20230306__b712efb2,data/production_extracted/delhi_ncr_sbas_a27_v1_prod_20230210_20230306__b712efb2,1,122703134,5c7b0ac194acaa687dcf7b3ef4d4f648abd65a94bd52da92dd4ab116117984b3,126480392,14,"unw_phase.tif,corr.tif,conncomp.tif,dem.tif,lv_theta.tif,lv_phi.tif,water_mask.tif",,
774afb3a-4ff4-476a-ac21-6af946e4f87f,delhi_ncr_sbas_a27_v1_prod_20230210_20230222,20230210_20230222,True,SUCCEEDED,2026-09-22T02:35:21.560033+00:00,True,data/production_zips/delhi_ncr_sbas_a27_v1_prod_20230210_20230222__774afb3a,data/production_extracted/delhi_ncr_sbas_a27_v1_prod_20230210_20230222__774afb3a,1,124155466,9f8b9765de796519c15dda149c225ba7a63cfa0a8e918409bda318752b6eb58d,127959900,14,"unw_phase.tif,corr.tif,conncomp.tif,dem.tif,lv_theta.tif,lv_phi.tif,water_mask.tif",,
78efd471-4861-43d6-b461-7d6ba4a9af33,delhi_ncr_sbas_a27_v1_prod_20230129_20230306,20230129_20230306,True,SUCCEEDED,2026-09-22T02:35:58.614108+00:00,True,data/production_zips/delhi_ncr_sbas_a27_v1_prod_20230129_20230306__78efd471,data/production_extracted/delhi_ncr_sbas_a27_v1_prod_20230129_20230306__78efd471,1,120649633,6ef9c1578aa70683b3919556b36fd5753fb2054d3cc6e76d0797ea230bd5f2b0,124418423,14,"unw_phase.tif,corr.tif,conncomp.tif,dem.tif,lv_theta.tif,lv_phi.tif,water_mask.tif",,
27456499-f420-41ce-b87e-03d10345709f,delhi_ncr_sbas_a27_v1_prod_20230129_20230222,20230129_20230222,True,SUCCEEDED,2026-09-22T02:36:38.422204+00:00,True,data/production_zips/delhi_ncr_sbas_a27_v1_prod_20230129_20230222__27456499,data/production_extracted/delhi_ncr_sbas_a27_v1_prod_20230129_20230222__27456499,1,120730124,609261fd0c566fc03d750326bca5d5895970d23275bd6d8ce274082ffef3e91b,124490265,14,"unw_phase.tif,corr.tif,conncomp.tif,dem.tif,lv_theta.tif,lv_phi.tif,water_mask.tif",,
8fcf25c1-d52d-4ff2-843d-b63669e38f51,delhi_ncr_sbas_a27_v1_prod_20230129_20230210,20230129_20230210,True,SUCCEEDED,2026-09-22T02:37:15.618713+00:00,True,data/production_zips/delhi_ncr_sbas_a27_v1_prod_20230129_20230210__8fcf25c1,data/production_extracted/delhi_ncr_sbas_a27_v1_prod_20230129_20230210__8fcf25c1,1,122916790,69d2d10e2cff34ce3baa0337f9606d2642bcc9a566cc3fbe5d063f379a837d1b,126788830,14,"unw_phase.tif,corr.tif,conncomp.tif,dem.tif,lv_theta.tif,lv_phi.tif,water_mask.tif",,
74adeeb9-1d2c-48c3-819a-2afe09098628,delhi_ncr_sbas_a27_v1_prod_20230117_20230222,20230117_20230222,True,SUCCEEDED,2026-09-22T02:37:53.294255+00:00,True,data/production_zips/delhi_ncr_sbas_a27_v1_prod_20230117_20230222__74adeeb9,data/production_extracted/delhi_ncr_sbas_a27_v1_prod_20230117_20230222__74adeeb9,1,122153230,e9a12ac68378b2129aff8c6edfc522a234810aee35cc66ac8b611acb2567543b,125932926,14,"unw_phase.tif,corr.tif,conncomp.tif,dem.tif,lv_theta.tif,lv_phi.tif,water_mask.tif",,
39ba9e03-16f7-4aee-9009-dbb735a93b05,delhi_ncr_sbas_a27_v1_prod_20230117_20230210,20230117_20230210,True,SUCCEEDED,2026-09-22T02:38:31.858207+00:00,True,data/production_zips/delhi_ncr_sbas_a27_v1_prod_20230117_20230210__39ba9e03,data/production_extracted/delhi_ncr_sbas_a27_v1_prod_20230117_20230210__39ba9e03,1,121970232,4dee651e25baab56fa2461a57364b0b45544d395522795a3ddc637c4c003231d,125714585,14,"unw_phase.tif,corr.tif,conncomp.tif,dem.tif,lv_theta.tif,lv_phi.tif,water_mask.tif",,
b56092d0-ca93-4f81-a88f-60fda70c43f8,delhi_ncr_sbas_a27_v1_prod_20230105_20230210,20230105_20230210,True,SUCCEEDED,2026-09-22T02:39:08.289473+00:00,True,data/production_zips/delhi_ncr_sbas_a27_v1_prod_20230105_20230210__b56092d0,data/production_extracted/delhi_ncr_sbas_a27_v1_prod_20230105_20230210__b56092d0,1,123357628,2a500d9623c388afb1fdf442d0feeac5e6c04a88502e7e652ea775b9b7e0496b,127216289,14,"unw_phase.tif,corr.tif,conncomp.tif,dem.tif,lv_theta.tif,lv_phi.tif,water_mask.tif",,
17728bbe-bd7d-443d-9689-9f3619fabb16,delhi_ncr_sbas_a27_v1_prod_20230105_20230129,20230105_20230129,True,SUCCEEDED,2026-09-22T02:39:45.496381+00:00,True,data/production_zips/delhi_ncr_sbas_a27_v1_prod_20230105_20230129__17728bbe,data/production_extracted/delhi_ncr_sbas_a27_v1_prod_20230105_20230129__17728bbe,1,120901469,993b413b1f83047ef329536c927329b14f79340c19ecaed94a942b28a5e5a184,124675635,14,"unw_phase.tif,corr.tif,conncomp.tif,dem.tif,lv_theta.tif,lv_phi.tif,water_mask.tif",,
b52eddef-d881-4573-a82d-a87469c7f434,delhi_ncr_sbas_a27_v1_prod_20230105_20230117,20230105_20230117,True,SUCCEEDED,2026-09-22T02:40:23.860627+00:00,True,data/production_zips/delhi_ncr_sbas_a27_v1_prod_20230105_20230117__b52eddef,data/production_extracted/delhi_ncr_sbas_a27_v1_prod_20230105_20230117__b52eddef,1,119142074,24d0ea9b89ebb74b6886a4816d37aaffb5b92d6ba468ae8dbc1be8c0897218c8,122690738,14,"unw_phase.tif,corr.tif,conncomp.tif,dem.tif,lv_theta.tif,lv_phi.tif,water_mask.tif",,
643261ff-c3d7-423d-8627-c66dbd0c773f,delhi_ncr_sbas_a27_v1_prod_20221224_20230129,20221224_20230129,True,SUCCEEDED,2026-09-22T02:41:04.841516+00:00,True,data/production_zips/delhi_ncr_sbas_a27_v1_prod_20221224_20230129__643261ff,data/production_extracted/delhi_ncr_sbas_a27_v1_prod_20221224_20230129__643261ff,1,121054207,7b5cc603a78d0794e77498ce3fb95892169ae54407c1900a105d4dd090dff295,124845462,14,"unw_phase.tif,corr.tif,conncomp.tif,dem.tif,lv_theta.tif,lv_phi.tif,water_mask.tif",,
fc6fb9eb-f7e2-4d0c-a0e6-d648612029ef,delhi_ncr_sbas_a27_v1_prod_20221224_20230117,20221224_20230117,True,SUCCEEDED,2026-09-22T02:41:43.365185+00:00,True,data/production_zips/delhi_ncr_sbas_a27_v1_prod_20221224_20230117__fc6fb9eb,data/production_extracted/delhi_ncr_sbas_a27_v1_prod_20221224_20230117__fc6fb9eb,1,124353262,9d968165c38707e44280f77ff63496edca0d58194b487d0150088aa45f425e3e,128100741,14,"unw_phase.tif,corr.tif,conncomp.tif,dem.tif,lv_theta.tif,lv_phi.tif,water_mask.tif",,
c4e04fbc-2c8e-44f1-a38e-365d06f13aa4,delhi_ncr_sbas_a27_v1_prod_20221224_20230105,20221224_20230105,True,SUCCEEDED,2026-09-22T02:42:23.597908+00:00,True,data/production_zips/delhi_ncr_sbas_a27_v1_prod_20221224_20230105__c4e04fbc,data/production_extracted/delhi_ncr_sbas_a27_v1_prod_20221224_20230105__c4e04fbc,1,120493756,f1d77efec83e06d21e46768e9b862652ecdfde37f3b05b85adc55ce70677e429,124071626,14,"unw_phase.tif,corr.tif,conncomp.tif,dem.tif,lv_theta.tif,lv_phi.tif,water_mask.tif",,
2986fd98-5299-45c5-9387-6c41c4b72814,delhi_ncr_sbas_a27_v1_prod_20221212_20230117,20221212_20230117,True,SUCCEEDED,2026-09-22T02:43:05.113488+00:00,True,data/production_zips/delhi_ncr_sbas_a27_v1_prod_20221212_20230117__2986fd98,data/production_extracted/delhi_ncr_sbas_a27_v1_prod_20221212_20230117__2986fd98,1,120187004,30ebad669fca28097cff1290c40ffbf62c90d516ddc84976b055d8f98b495ba5,123896177,14,"unw_phase.tif,corr.tif,conncomp.tif,dem.tif,lv_theta.tif,lv_phi.tif,water_mask.tif",,
aa797e6d-624b-4273-94d9-861170e72925,delhi_ncr_sbas_a27_v1_prod_20221212_20221224,20221212_20221224,True,SUCCEEDED,2026-09-22T02:43:59.201802+00:00,True,data/production_zips/delhi_ncr_sbas_a27_v1_prod_20221212_20221224__aa797e6d,data/production_extracted/delhi_ncr_sbas_a27_v1_prod_20221212_20221224__aa797e6d,1,120275458,8ea4fb82946e47d659c6a72a7e05f46cf7b00f49921179b5f15513ddfccc3784,123864391,14,"unw_phase.tif,corr.tif,conncomp.tif,dem.tif,lv_theta.tif,lv_phi.tif,water_mask.tif",,
e77a7a06-2861-456b-8288-a0cc60c4f214,delhi_ncr_sbas_a27_v1_prod_20221212_20230105,20221212_20230105,True,SUCCEEDED,2026-09-22T02:44:43.010562+00:00,True,data/production_zips/delhi_ncr_sbas_a27_v1_prod_20221212_20230105__e77a7a06,data/production_extracted/delhi_ncr_sbas_a27_v1_prod_20221212_20230105__e77a7a06,1,125766872,bbbf6db8cc304c86ed284e70742cd3f2e24b60f9b4274d59e8fd5d39221a13b3,129618943,14,"unw_phase.tif,corr.tif,conncomp.tif,dem.tif,lv_theta.tif,lv_phi.tif,water_mask.tif",,
1512b5a7-20ac-4839-93e0-795b3a25dd4d,delhi_ncr_sbas_a27_v1_prod_20221130_20230105,20221130_20230105,True,SUCCEEDED,2026-09-22T02:45:21.800067+00:00,True,data/production_zips/delhi_ncr_sbas_a27_v1_prod_20221130_20230105__1512b5a7,data/production_extracted/delhi_ncr_sbas_a27_v1_prod_20221130_20230105__1512b5a7,1,123292152,4ef0b749f301b56526df35a7e734a2bf43367d9ee524728a33290f3c46a7c6bd,127182719,14,"unw_phase.tif,corr.tif,conncomp.tif,dem.tif,lv_theta.tif,lv_phi.tif,water_mask.tif",,
19ab6141-1d53-4628-a591-606462ea619a,delhi_ncr_sbas_a27_v1_prod_20221130_20221224,20221130_20221224,True,SUCCEEDED,2026-09-22T02:45:59.290790+00:00,True,data/production_zips/delhi_ncr_sbas_a27_v1_prod_20221130_20221224__19ab6141,data/production_extracted/delhi_ncr_sbas_a27_v1_prod_20221130_20221224__19ab6141,1,121065579,6831f1df7c26ef9384530f5a4964f78e2c043d6484119c0c25099338e0d2bbc0,124761425,14,"unw_phase.tif,corr.tif,conncomp.tif,dem.tif,lv_theta.tif,lv_phi.tif,water_mask.tif",,
a0fa3d84-8f06-4c59-98e2-1e611ae11a36,delhi_ncr_sbas_a27_v1_prod_20221130_20221212,20221130_20221212,True,SUCCEEDED,2026-09-22T02:46:39.341225+00:00,True,data/production_zips/delhi_ncr_sbas_a27_v1_prod_20221130_20221212__a0fa3d84,data/production_extracted/delhi_ncr_sbas_a27_v1_prod_20221130_20221212__a0fa3d84,1,123228824,9c4dfa8a694ed92a18f362978b32b42a85484ac033e96d09f68780f07a3eb99c,126917074,14,"unw_phase.tif,corr.tif,conncomp.tif,dem.tif,lv_theta.tif,lv_phi.tif,water_mask.tif",,
07dc5760-32a1-4a2f-96ed-f4390701375b,delhi_ncr_sbas_a27_v1_prod_20221118_20221224,20221118_20221224,True,SUCCEEDED,2026-09-22T02:47:22.051371+00:00,True,data/production_zips/delhi_ncr_sbas_a27_v1_prod_20221118_20221224__07dc5760,data/production_extracted/delhi_ncr_sbas_a27_v1_prod_20221118_20221224__07dc5760,1,123255843,b92669f6e0b32c5f5b8011f50631d0327fcce4a06799a0c053be18cbbf9be1cb,127151020,14,"unw_phase.tif,corr.tif,conncomp.tif,dem.tif,lv_theta.tif,lv_phi.tif,water_mask.tif",,
ad8c442b-dc2c-4255-baf7-bdfb26e9e50a,delhi_ncr_sbas_a27_v1_prod_20221118_20221212,20221118_20221212,True,SUCCEEDED,2026-09-22T02:48:03.535052+00:00,True,data/production_zips/delhi_ncr_sbas_a27_v1_prod_20221118_20221212__ad8c442b,data/production_extracted/delhi_ncr_sbas_a27_v1_prod_20221118_20221212__ad8c442b,1,122386694,455629f3aa196b5669640b0150f0b224242090cf7fe5bd280c80c58920b916f7,126112299,14,"unw_phase.tif,corr.tif,conncomp.tif,dem.tif,lv_theta.tif,lv_phi.tif,water_mask.tif",,
bcbd2d49-c7b7-4d2f-811c-02691f3effae,delhi_ncr_sbas_a27_v1_prod_20221118_20221130,20221118_20221130,True,SUCCEEDED,2026-09-22T02:48:44.672548+00:00,True,data/production_zips/delhi_ncr_sbas_a27_v1_prod_20221118_20221130__bcbd2d49,data/production_extracted/delhi_ncr_sbas_a27_v1_prod_20221118_20221130__bcbd2d49,1,123078940,197eb528a7a2f71b6ff8c80f82de6c7d5e05d90a55a7a90ef9720d03fd14e0da,126725229,14,"unw_phase.tif,corr.tif,conncomp.tif,dem.tif,lv_theta.tif,lv_phi.tif,water_mask.tif",,
6f1954ba-6ae3-4d08-8b84-0a63259be3ef,delhi_ncr_sbas_a27_v1_prod_20221106_20221212,20221106_20221212,True,SUCCEEDED,2026-09-22T02:49:26.468437+00:00,True,data/production_zips/delhi_ncr_sbas_a27_v1_prod_20221106_20221212__6f1954ba,data/production_extracted/delhi_ncr_sbas_a27_v1_prod_20221106_20221212__6f1954ba,1,121465815,d0734dfebfa1dd0fc8757cfcb764626daa217469e170d82e747009aa14ee7723,125320810,14,"unw_phase.tif,corr.tif,conncomp.tif,dem.tif,lv_theta.tif,lv_phi.tif,water_mask.tif",,
c2ad9b44-bce1-4506-bb1c-82edcea40430,delhi_ncr_sbas_a27_v1_prod_20221106_20221130,20221106_20221130,True,SUCCEEDED,2026-09-22T02:50:10.046081+00:00,True,data/production_zips/delhi_ncr_sbas_a27_v1_prod_20221106_20221130__c2ad9b44,data/production_extracted/delhi_ncr_sbas_a27_v1_prod_20221106_20221130__c2ad9b44,1,122077765,c47511a3708b35ab6eb503a4bf8b70dd45c1792001b7b5784716b11a4624dd0a,125896385,14,"unw_phase.tif,corr.tif,conncomp.tif,dem.tif,lv_theta.tif,lv_phi.tif,water_mask.tif",,
dc85a7ff-2f18-4aa3-8da3-d3f3e3832407,delhi_ncr_sbas_a27_v1_prod_20221106_20221118,20221106_20221118,True,SUCCEEDED,2026-09-22T02:50:52.943023+00:00,True,data/production_zips/delhi_ncr_sbas_a27_v1_prod_20221106_20221118__dc85a7ff,data/production_extracted/delhi_ncr_sbas_a27_v1_prod_20221106_20221118__dc85a7ff,1,123120023,1417ef6c33014e7a2f9b2ead6068f0f3bf828d2e2edd4b196edc8461a22d3ca3,126774611,14,"unw_phase.tif,corr.tif,conncomp.tif,dem.tif,lv_theta.tif,lv_phi.tif,water_mask.tif",,
1837de99-bf54-4617-9d1a-e6854570935a,delhi_ncr_sbas_a27_v1_prod_20221025_20221118,20221025_20221118,True,SUCCEEDED,2026-09-22T02:51:35.727026+00:00,True,data/production_zips/delhi_ncr_sbas_a27_v1_prod_20221025_20221118__1837de99,data/production_extracted/delhi_ncr_sbas_a27_v1_prod_20221025_20221118__1837de99,1,122587438,20873dfa61e03d633caa1af2f4f7d720151ddd0bfa97cc0b2907b84d84287498,126420314,14,"unw_phase.tif,corr.tif,conncomp.tif,dem.tif,lv_theta.tif,lv_phi.tif,water_mask.tif",,
7ca1cb0f-a21f-466d-98d4-08e65b665c52,delhi_ncr_sbas_a27_v1_prod_20221025_20221130,20221025_20221130,True,SUCCEEDED,2026-09-22T02:52:16.737538+00:00,True,data/production_zips/delhi_ncr_sbas_a27_v1_prod_20221025_20221130__7ca1cb0f,data/production_extracted/delhi_ncr_sbas_a27_v1_prod_20221025_20221130__7ca1cb0f,1,121898447,02947dfe4ce2ac51875606c4734786a8ac3bb689c7ff473a5d7341399cb3c176,125796932,14,"unw_phase.tif,corr.tif,conncomp.tif,dem.tif,lv_theta.tif,lv_phi.tif,water_mask.tif",,
33b9fede-86a1-4017-8a45-90d72ea6ecc9,delhi_ncr_sbas_a27_v1_prod_20221025_20221106,20221025_20221106,True,SUCCEEDED,2026-09-22T02:52:57.844261+00:00,True,data/production_zips/delhi_ncr_sbas_a27_v1_prod_20221025_20221106__33b9fede,data/production_extracted/delhi_ncr_sbas_a27_v1_prod_20221025_20221106__33b9fede,1,122583935,1d81f221da647c9461583967da6da9d26a571659369726688421b08e878fc629,126288797,14,"unw_phase.tif,corr.tif,conncomp.tif,dem.tif,lv_theta.tif,lv_phi.tif,water_mask.tif",,
9f74cb1d-a12e-45c7-9f47-be2e4545b39f,delhi_ncr_sbas_a27_v1_prod_20221013_20221118,20221013_20221118,True,SUCCEEDED,2026-09-22T02:53:40.169917+00:00,True,data/production_zips/delhi_ncr_sbas_a27_v1_prod_20221013_20221118__9f74cb1d,data/production_extracted/delhi_ncr_sbas_a27_v1_prod_20221013_20221118__9f74cb1d,1,121484191,930bc859b9a0cc08dd734e4eacadb035d49176c11c015c064e5ef6daed5e5704,125361845,14,"unw_phase.tif,corr.tif,conncomp.tif,dem.tif,lv_theta.tif,lv_phi.tif,water_mask.tif",,
1c0ff349-d764-4acc-953a-10d39284d1a8,delhi_ncr_sbas_a27_v1_prod_20221013_20221106,20221013_20221106,True,SUCCEEDED,2026-09-22T02:54:22.151825+00:00,True,data/production_zips/delhi_ncr_sbas_a27_v1_prod_20221013_20221106__1c0ff349,data/production_extracted/delhi_ncr_sbas_a27_v1_prod_20221013_20221106__1c0ff349,1,122173599,3f9289c06dcafeba2ac39a60cc888af55fe81c894f9d6926975ed3cb1d453e1a,126047792,14,"unw_phase.tif,corr.tif,conncomp.tif,dem.tif,lv_theta.tif,lv_phi.tif,water_mask.tif",,
2e1f02ec-adb0-4edd-bc41-043e7106bcca,delhi_ncr_sbas_a27_v1_prod_20221013_20221025,20221013_20221025,True,SUCCEEDED,2026-09-22T02:55:03.647365+00:00,True,data/production_zips/delhi_ncr_sbas_a27_v1_prod_20221013_20221025__2e1f02ec,data/production_extracted/delhi_ncr_sbas_a27_v1_prod_20221013_20221025__2e1f02ec,1,121035716,ca8c3fcd399fc661783ce52768bbb9a5a70a6d768782f375fda823bc9a36bcc1,124777912,14,"unw_phase.tif,corr.tif,conncomp.tif,dem.tif,lv_theta.tif,lv_phi.tif,water_mask.tif",,
a716ebc4-835a-42bd-833e-fe8a80639055,delhi_ncr_sbas_a27_v1_prod_20221001_20221106,20221001_20221106,True,SUCCEEDED,2026-09-22T02:55:44.618508+00:00,True,data/production_zips/delhi_ncr_sbas_a27_v1_prod_20221001_20221106__a716ebc4,data/production_extracted/delhi_ncr_sbas_a27_v1_prod_20221001_20221106__a716ebc4,1,121961000,ed74b7ad2c0bc54b8060f1e3a83e7a9e46c4171105b6c8c21ba025638054f8dd,125890667,14,"unw_phase.tif,corr.tif,conncomp.tif,dem.tif,lv_theta.tif,lv_phi.tif,water_mask.tif",,
f7069d9b-c03e-4a5b-884c-71b1d61a2199,delhi_ncr_sbas_a27_v1_prod_20221001_20221025,20221001_20221025,True,SUCCEEDED,2026-09-22T02:56:25.735753+00:00,True,data/production_zips/delhi_ncr_sbas_a27_v1_prod_20221001_20221025__f7069d9b,data/production_extracted/delhi_ncr_sbas_a27_v1_prod_20221001_20221025__f7069d9b,1,122161490,384f40fac071be2da9f346988da15d8c286401b7d9d3e0a2d18c932d648eb6b1,126048922,14,"unw_phase.tif,corr.tif,conncomp.tif,dem.tif,lv_theta.tif,lv_phi.tif,water_mask.tif",,
5c5b7679-9021-448d-9e05-24a411e01876,delhi_ncr_sbas_a27_v1_prod_20221001_20221013,20221001_20221013,True,SUCCEEDED,2026-09-22T02:57:06.913513+00:00,True,data/production_zips/delhi_ncr_sbas_a27_v1_prod_20221001_20221013__5c5b7679,data/production_extracted/delhi_ncr_sbas_a27_v1_prod_20221001_20221013__5c5b7679,1,121752688,e6fd1c31d323d228540a14047c574fbd5245e786143a05427c7b12f836c34e4f,125546244,14,"unw_phase.tif,corr.tif,conncomp.tif,dem.tif,lv_theta.tif,lv_phi.tif,water_mask.tif",,
ac4a62e1-6910-423c-a85e-080946b0ce4a,delhi_ncr_sbas_a27_v1_prod_20220919_20221013,20220919_20221013,True,SUCCEEDED,2026-09-22T02:57:47.851049+00:00,True,data/production_zips/delhi_ncr_sbas_a27_v1_prod_20220919_20221013__ac4a62e1,data/production_extracted/delhi_ncr_sbas_a27_v1_prod_20220919_20221013__ac4a62e1,1,122995251,386a94f5bb2239dcc472bbc17c27edf9922567063a824884d2477514a2dae3fe,126995543,14,"unw_phase.tif,corr.tif,conncomp.tif,dem.tif,lv_theta.tif,lv_phi.tif,water_mask.tif",,
433db9c1-9cf9-4715-bbb3-d6ce3b7fb76b,delhi_ncr_sbas_a27_v1_prod_20220919_20221025,20220919_20221025,True,SUCCEEDED,2026-09-22T02:58:28.206834+00:00,True,data/production_zips/delhi_ncr_sbas_a27_v1_prod_20220919_20221025__433db9c1,data/production_extracted/delhi_ncr_sbas_a27_v1_prod_20220919_20221025__433db9c1,1,121316311,9053c51722d2142cc0f4edb7c0158b0b897eca8df6c6cc9f277488d771e2d945,125160068,14,"unw_phase.tif,corr.tif,conncomp.tif,dem.tif,lv_theta.tif,lv_phi.tif,water_mask.tif",,
b2efad06-6164-4274-aad0-c9d2b9dc94ba,delhi_ncr_sbas_a27_v1_prod_20220919_20221001,20220919_20221001,True,SUCCEEDED,2026-09-22T02:59:11.215996+00:00,True,data/production_zips/delhi_ncr_sbas_a27_v1_prod_20220919_20221001__b2efad06,data/production_extracted/delhi_ncr_sbas_a27_v1_prod_20220919_20221001__b2efad06,1,121582895,02da9b7415af0204fd36b1c759527bfabbff5a5a6223e18efa4f941599d1e9e3,125445389,14,"unw_phase.tif,corr.tif,conncomp.tif,dem.tif,lv_theta.tif,lv_phi.tif,water_mask.tif",,
6919f9f5-a684-49c1-b0ed-458da274fe88,delhi_ncr_sbas_a27_v1_prod_20220907_20221001,20220907_20221001,True,SUCCEEDED,2026-09-22T02:59:54.110251+00:00,True,data/production_zips/delhi_ncr_sbas_a27_v1_prod_20220907_20221001__6919f9f5,data/production_extracted/delhi_ncr_sbas_a27_v1_prod_20220907_20221001__6919f9f5,1,121681952,a80868f5c206608262b7c4515de548f10679714ae68d1f89543c89bf9cfd75da,125562940,14,"unw_phase.tif,corr.tif,conncomp.tif,dem.tif,lv_theta.tif,lv_phi.tif,water_mask.tif",,
aa6ff626-4237-48da-9aa2-96872a631440,delhi_ncr_sbas_a27_v1_prod_20220907_20220919,20220907_20220919,True,SUCCEEDED,2026-09-22T03:00:34.521939+00:00,True,data/production_zips/delhi_ncr_sbas_a27_v1_prod_20220907_20220919__aa6ff626,data/production_extracted/delhi_ncr_sbas_a27_v1_prod_20220907_20220919__aa6ff626,1,120824991,75fb1ee44ac3199dea8b9a0e173f9c39b3b867a18fa3c06270c97e364dd1cc91,124569062,14,"unw_phase.tif,corr.tif,conncomp.tif,dem.tif,lv_theta.tif,lv_phi.tif,water_mask.tif",,
085c0dcc-7c89-4194-8c16-b5abcc7e69d3,delhi_ncr_sbas_a27_v1_prod_20220826_20221001,20220826_20221001,True,SUCCEEDED,2026-09-22T03:01:15.477352+00:00,True,data/production_zips/delhi_ncr_sbas_a27_v1_prod_20220826_20221001__085c0dcc,data/production_extracted/delhi_ncr_sbas_a27_v1_prod_20220826_20221001__085c0dcc,1,121925711,a3ed3325068dc6f233569b2e2da2ee8fd5ae3e0cf16bba8f0515e854e2e1c466,125855969,14,"unw_phase.tif,corr.tif,conncomp.tif,dem.tif,lv_theta.tif,lv_phi.tif,water_mask.tif",,
0bd1d9dd-25d3-4a97-bc0e-e58c5d417ba6,delhi_ncr_sbas_a27_v1_prod_20220826_20220919,20220826_20220919,True,SUCCEEDED,2026-09-22T03:01:57.183684+00:00,True,data/production_zips/delhi_ncr_sbas_a27_v1_prod_20220826_20220919__0bd1d9dd,data/production_extracted/delhi_ncr_sbas_a27_v1_prod_20220826_20220919__0bd1d9dd,1,121626007,92f22cb4d2c6c4843d5ab9f7d9e5be375ff8ecbafaf98026eae7407f0dd0acda,125472999,14,"unw_phase.tif,corr.tif,conncomp.tif,dem.tif,lv_theta.tif,lv_phi.tif,water_mask.tif",,
422d9b44-fd5c-4805-a529-31cb2ffb1a88,delhi_ncr_sbas_a27_v1_prod_20220814_20220919,20220814_20220919,True,SUCCEEDED,2026-09-22T03:02:37.544846+00:00,True,data/production_zips/delhi_ncr_sbas_a27_v1_prod_20220814_20220919__422d9b44,data/production_extracted/delhi_ncr_sbas_a27_v1_prod_20220814_20220919__422d9b44,1,121513373,39095195d1fa7d5e8fb898e1ce5752be9ef0897872021df5228b93d0e07997e8,125408788,14,"unw_phase.tif,corr.tif,conncomp.tif,dem.tif,lv_theta.tif,lv_phi.tif,water_mask.tif",,
a83e8e83-5d61-4aef-9043-a5a4f4408885,delhi_ncr_sbas_a27_v1_prod_20220826_20220907,20220826_20220907,True,SUCCEEDED,2026-09-22T03:03:18.158640+00:00,True,data/production_zips/delhi_ncr_sbas_a27_v1_prod_20220826_20220907__a83e8e83,data/production_extracted/delhi_ncr_sbas_a27_v1_prod_20220826_20220907__a83e8e83,1,121958071,d7591bec14ba7df8298c94eaea978b67470901b8b93761fa3ebc1bdf7d5cc353,125754634,14,"unw_phase.tif,corr.tif,conncomp.tif,dem.tif,lv_theta.tif,lv_phi.tif,water_mask.tif",,
3221d07e-4a37-4cd6-9ee3-264991ba2e90,delhi_ncr_sbas_a27_v1_prod_20220814_20220907,20220814_20220907,True,SUCCEEDED,2026-09-22T03:04:02.270932+00:00,True,data/production_zips/delhi_ncr_sbas_a27_v1_prod_20220814_20220907__3221d07e,data/production_extracted/delhi_ncr_sbas_a27_v1_prod_20220814_20220907__3221d07e,1,120844348,95aa2c4947c4c9cd7e1ddba04450245b7a21bb56ad6d894bbda802dca96c9861,124590523,14,"unw_phase.tif,corr.tif,conncomp.tif,dem.tif,lv_theta.tif,lv_phi.tif,water_mask.tif",,
9a53a73f-ee68-4d45-893e-5acc1662d91d,delhi_ncr_sbas_a27_v1_prod_20220814_20220826,20220814_20220826,True,SUCCEEDED,2026-09-22T03:04:41.885330+00:00,True,data/production_zips/delhi_ncr_sbas_a27_v1_prod_20220814_20220826__9a53a73f,data/production_extracted/delhi_ncr_sbas_a27_v1_prod_20220814_20220826__9a53a73f,1,122028009,26043714df7411e9116f2746622220cb20908ecf8ebab43e485c3f023fbd40d2,125874005,14,"unw_phase.tif,corr.tif,conncomp.tif,dem.tif,lv_theta.tif,lv_phi.tif,water_mask.tif",,
6aa6ebc3-ccc7-4e5e-91f7-4538e954d668,delhi_ncr_sbas_a27_v1_prod_20220802_20220907,20220802_20220907,True,SUCCEEDED,2026-09-22T03:05:23.673981+00:00,True,data/production_zips/delhi_ncr_sbas_a27_v1_prod_20220802_20220907__6aa6ebc3,data/production_extracted/delhi_ncr_sbas_a27_v1_prod_20220802_20220907__6aa6ebc3,1,122226018,a82c29d6ec80fb31119265edd6dfcb1b5d2d330481387c267803cd9797176fb8,126193251,14,"unw_phase.tif,corr.tif,conncomp.tif,dem.tif,lv_theta.tif,lv_phi.tif,water_mask.tif",,
979d6866-740e-4f78-ae19-af6bad780fb5,delhi_ncr_sbas_a27_v1_prod_20220802_20220826,20220802_20220826,True,SUCCEEDED,2026-09-22T03:06:05.546155+00:00,True,data/production_zips/delhi_ncr_sbas_a27_v1_prod_20220802_20220826__979d6866,data/production_extracted/delhi_ncr_sbas_a27_v1_prod_20220802_20220826__979d6866,1,122428504,fcdae9980920158282672455fec506b8efe7b763d3ecc1f0bb2f089a0c2af972,126403769,14,"unw_phase.tif,corr.tif,conncomp.tif,dem.tif,lv_theta.tif,lv_phi.tif,water_mask.tif",,
a5bc94e9-aa93-4528-93db-054f2a0f5026,delhi_ncr_sbas_a27_v1_prod_20220802_20220814,20220802_20220814,True,SUCCEEDED,2026-09-22T03:06:46.380473+00:00,True,data/production_zips/delhi_ncr_sbas_a27_v1_prod_20220802_20220814__a5bc94e9,data/production_extracted/delhi_ncr_sbas_a27_v1_prod_20220802_20220814__a5bc94e9,1,121735239,7d4364decd78483e0db1171b8ea04486cd992264597c6d68380997761854180b,125575551,14,"unw_phase.tif,corr.tif,conncomp.tif,dem.tif,lv_theta.tif,lv_phi.tif,water_mask.tif",,
8d9ae5ea-43ff-4399-9aa6-03bceac4b05f,delhi_ncr_sbas_a27_v1_prod_20220721_20220826,20220721_20220826,True,SUCCEEDED,2026-09-22T03:07:28.766160+00:00,True,data/production_zips/delhi_ncr_sbas_a27_v1_prod_20220721_20220826__8d9ae5ea,data/production_extracted/delhi_ncr_sbas_a27_v1_prod_20220721_20220826__8d9ae5ea,1,121212369,160bdea6e0f5d73450232295b8d057385365bb8680ab2b5956c1633c484ea107,125000874,14,"unw_phase.tif,corr.tif,conncomp.tif,dem.tif,lv_theta.tif,lv_phi.tif,water_mask.tif",,
6af62e4f-7fd0-4351-87bb-bf7cd6ed57d9,delhi_ncr_sbas_a27_v1_prod_20220721_20220814,20220721_20220814,True,SUCCEEDED,2026-09-22T03:08:11.666179+00:00,True,data/production_zips/delhi_ncr_sbas_a27_v1_prod_20220721_20220814__6af62e4f,data/production_extracted/delhi_ncr_sbas_a27_v1_prod_20220721_20220814__6af62e4f,1,121755375,d655c4b73512acf10b585b25140f82321f1d7834b00b43dbd7efb2e0395ccd34,125680871,14,"unw_phase.tif,corr.tif,conncomp.tif,dem.tif,lv_theta.tif,lv_phi.tif,water_mask.tif",,
592b86c5-111a-4f8b-8be8-2d66cbd15efb,delhi_ncr_sbas_a27_v1_prod_20220709_20220814,20220709_20220814,True,SUCCEEDED,2026-09-22T03:08:52.625379+00:00,True,data/production_zips/delhi_ncr_sbas_a27_v1_prod_20220709_20220814__592b86c5,data/production_extracted/delhi_ncr_sbas_a27_v1_prod_20220709_20220814__592b86c5,1,121660273,d2f144694632168ad5c0c7d0701ec4c0b16b58cbd8018fb5b142f7e66cc371ec,125576645,14,"unw_phase.tif,corr.tif,conncomp.tif,dem.tif,lv_theta.tif,lv_phi.tif,water_mask.tif",,
128e1fca-d7bc-4896-aa5e-5ab747e7cde2,delhi_ncr_sbas_a27_v1_prod_20220721_20220802,20220721_20220802,True,SUCCEEDED,2026-09-22T03:09:33.648748+00:00,True,data/production_zips/delhi_ncr_sbas_a27_v1_prod_20220721_20220802__128e1fca,data/production_extracted/delhi_ncr_sbas_a27_v1_prod_20220721_20220802__128e1fca,1,120994436,97113b4f85db02879f82e7806e60de8ef15b6246f1375263d9d7c11e2d2c4c68,124735630,14,"unw_phase.tif,corr.tif,conncomp.tif,dem.tif,lv_theta.tif,lv_phi.tif,water_mask.tif",,
899b4187-e7f3-4580-9276-94aa61c2adb0,delhi_ncr_sbas_a27_v1_prod_20220709_20220802,20220709_20220802,True,SUCCEEDED,2026-09-22T03:10:15.410688+00:00,True,data/production_zips/delhi_ncr_sbas_a27_v1_prod_20220709_20220802__899b4187,data/production_extracted/delhi_ncr_sbas_a27_v1_prod_20220709_20220802__899b4187,1,121253536,5f46ca28fccac239bbe1c93cd48745b7fd64562bff4604c1d4207ec15986ffd7,125077077,14,"unw_phase.tif,corr.tif,conncomp.tif,dem.tif,lv_theta.tif,lv_phi.tif,water_mask.tif",,
1496de42-8349-4a5d-8496-9c4501cf13d5,delhi_ncr_sbas_a27_v1_prod_20220709_20220721,20220709_20220721,True,SUCCEEDED,2026-09-22T03:10:57.050794+00:00,True,data/production_zips/delhi_ncr_sbas_a27_v1_prod_20220709_20220721__1496de42,data/production_extracted/delhi_ncr_sbas_a27_v1_prod_20220709_20220721__1496de42,1,121275450,bda61716961a34595af4392a9a5fd8a9c50c168c08a56734330109d5870fbee9,125112911,14,"unw_phase.tif,corr.tif,conncomp.tif,dem.tif,lv_theta.tif,lv_phi.tif,water_mask.tif",,
2eb985c2-6272-4d06-a0fb-be7c9aabc5ac,delhi_ncr_sbas_a27_v1_prod_20220627_20220802,20220627_20220802,True,SUCCEEDED,2026-09-22T03:11:38.495343+00:00,True,data/production_zips/delhi_ncr_sbas_a27_v1_prod_20220627_20220802__2eb985c2,data/production_extracted/delhi_ncr_sbas_a27_v1_prod_20220627_20220802__2eb985c2,1,120930377,3cb43486e9ee2f1c13bcc583434a76e22088e43d99e76e8a6e8bdc7c238af425,124672881,14,"unw_phase.tif,corr.tif,conncomp.tif,dem.tif,lv_theta.tif,lv_phi.tif,water_mask.tif",,
0f70ac26-8cd4-48b8-9993-16b0503bbe70,delhi_ncr_sbas_a27_v1_prod_20220627_20220721,20220627_20220721,True,SUCCEEDED,2026-09-22T03:12:19.198593+00:00,True,data/production_zips/delhi_ncr_sbas_a27_v1_prod_20220627_20220721__0f70ac26,data/production_extracted/delhi_ncr_sbas_a27_v1_prod_20220627_20220721__0f70ac26,1,122080967,a6634ad988f22402cc77f84a4cdb99e5a4ff44d3e9f1f7cdc687694587944218,126081215,14,"unw_phase.tif,corr.tif,conncomp.tif,dem.tif,lv_theta.tif,lv_phi.tif,water_mask.tif",,
ab56a827-1735-4873-8c12-f706fd0fe791,delhi_ncr_sbas_a27_v1_prod_20220615_20220721,20220615_20220721,True,SUCCEEDED,2026-09-22T03:13:00.268311+00:00,True,data/production_zips/delhi_ncr_sbas_a27_v1_prod_20220615_20220721__ab56a827,data/production_extracted/delhi_ncr_sbas_a27_v1_prod_20220615_20220721__ab56a827,1,119914925,96754a54b28a7baa272565c91ab0b802e1a8fba64986b67126294dd7605439d9,123698762,14,"unw_phase.tif,corr.tif,conncomp.tif,dem.tif,lv_theta.tif,lv_phi.tif,water_mask.tif",,
95164804-4851-416a-a1c1-4d4468acb2b8,delhi_ncr_sbas_a27_v1_prod_20220615_20220709,20220615_20220709,True,SUCCEEDED,2026-09-22T03:13:39.989614+00:00,True,data/production_zips/delhi_ncr_sbas_a27_v1_prod_20220615_20220709__95164804,data/production_extracted/delhi_ncr_sbas_a27_v1_prod_20220615_20220709__95164804,1,120627400,394efbfac6c2ea4037b2678f001af829bb757d1760a5661c958f56a2325ec51e,124423749,14,"unw_phase.tif,corr.tif,conncomp.tif,dem.tif,lv_theta.tif,lv_phi.tif,water_mask.tif",,
ef34bfaf-df92-4017-a734-f2bc885424f8,delhi_ncr_sbas_a27_v1_prod_20220615_20220627,20220615_20220627,True,SUCCEEDED,2026-09-22T03:14:22.814786+00:00,True,data/production_zips/delhi_ncr_sbas_a27_v1_prod_20220615_20220627__ef34bfaf,data/production_extracted/delhi_ncr_sbas_a27_v1_prod_20220615_20220627__ef34bfaf,1,123190279,341682bf10f87ffa25bf212496043aea1169b4f654127097cc49e7e100184045,127023368,14,"unw_phase.tif,corr.tif,conncomp.tif,dem.tif,lv_theta.tif,lv_phi.tif,water_mask.tif",,
886b206b-cc42-4313-818c-8aacefd3f9bc,delhi_ncr_sbas_a27_v1_prod_20220603_20220709,20220603_20220709,True,SUCCEEDED,2026-09-22T03:15:04.673624+00:00,True,data/production_zips/delhi_ncr_sbas_a27_v1_prod_20220603_20220709__886b206b,data/production_extracted/delhi_ncr_sbas_a27_v1_prod_20220603_20220709__886b206b,1,120513457,223cb6b2ee2ff524cd0211805de1418aec06d479292205655d1a93733513b2e9,124287944,14,"unw_phase.tif,corr.tif,conncomp.tif,dem.tif,lv_theta.tif,lv_phi.tif,water_mask.tif",,
e4f3947c-1431-418d-8ce6-543bf015304f,delhi_ncr_sbas_a27_v1_prod_20220603_20220615,20220603_20220615,True,SUCCEEDED,2026-09-22T03:15:46.754077+00:00,True,data/production_zips/delhi_ncr_sbas_a27_v1_prod_20220603_20220615__e4f3947c,data/production_extracted/delhi_ncr_sbas_a27_v1_prod_20220603_20220615__e4f3947c,1,124001222,d3e785f370452aae81bad3e3e09be864b9cb5600a2f20c4757b9666dfa350101,127773002,14,"unw_phase.tif,corr.tif,conncomp.tif,dem.tif,lv_theta.tif,lv_phi.tif,water_mask.tif",,
e8905df8-eb73-4993-8070-9a91f609afc8,delhi_ncr_sbas_a27_v1_prod_20220522_20220627,20220522_20220627,True,SUCCEEDED,2026-09-22T03:16:31.580089+00:00,True,data/production_zips/delhi_ncr_sbas_a27_v1_prod_20220522_20220627__e8905df8,data/production_extracted/delhi_ncr_sbas_a27_v1_prod_20220522_20220627__e8905df8,1,120764839,7938d51bacb5d98110ce8b577f2cf8e249136c9f6faefbbaf8ea369cf485495f,124550523,14,"unw_phase.tif,corr.tif,conncomp.tif,dem.tif,lv_theta.tif,lv_phi.tif,water_mask.tif",,
a08a3906-ddda-4080-ab57-3ed02964cdaf,delhi_ncr_sbas_a27_v1_prod_20220522_20220615,20220522_20220615,True,SUCCEEDED,2026-09-22T03:17:11.409512+00:00,True,data/production_zips/delhi_ncr_sbas_a27_v1_prod_20220522_20220615__a08a3906,data/production_extracted/delhi_ncr_sbas_a27_v1_prod_20220522_20220615__a08a3906,1,121841411,1ba1d829812e1f5add3cf0cc08582ee60ef518e58780a3cf7f4f800df539c67b,125782113,14,"unw_phase.tif,corr.tif,conncomp.tif,dem.tif,lv_theta.tif,lv_phi.tif,water_mask.tif",,
af496a73-4082-4e9f-bf08-1099b1cad984,delhi_ncr_sbas_a27_v1_prod_20220522_20220603,20220522_20220603,True,SUCCEEDED,2026-09-22T03:17:53.547126+00:00,True,data/production_zips/delhi_ncr_sbas_a27_v1_prod_20220522_20220603__af496a73,data/production_extracted/delhi_ncr_sbas_a27_v1_prod_20220522_20220603__af496a73,1,121851324,36ccd55e6bd8cd29bf24f44b87d4f10cfd592339365faa38506b7bedde5e59bc,125716096,14,"unw_phase.tif,corr.tif,conncomp.tif,dem.tif,lv_theta.tif,lv_phi.tif,water_mask.tif",,
1ea32d2d-5de7-4cfa-bd50-83e35950742f,delhi_ncr_sbas_a27_v1_prod_20220510_20220615,20220510_20220615,True,SUCCEEDED,2026-09-22T03:18:35.307542+00:00,True,data/production_zips/delhi_ncr_sbas_a27_v1_prod_20220510_20220615__1ea32d2d,data/production_extracted/delhi_ncr_sbas_a27_v1_prod_20220510_20220615__1ea32d2d,1,122508764,7bc7aee3e3464d7da6d3293cc70b314d26511cb5cec887f42e6ccc37a989a677,126480310,14,"unw_phase.tif,corr.tif,conncomp.tif,dem.tif,lv_theta.tif,lv_phi.tif,water_mask.tif",,
66fc7c30-1bf5-4c8f-9793-fb81a6e21613,delhi_ncr_sbas_a27_v1_prod_20220404_20220428,20220404_20220428,True,SUCCEEDED,2026-09-22T03:19:15.920229+00:00,True,data/production_zips/delhi_ncr_sbas_a27_v1_prod_20220404_20220428__66fc7c30,data/production_extracted/delhi_ncr_sbas_a27_v1_prod_20220404_20220428__66fc7c30,1,123126376,09cb558ac30f609178b7d062df55a420eadcbd46f22e72c07fd9786da2c16893,126931276,14,"unw_phase.tif,corr.tif,conncomp.tif,dem.tif,lv_theta.tif,lv_phi.tif,water_mask.tif",,
a2be77d8-09ae-4f0a-aa0b-3d7d94fbaa9d,delhi_ncr_sbas_a27_v1_prod_20220323_20220416,20220323_20220416,True,SUCCEEDED,2026-09-22T03:20:01.255582+00:00,True,data/production_zips/delhi_ncr_sbas_a27_v1_prod_20220323_20220416__a2be77d8,data/production_extracted/delhi_ncr_sbas_a27_v1_prod_20220323_20220416__a2be77d8,1,122398799,6c31898d617a4be54f584c84413e0da3c993f1c2c9145d7160fad52d7abf2f64,126187807,14,"unw_phase.tif,corr.tif,conncomp.tif,dem.tif,lv_theta.tif,lv_phi.tif,water_mask.tif",,
1f8b32aa-74f1-411e-a975-c4636b8c4513,delhi_ncr_sbas_a27_v1_prod_20220311_20220404,20220311_20220404,True,SUCCEEDED,2026-09-22T03:20:41.050541+00:00,True,data/production_zips/delhi_ncr_sbas_a27_v1_prod_20220311_20220404__1f8b32aa,data/production_extracted/delhi_ncr_sbas_a27_v1_prod_20220311_20220404__1f8b32aa,1,121133279,c952aec0baec2ed45745b8a4bda244fb591a7c4addd0bcd3fc06b120831db456,124925707,14,"unw_phase.tif,corr.tif,conncomp.tif,dem.tif,lv_theta.tif,lv_phi.tif,water_mask.tif",,
38202177-8fd5-4ca5-8855-cefe66abe40a,delhi_ncr_sbas_a27_v1_prod_20220311_20220323,20220311_20220323,True,SUCCEEDED,2026-09-22T03:21:20.780427+00:00,True,data/production_zips/delhi_ncr_sbas_a27_v1_prod_20220311_20220323__38202177,data/production_extracted/delhi_ncr_sbas_a27_v1_prod_20220311_20220323__38202177,1,122000692,a0592e09f0651bc7904348c0b2373ddaeacb0ba052c195b7e5ee0921657bea8f,125706302,14,"unw_phase.tif,corr.tif,conncomp.tif,dem.tif,lv_theta.tif,lv_phi.tif,water_mask.tif",,
8d2951a3-5ef3-4856-b883-bceb79a8dad4,delhi_ncr_sbas_a27_v1_prod_20220227_20220323,20220227_20220323,True,SUCCEEDED,2026-09-22T03:22:01.810976+00:00,True,data/production_zips/delhi_ncr_sbas_a27_v1_prod_20220227_20220323__8d2951a3,data/production_extracted/delhi_ncr_sbas_a27_v1_prod_20220227_20220323__8d2951a3,1,121737416,03641aadd6b6faf2b75791d86443bb72906727762e9a779212c7233c820cbd27,125566553,14,"unw_phase.tif,corr.tif,conncomp.tif,dem.tif,lv_theta.tif,lv_phi.tif,water_mask.tif",,
24e64c79-e883-4beb-b190-e93cb771d70e,delhi_ncr_sbas_a27_v1_prod_20220227_20220404,20220227_20220404,True,SUCCEEDED,2026-09-22T03:22:42.274841+00:00,True,data/production_zips/delhi_ncr_sbas_a27_v1_prod_20220227_20220404__24e64c79,data/production_extracted/delhi_ncr_sbas_a27_v1_prod_20220227_20220404__24e64c79,1,121516691,e45456a9387d6e73ef3a214af3ed94db8b91d83aaada7f76c667ef30ec5fcfcd,125396928,14,"unw_phase.tif,corr.tif,conncomp.tif,dem.tif,lv_theta.tif,lv_phi.tif,water_mask.tif",,
811f7963-3bea-4ae6-9446-9f46448ddae2,delhi_ncr_sbas_a27_v1_prod_20220215_20220323,20220215_20220323,True,SUCCEEDED,2026-09-22T03:23:22.048626+00:00,True,data/production_zips/delhi_ncr_sbas_a27_v1_prod_20220215_20220323__811f7963,data/production_extracted/delhi_ncr_sbas_a27_v1_prod_20220215_20220323__811f7963,1,121794004,4387997706b84ae31954ceed3be6288f7924f8544eff312da7a79aa66c87b29d,125680576,14,"unw_phase.tif,corr.tif,conncomp.tif,dem.tif,lv_theta.tif,lv_phi.tif,water_mask.tif",,
cc94157d-490f-4f0c-9bd0-22e592517bbf,delhi_ncr_sbas_a27_v1_prod_20220215_20220227,20220215_20220227,True,SUCCEEDED,2026-09-22T03:24:03.255307+00:00,True,data/production_zips/delhi_ncr_sbas_a27_v1_prod_20220215_20220227__cc94157d,data/production_extracted/delhi_ncr_sbas_a27_v1_prod_20220215_20220227__cc94157d,1,124101221,aa39d438a14cf74d3847828287deecd9619a4f7496f491d39cc851be628b9611,127828405,14,"unw_phase.tif,corr.tif,conncomp.tif,dem.tif,lv_theta.tif,lv_phi.tif,water_mask.tif",,
4c22d905-5353-4575-a440-d96a88e1d4d1,delhi_ncr_sbas_a27_v1_prod_20220215_20220311,20220215_20220311,True,SUCCEEDED,2026-09-22T03:24:43.576710+00:00,True,data/production_zips/delhi_ncr_sbas_a27_v1_prod_20220215_20220311__4c22d905,data/production_extracted/delhi_ncr_sbas_a27_v1_prod_20220215_20220311__4c22d905,1,121085765,456fed8c25553ccf3abf2a0cbc3550db44da5b2e7c55695805b9d67a17f865f1,124844540,14,"unw_phase.tif,corr.tif,conncomp.tif,dem.tif,lv_theta.tif,lv_phi.tif,water_mask.tif",,
c3ed0706-353d-49ca-9e61-66608ce90aae,delhi_ncr_sbas_a27_v1_prod_20220203_20220311,20220203_20220311,True,SUCCEEDED,2026-09-22T03:25:24.438610+00:00,True,data/production_zips/delhi_ncr_sbas_a27_v1_prod_20220203_20220311__c3ed0706,data/production_extracted/delhi_ncr_sbas_a27_v1_prod_20220203_20220311__c3ed0706,1,121217849,7f4a49b71395cf8c05f4ef0ce14802ca9fec65ec8fee3ad39f8d2f8813fe9ebf,125066198,14,"unw_phase.tif,corr.tif,conncomp.tif,dem.tif,lv_theta.tif,lv_phi.tif,water_mask.tif",,
f22adb71-f9ae-4197-af8b-ba9640f3012f,delhi_ncr_sbas_a27_v1_prod_20220203_20220227,20220203_20220227,True,SUCCEEDED,2026-09-22T03:26:04.685630+00:00,True,data/production_zips/delhi_ncr_sbas_a27_v1_prod_20220203_20220227__f22adb71,data/production_extracted/delhi_ncr_sbas_a27_v1_prod_20220203_20220227__f22adb71,1,123111936,56384ac8dd3c575c8ec3f7ea10d1c8ed5d821ca3ff5d53e2faad7ed9c9761793,126997715,14,"unw_phase.tif,corr.tif,conncomp.tif,dem.tif,lv_theta.tif,lv_phi.tif,water_mask.tif",,
54dc7732-32ca-409b-8730-7ac3ea61403c,delhi_ncr_sbas_a27_v1_prod_20220122_20220227,20220122_20220227,True,SUCCEEDED,2026-09-22T03:26:46.129688+00:00,True,data/production_zips/delhi_ncr_sbas_a27_v1_prod_20220122_20220227__54dc7732,data/production_extracted/delhi_ncr_sbas_a27_v1_prod_20220122_20220227__54dc7732,1,122905214,2f45fd79341011069c984254ce51f02635f553c3c6f345735a907e2fbbf3649f,126813865,14,"unw_phase.tif,corr.tif,conncomp.tif,dem.tif,lv_theta.tif,lv_phi.tif,water_mask.tif",,
880cf064-6f4c-468a-af35-1b7d14dccfc5,delhi_ncr_sbas_a27_v1_prod_20220203_20220215,20220203_20220215,True,SUCCEEDED,2026-09-22T03:27:26.794476+00:00,True,data/production_zips/delhi_ncr_sbas_a27_v1_prod_20220203_20220215__880cf064,data/production_extracted/delhi_ncr_sbas_a27_v1_prod_20220203_20220215__880cf064,1,122350072,9cda77f727b91a09d842f4f490813b22ff01b9d77d9f88f1c6b1fc8abda62456,126036243,14,"unw_phase.tif,corr.tif,conncomp.tif,dem.tif,lv_theta.tif,lv_phi.tif,water_mask.tif",,
ddf0d99c-ca75-4943-ae46-16393ad71da6,delhi_ncr_sbas_a27_v1_prod_20220122_20220215,20220122_20220215,True,SUCCEEDED,2026-09-22T03:28:07.555621+00:00,True,data/production_zips/delhi_ncr_sbas_a27_v1_prod_20220122_20220215__ddf0d99c,data/production_extracted/delhi_ncr_sbas_a27_v1_prod_20220122_20220215__ddf0d99c,1,124002001,ab1d923c2404b45b5af06aa92b1fe7167c416a3f1a09cdf948ca235b1b94854f,127892139,14,"unw_phase.tif,corr.tif,conncomp.tif,dem.tif,lv_theta.tif,lv_phi.tif,water_mask.tif",,
2fbe9e15-58cb-42b7-b219-3c41a21bb3a1,delhi_ncr_sbas_a27_v1_prod_20220122_20220203,20220122_20220203,True,SUCCEEDED,2026-09-22T03:28:49.266618+00:00,True,data/production_zips/delhi_ncr_sbas_a27_v1_prod_20220122_20220203__2fbe9e15,data/production_extracted/delhi_ncr_sbas_a27_v1_prod_20220122_20220203__2fbe9e15,1,122786061,9bda41c9dfb1c5d916ce7e3fd5465fe7e68387b3e4c20478a70008dbb45ed2f3,126480616,14,"unw_phase.tif,corr.tif,conncomp.tif,dem.tif,lv_theta.tif,lv_phi.tif,water_mask.tif",,
ed4adeab-8338-41c8-833a-019ca84fead2,delhi_ncr_sbas_a27_v1_prod_20220110_20220203,20220110_20220203,True,SUCCEEDED,2026-09-22T03:29:31.036285+00:00,True,data/production_zips/delhi_ncr_sbas_a27_v1_prod_20220110_20220203__ed4adeab,data/production_extracted/delhi_ncr_sbas_a27_v1_prod_20220110_20220203__ed4adeab,1,123344819,3dec8737a62c5cb82d9db0885c9aef90bacd2e85a25ddf0e5adc4b66e30e84b6,127062803,14,"unw_phase.tif,corr.tif,conncomp.tif,dem.tif,lv_theta.tif,lv_phi.tif,water_mask.tif",,
09c6ac11-6610-47ba-b035-9f96eb346d50,delhi_ncr_sbas_a27_v1_prod_20220110_20220215,20220110_20220215,True,SUCCEEDED,2026-09-22T03:30:13.395216+00:00,True,data/production_zips/delhi_ncr_sbas_a27_v1_prod_20220110_20220215__09c6ac11,data/production_extracted/delhi_ncr_sbas_a27_v1_prod_20220110_20220215__09c6ac11,1,121596572,e38db357e5263cd08770021f43a6c6d78b3bb48a633135244af7e909716d76f6,125462163,14,"unw_phase.tif,corr.tif,conncomp.tif,dem.tif,lv_theta.tif,lv_phi.tif,water_mask.tif",,
c5939ea1-77d4-4abe-9986-f940fbb885ac,delhi_ncr_sbas_a27_v1_prod_20211229_20220203,20211229_20220203,True,SUCCEEDED,2026-09-22T03:30:57.788242+00:00,True,data/production_zips/delhi_ncr_sbas_a27_v1_prod_20211229_20220203__c5939ea1,data/production_extracted/delhi_ncr_sbas_a27_v1_prod_20211229_20220203__c5939ea1,1,121644685,c35d2b534a03147ce0403c03d0b11d9c77a670b18edf8137adb397078d390c6a,125450400,14,"unw_phase.tif,corr.tif,conncomp.tif,dem.tif,lv_theta.tif,lv_phi.tif,water_mask.tif",,
f71b05eb-82b9-43b9-b076-c28ea8b2cc91,delhi_ncr_sbas_a27_v1_prod_20211229_20220122,20211229_20220122,True,SUCCEEDED,2026-09-22T03:31:38.559165+00:00,True,data/production_zips/delhi_ncr_sbas_a27_v1_prod_20211229_20220122__f71b05eb,data/production_extracted/delhi_ncr_sbas_a27_v1_prod_20211229_20220122__f71b05eb,1,122248965,893242ce5dfd471b70d9412ffdec7f464417f60935ec49c7f248212e63ac2a8c,126064985,14,"unw_phase.tif,corr.tif,conncomp.tif,dem.tif,lv_theta.tif,lv_phi.tif,water_mask.tif",,
f870cbcb-376f-437a-82f1-d3f9f4c50829,delhi_ncr_sbas_a27_v1_prod_20211229_20220110,20211229_20220110,True,SUCCEEDED,2026-09-22T03:32:21.009485+00:00,True,data/production_zips/delhi_ncr_sbas_a27_v1_prod_20211229_20220110__f870cbcb,data/production_extracted/delhi_ncr_sbas_a27_v1_prod_20211229_20220110__f870cbcb,1,124704336,870920703f7e886fc60c42fe94fe07dc54338fe4d803bab0f71117643c5a04d6,128500140,14,"unw_phase.tif,corr.tif,conncomp.tif,dem.tif,lv_theta.tif,lv_phi.tif,water_mask.tif",,
020c274a-927b-47b5-913e-30441cb22878,delhi_ncr_sbas_a27_v1_prod_20211217_20220122,20211217_20220122,True,SUCCEEDED,2026-09-22T03:33:01.626156+00:00,True,data/production_zips/delhi_ncr_sbas_a27_v1_prod_20211217_20220122__020c274a,data/production_extracted/delhi_ncr_sbas_a27_v1_prod_20211217_20220122__020c274a,1,123753082,40e3af6c52e8cd9070648c0d35e0fe37b9d83774f2a5784a3a66d4b4e2648e59,127695921,14,"unw_phase.tif,corr.tif,conncomp.tif,dem.tif,lv_theta.tif,lv_phi.tif,water_mask.tif",,
e38c76c3-1d6a-4807-9fb9-4c988c064a5b,delhi_ncr_sbas_a27_v1_prod_20211217_20220110,20211217_20220110,True,SUCCEEDED,2026-09-22T03:33:43.977356+00:00,True,data/production_zips/delhi_ncr_sbas_a27_v1_prod_20211217_20220110__e38c76c3,data/production_extracted/delhi_ncr_sbas_a27_v1_prod_20211217_20220110__e38c76c3,1,120948303,4b63ddc1f5d65a5cc9c6e6301983725fc5b801689b707369b91ba51f321af02d,124694818,14,"unw_phase.tif,corr.tif,conncomp.tif,dem.tif,lv_theta.tif,lv_phi.tif,water_mask.tif",,
92bf6865-2554-4437-8426-c80b9d0882a2,delhi_ncr_sbas_a27_v1_prod_20211217_20211229,20211217_20211229,True,SUCCEEDED,2026-09-22T03:34:25.174979+00:00,True,data/production_zips/delhi_ncr_sbas_a27_v1_prod_20211217_20211229__92bf6865,data/production_extracted/delhi_ncr_sbas_a27_v1_prod_20211217_20211229__92bf6865,1,121692324,ddee13f01eab93162ed31ebc36ae5dcf45d7b2af09891fa9e69ad5b969f4d145,125294094,14,"unw_phase.tif,corr.tif,conncomp.tif,dem.tif,lv_theta.tif,lv_phi.tif,water_mask.tif",,
a3a47a75-1742-4dfa-9d82-0818ebe5f088,delhi_ncr_sbas_a27_v1_prod_20211205_20211229,20211205_20211229,True,SUCCEEDED,2026-09-22T03:35:05.998870+00:00,True,data/production_zips/delhi_ncr_sbas_a27_v1_prod_20211205_20211229__a3a47a75,data/production_extracted/delhi_ncr_sbas_a27_v1_prod_20211205_20211229__a3a47a75,1,124425790,fcd1727c7c41ebf35f206c4a57f98546454e778b6f8ecc948d432cacfaedf2f5,128304213,14,"unw_phase.tif,corr.tif,conncomp.tif,dem.tif,lv_theta.tif,lv_phi.tif,water_mask.tif",,
b06649a9-1b8b-4c75-ad4f-b17f10a91991,delhi_ncr_sbas_a27_v1_prod_20211205_20220110,20211205_20220110,True,SUCCEEDED,2026-09-22T03:35:48.516668+00:00,True,data/production_zips/delhi_ncr_sbas_a27_v1_prod_20211205_20220110__b06649a9,data/production_extracted/delhi_ncr_sbas_a27_v1_prod_20211205_20220110__b06649a9,1,121438048,4f10df5983c8ac4f08af8904e330785dff4820865f4cddfb30e705072c94e753,125318577,14,"unw_phase.tif,corr.tif,conncomp.tif,dem.tif,lv_theta.tif,lv_phi.tif,water_mask.tif",,
a4804b2d-7985-4ca3-a046-bf3f59816b44,delhi_ncr_sbas_a27_v1_prod_20211205_20211217,20211205_20211217,True,SUCCEEDED,2026-09-22T03:36:29.587072+00:00,True,data/production_zips/delhi_ncr_sbas_a27_v1_prod_20211205_20211217__a4804b2d,data/production_extracted/delhi_ncr_sbas_a27_v1_prod_20211205_20211217__a4804b2d,1,123903322,739b7ea3f92a09632f9feef5bab986d276182b29cc4f12bdec787a3c2fef06ad,127645180,14,"unw_phase.tif,corr.tif,conncomp.tif,dem.tif,lv_theta.tif,lv_phi.tif,water_mask.tif",,
fe8cf51b-b764-4ede-b5c1-a8703f67b293,delhi_ncr_sbas_a27_v1_prod_20211123_20211217,20211123_20211217,True,SUCCEEDED,2026-09-22T03:37:11.925064+00:00,True,data/production_zips/delhi_ncr_sbas_a27_v1_prod_20211123_20211217__fe8cf51b,data/production_extracted/delhi_ncr_sbas_a27_v1_prod_20211123_20211217__fe8cf51b,1,122257389,87cf200bc86c1e0c7b2ca05867be1fd78adcf725b2c55d1a7057144670d45f33,126009286,14,"unw_phase.tif,corr.tif,conncomp.tif,dem.tif,lv_theta.tif,lv_phi.tif,water_mask.tif",,
ce8755a9-b57a-4d76-ae1c-f36e3bbdc8bc,delhi_ncr_sbas_a27_v1_prod_20211123_20211205,20211123_20211205,True,SUCCEEDED,2026-09-22T03:37:53.298383+00:00,True,data/production_zips/delhi_ncr_sbas_a27_v1_prod_20211123_20211205__ce8755a9,data/production_extracted/delhi_ncr_sbas_a27_v1_prod_20211123_20211205__ce8755a9,1,122342636,672c09a1c849099f443040fe7b2950880ba2609a19b3f6babdbaeb42b65ce813,125982158,14,"unw_phase.tif,corr.tif,conncomp.tif,dem.tif,lv_theta.tif,lv_phi.tif,water_mask.tif",,
e39d4dd9-0af7-42b9-96ec-0e009a82d4a9,delhi_ncr_sbas_a27_v1_prod_20211111_20211123,20211111_20211123,True,SUCCEEDED,2026-09-22T03:38:34.545524+00:00,True,data/production_zips/delhi_ncr_sbas_a27_v1_prod_20211111_20211123__e39d4dd9,data/production_extracted/delhi_ncr_sbas_a27_v1_prod_20211111_20211123__e39d4dd9,1,121944673,d77e13fc8b7ce0827e4f3f5eb7cf4a5d4d301d193936c12fd0b112bb2293ef8d,125585984,14,"unw_phase.tif,corr.tif,conncomp.tif,dem.tif,lv_theta.tif,lv_phi.tif,water_mask.tif",,
c860d25f-37c4-4791-85bc-b729f8b44957,delhi_ncr_sbas_a27_v1_prod_20211030_20211123,20211030_20211123,True,SUCCEEDED,2026-09-22T03:39:14.887735+00:00,True,data/production_zips/delhi_ncr_sbas_a27_v1_prod_20211030_20211123__c860d25f,data/production_extracted/delhi_ncr_sbas_a27_v1_prod_20211030_20211123__c860d25f,1,124027599,74f7089a9556961224cb6389faf4ca15b1ded10d0a1653ec902d6fa78f610d99,127845186,14,"unw_phase.tif,corr.tif,conncomp.tif,dem.tif,lv_theta.tif,lv_phi.tif,water_mask.tif",,
a03fb126-c68e-4c21-bae8-5528298b8715,delhi_ncr_sbas_a27_v1_prod_20211030_20211111,20211030_20211111,True,SUCCEEDED,2026-09-22T03:39:57.812799+00:00,True,data/production_zips/delhi_ncr_sbas_a27_v1_prod_20211030_20211111__a03fb126,data/production_extracted/delhi_ncr_sbas_a27_v1_prod_20211030_20211111__a03fb126,1,124330591,dac17125aa05338387078abe45644d35de42c77d125946390122313a4ed49f34,128102217,14,"unw_phase.tif,corr.tif,conncomp.tif,dem.tif,lv_theta.tif,lv_phi.tif,water_mask.tif",,
4f8a29e8-2dbc-4811-a566-540b3a819e20,delhi_ncr_sbas_a27_v1_prod_20211018_20211111,20211018_20211111,True,SUCCEEDED,2026-09-22T03:40:40.085332+00:00,True,data/production_zips/delhi_ncr_sbas_a27_v1_prod_20211018_20211111__4f8a29e8,data/production_extracted/delhi_ncr_sbas_a27_v1_prod_20211018_20211111__4f8a29e8,1,121801365,64136efcd2596a190e7f02bc65c1b766d54b341b45f8cd020aaf9dc48ee053a3,125703385,14,"unw_phase.tif,corr.tif,conncomp.tif,dem.tif,lv_theta.tif,lv_phi.tif,water_mask.tif",,
92a5f74e-3b7d-4550-89e4-5db0b09b4237,delhi_ncr_sbas_a27_v1_prod_20211018_20211030,20211018_20211030,True,SUCCEEDED,2026-09-22T03:41:21.525012+00:00,True,data/production_zips/delhi_ncr_sbas_a27_v1_prod_20211018_20211030__92a5f74e,data/production_extracted/delhi_ncr_sbas_a27_v1_prod_20211018_20211030__92a5f74e,1,122849202,39f55a3fdb9bfe01b62ba94a2baa0b302ac7529cd67f24cebd9ad34a13bf4df4,126643462,14,"unw_phase.tif,corr.tif,conncomp.tif,dem.tif,lv_theta.tif,lv_phi.tif,water_mask.tif",,
de9747a4-7c3b-4629-84c1-b1736a972ac8,delhi_ncr_sbas_a27_v1_prod_20211006_20211111,20211006_20211111,True,SUCCEEDED,2026-09-22T03:42:04.003673+00:00,True,data/production_zips/delhi_ncr_sbas_a27_v1_prod_20211006_20211111__de9747a4,data/production_extracted/delhi_ncr_sbas_a27_v1_prod_20211006_20211111__de9747a4,1,121353393,3c23d0a91b5822e08521e5cad427f9e2ac9b43390067628e99869ca92afe0647,125176263,14,"unw_phase.tif,corr.tif,conncomp.tif,dem.tif,lv_theta.tif,lv_phi.tif,water_mask.tif",,
ebe53701-58ea-4963-8b08-dce83c32e735,delhi_ncr_sbas_a27_v1_prod_20211006_20211030,20211006_20211030,True,SUCCEEDED,2026-09-22T03:42:45.495324+00:00,True,data/production_zips/delhi_ncr_sbas_a27_v1_prod_20211006_20211030__ebe53701,data/production_extracted/delhi_ncr_sbas_a27_v1_prod_20211006_20211030__ebe53701,1,121281455,e45e4f4e1b95f43cc63fb84ff1cf130bf4a26aaf5353ef0b728f22bff480ae76,125074008,14,"unw_phase.tif,corr.tif,conncomp.tif,dem.tif,lv_theta.tif,lv_phi.tif,water_mask.tif",,
a37d5ccc-0f28-4529-a92b-14b6c0979f28,delhi_ncr_sbas_a27_v1_prod_20211006_20211018,20211006_20211018,True,SUCCEEDED,2026-09-22T03:43:25.876472+00:00,True,data/production_zips/delhi_ncr_sbas_a27_v1_prod_20211006_20211018__a37d5ccc,data/production_extracted/delhi_ncr_sbas_a27_v1_prod_20211006_20211018__a37d5ccc,1,121690176,1b819d789ae8719dcdba61b997b6ed490b73e53ec46f6bfb841e0e2f2219ad24,125544038,14,"unw_phase.tif,corr.tif,conncomp.tif,dem.tif,lv_theta.tif,lv_phi.tif,water_mask.tif",,
