{
 "type": "FeatureCollection",
 "crs": {
  "type": "name",
  "properties": {
   "name": "EPSG:4326"
  }
 },
 "note": "Corrected by scripts/51_fix_hotspot_polygons.py (INC-008). Supersedes hotspots.geojson, which contained single-pixel fragments with ids in detection order rather than the ranked order used by hotspots.csv.",
 "features": [
  {
   "type": "Feature",
   "properties": {
    "hotspot_id": "H001",
    "area_km2_from_pixels": 5.5904,
    "area_km2_from_polygon": 5.5904,
    "los_velocity_median_mm_per_yr": -30.95,
    "n_polygon_parts": 21
   },
   "geometry": {
    "type": "MultiPolygon",
    "coordinates": [
     [
      [
       [
        77.07508398522155,
        28.511663777711405
       ],
       [
        77.0754924874843,
        28.511657536443106
       ],
       [
        77.07547835453316,
        28.51093588232023
       ],
       [
        77.07506985504722,
        28.510942123402007
       ],
       [
        77.07508398522155,
        28.511663777711405
       ]
      ]
     ],
     [
      [
       [
        77.0706045519052,
        28.512454006971733
       ],
       [
        77.07101305837347,
        28.51244777901178
       ],
       [
        77.07100600684608,
        28.512086950977366
       ],
       [
        77.0705975017663,
        28.512093178844253
       ],
       [
        77.0706045519052,
        28.512454006971733
       ]
      ]
     ],
     [
      [
       [
        77.07509811591588,
        28.5123854319377
       ],
       [
        77.07550662095555,
        28.512379190482868
       ],
       [
        77.07549955415492,
        28.512018363473373
       ],
       [
        77.07509105050373,
        28.512024604834938
       ],
       [
        77.07509811591588,
        28.5123854319377
       ]
      ]
     ],
     [
      [
       [
        77.06329356690819,
        28.51473087882516
       ],
       [
        77.0628850496479,
        28.514737084031683
       ],
       [
        77.06289207430987,
        28.51509791377859
       ],
       [
        77.06330059295887,
        28.515091708479346
       ],
       [
        77.06329356690819,
        28.51473087882516
       ]
      ]
     ],
     [
      [
       [
        77.0633076191388,
        28.515452538112765
       ],
       [
        77.06371613904723,
        28.515446331493813
       ],
       [
        77.06370911147856,
        28.515085501953124
       ],
       [
        77.06330059295887,
        28.515091708479346
       ],
       [
        77.0633076191388,
        28.515452538112765
       ]
      ]
     ],
     [
      [
       [
        77.07589549528423,
        28.53222464400208
       ],
       [
        77.07590256936929,
        28.532585469847728
       ],
       [
        77.07671973464798,
        28.532572972806825
       ],
       [
        77.0767409660236,
        28.533655449659065
       ],
       [
        77.07714955263751,
        28.53364919901681
       ],
       [
        77.07715663141309,
        28.53401002449929
       ],
       [
        77.07797380703022,
        28.533997519344382
       ],
       [
        77.07796672547467,
        28.533636694048674
       ],
       [
        77.07755813912121,
        28.53364294714668
       ],
       [
        77.07755105908588,
        28.533282121736796
       ],
       [
        77.07714247399214,
        28.533288373513546
       ],
       [
        77.07712831709208,
        28.532566722444646
       ],
       [
        77.07753689940594,
        28.532560470854637
       ],
       [
        77.0775439791808,
        28.53292129630611
       ],
       [
        77.07795256275435,
        28.53291504339489
       ],
       [
        77.07795964404937,
        28.533275868732183
       ],
       [
        77.0783682288826,
        28.53326961449972
       ],
       [
        77.07837531169785,
        28.5336304397228
       ],
       [
        77.07878389779076,
        28.533624184169057
       ],
       [
        77.07879098212629,
        28.533985009277913
       ],
       [
        77.08001674379292,
        28.53396623496906
       ],
       [
        77.0800238324288,
        28.534327059776718
       ],
       [
        77.08043242078026,
        28.53432079912449
       ],
       [
        77.08042533075438,
        28.53395997441034
       ],
       [
        77.08124250428601,
        28.53394744960925
       ],
       [
        77.08124959709188,
        28.534308274136343
       ],
       [
        77.08165818505199,
        28.53430200980042
       ],
       [
        77.08167237383526,
        28.535023658605088
       ],
       [
        77.0828981452727,
        28.535004857668362
       ],
       [
        77.08289104664568,
        28.534644033557225
       ],
       [
        77.08248245768712,
        28.534650301670446
       ],
       [
        77.0824753605807,
        28.53428947744489
       ],
       [
        77.08288394814925,
        28.53428320942529
       ],
       [
        77.08287684978339,
        28.53392238527255
       ],
       [
        77.08328543583136,
        28.533916116118686
       ],
       [
        77.08329963547367,
        28.534637764216093
       ],
       [
        77.08370822417103,
        28.53463149364705
       ],
       [
        77.08371532557814,
        28.534992317570904
       ],
       [
        77.08453250536105,
        28.534979772561744
       ],
       [
        77.08452540117388,
        28.534618948825262
       ],
       [
        77.08493398947928,
        28.5346126745725
       ],
       [
        77.08496241257235,
        28.5360559690188
       ],
       [
        77.08455381870665,
        28.53606224364639
       ],
       [
        77.08456802825718,
        28.53678389093214
       ],
       [
        77.08415943148049,
        28.53679016451914
       ],
       [
        77.08417363877335,
        28.537511811909063
       ],
       [
        77.08376503908559,
        28.5375180844554
       ],
       [
        77.08377924412063,
        28.53823973194946
       ],
       [
        77.0841878465889,
        28.538233459215768
       ],
       [
        77.0841807426158,
        28.537872635572818
       ],
       [
        77.08458934356312,
        28.537866361704737
       ],
       [
        77.0845964489265,
        28.53822718525399
       ],
       [
        77.08500505113342,
        28.538220910064123
       ],
       [
        77.08499083775686,
        28.537499263132233
       ],
       [
        77.08580803621746,
        28.537486709443208
       ],
       [
        77.08580092694484,
        28.537125886133538
       ],
       [
        77.08620952458881,
        28.53711960754072
       ],
       [
        77.08620241405677,
        28.536758784304013
       ],
       [
        77.08742820203322,
        28.536739941438828
       ],
       [
        77.08742108746154,
        28.536379118462715
       ],
       [
        77.09028124509393,
        28.536335109454477
       ],
       [
        77.09028836939663,
        28.536695931773327
       ],
       [
        77.09069696421025,
        28.536689639766266
       ],
       [
        77.09067558752498,
        28.535607173029195
       ],
       [
        77.09149276841836,
        28.535594585895073
       ],
       [
        77.09149989662922,
        28.535955407973592
       ],
       [
        77.09190848826931,
        28.535949112470608
       ],
       [
        77.0919013586684,
        28.535588290486107
       ],
       [
        77.09230994878727,
        28.535581993849213
       ],
       [
        77.09230281792743,
        28.535221171937945
       ],
       [
        77.09311999499154,
        28.535208575168497
       ],
       [
        77.09310572810534,
        28.53448693165979
       ],
       [
        77.09228855660126,
        28.53449952805297
       ],
       [
        77.09228142613493,
        28.53413870607926
       ],
       [
        77.09309859485907,
        28.534126109874205
       ],
       [
        77.093091461744,
        28.533765288067812
       ],
       [
        77.09350004451932,
        28.533758988217585
       ],
       [
        77.09349291014554,
        28.533398166484474
       ],
       [
        77.0939014913997,
        28.53339186550052
       ],
       [
        77.09389435576729,
        28.533031043840698
       ],
       [
        77.0943029355003,
        28.533024741723057
       ],
       [
        77.09429579860927,
        28.532663920136546
       ],
       [
        77.09470437682113,
        28.53265761688526
       ],
       [
        77.09469723867156,
        28.532296795372073
       ],
       [
        77.09428866184953,
        28.532303098529216
       ],
       [
        77.09428152522106,
        28.531942276901063
       ],
       [
        77.09387294965757,
        28.531948578736323
       ],
       [
        77.09386581455018,
        28.53158775699323
       ],
       [
        77.09345724024521,
        28.531594057506634
       ],
       [
        77.09345010665884,
        28.53123323564862
       ],
       [
        77.09426725235798,
        28.53122063358232
       ],
       [
        77.09425298002,
        28.53049899018031
       ],
       [
        77.0938444100155,
        28.530505291639074
       ],
       [
        77.0938158724734,
        28.529062004208782
       ],
       [
        77.09422443691932,
        28.52905570312651
       ],
       [
        77.09423870820713,
        28.529777346695035
       ],
       [
        77.0954644090949,
        28.529758435517707
       ],
       [
        77.09547154910467,
        28.530119256988275
       ],
       [
        77.09588011719426,
        28.53011295071305
       ],
       [
        77.09586583452679,
        28.529391307939484
       ],
       [
        77.09627439970572,
        28.529385000625048
       ],
       [
        77.09626725717943,
        28.529024179301246
       ],
       [
        77.09545012946938,
        28.529036792514123
       ],
       [
        77.09543585036924,
        28.52831514942727
       ],
       [
        77.09502728909632,
        28.52832145400398
       ],
       [
        77.09504870377482,
        28.52940391888555
       ],
       [
        77.09464013820184,
        28.529410222517175
       ],
       [
        77.09462586439739,
        28.528688579095284
       ],
       [
        77.09421730147231,
        28.528694881311022
       ],
       [
        77.09421016615656,
        28.528334059474723
       ],
       [
        77.09461872769208,
        28.52832775735313
       ],
       [
        77.09460445467535,
        28.527606113806357
       ],
       [
        77.09378733703112,
        28.527618716445478
       ],
       [
        77.09377307009737,
        28.526897072438942
       ],
       [
        77.09336451385732,
        28.526903371729027
       ],
       [
        77.09335738197673,
        28.526542549600432
       ],
       [
        77.09294882699491,
        28.52654884756895
       ],
       [
        77.09295595748608,
        28.526909669791618
       ],
       [
        77.0921388443501,
        28.526922262234333
       ],
       [
        77.09211746160659,
        28.525839794939596
       ],
       [
        77.09170890901012,
        28.525846089037646
       ],
       [
        77.09170178308057,
        28.525485266470426
       ],
       [
        77.09129323174237,
        28.525491559247037
       ],
       [
        77.09128610733323,
        28.525130736565004
       ],
       [
        77.09169465728208,
        28.525124443882397
       ],
       [
        77.09168040607841,
        28.524402798643916
       ],
       [
        77.09208895311757,
        28.52439650492195
       ],
       [
        77.09207469965973,
        28.52367485978827
       ],
       [
        77.09166615539908,
        28.523681153322194
       ],
       [
        77.0916732806732,
        28.524041975993455
       ],
       [
        77.0912647348922,
        28.524048268394047
       ],
       [
        77.09125761100732,
        28.52368744562879
       ],
       [
        77.09084906648451,
        28.523693736708058
       ],
       [
        77.09085618898015,
        28.5240545595673
       ],
       [
        77.09044764293706,
        28.524060849513205
       ],
       [
        77.0904547641745,
        28.52442167244561
       ],
       [
        77.09004621661113,
        28.524427961258105
       ],
       [
        77.09003197704581,
        28.5237063151846
       ],
       [
        77.09044052183067,
        28.523700026559993
       ],
       [
        77.09042628001086,
        28.52297838059115
       ],
       [
        77.09001773800442,
        28.522984669027867
       ],
       [
        77.09002485745962,
        28.52334549211663
       ],
       [
        77.08920777027544,
        28.523358065495998
       ],
       [
        77.08920065359862,
        28.5229972422194
       ],
       [
        77.08879211119933,
        28.52300352697421
       ],
       [
        77.0887849960426,
        28.522642703582914
       ],
       [
        77.08796791362968,
        28.522655269222916
       ],
       [
        77.08797502600805,
        28.523016092801942
       ],
       [
        77.0871579402934,
        28.523028653720452
       ],
       [
        77.08715083069337,
        28.522667829953775
       ],
       [
        77.08755937222693,
        28.52266155020199
       ],
       [
        77.08755226136856,
        28.522300726508337
       ],
       [
        77.08714372122414,
        28.52230700616631
       ],
       [
        77.08712950267807,
        28.52158535852896
       ],
       [
        77.08672096518109,
        28.521591636772072
       ],
       [
        77.08670674993631,
        28.520869988863932
       ],
       [
        77.08588968010636,
        28.52088254129337
       ],
       [
        77.0858754709407,
        28.52016089292697
       ],
       [
        77.086284003143,
        28.52015461751337
       ],
       [
        77.08625558082439,
        28.518711320906043
       ],
       [
        77.08666410734021,
        28.518705044640367
       ],
       [
        77.08667121411267,
        28.519065868729626
       ],
       [
        77.08748826952983,
        28.519053312329415
       ],
       [
        77.0874740505601,
        28.518331664505297
       ],
       [
        77.08706552569468,
        28.518337943131336
       ],
       [
        77.08705841779488,
        28.517977119094272
       ],
       [
        77.08869251091629,
        28.51795199760305
       ],
       [
        77.08867828439853,
        28.5172303502172
       ],
       [
        77.08826976409203,
        28.517236632242856
       ],
       [
        77.08826265241822,
        28.51687580842487
       ],
       [
        77.08785413336965,
        28.516882089129673
       ],
       [
        77.08784702321542,
        28.516521265197046
       ],
       [
        77.08743850542477,
        28.516527544581034
       ],
       [
        77.08742428828617,
        28.51580589646574
       ],
       [
        77.08783280329942,
        28.5157996172694
       ],
       [
        77.08782569353764,
        28.51543879327438
       ],
       [
        77.08700866615769,
        28.51545135025249
       ],
       [
        77.08701577314214,
        28.515812174435137
       ],
       [
        77.08660725786734,
        28.5158184511776
       ],
       [
        77.08659304680653,
        28.51509680260394
       ],
       [
        77.087001559304,
        28.515090526049047
       ],
       [
        77.08699445258105,
        28.51472970182481
       ],
       [
        77.08740296355916,
        28.514723424136818
       ],
       [
        77.08739585557841,
        28.514362599985585
       ],
       [
        77.08780436503713,
        28.51435632116453
       ],
       [
        77.08779725579858,
        28.513995497086317
       ],
       [
        77.08861427154649,
        28.513982935951308
       ],
       [
        77.08859293628457,
        28.512900464154967
       ],
       [
        77.08940994317804,
        28.512887898675874
       ],
       [
        77.08940282890885,
        28.512527074889928
       ],
       [
        77.08899432691601,
        28.512533358148975
       ],
       [
        77.08898010154716,
        28.511811710326903
       ],
       [
        77.08938860076317,
        28.511805427255627
       ],
       [
        77.08939571477056,
        28.512166251083183
       ],
       [
        77.08980421524407,
        28.512159966691275
       ],
       [
        77.0898113307708,
        28.51252079040411
       ],
       [
        77.09021983250182,
        28.512514504691534
       ],
       [
        77.0902269495479,
        28.512875328289645
       ],
       [
        77.08981844642842,
        28.512881614096152
       ],
       [
        77.08983267813649,
        28.513603261417835
       ],
       [
        77.09024118403292,
        28.513596975423468
       ],
       [
        77.09024830147187,
        28.51395779895918
       ],
       [
        77.09106531564892,
        28.513945223102077
       ],
       [
        77.09105107534795,
        28.513223576385688
       ],
       [
        77.09145957946296,
        28.51321728680485
       ],
       [
        77.09145245812051,
        28.512856463509426
       ],
       [
        77.09104395539396,
        28.51286275299628
       ],
       [
        77.09103683557099,
        28.512501929586076
       ],
       [
        77.0906283341019,
        28.512508217752185
       ],
       [
        77.09062121579832,
        28.512147394227217
       ],
       [
        77.09021271558667,
        28.512153681072615
       ],
       [
        77.09020559880248,
        28.5117928574329
       ],
       [
        77.08979709984828,
        28.51179914295763
       ],
       [
        77.0897899845834,
        28.511438319203194
       ],
       [
        77.09019848214923,
        28.51143203377239
       ],
       [
        77.09019136562692,
        28.511071210091075
       ],
       [
        77.08978286944945,
        28.51107749542795
       ],
       [
        77.08976863957427,
        28.51035584781508
       ],
       [
        77.09017713297513,
        28.51034956266605
       ],
       [
        77.09018424923556,
        28.51071038638896
       ],
       [
        77.09059274389377,
        28.51070409991933
       ],
       [
        77.09057850872729,
        28.509982452640596
       ],
       [
        77.09098700047797,
        28.509976165132215
       ],
       [
        77.09097988170294,
        28.509615341555598
       ],
       [
        77.09057139134048,
        28.50962162897002
       ],
       [
        77.09055003996582,
        28.508539157833518
       ],
       [
        77.09095852616369,
        28.50853287070096
       ],
       [
        77.09095140791257,
        28.508172047041153
       ],
       [
        77.09054292310283,
        28.508178334079748
       ],
       [
        77.0905144569604,
        28.5067350388567
       ],
       [
        77.08969749805276,
        28.506747608502852
       ],
       [
        77.08969038462054,
        28.506386784457238
       ],
       [
        77.08928190635838,
        28.506393067346707
       ],
       [
        77.08927479444505,
        28.506032243186404
       ],
       [
        77.08845784030414,
        28.506044805098227
       ],
       [
        77.08845073129761,
        28.50568398072939
       ],
       [
        77.08804225541891,
        28.505690259751802
       ],
       [
        77.08803514793114,
        28.50532943526833
       ],
       [
        77.08558429824106,
        28.50536708308518
       ],
       [
        77.08559139740109,
        28.505727908131316
       ],
       [
        77.08395748944291,
        28.50575298252236
       ],
       [
        77.08395039583472,
        28.50539215710149
       ],
       [
        77.08272496765936,
        28.505410949736312
       ],
       [
        77.08273205710364,
        28.505771775438053
       ],
       [
        77.08150662359027,
        28.50579055731576
       ],
       [
        77.08151370900102,
        28.506151383277412
       ],
       [
        77.08028827015025,
        28.506170154397637
       ],
       [
        77.08029535152727,
        28.50653098061904
       ],
       [
        77.07988687026167,
        28.50653723529965
       ],
       [
        77.0798797902727,
        28.506176408984775
       ],
       [
        77.07906283012679,
        28.506188914479633
       ],
       [
        77.07906990733969,
        28.50654974098141
       ],
       [
        77.07825294389677,
        28.506562241757198
       ],
       [
        77.07826001846377,
        28.506923068425024
       ],
       [
        77.07785153515897,
        28.506929317066565
       ],
       [
        77.07785860846803,
        28.507290143806998
       ],
       [
        77.07704163869181,
        28.50730263759724
       ],
       [
        77.07705578014786,
        28.5080242913892
       ],
       [
        77.0774642678773,
        28.508018044920643
       ],
       [
        77.07745719569608,
        28.507657218128404
       ],
       [
        77.07868265393911,
        28.507638471643478
       ],
       [
        77.07868973028478,
        28.50799929815556
       ],
       [
        77.07787275547663,
        28.508011797225514
       ],
       [
        77.07787982917617,
        28.508372623903615
       ],
       [
        77.07747134018867,
        28.508378871692113
       ],
       [
        77.07748548520179,
        28.509100525172705
       ],
       [
        77.07707699330773,
        28.509106771921314
       ],
       [
        77.07706992212432,
        28.508745945098045
       ],
       [
        77.07666143148839,
        28.5087521905267
       ],
       [
        77.07668264126416,
        28.509834671214143
       ],
       [
        77.07627414633336,
        28.50984091569613
       ],
       [
        77.07628121513049,
        28.51020174264371
       ],
       [
        77.07587271868132,
        28.510207985992324
       ],
       [
        77.07589392168802,
        28.51129046699028
       ],
       [
        77.07630242230229,
        28.51128422336176
       ],
       [
        77.0763094916197,
        28.51164505022623
       ],
       [
        77.0754924874843,
        28.511657536443106
       ],
       [
        77.07549955415492,
        28.512018363473373
       ],
       [
        77.07590805767607,
        28.51201212088503
       ],
       [
        77.07591512586517,
        28.51237294780124
       ],
       [
        77.07550662095555,
        28.512379190482868
       ],
       [
        77.0755136878862,
        28.512740017471586
       ],
       [
        77.07469667489991,
        28.512752499340962
       ],
       [
        77.07471080359718,
        28.51347415362909
       ],
       [
        77.07389378453682,
        28.51348663096407
       ],
       [
        77.07390084630329,
        28.513847458263417
       ],
       [
        77.07349233518963,
        28.51385369518382
       ],
       [
        77.07347821456376,
        28.51313204037796
       ],
       [
        77.0738867229003,
        28.513125803643955
       ],
       [
        77.07387966139369,
        28.512764976303057
       ],
       [
        77.07428816821178,
        28.51275873843542
       ],
       [
        77.0742811054466,
        28.51239791116696
       ],
       [
        77.07387260001701,
        28.512404148941386
       ],
       [
        77.07386553877026,
        28.512043321558934
       ],
       [
        77.07304853029831,
        28.51205579324101
       ],
       [
        77.07306264736778,
        28.51277744835786
       ],
       [
        77.07265414016,
        28.51278368254503
       ],
       [
        77.07266825497189,
        28.513505337765103
       ],
       [
        77.07307676495677,
        28.51349910339162
       ],
       [
        77.07308382394606,
        28.513859930877338
       ],
       [
        77.0722668010693,
        28.513872398583743
       ],
       [
        77.07225268877484,
        28.513150743218937
       ],
       [
        77.07184417991886,
        28.513156975045565
       ],
       [
        77.07183007092074,
        28.512435319411427
       ],
       [
        77.07101305837347,
        28.51244777901178
       ],
       [
        77.0710201100306,
        28.51280860702542
       ],
       [
        77.07020309418732,
        28.512821061904624
       ],
       [
        77.07019604530721,
        28.51246023370487
       ],
       [
        77.06937903172216,
        28.5124726834907
       ],
       [
        77.06937198574873,
        28.512111855084132
       ],
       [
        77.0697804912176,
        28.512105630897643
       ],
       [
        77.06977344398535,
        28.511744802563328
       ],
       [
        77.06936493990496,
        28.51175102665681
       ],
       [
        77.06935789419082,
        28.511390198208712
       ],
       [
        77.06813238533722,
        28.511408862849546
       ],
       [
        77.06812534391798,
        28.511048034101776
       ],
       [
        77.06730834014459,
        28.511060470875975
       ],
       [
        77.06730130163172,
        28.510699641921583
       ],
       [
        77.06689280093914,
        28.51070585837565
       ],
       [
        77.06690687531758,
        28.511427516449462
       ],
       [
        77.06568136413257,
        28.51144615900842
       ],
       [
        77.06568839735066,
        28.511806988292765
       ],
       [
        77.065279891975,
        28.511813200118354
       ],
       [
        77.065286923934,
        28.512174029474764
       ],
       [
        77.06487841704048,
        28.512180240166362
       ],
       [
        77.06489247856959,
        28.512901899002518
       ],
       [
        77.06448396876965,
        28.512908108652876
       ],
       [
        77.06449099833969,
        28.5132689381326
       ],
       [
        77.06408248702184,
        28.51327514664888
       ],
       [
        77.06408951533261,
        28.513635976200618
       ],
       [
        77.0632724895318,
        28.51364838973804
       ],
       [
        77.06327951519467,
        28.514009219454508
       ],
       [
        77.0628710007117,
        28.51401542447559
       ],
       [
        77.06287802511518,
        28.51437625426402
       ],
       [
        77.06328654098678,
        28.514370049150212
       ],
       [
        77.06329356690819,
        28.51473087882516
       ],
       [
        77.06370208403918,
        28.51472467239168
       ],
       [
        77.06369505672912,
        28.51436384280947
       ],
       [
        77.06451208782586,
        28.5143514264472
       ],
       [
        77.06451911791328,
        28.51471225584387
       ],
       [
        77.0641106010409,
        28.514718464731253
       ],
       [
        77.06413168791309,
        28.515800953075036
       ],
       [
        77.06494872986083,
        28.515788533516623
       ],
       [
        77.0649627939774,
        28.516510191937524
       ],
       [
        77.06700541046993,
        28.516479120640497
       ],
       [
        77.06701244966638,
        28.51683994935554
       ],
       [
        77.06660392523798,
        28.516846166161898
       ],
       [
        77.06661096317511,
        28.517206994949063
       ],
       [
        77.06701948899234,
        28.517200778049823
       ],
       [
        77.06702652844783,
        28.517561606723326
       ],
       [
        77.06784358247144,
        28.517549169057798
       ],
       [
        77.06782949813461,
        28.516827512061685
       ],
       [
        77.06823802217438,
        28.51682129157418
       ],
       [
        77.06824506566686,
        28.517182119989673
       ],
       [
        77.06865359096588,
        28.51717589818217
       ],
       [
        77.06866063597678,
        28.517536726483936
       ],
       [
        77.07070326747137,
        28.517505598575436
       ],
       [
        77.07071031955628,
        28.517866426391336
       ],
       [
        77.06907620906446,
        28.5178913315444
       ],
       [
        77.06908325572351,
        28.51825215971165
       ],
       [
        77.06949178492992,
        28.518245935171016
       ],
       [
        77.06950588141486,
        28.51896759125719
       ],
       [
        77.06991441326946,
        28.518961365303404
       ],
       [
        77.06992146309544,
        28.519322193222322
       ],
       [
        77.07073852919345,
        28.519309737447216
       ],
       [
        77.07075263479057,
        28.520031392850512
       ],
       [
        77.07034409902839,
        28.520037621537764
       ],
       [
        77.07035115063253,
        28.5203984493013
       ],
       [
        77.07075968778375,
        28.52039222052099
       ],
       [
        77.07077379415944,
        28.52111387579964
       ],
       [
        77.07159087362889,
        28.52110141418501
       ],
       [
        77.0716049860802,
        28.521823069008203
       ],
       [
        77.0720135283985,
        28.521816836173777
       ],
       [
        77.07200647071879,
        28.521456008865687
       ],
       [
        77.07241501151809,
        28.52144977489711
       ],
       [
        77.07240795257911,
        28.521088947661376
       ],
       [
        77.07281649185943,
        28.521082712558684
       ],
       [
        77.07280943166123,
        28.52072188539533
       ],
       [
        77.07240089377,
        28.520728120404865
       ],
       [
        77.07238677654138,
        28.520006465829514
       ],
       [
        77.07320384663771,
        28.519993994955847
       ],
       [
        77.07321090796516,
        28.520354822067585
       ],
       [
        77.07361944420752,
        28.520348584696773
       ],
       [
        77.07362650705396,
        28.520709411694554
       ],
       [
        77.07403504455543,
        28.520703173003326
       ],
       [
        77.07404917341634,
        28.521424826750124
       ],
       [
        77.07364063313668,
        28.52143106562777
       ],
       [
        77.07364769637296,
        28.521791892563208
       ],
       [
        77.0744647795806,
        28.521779413394224
       ],
       [
        77.07445771356605,
        28.521418586645222
       ],
       [
        77.07486625358574,
        28.52141234531306
       ],
       [
        77.07488038852314,
        28.522133998603792
       ],
       [
        77.07365475973918,
        28.522152719477862
       ],
       [
        77.07366182323534,
        28.522513546371748
       ],
       [
        77.0728447339512,
        28.52252602100433
       ],
       [
        77.07283767323341,
        28.52216519392408
       ],
       [
        77.07161204250058,
        28.52218389638864
       ],
       [
        77.07163321254065,
        28.523266378405275
       ],
       [
        77.07122466453568,
        28.523272610384822
       ],
       [
        77.07121055382429,
        28.522550955541632
       ],
       [
        77.07039346298194,
        28.522563415446328
       ],
       [
        77.07040051549427,
        28.522924243064445
       ],
       [
        77.06958342135447,
        28.522936698245896
       ],
       [
        77.0695975212113,
        28.523658353791973
       ],
       [
        77.0704146209082,
        28.523645898238378
       ],
       [
        77.07042872684114,
        28.5243675533292
       ],
       [
        77.07083727927362,
        28.52436132352519
       ],
       [
        77.07085844331436,
        28.525443805726404
       ],
       [
        77.07290122437011,
        28.52541263689824
       ],
       [
        77.07290828625709,
        28.52577346379147
       ],
       [
        77.07249972891624,
        28.525779700105204
       ],
       [
        77.07251385030101,
        28.526501354015647
       ],
       [
        77.07292241042077,
        28.526495117515584
       ],
       [
        77.07292947269751,
        28.526855944346476
       ],
       [
        77.07333803407685,
        28.526849706525713
       ],
       [
        77.07334509787303,
        28.52721053324264
       ],
       [
        77.07416222302089,
        28.527198053732086
       ],
       [
        77.07416928972613,
        28.527558880241802
       ],
       [
        77.07457785349462,
        28.527552638551953
       ],
       [
        77.07459199007424,
        28.528274291322575
       ],
       [
        77.07500055649186,
        28.528268048218642
       ],
       [
        77.07500762636634,
        28.528628874479526
       ],
       [
        77.07541619404353,
        28.52862263005471
       ],
       [
        77.07542326543772,
        28.52898345620152
       ],
       [
        77.07583183437445,
        28.528977210455785
       ],
       [
        77.07582476159062,
        28.528616384402262
       ],
       [
        77.07664189629446,
        28.528603889414512
       ],
       [
        77.07664897185755,
        28.52896471528139
       ],
       [
        77.07705754040389,
        28.52895846585273
       ],
       [
        77.07707169469994,
        28.529680117337435
       ],
       [
        77.07870597870041,
        28.52965510659928
       ],
       [
        77.07871306160256,
        28.530015931936862
       ],
       [
        77.0791216336667,
        28.530009676089705
       ],
       [
        77.07912871808888,
        28.53037050131305
       ],
       [
        77.07831157105083,
        28.53038301196653
       ],
       [
        77.07831865282382,
        28.53074383735595
       ],
       [
        77.07709292712047,
        28.530762594408554
       ],
       [
        77.07708584951676,
        28.53040176873897
       ],
       [
        77.07667727541165,
        28.530408018541024
       ],
       [
        77.07669142796972,
        28.531129670046113
       ],
       [
        77.07628285095487,
        28.531135918807138
       ],
       [
        77.07628992603935,
        28.531496744621826
       ],
       [
        77.07588134750453,
        28.531502992248413
       ],
       [
        77.07588842132932,
        28.53186381813564
       ],
       [
        77.07670558104849,
        28.531851321468046
       ],
       [
        77.07671265778315,
        28.532212147147835
       ],
       [
        77.07589549528423,
        28.53222464400208
       ]
      ],
      [
       [
        77.09388722026613,
        28.532670222160046
       ],
       [
        77.09307006318609,
        28.53268282252373
       ],
       [
        77.09305579813685,
        28.5319611787236
       ],
       [
        77.09387294965757,
        28.531948578736323
       ],
       [
        77.09388722026613,
        28.532670222160046
       ]
      ],
      [
       [
        77.0854385274006,
        28.518723869756116
       ],
       [
        77.08543142492552,
        28.518363045364797
       ],
       [
        77.08624847557155,
        28.51835049670221
       ],
       [
        77.08625558082439,
        28.518711320906043
       ],
       [
        77.0854385274006,
        28.518723869756116
       ]
      ],
      [
       [
        77.08624137044943,
        28.517989672477583
       ],
       [
        77.08664989418753,
        28.517983396399455
       ],
       [
        77.0866570006985,
        28.51834422053031
       ],
       [
        77.08624847557155,
        28.51835049670221
       ],
       [
        77.08624137044943,
        28.517989672477583
       ]
      ],
      [
       [
        77.08846494944149,
        28.50640562944627
       ],
       [
        77.08805647078681,
        28.506411908656368
       ],
       [
        77.08804936303747,
        28.506051084214484
       ],
       [
        77.08845784030414,
        28.506044805098227
       ],
       [
        77.08846494944149,
        28.50640562944627
       ]
      ],
      [
       [
        77.08192218835721,
        28.50614512378441
       ],
       [
        77.08192927528636,
        28.506505949631727
       ],
       [
        77.08152079454212,
        28.50651220921828
       ],
       [
        77.08151370900102,
        28.506151383277412
       ],
       [
        77.08192218835721,
        28.50614512378441
       ]
      ],
      [
       [
        77.07828831803351,
        28.50836637488853
       ],
       [
        77.07829539325141,
        28.508727201452455
       ],
       [
        77.07788690300586,
        28.50873345056093
       ],
       [
        77.07787982917617,
        28.508372623903615
       ],
       [
        77.07828831803351,
        28.50836637488853
       ]
      ],
      [
       [
        77.07592219418433,
        28.512733774696674
       ],
       [
        77.07592926263352,
        28.51309460157133
       ],
       [
        77.0755207549469,
        28.51310084443952
       ],
       [
        77.0755136878862,
        28.512740017471586
       ],
       [
        77.07592219418433,
        28.512733774696674
       ]
      ],
      [
       [
        77.07142861775763,
        28.51280237774557
       ],
       [
        77.07143567093307,
        28.513163205645355
       ],
       [
        77.0710271618175,
        28.513169435018288
       ],
       [
        77.0710201100306,
        28.51280860702542
       ],
       [
        77.07142861775763,
        28.51280237774557
       ]
      ],
      [
       [
        77.06533615126997,
        28.51469983438828
       ],
       [
        77.06534318426412,
        28.515060663578595
       ],
       [
        77.06452614813004,
        28.51507308521979
       ],
       [
        77.06451911791328,
        28.51471225584387
       ],
       [
        77.06533615126997,
        28.51469983438828
       ]
      ],
      [
       [
        77.07402798031993,
        28.520342346098758
       ],
       [
        77.07484505215483,
        28.52032986522109
       ],
       [
        77.07485211916844,
        28.520690691939205
       ],
       [
        77.07403504455543,
        28.520703173003326
       ],
       [
        77.07402798031993,
        28.520342346098758
       ]
      ],
      [
       [
        77.07123172008609,
        28.523633437775242
       ],
       [
        77.07082317056202,
        28.523639668620504
       ],
       [
        77.0708161164009,
        28.52327884113699
       ],
       [
        77.07122466453568,
        28.523272610384822
       ],
       [
        77.07123172008609,
        28.523633437775242
       ]
      ],
      [
       [
        77.09106279836146,
        28.534518413433673
       ],
       [
        77.09104141986552,
        28.53343594660393
       ],
       [
        77.09145000190671,
        28.53342965298691
       ],
       [
        77.09147138457253,
        28.53451211953465
       ],
       [
        77.09106279836146,
        28.534518413433673
       ]
      ],
      [
       [
        77.09267574724355,
        28.5334107647689
       ],
       [
        77.0926686157808,
        28.533049942826807
       ],
       [
        77.09307719590751,
        28.53304364439257
       ],
       [
        77.09308432876016,
        28.533404466240594
       ],
       [
        77.09267574724355,
        28.5334107647689
       ]
      ],
      [
       [
        77.0848984635538,
        28.532808556046565
       ],
       [
        77.08490556847751,
        28.533169379793353
       ],
       [
        77.08449698573196,
        28.533175653671286
       ],
       [
        77.08448988219818,
        28.532814829830784
       ],
       [
        77.0848984635538,
        28.532808556046565
       ]
      ],
      [
       [
        77.08489135876081,
        28.53244773227897
       ],
       [
        77.08529993859585,
        28.532441457360655
       ],
       [
        77.08530704477873,
        28.53280228103453
       ],
       [
        77.0848984635538,
        28.532808556046565
       ],
       [
        77.08489135876081,
        28.53244773227897
       ]
      ],
      [
       [
        77.09062571317999,
        28.533081416580945
       ],
       [
        77.09061146454667,
        28.532359771694143
       ],
       [
        77.0910200425493,
        28.532353479586888
       ],
       [
        77.09103429396237,
        28.533075124285734
       ],
       [
        77.09062571317999,
        28.533081416580945
       ]
      ],
      [
       [
        77.07957272242724,
        28.532168369482243
       ],
       [
        77.07956563596358,
        28.53180754445633
       ],
       [
        77.07997421471593,
        28.531801285686402
       ],
       [
        77.07998130256945,
        28.53216211061883
       ],
       [
        77.07957272242724,
        28.532168369482243
       ]
      ],
      [
       [
        77.09140724011498,
        28.5312647193295
       ],
       [
        77.09181581368604,
        28.531258425048744
       ],
       [
        77.09183006987179,
        28.531980069496438
       ],
       [
        77.09142149352114,
        28.531986363965213
       ],
       [
        77.09140724011498,
        28.5312647193295
       ]
      ],
      [
       [
        77.09099866641282,
        28.531271012382533
       ],
       [
        77.0909915412961,
        28.530910189939462
       ],
       [
        77.09140011360854,
        28.53090389698042
       ],
       [
        77.09140724011498,
        28.5312647193295
       ],
       [
        77.09099866641282,
        28.531271012382533
       ]
      ],
      [
       [
        77.08566587560924,
        28.530270239296904
       ],
       [
        77.08565876895166,
        28.529909415571158
       ],
       [
        77.08606733879682,
        28.529903138853562
       ],
       [
        77.08607444684411,
        28.530263962485556
       ],
       [
        77.08566587560924,
        28.530270239296904
       ]
      ],
      [
       [
        77.08851163886654,
        28.529504629677312
       ],
       [
        77.08850452274294,
        28.529143806566626
       ],
       [
        77.08891308889298,
        28.529137521443207
       ],
       [
        77.08892020640621,
        28.529498344460013
       ],
       [
        77.08851163886654,
        28.529504629677312
       ]
      ],
      [
       [
        77.07827616413996,
        28.52857888470758
       ],
       [
        77.07826908314858,
        28.52821805919342
       ],
       [
        77.07867764839476,
        28.52821180504107
       ],
       [
        77.07868473077573,
        28.52857263046181
       ],
       [
        77.07827616413996,
        28.52857888470758
       ]
      ],
      [
       [
        77.08314346813775,
        28.526699630568814
       ],
       [
        77.0831363711241,
        28.526338806072943
       ],
       [
        77.08354492785762,
        28.52633253765776
       ],
       [
        77.08356622345869,
        28.52741501080206
       ],
       [
        77.08315766255676,
        28.52742127949816
       ],
       [
        77.0831647599621,
        28.52778210393165
       ],
       [
        77.08275619754006,
        28.527788371493827
       ],
       [
        77.08274910152424,
        28.527427546966727
       ],
       [
        77.0823405403612,
        28.52743381320774
       ],
       [
        77.08232635150019,
        28.526712163903944
       ],
       [
        77.08314346813775,
        28.526699630568814
       ]
      ],
      [
       [
        77.0753525573495,
        28.52537519379802
       ],
       [
        77.0753454872561,
        28.52501436744335
       ],
       [
        77.07616259443017,
        28.52500187677685
       ],
       [
        77.07616966730237,
        28.525362702944925
       ],
       [
        77.0753525573495,
        28.52537519379802
       ]
      ],
      [
       [
        77.07206999451076,
        28.52470345389052
       ],
       [
        77.07207705335914,
        28.525064281011606
       ],
       [
        77.07125994358574,
        28.52507674712917
       ],
       [
        77.0712458315763,
        28.52435509249376
       ],
       [
        77.07165438374918,
        28.524348860234912
       ],
       [
        77.07166144107835,
        28.5247096874699
       ],
       [
        77.07206999451076,
        28.52470345389052
       ]
      ],
      [
       [
        77.08513653246453,
        28.524142507120455
       ],
       [
        77.0851294294184,
        28.523781682947376
       ],
       [
        77.08553797577333,
        28.523775409050877
       ],
       [
        77.08554508020872,
        28.524136233130225
       ],
       [
        77.08513653246453,
        28.524142507120455
       ]
      ],
      [
       [
        77.07164732654984,
        28.523988032979148
       ],
       [
        77.07164026948033,
        28.5236272057026
       ],
       [
        77.07204881874475,
        28.523620972402576
       ],
       [
        77.07205587720355,
        28.523981799586004
       ],
       [
        77.07164732654984,
        28.523988032979148
       ]
      ],
      [
       [
        77.07609894443569,
        28.521754440328923
       ],
       [
        77.0760918728646,
        28.521393613953013
       ],
       [
        77.07650041236406,
        28.52138736771182
       ],
       [
        77.07650748532426,
        28.521748193994412
       ],
       [
        77.07609894443569,
        28.521754440328923
       ]
      ],
      [
       [
        77.08181850502496,
        28.52166687996456
       ],
       [
        77.08180432311805,
        28.520945229808202
       ],
       [
        77.08221285940434,
        28.520938966479175
       ],
       [
        77.08222704408942,
        28.521660616448383
       ],
       [
        77.08181850502496,
        28.52166687996456
       ]
      ],
      [
       [
        77.07690895173339,
        28.521381120243376
       ],
       [
        77.0769018775142,
        28.52102029403333
       ],
       [
        77.07731041536428,
        28.521014045430988
       ],
       [
        77.07731749097256,
        28.52137487154767
       ],
       [
        77.07690895173339,
        28.521381120243376
       ]
      ],
      [
       [
        77.08466407438117,
        28.520901360733504
       ],
       [
        77.08465697390008,
        28.52054053627955
       ],
       [
        77.08506550788344,
        28.52053426445374
       ],
       [
        77.08507260975355,
        28.520895088814
       ],
       [
        77.08466407438117,
        28.520901360733504
       ]
      ],
      [
       [
        77.07646504951487,
        28.519583235987106
       ],
       [
        77.07647212182447,
        28.519944062373614
       ],
       [
        77.07606358788126,
        28.51995030824154
       ],
       [
        77.07604237550974,
        28.518867828739722
       ],
       [
        77.07685943493219,
        28.518855336336642
       ],
       [
        77.07687358193895,
        28.519576988985335
       ],
       [
        77.07646504951487,
        28.519583235987106
       ]
      ],
      [
       [
        77.07850063120931,
        28.519191162766226
       ],
       [
        77.0785147895882,
        28.519912814626323
       ],
       [
        77.07769772287327,
        28.519925317406774
       ],
       [
        77.07769064639668,
        28.51956449130032
       ],
       [
        77.07809917843026,
        28.519558240617073
       ],
       [
        77.07809210069492,
        28.51919741458323
       ],
       [
        77.07850063120931,
        28.519191162766226
       ]
      ],
      [
       [
        77.08300155266897,
        28.51948313670035
       ],
       [
        77.0829873639939,
        28.51876148685605
       ],
       [
        77.08380441898515,
        28.51874895273113
       ],
       [
        77.08381861321595,
        28.519470602200897
       ],
       [
        77.08300155266897,
        28.51948313670035
       ]
      ],
      [
       [
        77.08463567324063,
        28.51945806279289
       ],
       [
        77.08462857328206,
        28.51909723825575
       ],
       [
        77.08544563000636,
        28.519084694126633
       ],
       [
        77.08545273274278,
        28.519445518476353
       ],
       [
        77.08463567324063,
        28.51945806279289
       ]
      ],
      [
       [
        77.07114706204783,
        28.519303507718913
       ],
       [
        77.07114000805494,
        28.518942680079178
       ],
       [
        77.07154853939058,
        28.518936449216817
       ],
       [
        77.07155559477243,
        28.519297276763456
       ],
       [
        77.07114706204783,
        28.519303507718913
       ]
      ],
      [
       [
        77.08054328182719,
        28.519159885274238
       ],
       [
        77.08053619588844,
        28.51879905978031
       ],
       [
        77.08094472423208,
        28.518792800694037
       ],
       [
        77.08095181155976,
        28.519153626094443
       ],
       [
        77.08054328182719,
        28.519159885274238
       ]
      ],
      [
       [
        77.07481678540049,
        28.518886558140892
       ],
       [
        77.07480971903694,
        28.518525731318892
       ],
       [
        77.07521824781448,
        28.518519489505554
       ],
       [
        77.07522531556695,
        28.5188803162343
       ],
       [
        77.07481678540049,
        28.518886558140892
       ]
      ],
      [
       [
        77.07971205577951,
        28.518450748569844
       ],
       [
        77.07971913881008,
        28.51881157427153
       ],
       [
        77.07931061007541,
        28.518817829676465
       ],
       [
        77.07930352843374,
        28.51845700388132
       ],
       [
        77.07971205577951,
        28.518450748569844
       ]
      ],
      [
       [
        77.07970497287926,
        28.518089922847377
       ],
       [
        77.08011349870581,
        28.518083666402276
       ],
       [
        77.08012058299495,
        28.51844449203127
       ],
       [
        77.07971205577951,
        28.518450748569844
       ],
       [
        77.07970497287926,
        28.518089922847377
       ]
      ],
      [
       [
        77.0743729315307,
        28.517088664036358
       ],
       [
        77.07436586720598,
        28.51672783701722
       ],
       [
        77.07518291100251,
        28.51671535555014
       ],
       [
        77.07519704533722,
        28.517437009194648
       ],
       [
        77.07601409416891,
        28.517424522446355
       ],
       [
        77.076021164309,
        28.517785349050865
       ],
       [
        77.07561263856932,
        28.517791593131832
       ],
       [
        77.07561970745061,
        28.51815241980886
       ],
       [
        77.07480265280338,
        28.518164904476112
       ],
       [
        77.07479558669985,
        28.517804077612553
       ],
       [
        77.07397853431036,
        28.51781655718496
       ],
       [
        77.07396440804865,
        28.51709490302259
       ],
       [
        77.0743729315307,
        28.517088664036358
       ]
      ],
      [
       [
        77.08623426545805,
        28.51762884823217
       ],
       [
        77.08622716059737,
        28.517268023965954
       ],
       [
        77.08704420238756,
        28.517255470957753
       ],
       [
        77.08705131002583,
        28.517616295036415
       ],
       [
        77.08623426545805,
        28.51762884823217
       ]
      ],
      [
       [
        77.08619874246182,
        28.515824726693115
       ],
       [
        77.08621295126817,
        28.51654637537112
       ],
       [
        77.0858044329545,
        28.516552649847196
       ],
       [
        77.0857973298747,
        28.51619182542484
       ],
       [
        77.08538881281908,
        28.516198098580194
       ],
       [
        77.08538171125866,
        28.515837274043307
       ],
       [
        77.08619874246182,
        28.515824726693115
       ]
      ],
      [
       [
        77.06782245616056,
        28.516466683532467
       ],
       [
        77.06781541431604,
        28.516105854982488
       ],
       [
        77.06822393557823,
        28.516099634680877
       ],
       [
        77.06823097881151,
        28.516460463137914
       ],
       [
        77.06782245616056,
        28.516466683532467
       ]
      ],
      [
       [
        77.08414196907718,
        28.515134436168196
       ],
       [
        77.08415616347405,
        28.515856085866506
       ],
       [
        77.08333913096467,
        28.515868620947213
       ],
       [
        77.0833178478972,
        28.514786145806674
       ],
       [
        77.08372636005119,
        28.514779879160713
       ],
       [
        77.08373345566511,
        28.515140704134712
       ],
       [
        77.08414196907718,
        28.515134436168196
       ]
      ],
      [
       [
        77.07228091388309,
        28.51459405386545
       ],
       [
        77.07227385741128,
        28.514233226234982
       ],
       [
        77.07309088306525,
        28.51422075834228
       ],
       [
        77.07309794231433,
        28.51458158578645
       ],
       [
        77.07228091388309,
        28.51459405386545
       ]
      ],
      [
       [
        77.07554902448996,
        28.514544152103483
       ],
       [
        77.07554195690913,
        28.514183325218664
       ],
       [
        77.07635898048376,
        28.514170837695662
       ],
       [
        77.07636605084181,
        28.514531664393886
       ],
       [
        77.07554902448996,
        28.514544152103483
       ]
      ],
      [
       [
        77.07104831795665,
        28.514251918872265
       ],
       [
        77.07103421373412,
        28.513530262990386
       ],
       [
        77.07144272423825,
        28.513524033524366
       ],
       [
        77.07145683123798,
        28.514245689220076
       ],
       [
        77.07104831795665,
        28.514251918872265
       ]
      ],
      [
       [
        77.08777592886771,
        28.5129130247269
       ],
       [
        77.08776882015236,
        28.5125522005655
       ],
       [
        77.08817732253775,
        28.512545920986764
       ],
       [
        77.08818443264157,
        28.512906745054327
       ],
       [
        77.08777592886771,
        28.5129130247269
       ]
      ],
      [
       [
        77.07669678176512,
        28.51055632490188
       ],
       [
        77.0766897114496,
        28.51019549806841
       ],
       [
        77.07709820763863,
        28.510189252266418
       ],
       [
        77.07710527934249,
        28.510550079006556
       ],
       [
        77.07669678176512,
        28.51055632490188
       ]
      ],
      [
       [
        77.07908406215616,
        28.507271393922633
       ],
       [
        77.07907698468281,
        28.506910567462413
       ],
       [
        77.079485467597,
        28.50690431514134
       ],
       [
        77.07949254645843,
        28.50726514150812
       ],
       [
        77.07908406215616,
        28.507271393922633
       ]
      ]
     ],
     [
      [
       [
        77.07423289592353,
        28.53080631789406
       ],
       [
        77.07424703206425,
        28.53152797047705
       ],
       [
        77.07465561111943,
        28.531521727761547
       ],
       [
        77.07466268077467,
        28.531882553928614
       ],
       [
        77.07547984127454,
        28.531870064627753
       ],
       [
        77.07547276883959,
        28.53150923864723
       ],
       [
        77.07588134750453,
        28.531502992248413
       ],
       [
        77.07587427380987,
        28.531142166340402
       ],
       [
        77.07546569653474,
        28.531148412645912
       ],
       [
        77.07545862436,
        28.530787586623813
       ],
       [
        77.07423289592353,
        28.53080631789406
       ]
      ]
     ],
     [
      [
       [
        77.08291944193722,
        28.536087329876974
       ],
       [
        77.08332803632553,
        28.536081060161298
       ],
       [
        77.08330673549072,
        28.5349985882336
       ],
       [
        77.0828981452727,
        28.535004857668362
       ],
       [
        77.08291944193722,
        28.536087329876974
       ]
      ]
     ],
     [
      [
       [
        77.0820880604224,
        28.535378217131658
       ],
       [
        77.08209515653037,
        28.535739041388414
       ],
       [
        77.08168656314052,
        28.535745307326554
       ],
       [
        77.08167946842264,
        28.535384482976216
       ],
       [
        77.08127087629238,
        28.535390747592825
       ],
       [
        77.08127796962016,
        28.535751572036723
       ],
       [
        77.08086937596931,
        28.53575783551892
       ],
       [
        77.08087646803746,
        28.536118660035566
       ],
       [
        77.0821022527689,
        28.536099865624372
       ],
       [
        77.08210934913795,
        28.536460689839526
       ],
       [
        77.08292654108658,
        28.53644815390491
       ],
       [
        77.08291944193722,
        28.536087329876974
       ],
       [
        77.08251084741835,
        28.536093598364666
       ],
       [
        77.08249665229162,
        28.53537195005915
       ],
       [
        77.0820880604224,
        28.535378217131658
       ]
      ]
     ],
     [
      [
       [
        77.08415943148049,
        28.53679016451914
       ],
       [
        77.08415232803004,
        28.53642934079297
       ],
       [
        77.08374373251286,
        28.53643561305828
       ],
       [
        77.08375083457311,
        28.536796436878124
       ],
       [
        77.08415943148049,
        28.53679016451914
       ]
      ]
     ],
     [
      [
       [
        77.08294783931815,
        28.53753062586391
       ],
       [
        77.08376503908559,
        28.5375180844554
       ],
       [
        77.08375793676403,
        28.53715726067716
       ],
       [
        77.08294073977703,
        28.537169801898376
       ],
       [
        77.08294783931815,
        28.53753062586391
       ]
      ]
     ],
     [
      [
       [
        77.09062121579832,
        28.512147394227217
       ],
       [
        77.091029715879,
        28.51214110615507
       ],
       [
        77.09102259631803,
        28.511780282703253
       ],
       [
        77.09061409762573,
        28.511786570681444
       ],
       [
        77.09062121579832,
        28.512147394227217
       ]
      ]
     ],
     [
      [
       [
        77.08984691036824,
        28.514324908656317
       ],
       [
        77.09025541904175,
        28.51431862247409
       ],
       [
        77.09024830147187,
        28.51395779895918
       ],
       [
        77.0898397941869,
        28.513964085047473
       ],
       [
        77.08984691036824,
        28.514324908656317
       ]
      ]
     ],
     [
      [
       [
        77.08750248902275,
        28.51977496007033
       ],
       [
        77.08750959896544,
        28.520135783909584
       ],
       [
        77.08669253521458,
        28.520148340872602
       ],
       [
        77.08670674993631,
        28.520869988863932
       ],
       [
        77.08711528465516,
        28.520863710808417
       ],
       [
        77.0871081758399,
        28.520502886916947
       ],
       [
        77.08792524210716,
        28.520490327311965
       ],
       [
        77.08791101931301,
        28.519768679841906
       ],
       [
        77.08750248902275,
        28.51977496007033
       ]
      ]
     ],
     [
      [
       [
        77.08919353705274,
        28.522636418921987
       ],
       [
        77.08917930435372,
        28.52191477226476
       ],
       [
        77.08877076612185,
        28.52192105673791
       ],
       [
        77.0887849960426,
        28.522642703582914
       ],
       [
        77.08919353705274,
        28.522636418921987
       ]
      ]
     ],
     [
      [
       [
        77.09165190524406,
        28.52295950791725
       ],
       [
        77.09206044672635,
        28.522953214571356
       ],
       [
        77.09204619431738,
        28.522231569271213
       ],
       [
        77.09163765561338,
        28.522237862429066
       ],
       [
        77.09165190524406,
        28.52295950791725
       ]
      ]
     ],
     [
      [
       [
        77.09082769978374,
        28.52261126800547
       ],
       [
        77.09084194411989,
        28.523332913828
       ],
       [
        77.09125048725349,
        28.523326622842717
       ],
       [
        77.09125761100732,
        28.52368744562879
       ],
       [
        77.09166615539908,
        28.523681153322194
       ],
       [
        77.09165190524406,
        28.52295950791725
       ],
       [
        77.09124336363071,
        28.522965800035845
       ],
       [
        77.091236240139,
        28.522604977208154
       ],
       [
        77.09082769978374,
        28.52261126800547
       ]
      ]
     ],
     [
      [
       [
        77.09669010880057,
        28.52973951329174
       ],
       [
        77.0966972529793,
        28.530100334479666
       ],
       [
        77.09710582067467,
        28.530094024521517
       ],
       [
        77.0970915296694,
        28.52937238231334
       ],
       [
        77.09627439970572,
        28.529385000625048
       ],
       [
        77.0962815423634,
        28.529745821928017
       ],
       [
        77.09669010880057,
        28.52973951329174
       ]
      ]
     ],
     [
      [
       [
        77.09469723867156,
        28.532296795372073
       ],
       [
        77.09510581536227,
        28.532290490987172
       ],
       [
        77.09509867595419,
        28.531929669547324
       ],
       [
        77.09469010065328,
        28.531935973838063
       ],
       [
        77.09469723867156,
        28.532296795372073
       ]
      ]
     ],
     [
      [
       [
        77.09232421090044,
        28.5363036376093
       ],
       [
        77.09231707977827,
        28.53594281573967
       ],
       [
        77.09190848826931,
        28.535949112470608
       ],
       [
        77.0919156180014,
        28.53630993443428
       ],
       [
        77.09232421090044,
        28.5363036376093
       ]
      ]
     ],
     [
      [
       [
        77.08460355442058,
        28.538588008782437
       ],
       [
        77.0845964489265,
        28.53822718525399
       ],
       [
        77.0841878465889,
        28.538233459215768
       ],
       [
        77.0841949506927,
        28.538594282837913
       ],
       [
        77.08460355442058,
        28.538588008782437
       ]
      ]
     ]
    ]
   }
  },
  {
   "type": "Feature",
   "properties": {
    "hotspot_id": "H002",
    "area_km2_from_pixels": 12.8256,
    "area_km2_from_polygon": 12.8256,
    "los_velocity_median_mm_per_yr": -13.586,
    "n_polygon_parts": 134
   },
   "geometry": {
    "type": "MultiPolygon",
    "coordinates": [
     [
      [
       [
        77.04517661006585,
        28.781733951527947
       ],
       [
        77.04518365192311,
        28.782094771070373
       ],
       [
        77.04559321110374,
        28.78208856655409
       ],
       [
        77.0455861678387,
        28.781727747103815
       ],
       [
        77.04517661006585,
        28.781733951527947
       ]
      ]
     ],
     [
      [
       [
        77.0447881738998,
        28.78282261355255
       ],
       [
        77.04478113319196,
        28.782461793959722
       ],
       [
        77.04519069390959,
        28.782455590591937
       ],
       [
        77.04518365192311,
        28.782094771070373
       ],
       [
        77.0431358540826,
        28.782125775042356
       ],
       [
        77.04314992410654,
        28.782847414985557
       ],
       [
        77.04355948674853,
        28.782841216488308
       ],
       [
        77.04356652336197,
        28.78320203633655
       ],
       [
        77.04397608728272,
        28.783195836506557
       ],
       [
        77.04396904926142,
        28.782835016750383
       ],
       [
        77.0447881738998,
        28.78282261355255
       ]
      ]
     ],
     [
      [
       [
        77.0415327613574,
        28.783954657430325
       ],
       [
        77.04152573152534,
        28.78359383716369
       ],
       [
        77.04111616542248,
        28.783600029641505
       ],
       [
        77.04112319384662,
        28.78396085000011
       ],
       [
        77.0415327613574,
        28.783954657430325
       ]
      ]
     ],
     [
      [
       [
        77.04582571135565,
        28.79399559670676
       ],
       [
        77.04664492227097,
        28.793983177868043
       ],
       [
        77.04663787192332,
        28.7936223592908
       ],
       [
        77.04622826793893,
        28.793628569238574
       ],
       [
        77.0462212191292,
        28.793267750548267
       ],
       [
        77.04663082170501,
        28.793261540692697
       ],
       [
        77.04662377161601,
        28.792900722073714
       ],
       [
        77.0470333726539,
        28.792894511069186
       ],
       [
        77.04701221893738,
        28.791812055363685
       ],
       [
        77.04742181562037,
        28.791805843394698
       ],
       [
        77.04740771097256,
        28.791084206337807
       ],
       [
        77.04781730470927,
        28.791077993312218
       ],
       [
        77.04781025117101,
        28.790717174844715
       ],
       [
        77.04862943543942,
        28.79070474525487
       ],
       [
        77.0486082671509,
        28.789622290280825
       ],
       [
        77.04819867930648,
        28.789628505419408
       ],
       [
        77.04817751640779,
        28.788546049980646
       ],
       [
        77.04858710002739,
        28.788539835118925
       ],
       [
        77.04858004457843,
        28.78817901668988
       ],
       [
        77.04898962666036,
        28.788172800679536
       ],
       [
        77.04897551333438,
        28.78745116394344
       ],
       [
        77.04979467147713,
        28.7874387285693
       ],
       [
        77.04980879043583,
        28.78816036493606
       ],
       [
        77.05021837212931,
        28.788154145202938
       ],
       [
        77.05022543321114,
        28.788514963262642
       ],
       [
        77.04981585010945,
        28.788521183088136
       ],
       [
        77.04982290991259,
        28.788882001219328
       ],
       [
        77.05023249442252,
        28.788875781301478
       ],
       [
        77.05023955576345,
        28.78923659931944
       ],
       [
        77.05146831274068,
        28.789217931842956
       ],
       [
        77.05147537843602,
        28.789578749562835
       ],
       [
        77.05188496524417,
        28.789572524496286
       ],
       [
        77.05185669760755,
        28.788129253861243
       ],
       [
        77.05226627865308,
        28.788123027923525
       ],
       [
        77.05227334677596,
        28.788483845521153
       ],
       [
        77.05268292910002,
        28.788477618250045
       ],
       [
        77.0526687901675,
        28.78775598321886
       ],
       [
        77.05225921065984,
        28.787762210305026
       ],
       [
        77.05225214279629,
        28.78740139266564
       ],
       [
        77.0526617208958,
        28.78739516567196
       ],
       [
        77.05264758274143,
        28.7866735305155
       ],
       [
        77.05305715789504,
        28.786667302465915
       ],
       [
        77.0530500876043,
        28.786306484948863
       ],
       [
        77.05264051385879,
        28.786312712905957
       ],
       [
        77.05262637648255,
        28.78559107762423
       ],
       [
        77.053035947412,
        28.785584849852107
       ],
       [
        77.0530430174433,
        28.785945667410914
       ],
       [
        77.05345258965107,
        28.785939438305505
       ],
       [
        77.05346673291892,
        28.786661073175488
       ],
       [
        77.05469545721205,
        28.7866423778592
       ],
       [
        77.05471668575996,
        28.78772482917468
       ],
       [
        77.05512626448908,
        28.78771859464318
       ],
       [
        77.05513334233953,
        28.788079411613985
       ],
       [
        77.05554292234697,
        28.788073175748995
       ],
       [
        77.05556416090207,
        28.789155626258342
       ],
       [
        77.0559737450043,
        28.789149388874588
       ],
       [
        77.05598082619068,
        28.78951020557664
       ],
       [
        77.0555712406802,
        28.78951644305302
       ],
       [
        77.05557832058821,
        28.789877259826813
       ],
       [
        77.05516873353953,
        28.78988349615482
       ],
       [
        77.05516165503983,
        28.789522679288424
       ],
       [
        77.0547520692696,
        28.78952891428284
       ],
       [
        77.054744992308,
        28.789168097302973
       ],
       [
        77.05433540781623,
        28.789174330963853
       ],
       [
        77.05431418193511,
        28.788091879621255
       ],
       [
        77.0539046015382,
        28.788098111763528
       ],
       [
        77.05389752791227,
        28.787737294515026
       ],
       [
        77.05348794879374,
        28.78774352532387
       ],
       [
        77.05350209335901,
        28.788465159985044
       ],
       [
        77.05309251129437,
        28.78847138973801
       ],
       [
        77.05309958236342,
        28.788832207129797
       ],
       [
        77.05391874917939,
        28.788819746197905
       ],
       [
        77.05392582319463,
        28.78918056338376
       ],
       [
        77.05351623844327,
        28.789186794562713
       ],
       [
        77.05352331118003,
        28.789547611820225
       ],
       [
        77.05393289733966,
        28.789541380548744
       ],
       [
        77.05394704601908,
        28.79026301481606
       ],
       [
        77.05312786793677,
        28.790275476488123
       ],
       [
        77.05314908347897,
        28.791357928287617
       ],
       [
        77.05355867681016,
        28.791351697794557
       ],
       [
        77.05356575032546,
        28.79171251492679
       ],
       [
        77.05438493941537,
        28.791700050032357
       ],
       [
        77.0543778630832,
        28.79133923308521
       ],
       [
        77.05519704883699,
        28.791326763411572
       ],
       [
        77.05518289092853,
        28.790605129824964
       ],
       [
        77.05559248079388,
        28.790598893311753
       ],
       [
        77.05558540062609,
        28.790238076579733
       ],
       [
        77.05640457715037,
        28.79022560001547
       ],
       [
        77.05641166013484,
        28.79058641656224
       ],
       [
        77.05682124961044,
        28.79058017632594
       ],
       [
        77.056778745203,
        28.78841527728803
       ],
       [
        77.057188326099,
        28.788409036366772
       ],
       [
        77.0571954112502,
        28.78876985283262
       ],
       [
        77.0576049934244,
        28.78876361057774
       ],
       [
        77.05761208011384,
        28.789124426930016
       ],
       [
        77.05802166356628,
        28.789118183341493
       ],
       [
        77.0580145754686,
        28.78875736708193
       ],
       [
        77.05883373916687,
        28.788744876367524
       ],
       [
        77.05886210360391,
        28.79018814053851
       ],
       [
        77.05845251618673,
        28.790194386887187
       ],
       [
        77.05846669636912,
        28.790916019032853
       ],
       [
        77.05887628660298,
        28.790909772498676
       ],
       [
        77.0588691950384,
        28.790548956529037
       ],
       [
        77.05968837229909,
        28.79053645992313
       ],
       [
        77.05968127804796,
        28.790175644118158
       ],
       [
        77.06009086507477,
        28.790169394046487
       ],
       [
        77.06009796073424,
        28.79053020975865
       ],
       [
        77.06050754903922,
        28.790523958353152
       ],
       [
        77.06051464623721,
        28.790884773951596
       ],
       [
        77.0596954666804,
        28.79089727570721
       ],
       [
        77.05970965583343,
        28.791618907212683
       ],
       [
        77.0601192484937,
        28.791612656769775
       ],
       [
        77.06012634467388,
        28.791973472398357
       ],
       [
        77.06094553242072,
        28.79196096760366
       ],
       [
        77.06095263154798,
        28.792321783025688
       ],
       [
        77.06054303633121,
        28.792328036136436
       ],
       [
        77.06055013418023,
        28.7926888516304
       ],
       [
        77.06136932730048,
        28.792676343982095
       ],
       [
        77.06136222663451,
        28.792315528673843
       ],
       [
        77.0617718215908,
        28.79230927308089
       ],
       [
        77.06178602586996,
        28.79303090349074
       ],
       [
        77.06219562351293,
        28.793024646470887
       ],
       [
        77.06217431306419,
        28.79194220110346
       ],
       [
        77.06299349950834,
        28.791929683897916
       ],
       [
        77.06300771197768,
        28.79265131379203
       ],
       [
        77.06259811600385,
        28.792657573201225
       ],
       [
        77.06260522102558,
        28.793018388209887
       ],
       [
        77.06342441565982,
        28.79300586796448
       ],
       [
        77.06341730782113,
        28.792645053141722
       ],
       [
        77.06423649911683,
        28.792632528117757
       ],
       [
        77.06421516793243,
        28.791550084082026
       ],
       [
        77.06462475915933,
        28.791543819987417
       ],
       [
        77.06461764761701,
        28.79118300536004
       ],
       [
        77.0658464162897,
        28.791164205909034
       ],
       [
        77.06583930065278,
        28.790803391539924
       ],
       [
        77.06502012448486,
        28.790815925562182
       ],
       [
        77.06499878680714,
        28.789733481771083
       ],
       [
        77.06336044980536,
        28.789758533807376
       ],
       [
        77.063367556601,
        28.790119348797308
       ],
       [
        77.06295797061628,
        28.79012560879692
       ],
       [
        77.06295086522891,
        28.789764793714035
       ],
       [
        77.06172211071758,
        28.789783565988188
       ],
       [
        77.06171500968537,
        28.789422750605663
       ],
       [
        77.06130542599595,
        28.78942900545556
       ],
       [
        77.06129832650225,
        28.789068189959252
       ],
       [
        77.06170790878343,
        28.789061935202238
       ],
       [
        77.06169370737034,
        28.78834030433271
       ],
       [
        77.06210328670485,
        28.78833404852055
       ],
       [
        77.06211038875445,
        28.78869486387286
       ],
       [
        77.06251996936686,
        28.788688606726886
       ],
       [
        77.06251286590907,
        28.788327791467495
       ],
       [
        77.06292244498297,
        28.78832153317354
       ],
       [
        77.06294375997192,
        28.78940397861025
       ],
       [
        77.0633533431401,
        28.78939771879654
       ],
       [
        77.0633462366052,
        28.789036903764824
       ],
       [
        77.06416539973398,
        28.789024380600527
       ],
       [
        77.06414407246245,
        28.787941935937862
       ],
       [
        77.06373449518779,
        28.787948197861507
       ],
       [
        77.06372738776625,
        28.787587382839174
       ],
       [
        77.06413696363278,
        28.787581121008508
       ],
       [
        77.06412985493353,
        28.787220306058266
       ],
       [
        77.0637202804751,
        28.787226567795937
       ],
       [
        77.06370606628394,
        28.786504937646782
       ],
       [
        77.06411563792625,
        28.786498676095093
       ],
       [
        77.0640943133934,
        28.785416230993604
       ],
       [
        77.0645038806813,
        28.785409968480106
       ],
       [
        77.06451099013648,
        28.78577078344183
       ],
       [
        77.06492055870191,
        28.785764519594576
       ],
       [
        77.06490633710608,
        28.785042889836273
       ],
       [
        77.06367763946623,
        28.785061677097755
       ],
       [
        77.06367053308776,
        28.784700861908252
       ],
       [
        77.06326096835494,
        28.78470712175432
       ],
       [
        77.0632893890193,
        28.786150382758805
       ],
       [
        77.06247024789894,
        28.786162899472327
       ],
       [
        77.06247735057487,
        28.78652371485709
       ],
       [
        77.06288692260823,
        28.786517457027784
       ],
       [
        77.06291534024736,
        28.787960717986177
       ],
       [
        77.06250576258161,
        28.787966976187192
       ],
       [
        77.06249865938445,
        28.787606160886014
       ],
       [
        77.06167950647833,
        28.787618673379605
       ],
       [
        77.0616724062277,
        28.78725785787172
       ],
       [
        77.06126283098733,
        28.787264112164348
       ],
       [
        77.06125573227506,
        28.78690329654269
       ],
       [
        77.06084615831256,
        28.786909549501615
       ],
       [
        77.0608248671812,
        28.78582710223273
       ],
       [
        77.0612344369196,
        28.785820849552373
       ],
       [
        77.0612202406671,
        28.78509921812104
       ],
       [
        77.06081067374464,
        28.785105470615683
       ],
       [
        77.06080357722165,
        28.784744654775828
       ],
       [
        77.06121314273618,
        28.784738402374032
       ],
       [
        77.06120604493546,
        28.784377586606137
       ],
       [
        77.06161560891185,
        28.7843713330565
       ],
       [
        77.06162980745931,
        28.78509296438565
       ],
       [
        77.0620393741213,
        28.785086709409534
       ],
       [
        77.06203227337451,
        28.78472589384829
       ],
       [
        77.06285140349178,
        28.78471338035969
       ],
       [
        77.06284430005945,
        28.784352564963395
       ],
       [
        77.06325386351472,
        28.784346306450974
       ],
       [
        77.06323965422534,
        28.78362467578158
       ],
       [
        77.06405877511337,
        28.78361215540655
       ],
       [
        77.06406588250857,
        28.78397297056575
       ],
       [
        77.06488500569071,
        28.783960445042098
       ],
       [
        77.06487789547982,
        28.783599630068917
       ],
       [
        77.0652874554674,
        28.783593365539126
       ],
       [
        77.06527323262135,
        28.782871735716153
       ],
       [
        77.06486367544937,
        28.782878000059874
       ],
       [
        77.06487078539938,
        28.783238815074846
       ],
       [
        77.06405166784855,
        28.78325134022646
       ],
       [
        77.06404456071414,
        28.78289052502548
       ],
       [
        77.0636350031509,
        28.78289678564736
       ],
       [
        77.06362789755464,
        28.782535970332503
       ],
       [
        77.06239922830619,
        28.78255474447563
       ],
       [
        77.06239212706352,
        28.78219392886105
       ],
       [
        77.06280168220225,
        28.78218767214687
       ],
       [
        77.06279457968213,
        28.78182685660432
       ],
       [
        77.06238502595113,
        28.78183311322559
       ],
       [
        77.0623708241172,
        28.781111481891987
       ],
       [
        77.06196127307128,
        28.781117737086873
       ],
       [
        77.06195417375736,
        28.78075692129584
       ],
       [
        77.06154462398884,
        28.78076317515731
       ],
       [
        77.0615517218951,
        28.781123991041245
       ],
       [
        77.06114217058871,
        28.781130243755072
       ],
       [
        77.06113507409009,
        28.780769427778278
       ],
       [
        77.06072552406114,
        28.78077567915873
       ],
       [
        77.06071842910035,
        28.780414863068213
       ],
       [
        77.06030888034886,
        28.780421113115317
       ],
       [
        77.06028760047022,
        28.77933866443995
       ],
       [
        77.05987805581131,
        28.77934491296814
       ],
       [
        77.05988514756649,
        28.779705729306958
       ],
       [
        77.05947560136991,
        28.779711976687487
       ],
       [
        77.05946851102227,
        28.77935116025588
       ],
       [
        77.05823987587479,
        28.779369894676414
       ],
       [
        77.05822570401489,
        28.778648261194054
       ],
       [
        77.05740661889654,
        28.778660744234674
       ],
       [
        77.05739953597656,
        28.778299927276755
       ],
       [
        77.05698999462993,
        28.77830616684376
       ],
       [
        77.05700415778483,
        28.779027800924073
       ],
       [
        77.05659461349329,
        28.77903403943599
       ],
       [
        77.05658753325838,
        28.77867322231362
       ],
       [
        77.05617799024444,
        28.778679459492473
       ],
       [
        77.05617091154691,
        28.77831864225659
       ],
       [
        77.0557613698106,
        28.77832487810239
       ],
       [
        77.0557684471006,
        28.778685695430898
       ],
       [
        77.05535890382693,
        28.778691930128904
       ],
       [
        77.05537305598145,
        28.77941356490849
       ],
       [
        77.05496350976289,
        28.77941979855125
       ],
       [
        77.05497765962156,
        28.780141433432494
       ],
       [
        77.05538720865529,
        28.780135199604572
       ],
       [
        77.05540136184848,
        28.780856834217133
       ],
       [
        77.05458225802063,
        28.780869301002795
       ],
       [
        77.05457518417442,
        28.780508483521803
       ],
       [
        77.0533465316823,
        28.78052717411866
       ],
       [
        77.05333946218877,
        28.780166356339187
       ],
       [
        77.05211081275219,
        28.7801850354939
       ],
       [
        77.05209668259981,
        28.779463399317482
       ],
       [
        77.05127758795766,
        28.779475845515027
       ],
       [
        77.05127052589104,
        28.77911502721064
       ],
       [
        77.05086097978315,
        28.779121248356297
       ],
       [
        77.05086804044221,
        28.779482066753086
       ],
       [
        77.0496393971187,
        28.779500723024405
       ],
       [
        77.04963234068235,
        28.779139904350522
       ],
       [
        77.04922279405645,
        28.779146120534346
       ],
       [
        77.04922984908521,
        28.779506939300553
       ],
       [
        77.04800120420822,
        28.779525580686098
       ],
       [
        77.04800825514363,
        28.779886399708307
       ],
       [
        77.04841780497296,
        28.77988018706134
       ],
       [
        77.04842485744535,
        28.780241005970414
       ],
       [
        77.04883440855293,
        28.780234791990647
       ],
       [
        77.04884146256238,
        28.780595610786555
       ],
       [
        77.04843191004716,
        28.780601824858607
       ],
       [
        77.04843896277835,
        28.780962643725946
       ],
       [
        77.04761985454438,
        28.780975068332967
       ],
       [
        77.04762690458954,
        28.781335887363962
       ],
       [
        77.04844601563894,
        28.78132346257241
       ],
       [
        77.04845306862893,
        28.781684281398007
       ],
       [
        77.04886262536728,
        28.781678067049068
       ],
       [
        77.04886967989444,
        28.782038885761498
       ],
       [
        77.04805056347283,
        28.782051313403358
       ],
       [
        77.04804351176118,
        28.78169049450635
       ],
       [
        77.04722439763759,
        28.781702917001244
       ],
       [
        77.04723849555913,
        28.782424555143372
       ],
       [
        77.04682893548778,
        28.78243076471437
       ],
       [
        77.04682188787014,
        28.782069945561513
       ],
       [
        77.04641232907727,
        28.782076153799665
       ],
       [
        77.04642642162624,
        28.78279779226891
       ],
       [
        77.04560729802148,
        28.78281020539205
       ],
       [
        77.0456143416742,
        28.783171024779737
       ],
       [
        77.04602390494905,
        28.783164818746325
       ],
       [
        77.04603095013886,
        28.78352563802098
       ],
       [
        77.04521182064417,
        28.783538049031428
       ],
       [
        77.0452047782701,
        28.783177229572466
       ],
       [
        77.04438565107434,
        28.783189635435875
       ],
       [
        77.04439269063265,
        28.783550455079084
       ],
       [
        77.04316399464678,
        28.7835690548453
       ],
       [
        77.04314992410654,
        28.782847414985557
       ],
       [
        77.04274036133549,
        28.782853612242132
       ],
       [
        77.04274739513319,
        28.783214432274487
       ],
       [
        77.04192826638823,
        28.783226823249652
       ],
       [
        77.04192123540624,
        28.782866003033284
       ],
       [
        77.04151167224812,
        28.782872196567844
       ],
       [
        77.04152573152534,
        28.78359383716369
       ],
       [
        77.04234486334411,
        28.783581448485915
       ],
       [
        77.04235892876893,
        28.784303088630345
       ],
       [
        77.04194936010819,
        28.78430928377359
       ],
       [
        77.04194232873921,
        28.783948463619804
       ],
       [
        77.0415327613574,
        28.783954657430325
       ],
       [
        77.04153979131844,
        28.784315477676095
       ],
       [
        77.04113022239972,
        28.78432167033785
       ],
       [
        77.04112319384662,
        28.78396085000011
       ],
       [
        77.04030405843824,
        28.78397323141749
       ],
       [
        77.04032513603653,
        28.78505569291977
       ],
       [
        77.03950599166468,
        28.785068069925632
       ],
       [
        77.03951301497251,
        28.78542889056849
       ],
       [
        77.03992258863092,
        28.785422702594058
       ],
       [
        77.03994366355181,
        28.786505164121788
       ],
       [
        77.03912450765766,
        28.786517539381155
       ],
       [
        77.03913153007278,
        28.78687836003246
       ],
       [
        77.0399506887832,
        28.786865984589305
       ],
       [
        77.03995771414348,
        28.78722680503597
       ],
       [
        77.04036729471353,
        28.787220615361154
       ],
       [
        77.04036026794509,
        28.786859795006404
       ],
       [
        77.04076984697807,
        28.78685360418262
       ],
       [
        77.04078390346021,
        28.787575244687382
       ],
       [
        77.04160306677198,
        28.787562858949318
       ],
       [
        77.04158197379326,
        28.786480398712666
       ],
       [
        77.04199155103123,
        28.78647420425823
       ],
       [
        77.0420196808935,
        28.787917484164087
       ],
       [
        77.04120051502328,
        28.787929872567947
       ],
       [
        77.04121457509557,
        28.788651512763632
       ],
       [
        77.03998581687352,
        28.78867008661404
       ],
       [
        77.03999986901191,
        28.78939172727791
       ],
       [
        77.04040945803146,
        28.789385537051576
       ],
       [
        77.04044459767518,
        28.791189637886593
       ],
       [
        77.04085419360774,
        28.791183445959547
       ],
       [
        77.04088934351743,
        28.79298754581328
       ],
       [
        77.04129894636363,
        28.79298135218531
       ],
       [
        77.04128488319573,
        28.792259712490328
       ],
       [
        77.04169448309582,
        28.79225351780513
       ],
       [
        77.04170854908081,
        28.79297515731615
       ],
       [
        77.04211815166899,
        28.7929689612058
       ],
       [
        77.0421251862636,
        28.79332978083801
       ],
       [
        77.0425347901313,
        28.79332358339445
       ],
       [
        77.04254886252494,
        28.79404522241223
       ],
       [
        77.04295846908083,
        28.794039023543387
       ],
       [
        77.04297254480814,
        28.79476066229362
       ],
       [
        77.04338215405227,
        28.794754461999418
       ],
       [
        77.0433891935183,
        28.795115281251178
       ],
       [
        77.04502763483806,
        28.795090467293157
       ],
       [
        77.04502058973718,
        28.79472964840983
       ],
       [
        77.04543019833538,
        28.79472344190925
       ],
       [
        77.04542315195508,
        28.794362623097193
       ],
       [
        77.04583275901534,
        28.79435641544752
       ],
       [
        77.04582571135565,
        28.79399559670676
       ]
      ],
      [
       [
        77.04500649992316,
        28.79400801058055
       ],
       [
        77.04499241062608,
        28.793286372667794
       ],
       [
        77.04540201358972,
        28.793280166535812
       ],
       [
        77.04540905958225,
        28.79364098541047
       ],
       [
        77.04581866382523,
        28.79363477794513
       ],
       [
        77.04582571135565,
        28.79399559670676
       ],
       [
        77.04500649992316,
        28.79400801058055
       ]
      ],
      [
       [
        77.0445828075332,
        28.79329257755857
       ],
       [
        77.04457576448709,
        28.792931758478748
       ],
       [
        77.04416616267359,
        28.792937962036223
       ],
       [
        77.04415207978604,
        28.792216323629766
       ],
       [
        77.04456167878247,
        28.792210120256513
       ],
       [
        77.04456872157017,
        28.79257093937807
       ],
       [
        77.04497832184592,
        28.79256473467155
       ],
       [
        77.04499241062608,
        28.793286372667794
       ],
       [
        77.0445828075332,
        28.79329257755857
       ]
      ],
      [
       [
        77.04978055303646,
        28.786717092119034
       ],
       [
        77.04937097684609,
        28.78672331024186
       ],
       [
        77.0493639192281,
        28.78636249189308
       ],
       [
        77.05059264318642,
        28.786343834079112
       ],
       [
        77.05060676700046,
        28.787065470201647
       ],
       [
        77.05101634421035,
        28.78705924826388
       ],
       [
        77.05103047135893,
        28.78778088411812
       ],
       [
        77.05021131117701,
        28.787793327122355
       ],
       [
        77.05020425035424,
        28.78743250902089
       ],
       [
        77.04979467147713,
        28.7874387285693
       ],
       [
        77.04978055303646,
        28.786717092119034
       ]
      ],
      [
       [
        77.05595958302122,
        28.788427755407817
       ],
       [
        77.05594542155777,
        28.78770612185751
       ],
       [
        77.05635499989727,
        28.787699883603352
       ],
       [
        77.05634791795227,
        28.787339066889505
       ],
       [
        77.05675749475371,
        28.787332827487127
       ],
       [
        77.056778745203,
        28.78841527728803
       ],
       [
        77.05595958302122,
        28.788427755407817
       ]
      ],
      [
       [
        77.06092423582032,
        28.790878521212235
       ],
       [
        77.0609313345569,
        28.791239336696933
       ],
       [
        77.0605217435654,
        28.791245589529133
       ],
       [
        77.06051464623721,
        28.790884773951596
       ],
       [
        77.06092423582032,
        28.790878521212235
       ]
      ],
      [
       [
        77.06091003873786,
        28.79015689018015
       ],
       [
        77.0613196253741,
        28.790150636385487
       ],
       [
        77.06133382527322,
        28.790872267231848
       ],
       [
        77.06092423582032,
        28.790878521212235
       ],
       [
        77.06091003873786,
        28.79015689018015
       ]
      ],
      [
       [
        77.06134092541816,
        28.791233082623684
       ],
       [
        77.06134802569336,
        28.791593897994634
       ],
       [
        77.0609384334237,
        28.791600152160743
       ],
       [
        77.0609313345569,
        28.791239336696933
       ],
       [
        77.06134092541816,
        28.791233082623684
       ]
      ],
      [
       [
        77.06377714245535,
        28.790113087556705
       ],
       [
        77.06380557657509,
        28.791556346935575
       ],
       [
        77.06257680172072,
        28.791575128049885
       ],
       [
        77.06255548861058,
        28.79049268271047
       ],
       [
        77.06337466352701,
        28.79048016376634
       ],
       [
        77.063367556601,
        28.790119348797308
       ],
       [
        77.06377714245535,
        28.790113087556705
       ]
      ],
      [
       [
        77.06117055788518,
        28.782573507453325
       ],
       [
        77.06158011482243,
        28.78256725436803
       ],
       [
        77.06158721337984,
        28.7829280701475
       ],
       [
        77.06035853795416,
        28.782946825960114
       ],
       [
        77.06035144362008,
        28.782586009902097
       ],
       [
        77.06076100081772,
        28.78257975929801
       ],
       [
        77.06074680972455,
        28.781858127304968
       ],
       [
        77.05992770083009,
        28.781870626901235
       ],
       [
        77.05992060829419,
        28.781509810687737
       ],
       [
        77.05951105505946,
        28.781516058532226
       ],
       [
        77.05950396406136,
        28.781155242205042
       ],
       [
        77.06114217058871,
        28.781130243755072
       ],
       [
        77.06117055788518,
        28.782573507453325
       ]
      ],
      [
       [
        77.05993479349613,
        28.782231443093846
       ],
       [
        77.05952523744595,
        28.78223769112391
       ],
       [
        77.05951814618766,
        28.78187687483851
       ],
       [
        77.05992770083009,
        28.781870626901235
       ],
       [
        77.05993479349613,
        28.782231443093846
       ]
      ],
      [
       [
        77.05948269184763,
        28.7800727930982
       ],
       [
        77.0598922394518,
        28.780066545624884
       ],
       [
        77.05990642361274,
        28.780788178198083
       ],
       [
        77.05949687319335,
        28.780794425856985
       ],
       [
        77.05948978245544,
        28.780433609488032
       ],
       [
        77.0590802333136,
        28.780439855813643
       ],
       [
        77.05906605504325,
        28.77971822282755
       ],
       [
        77.05947560136991,
        28.779711976687487
       ],
       [
        77.05948269184763,
        28.7800727930982
       ]
      ],
      [
       [
        77.04644051469235,
        28.783519430654707
       ],
       [
        77.04644756141931,
        28.783880249816296
       ],
       [
        77.04603799545794,
        28.783886457274754
       ],
       [
        77.04603095013886,
        28.78352563802098
       ],
       [
        77.04644051469235,
        28.783519430654707
       ]
      ],
      [
       [
        77.04726669295418,
        28.783867831177233
       ],
       [
        77.04727374262629,
        28.78422865013352
       ],
       [
        77.04645460827557,
        28.78424106895702
       ],
       [
        77.04644756141931,
        28.783880249816296
       ],
       [
        77.04726669295418,
        28.783867831177233
       ]
      ],
      [
       [
        77.04850244318226,
        28.78421001259282
       ],
       [
        77.0485094972075,
        28.78457083125146
       ],
       [
        77.04728079242771,
        28.784589469068955
       ],
       [
        77.04727374262629,
        28.78422865013352
       ],
       [
        77.04850244318226,
        28.78421001259282
       ]
      ],
      [
       [
        77.04203374659876,
        28.788639123991835
       ],
       [
        77.04202671368162,
        28.788278304088387
       ],
       [
        77.04325546574391,
        28.78825971189953
       ],
       [
        77.04326250288581,
        28.788620531526874
       ],
       [
        77.04367208805665,
        28.78861433155663
       ],
       [
        77.04367912673592,
        28.788975151071046
       ],
       [
        77.04326954015681,
        28.788981351133366
       ],
       [
        77.04327657755692,
        28.789342170718992
       ],
       [
        77.04245740119478,
        28.789354567304756
       ],
       [
        77.04247147074895,
        28.790076206781574
       ],
       [
        77.0420618795576,
        28.79008240339698
       ],
       [
        77.04204781282013,
        28.789360763736134
       ],
       [
        77.04163822431643,
        28.789366958926507
       ],
       [
        77.04163119254954,
        28.789006138972795
       ],
       [
        77.04122160532516,
        28.789012332830183
       ],
       [
        77.04121457509557,
        28.788651512763632
       ],
       [
        77.04203374659876,
        28.788639123991835
       ]
      ],
      [
       [
        77.04288106181124,
        28.79007000892513
       ],
       [
        77.04288809819029,
        28.790430828540213
       ],
       [
        77.04247850571961,
        28.790437026488686
       ],
       [
        77.04247147074895,
        28.790076206781574
       ],
       [
        77.04288106181124,
        28.79007000892513
       ]
      ],
      [
       [
        77.04329769053187,
        28.790424629350674
       ],
       [
        77.04329065274443,
        28.790063809827647
       ],
       [
        77.04410983422348,
        28.790051407909555
       ],
       [
        77.04411687482767,
        28.79041222724842
       ],
       [
        77.04370728274434,
        28.790418428920077
       ],
       [
        77.04372840110658,
        28.791500887087743
       ],
       [
        77.04331880466883,
        28.791507087794557
       ],
       [
        77.0433047284484,
        28.790785448852837
       ],
       [
        77.04289513469843,
        28.79079164813442
       ],
       [
        77.04288809819029,
        28.790430828540213
       ],
       [
        77.04329769053187,
        28.790424629350674
       ]
      ],
      [
       [
        77.04410279374846,
        28.789690588549824
       ],
       [
        77.04369320448185,
        28.789696790037294
       ],
       [
        77.04368616554433,
        28.789335970564608
       ],
       [
        77.04409575340262,
        28.789329769169214
       ],
       [
        77.04408871318591,
        28.788968949767753
       ],
       [
        77.0449078856984,
        28.788956543438214
       ],
       [
        77.04491492873169,
        28.789317362655456
       ],
       [
        77.04532451620241,
        28.789311157537078
       ],
       [
        77.04533860547328,
        28.79003279572467
       ],
       [
        77.04410983422348,
        28.790051407909555
       ],
       [
        77.04410279374846,
        28.789690588549824
       ]
      ],
      [
       [
        77.04452646678183,
        28.790406024335727
       ],
       [
        77.04453350892358,
        28.79076684356162
       ],
       [
        77.044123915561,
        28.790773046566425
       ],
       [
        77.04411687482767,
        28.79041222724842
       ],
       [
        77.04452646678183,
        28.790406024335727
       ]
      ],
      [
       [
        77.04167338508597,
        28.79117105838213
       ],
       [
        77.04290217133564,
        28.791152467707775
       ],
       [
        77.04290920810196,
        28.79151328726025
       ],
       [
        77.04209001458098,
        28.791525682468304
       ],
       [
        77.04210408286689,
        28.792247321878783
       ],
       [
        77.04169448309582,
        28.79225351780513
       ],
       [
        77.04167338508597,
        28.79117105838213
       ]
      ],
      [
       [
        77.04337511471537,
        28.794393642726796
       ],
       [
        77.04378472242169,
        28.79438744128339
       ],
       [
        77.04377768180527,
        28.79402662208197
       ],
       [
        77.04459689401307,
        28.794014215655594
       ],
       [
        77.0446039374468,
        28.794375034672804
       ],
       [
        77.04419432999885,
        28.79438123859872
       ],
       [
        77.0442013721531,
        28.794742057687177
       ],
       [
        77.04338215405227,
        28.794754461999418
       ],
       [
        77.04337511471537,
        28.794393642726796
       ]
      ],
      [
       [
        77.04336807550762,
        28.7940328234333
       ],
       [
        77.04336103642898,
        28.793672004118932
       ],
       [
        77.043770641318,
        28.79366580285968
       ],
       [
        77.04377768180527,
        28.79402662208197
       ],
       [
        77.04336807550762,
        28.7940328234333
       ]
      ],
      [
       [
        77.04579752200969,
        28.79255232153503
       ],
       [
        77.04538792199243,
        28.792558528723873
       ],
       [
        77.04538087638767,
        28.792197709786592
       ],
       [
        77.04579047499641,
        28.792191502689914
       ],
       [
        77.04579752200969,
        28.79255232153503
       ]
      ],
      [
       [
        77.06381979441741,
        28.79227797649963
       ],
       [
        77.0634102001128,
        28.792284238298073
       ],
       [
        77.06340309253488,
        28.791923423433516
       ],
       [
        77.06381268543103,
        28.791917161728044
       ],
       [
        77.06381979441741,
        28.79227797649963
       ]
      ],
      [
       [
        77.05437078688085,
        28.790978416117202
       ],
       [
        77.05355160342462,
        28.790990880641463
       ],
       [
        77.05354453016884,
        28.79063006346747
       ],
       [
        77.0543637108083,
        28.790617599128293
       ],
       [
        77.05437078688085,
        28.790978416117202
       ]
      ],
      [
       [
        77.04165932039113,
        28.790449418662465
       ],
       [
        77.04124972753335,
        28.79045561288777
       ],
       [
        77.04124269678785,
        28.79009479290466
       ],
       [
        77.04165228823723,
        28.790088598771348
       ],
       [
        77.04165932039113,
        28.790449418662465
       ]
      ],
      [
       [
        77.06128412790558,
        28.788346558903967
       ],
       [
        77.0612912271388,
        28.78870737444205
       ],
       [
        77.06088164613558,
        28.788713627865274
       ],
       [
        77.0608958421763,
        28.789435259064494
       ],
       [
        77.06048625822642,
        28.789441511432475
       ],
       [
        77.06047206500216,
        28.788719880047566
       ],
       [
        77.0596529023448,
        28.788732380689396
       ],
       [
        77.05964580874436,
        28.78837156477998
       ],
       [
        77.05923622862865,
        28.788377813146713
       ],
       [
        77.05922913656651,
        28.788016997123627
       ],
       [
        77.05800039966337,
        28.78803573450014
       ],
       [
        77.0579933119558,
        28.787674918177924
       ],
       [
        77.058812467205,
        28.787662428019942
       ],
       [
        77.05880537681121,
        28.78730161186231
       ],
       [
        77.06003410448496,
        28.787282867597153
       ],
       [
        77.06004119910313,
        28.78764368347644
       ],
       [
        77.06086035305114,
        28.787631180909752
       ],
       [
        77.06087454831057,
        28.78835281223433
       ],
       [
        77.06128412790558,
        28.788346558903967
       ]
      ],
      [
       [
        77.05758373413614,
        28.787681161395593
       ],
       [
        77.05757664796673,
        28.78732034495977
       ],
       [
        77.05798622437825,
        28.78731410183481
       ],
       [
        77.0579933119558,
        28.787674918177924
       ],
       [
        77.05758373413614,
        28.787681161395593
       ]
      ],
      [
       [
        77.0571670714252,
        28.78732658684388
       ],
       [
        77.05715290229256,
        28.78660495372419
       ],
       [
        77.056333754452,
        28.786617433399172
       ],
       [
        77.05632667289674,
        28.78625661662268
       ],
       [
        77.05591710018963,
        28.786262854506294
       ],
       [
        77.05590294028492,
        28.785541220705394
       ],
       [
        77.056312510176,
        28.78553498300704
       ],
       [
        77.05631959147141,
        28.7858957998253
       ],
       [
        77.05754830458905,
        28.78587707900763
       ],
       [
        77.05757664796673,
        28.78732034495977
       ],
       [
        77.0571670714252,
        28.78732658684388
       ]
      ],
      [
       [
        77.06374871042206,
        28.788669827843496
       ],
       [
        77.06333913020069,
        28.788676088712204
       ],
       [
        77.06333202392653,
        28.78831527363869
       ],
       [
        77.06374160273974,
        28.788309012862946
       ],
       [
        77.06374871042206,
        28.788669827843496
       ]
      ],
      [
       [
        77.04814930102131,
        28.787102775770073
       ],
       [
        77.04855887900816,
        28.78709656127751
       ],
       [
        77.04857298925891,
        28.78781819823997
       ],
       [
        77.04816340845574,
        28.7878244129171
       ],
       [
        77.04817046236705,
        28.78818523145931
       ],
       [
        77.04776088002626,
        28.7881914449878
       ],
       [
        77.04776793265879,
        28.788552263601396
       ],
       [
        77.04735834878038,
        28.788558475981223
       ],
       [
        77.04734424646118,
        28.78783683854864
       ],
       [
        77.04693466526984,
        28.787843049503035
       ],
       [
        77.04694171495657,
        28.788203868321997
       ],
       [
        77.04530338326538,
        28.78822870009918
       ],
       [
        77.0452963392115,
        28.787867880911477
       ],
       [
        77.04447717540685,
        28.787880289170182
       ],
       [
        77.0444842166443,
        28.78824110854215
       ],
       [
        77.04407463313999,
        28.788247310902214
       ],
       [
        77.04406759331076,
        28.787886491438147
       ],
       [
        77.0436580110855,
        28.787892692465196
       ],
       [
        77.04365097279361,
        28.787531872888174
       ],
       [
        77.04324139184742,
        28.787538072582223
       ],
       [
        77.04323435509284,
        28.78717725289228
       ],
       [
        77.04405351403973,
        28.787164852447415
       ],
       [
        77.0440394352853,
        28.786443213373225
       ],
       [
        77.0444490117488,
        28.786437011473666
       ],
       [
        77.04443493069478,
        28.78571537250021
       ],
       [
        77.04484450421295,
        28.785709169544035
       ],
       [
        77.04485154608344,
        28.786069988949077
       ],
       [
        77.04608027008688,
        28.786051372359232
       ],
       [
        77.046094362664,
        28.786773010553784
       ],
       [
        77.04650393988949,
        28.786766802357793
       ],
       [
        77.0465109877801,
        28.787127621331578
       ],
       [
        77.04733014465941,
        28.787115201032577
       ],
       [
        77.04733719549561,
        28.787476019801044
       ],
       [
        77.04815635467381,
        28.78746359435403
       ],
       [
        77.04814930102131,
        28.787102775770073
       ]
      ],
      [
       [
        77.04282477542571,
        28.787183451253373
       ],
       [
        77.04281774020836,
        28.786822631450516
       ],
       [
        77.04322731846733,
        28.786816433181468
       ],
       [
        77.04323435509284,
        28.78717725289228
       ],
       [
        77.04282477542571,
        28.787183451253373
       ]
      ],
      [
       [
        77.04607322399222,
        28.78569055323066
       ],
       [
        77.04689236986543,
        28.785678136151027
       ],
       [
        77.04689941877619,
        28.786038955095208
       ],
       [
        77.04608027008688,
        28.786051372359232
       ],
       [
        77.04607322399222,
        28.78569055323066
       ]
      ],
      [
       [
        77.05797204961324,
        28.786592469085928
       ],
       [
        77.05838162307856,
        28.78658622490556
       ],
       [
        77.05838871180413,
        28.786947041197717
       ],
       [
        77.05797913693074,
        28.78695328547081
       ],
       [
        77.05797204961324,
        28.786592469085928
       ]
      ],
      [
       [
        77.05837453448304,
        28.78622540859252
       ],
       [
        77.05919367820742,
        28.78621291669484
       ],
       [
        77.05920786116074,
        28.78693454892902
       ],
       [
        77.05879828654747,
        28.786940795683783
       ],
       [
        77.05879119641384,
        28.786579979484376
       ],
       [
        77.05838162307856,
        28.78658622490556
       ],
       [
        77.05837453448304,
        28.78622540859252
       ]
      ],
      [
       [
        77.05099515445936,
        28.785976794325943
       ],
       [
        77.05140472731541,
        28.78597057142455
       ],
       [
        77.05141179184422,
        28.78633138933233
       ],
       [
        77.05182136597871,
        28.786325165097697
       ],
       [
        77.0518284320452,
        28.786685982892156
       ],
       [
        77.05100928083043,
        28.78669843030545
       ],
       [
        77.05099515445936,
        28.785976794325943
       ]
      ],
      [
       [
        77.04115833790162,
        28.785764951480218
       ],
       [
        77.04115130883271,
        28.785404131225917
       ],
       [
        77.04197045498917,
        28.78539174410979
       ],
       [
        77.0419845188882,
        28.786113384229616
       ],
       [
        77.04116536709948,
        28.78612577171366
       ],
       [
        77.04117239642632,
        28.786486591926234
       ],
       [
        77.04035324130555,
        28.786498974630796
       ],
       [
        77.04033918841323,
        28.785777333817002
       ],
       [
        77.04115833790162,
        28.785764951480218
       ]
      ],
      [
       [
        77.04074173556104,
        28.785410322922775
       ],
       [
        77.0407276806261,
        28.784688682167687
       ],
       [
        77.04113725108176,
        28.784682490654735
       ],
       [
        77.04115130883271,
        28.785404131225917
       ],
       [
        77.04074173556104,
        28.785410322922775
       ]
      ],
      [
       [
        77.0600128214114,
        28.786200419833964
       ],
       [
        77.05960324987447,
        28.786206668884798
       ],
       [
        77.05958906462551,
        28.785485036752625
       ],
       [
        77.05999863334644,
        28.7854787878874
       ],
       [
        77.0600128214114,
        28.786200419833964
       ]
      ],
      [
       [
        77.05467422983247,
        28.785559926355788
       ],
       [
        77.05508380011314,
        28.78555369237976
       ],
       [
        77.05509087718453,
        28.78591450947587
       ],
       [
        77.05468130549585,
        28.785920743544473
       ],
       [
        77.05467422983247,
        28.785559926355788
       ]
      ],
      [
       [
        77.05507672317158,
        28.78519287526277
       ],
       [
        77.05548629191442,
        28.78518664013857
       ],
       [
        77.05549337026396,
        28.78554745716296
       ],
       [
        77.05508380011314,
        28.78555369237976
       ],
       [
        77.05507672317158,
        28.78519287526277
       ]
      ],
      [
       [
        77.05466715429891,
        28.78519910914622
       ],
       [
        77.05466007889515,
        28.784838291915765
       ],
       [
        77.05506964635987,
        28.7848320581249
       ],
       [
        77.05507672317158,
        28.78519287526277
       ],
       [
        77.05466715429891,
        28.78519910914622
       ]
      ],
      [
       [
        77.05098809146818,
        28.78561597630489
       ],
       [
        77.05095984079928,
        28.784172704011883
       ],
       [
        77.05136940661542,
        28.784166481572544
       ],
       [
        77.05136234286424,
        28.783805663539518
       ],
       [
        77.05177190714289,
        28.783799439951892
       ],
       [
        77.05179310300906,
        28.78488189371106
       ],
       [
        77.05261223962502,
        28.78486944225899
       ],
       [
        77.05261930798895,
        28.785230259952055
       ],
       [
        77.05220973833782,
        28.785236486390932
       ],
       [
        77.05221680542341,
        28.785597304155576
       ],
       [
        77.05098809146818,
        28.78561597630489
       ]
      ],
      [
       [
        77.05054321391816,
        28.783818106992676
       ],
       [
        77.05052909243598,
        28.783096470494403
       ],
       [
        77.05134821575061,
        28.783084027410837
       ],
       [
        77.05136234286424,
        28.783805663539518
       ],
       [
        77.05054321391816,
        28.783818106992676
       ]
      ],
      [
       [
        77.05876992679333,
        28.785497530760814
       ],
       [
        77.05836035768213,
        28.78550377590377
       ],
       [
        77.0583461814014,
        28.78478214313147
       ],
       [
        77.0587557476967,
        28.784775898174004
       ],
       [
        77.05876992679333,
        28.785497530760814
       ]
      ],
      [
       [
        77.0452329485416,
        28.784620507283144
       ],
       [
        77.04564251757735,
        28.78461430212181
       ],
       [
        77.04564956187623,
        28.78497512140515
       ],
       [
        77.04605913219072,
        28.784968914910895
       ],
       [
        77.04606617802683,
        28.785329734081206
       ],
       [
        77.04524703445261,
        28.785342146013285
       ],
       [
        77.0452329485416,
        28.784620507283144
       ]
      ],
      [
       [
        77.0489331764634,
        28.785286253234194
       ],
       [
        77.0485236056463,
        28.785292468506118
       ],
       [
        77.0485165513622,
        28.784931649889216
       ],
       [
        77.04892612077128,
        28.7849254347096
       ],
       [
        77.0489331764634,
        28.785286253234194
       ]
      ],
      [
       [
        77.05384801616417,
        28.785211573190843
       ],
       [
        77.05343844690215,
        28.785217803352012
       ],
       [
        77.0534313757223,
        28.784856985843934
       ],
       [
        77.05384094357633,
        28.784850755775288
       ],
       [
        77.05384801616417,
        28.785211573190843
       ]
      ],
      [
       [
        77.04196342323317,
        28.785030924018578
       ],
       [
        77.04155385162746,
        28.78503711810506
       ],
       [
        77.04154682140846,
        28.78467629790101
       ],
       [
        77.04195639160618,
        28.784670103906524
       ],
       [
        77.04196342323317,
        28.785030924018578
       ]
      ],
      [
       [
        77.04276849730066,
        28.784296892246342
       ],
       [
        77.04317806570332,
        28.7842906946216
       ],
       [
        77.04317103011051,
        28.783929874743883
       ],
       [
        77.04358059697616,
        28.783923675970456
       ],
       [
        77.04360170836571,
        28.785006135264844
       ],
       [
        77.04278256605755,
        28.785018532123278
       ],
       [
        77.04276849730066,
        28.784296892246342
       ]
      ],
      [
       [
        77.05014776843528,
        28.784545963457738
       ],
       [
        77.04973820082256,
        28.784552182267284
       ],
       [
        77.04973114257349,
        28.784191363885594
       ],
       [
        77.05014070877827,
        28.784185145168408
       ],
       [
        77.05014776843528,
        28.784545963457738
       ]
      ],
      [
       [
        77.06160850983349,
        28.784010517360578
       ],
       [
        77.06078938456625,
        28.784023023033445
       ],
       [
        77.06078228843384,
        28.78366220713092
       ],
       [
        77.06160141088537,
        28.78364970164378
       ],
       [
        77.06160850983349,
        28.784010517360578
       ]
      ],
      [
       [
        77.05340309230013,
        28.783413715602883
       ],
       [
        77.05381265452256,
        28.783407485904313
       ],
       [
        77.05381972659139,
        28.783768303403377
       ],
       [
        77.05341016296107,
        28.78377453319446
       ],
       [
        77.05340309230013,
        28.783413715602883
       ]
      ],
      [
       [
        77.05380558258348,
        28.783046668384372
       ],
       [
        77.05462470382342,
        28.78303420545033
       ],
       [
        77.05463177857817,
        28.783395022785182
       ],
       [
        77.05381265452256,
        28.783407485904313
       ],
       [
        77.05380558258348,
        28.783046668384372
       ]
      ],
      [
       [
        77.04848128188294,
        28.783127556491692
       ],
       [
        77.04766215675568,
        28.78313998220593
       ],
       [
        77.04764805550117,
        28.782418344331745
       ],
       [
        77.04846717499713,
        28.782405918986584
       ],
       [
        77.04848128188294,
        28.783127556491692
       ]
      ],
      [
       [
        77.05297232296687,
        28.782337490883275
       ],
       [
        77.05420099696384,
        28.782318802620242
       ],
       [
        77.0542080700512,
        28.782679620089407
       ],
       [
        77.05338895136738,
        28.782692080357087
       ],
       [
        77.05339602176889,
        28.783052897990423
       ],
       [
        77.05298646082457,
        28.783059126355816
       ],
       [
        77.05297232296687,
        28.782337490883275
       ]
      ],
      [
       [
        77.05831074297521,
        28.782978060835237
       ],
       [
        77.05830365568008,
        28.782617244313336
       ],
       [
        77.05871321352824,
        28.782610999912315
       ],
       [
        77.05872030223115,
        28.782971816341473
       ],
       [
        77.05831074297521,
        28.782978060835237
       ]
      ],
      [
       [
        77.05789409770188,
        28.782623487473742
       ],
       [
        77.05788701194453,
        28.782262670838232
       ],
       [
        77.05829656851495,
        28.782256427770545
       ],
       [
        77.05830365568008,
        28.782617244313336
       ],
       [
        77.05789409770188,
        28.782623487473742
       ]
      ],
      [
       [
        77.0574774552441,
        28.78226891266532
       ],
       [
        77.05748453959369,
        28.782629729393523
       ],
       [
        77.05707498135553,
        28.782635970072693
       ],
       [
        77.05706081560184,
        28.781914336410026
       ],
       [
        77.05787992631717,
        28.78190185418184
       ],
       [
        77.05788701194453,
        28.782262670838232
       ],
       [
        77.0574774552441,
        28.78226891266532
       ]
      ],
      [
       [
        77.05625586448937,
        28.78264844770916
       ],
       [
        77.05584630586142,
        28.78265468466646
       ],
       [
        77.05583922714294,
        28.782293867567628
       ],
       [
        77.0562487843631,
        28.782287630702964
       ],
       [
        77.05625586448937,
        28.78264844770916
       ]
      ],
      [
       [
        77.05092453037845,
        28.782368613175965
       ],
       [
        77.05051497147198,
        28.782374833912638
       ],
       [
        77.05050791118428,
        28.782014015590445
       ],
       [
        77.05009835355605,
        28.78202023499412
       ],
       [
        77.05008423618474,
        28.781298598102374
       ],
       [
        77.05049379099748,
        28.781292378883442
       ],
       [
        77.05050085102611,
        28.78165319724738
       ],
       [
        77.05091040711707,
        28.78164697669548
       ],
       [
        77.05092453037845,
        28.782368613175965
       ]
      ],
      [
       [
        77.06197547208984,
        28.78183936860628
       ],
       [
        77.0615659180983,
        28.781845622746406
       ],
       [
        77.06155881993158,
        28.781484806904267
       ],
       [
        77.06196837251542,
        28.781478552857024
       ],
       [
        77.06197547208984,
        28.78183936860628
       ]
      ],
      [
       [
        77.05662293573197,
        28.78047730771667
       ],
       [
        77.05703248565383,
        28.7804710688341
       ],
       [
        77.05703956794592,
        28.780831885759405
       ],
       [
        77.05785867021511,
        28.780819404087364
       ],
       [
        77.05787284081983,
        28.781541037504564
       ],
       [
        77.05705373291993,
        28.781553519547373
       ],
       [
        77.05704665036795,
        28.78119270266383
       ],
       [
        77.05663709763078,
        28.781198941731724
       ],
       [
        77.05663001661641,
        28.780838124734633
       ],
       [
        77.05622046515698,
        28.780844362469335
       ],
       [
        77.05620630633327,
        28.780122728227237
       ],
       [
        77.05661585497742,
        28.780116490677827
       ],
       [
        77.05662293573197,
        28.78047730771667
       ]
      ],
      [
       [
        77.05910150169464,
        28.781522305136143
       ],
       [
        77.05869194819974,
        28.781528550499516
       ],
       [
        77.058684860017,
        28.781167733986806
       ],
       [
        77.05909441210423,
        28.781161488716197
       ],
       [
        77.05910150169464,
        28.781522305136143
       ]
      ]
     ],
     [
      [
       [
        77.054307106901,
        28.787731062465298
       ],
       [
        77.05431418193511,
        28.788091879621255
       ],
       [
        77.05472376220223,
        28.788085646238077
       ],
       [
        77.05471668575996,
        28.78772482917468
       ],
       [
        77.054307106901,
        28.787731062465298
       ]
      ]
     ],
     [
      [
       [
        77.04898962666036,
        28.788172800679536
       ],
       [
        77.04899668351756,
        28.788533619016274
       ],
       [
        77.04981585010945,
        28.788521183088136
       ],
       [
        77.04980879043583,
        28.78816036493606
       ],
       [
        77.04898962666036,
        28.788172800679536
       ]
      ]
     ],
     [
      [
       [
        77.05515457666998,
        28.789161862401137
       ],
       [
        77.05516165503983,
        28.789522679288424
       ],
       [
        77.0555712406802,
        28.78951644305302
       ],
       [
        77.05556416090207,
        28.789155626258342
       ],
       [
        77.05515457666998,
        28.789161862401137
       ]
      ]
     ],
     [
      [
       [
        77.04942038379752,
        28.789249038098884
       ],
       [
        77.0494274424514,
        28.78960985628067
       ],
       [
        77.05024661723392,
        28.78959741731652
       ],
       [
        77.05023955576345,
        28.78923659931944
       ],
       [
        77.04942038379752,
        28.789249038098884
       ]
      ]
     ],
     [
      [
       [
        77.04903902737945,
        28.790698528598355
       ],
       [
        77.04904608514292,
        28.791059346788984
       ],
       [
        77.0494556783619,
        28.791053128799092
       ],
       [
        77.04946273766328,
        28.791413946876503
       ],
       [
        77.04987233216116,
        28.79140772755319
       ],
       [
        77.04986527145135,
        28.79104690956813
       ],
       [
        77.05068445724167,
        28.79103446738299
       ],
       [
        77.0506773938446,
        28.790673649561793
       ],
       [
        77.04903902737945,
        28.790698528598355
       ]
      ]
     ],
     [
      [
       [
        77.04824806393314,
        28.792154234045974
       ],
       [
        77.04826923071458,
        28.79323668885854
       ],
       [
        77.04908843444284,
        28.793224255494323
       ],
       [
        77.04908137590247,
        28.79286343742895
       ],
       [
        77.04949097616384,
        28.792857218977407
       ],
       [
        77.04948391634444,
        28.792496400983502
       ],
       [
        77.0490743174916,
        28.79250261934272
       ],
       [
        77.0490672592102,
        28.79214180123559
       ],
       [
        77.05070564821035,
        28.7921169207213
       ],
       [
        77.05071271212576,
        28.792477738458985
       ],
       [
        77.05194150674077,
        28.79245906476421
       ],
       [
        77.0519344385999,
        28.79209824730379
       ],
       [
        77.05234403513711,
        28.792092020349042
       ],
       [
        77.05235110468648,
        28.792452837717
       ],
       [
        77.05276070250251,
        28.792446609428666
       ],
       [
        77.05276777359009,
        28.792807426683243
       ],
       [
        77.0531773726849,
        28.79280119706128
       ],
       [
        77.05317030018881,
        28.792440379899194
       ],
       [
        77.05357989774537,
        28.792434149128585
       ],
       [
        77.05356575032546,
        28.79171251492679
       ],
       [
        77.05315615558584,
        28.79171874551236
       ],
       [
        77.05314908347897,
        28.791357928287617
       ],
       [
        77.05232989642744,
        28.791370385550504
       ],
       [
        77.05233696571743,
        28.791731202960225
       ],
       [
        77.05192737058867,
        28.7917374298225
       ],
       [
        77.05192030270712,
        28.791376612320327
       ],
       [
        77.05151070885714,
        28.791382837849063
       ],
       [
        77.05150364251365,
        28.79102202023358
       ],
       [
        77.05109404994246,
        28.791028244428816
       ],
       [
        77.0511081799422,
        28.79174987982376
       ],
       [
        77.04906020105831,
        28.7917809831076
       ],
       [
        77.04904608514292,
        28.791059346788984
       ],
       [
        77.0486364917945,
        28.791065563537806
       ],
       [
        77.048643548279,
        28.79142638179986
       ],
       [
        77.04823395339268,
        28.791432597399893
       ],
       [
        77.04822689831659,
        28.79107177904555
       ],
       [
        77.04781730470927,
        28.791077993312218
       ],
       [
        77.04783846610044,
        28.792160448589467
       ],
       [
        77.04824806393314,
        28.792154234045974
       ]
      ],
      [
       [
        77.05151777533025,
        28.79174365544369
       ],
       [
        77.05152484193302,
        28.792104473017414
       ],
       [
        77.05111524513649,
        28.792110697489917
       ],
       [
        77.0511081799422,
        28.79174987982376
       ],
       [
        77.05151777533025,
        28.79174365544369
       ]
      ]
     ],
     [
      [
       [
        77.05194150674077,
        28.79245906476421
       ],
       [
        77.05194857501132,
        28.792819882203734
       ],
       [
        77.05235817436555,
        28.792813655064066
       ],
       [
        77.05235110468648,
        28.792452837717
       ],
       [
        77.05194150674077,
        28.79245906476421
       ]
      ]
     ],
     [
      [
       [
        77.0470333726539,
        28.792894511069186
       ],
       [
        77.04704042415146,
        28.793255329595944
       ],
       [
        77.04785962865627,
        28.793242903678863
       ],
       [
        77.04785257434159,
        28.792882085336604
       ],
       [
        77.0470333726539,
        28.792894511069186
       ]
      ]
     ],
     [
      [
       [
        77.03928605580417,
        28.794816409083758
       ],
       [
        77.03929308118298,
        28.79517722925528
       ],
       [
        77.0397026929969,
        28.795171040040746
       ],
       [
        77.03969566620934,
        28.794810219961107
       ],
       [
        77.03928605580417,
        28.794816409083758
       ]
      ]
     ],
     [
      [
       [
        77.03930010669067,
        28.795538049405952
       ],
       [
        77.03929308118298,
        28.79517722925528
       ],
       [
        77.0388834692402,
        28.79518341722851
       ],
       [
        77.03889049333912,
        28.795544237471056
       ],
       [
        77.03930010669067,
        28.795538049405952
       ]
      ]
     ],
     [
      [
       [
        77.02619241565738,
        28.795735451782452
       ],
       [
        77.02619939621192,
        28.79609627484318
       ],
       [
        77.0266090149548,
        28.79609012516866
       ],
       [
        77.0266020329914,
        28.79572930219924
       ],
       [
        77.02619241565738,
        28.795735451782452
       ]
      ]
     ],
     [
      [
       [
        77.04628466307203,
        28.796515118009673
       ],
       [
        77.04631286374232,
        28.79795839189426
       ],
       [
        77.04672248463186,
        28.797952180839985
       ],
       [
        77.04670838122028,
        28.79723054412386
       ],
       [
        77.04711799916268,
        28.797224332012618
       ],
       [
        77.04711094624207,
        28.796863513715472
       ],
       [
        77.04670132970851,
        28.79686972573449
       ],
       [
        77.04669427832611,
        28.796508907324238
       ],
       [
        77.04628466307203,
        28.796515118009673
       ]
      ]
     ],
     [
      [
       [
        77.03607931480478,
        28.79847408549984
       ],
       [
        77.03607229953778,
        28.79811326478155
       ],
       [
        77.03566267529398,
        28.798119443558097
       ],
       [
        77.03565566156459,
        28.797758622727205
       ],
       [
        77.0352460386011,
        28.797764800170558
       ],
       [
        77.03526006337057,
        28.798486441994903
       ],
       [
        77.03607931480478,
        28.79847408549984
       ]
      ]
     ],
     [
      [
       [
        77.04428588808139,
        28.799071885120735
       ],
       [
        77.04429293191522,
        28.79943270393787
       ],
       [
        77.04470255908709,
        28.799426498722294
       ],
       [
        77.04469551384423,
        28.799065679997273
       ],
       [
        77.04428588808139,
        28.799071885120735
       ]
      ]
     ],
     [
      [
       [
        77.02633903419712,
        28.80331273168041
       ],
       [
        77.02674868112226,
        28.80330658017965
       ],
       [
        77.02674169659687,
        28.80294575762714
       ],
       [
        77.0263320510811,
        28.802951909036576
       ],
       [
        77.02633903419712,
        28.80331273168041
       ]
      ]
     ],
     [
      [
       [
        77.0613432841593,
        28.812166599055526
       ],
       [
        77.06135039058256,
        28.812527413307215
       ],
       [
        77.0617600645835,
        28.81252115375389
       ],
       [
        77.06175295675034,
        28.8121603395951
       ],
       [
        77.06216262921102,
        28.812154078892554
       ],
       [
        77.06216973845406,
        28.812514892958422
       ],
       [
        77.06380843263214,
        28.812489837355237
       ],
       [
        77.06382266278885,
        28.813211464680535
       ],
       [
        77.06341298662015,
        28.813217730630512
       ],
       [
        77.06342010048427,
        28.81357854435479
       ],
       [
        77.06382977806294,
        28.813572278311813
       ],
       [
        77.06383689346752,
        28.8139330919222
       ],
       [
        77.06424657232567,
        28.81392682454403
       ],
       [
        77.06423945551109,
        28.81356601102666
       ],
       [
        77.06505881001581,
        28.81355347272981
       ],
       [
        77.06505169051184,
        28.813192659377624
       ],
       [
        77.06546136615837,
        28.81318638845899
       ],
       [
        77.06548272929197,
        28.814268828173624
       ],
       [
        77.06507304941549,
        28.81427509937146
       ],
       [
        77.0650872893375,
        28.814996725929454
       ],
       [
        77.06549697203408,
        28.81499045454548
       ],
       [
        77.06548985059773,
        28.81462964137
       ],
       [
        77.06671889367354,
        28.814610820043896
       ],
       [
        77.06671176813771,
        28.81425000712684
       ],
       [
        77.0671214474916,
        28.814243730960158
       ],
       [
        77.06711432067647,
        28.813882918115308
       ],
       [
        77.06752399848966,
        28.81387664079958
       ],
       [
        77.06751687039524,
        28.813515828026986
       ],
       [
        77.06792654666774,
        28.81350954956225
       ],
       [
        77.0679194172941,
        28.81314873686192
       ],
       [
        77.06873876662691,
        28.81313617639236
       ],
       [
        77.0687316345642,
        28.81277536385753
       ],
       [
        77.06955098055394,
        28.812762798605856
       ],
       [
        77.06954384580227,
        28.812401986236605
       ],
       [
        77.0687245026323,
        28.812414551301796
       ],
       [
        77.06871023916094,
        28.81169292612757
       ],
       [
        77.06952957669151,
        28.81168036143533
       ],
       [
        77.06951530810416,
        28.810958736550415
       ],
       [
        77.07033463947215,
        28.810946167263012
       ],
       [
        77.07032036576923,
        28.81022454266751
       ],
       [
        77.0695010400402,
        28.810237111581813
       ],
       [
        77.06950817400676,
        28.81059792407657
       ],
       [
        77.06909850953622,
        28.810604206763966
       ],
       [
        77.06910564222387,
        28.81096501933106
       ],
       [
        77.06869597621277,
        28.81097130086967
       ],
       [
        77.06870310762145,
        28.811332113509074
       ],
       [
        77.06829344006977,
        28.81133839389886
       ],
       [
        77.06828631007086,
        28.810977581166252
       ],
       [
        77.06787664379819,
        28.81098386022079
       ],
       [
        77.06789802995777,
        28.812066298635475
       ],
       [
        77.0674883593249,
        28.812072576727495
       ],
       [
        77.06749548689639,
        28.81243338958374
       ],
       [
        77.06667614241877,
        28.812445942227804
       ],
       [
        77.0666832673012,
        28.812806755249436
       ],
       [
        77.06627359345646,
        28.812813029801415
       ],
       [
        77.06628071705964,
        28.813173842895257
       ],
       [
        77.06587104167433,
        28.81318011629821
       ],
       [
        77.06586391948107,
        28.812819303111254
       ],
       [
        77.06463489677125,
        28.812838115587937
       ],
       [
        77.06462777893833,
        28.81247730210089
       ],
       [
        77.0642181058505,
        28.812483570349123
       ],
       [
        77.064210989558,
        28.81212275674813
       ],
       [
        77.0654400042002,
        28.812103948556157
       ],
       [
        77.06544712472233,
        28.81246476187801
       ],
       [
        77.06585679741845,
        28.812458489903403
       ],
       [
        77.06584967548643,
        28.81209767667463
       ],
       [
        77.06625934664204,
        28.812091403550998
       ],
       [
        77.06625222343081,
        28.81173059039442
       ],
       [
        77.06666189304593,
        28.81172431612181
       ],
       [
        77.06665476855554,
        28.811363503037448
       ],
       [
        77.06706443663016,
        28.811357227615886
       ],
       [
        77.06705731086063,
        28.810996414603753
       ],
       [
        77.0666476441958,
        28.81100268993217
       ],
       [
        77.06664051996673,
        28.810641876805974
       ],
       [
        77.066230854581,
        28.81064815079923
       ],
       [
        77.06620236461018,
        28.809204897712885
       ],
       [
        77.06661202435708,
        28.8091986240921
       ],
       [
        77.06660490078133,
        28.808837810861352
       ],
       [
        77.06701455898795,
        28.80883153609176
       ],
       [
        77.06702168397334,
        28.80919234922937
       ],
       [
        77.0674313434589,
        28.80918607312469
       ],
       [
        77.06740283866301,
        28.807742820821392
       ],
       [
        77.06822214596524,
        28.807730265631616
       ],
       [
        77.06820788871345,
        28.80700863972721
       ],
       [
        77.06779823794673,
        28.80701491775665
       ],
       [
        77.06779111092645,
        28.8066541046799
       ],
       [
        77.06697181181984,
        28.80666665682697
       ],
       [
        77.06697893602116,
        28.80702747009004
       ],
       [
        77.0661596335729,
        28.80704001745607
       ],
       [
        77.06615251219054,
        28.806679204006752
       ],
       [
        77.0665621620705,
        28.806672931037777
       ],
       [
        77.06655503940931,
        28.806312117660664
       ],
       [
        77.06573574233767,
        28.806324662170592
       ],
       [
        77.06572862262597,
        28.80596384858637
       ],
       [
        77.06654791687875,
        28.80595130426263
       ],
       [
        77.06654079447883,
        28.805590490843706
       ],
       [
        77.06695043999986,
        28.80558421691229
       ],
       [
        77.06693619277321,
        28.80486259019796
       ],
       [
        77.0665265500709,
        28.804868863943117
       ],
       [
        77.0665194280629,
        28.804508050461457
       ],
       [
        77.06692906935587,
        28.804501776809428
       ],
       [
        77.06691482291318,
        28.80378014996964
       ],
       [
        77.06732446125692,
        28.80377387526219
       ],
       [
        77.06730308834514,
        28.802691435125123
       ],
       [
        77.06648381998235,
        28.80270398273956
       ],
       [
        77.06649094133721,
        28.803064796325756
       ],
       [
        77.06690057699312,
        28.80305852304622
       ],
       [
        77.06690769988782,
        28.803419336518388
       ],
       [
        77.06567878830056,
        28.803438152911372
       ],
       [
        77.06568590709817,
        28.803798966641953
       ],
       [
        77.06609554583379,
        28.803792695659524
       ],
       [
        77.06610266617125,
        28.8041535092761
       ],
       [
        77.06364482334365,
        28.804191117103713
       ],
       [
        77.06365193535584,
        28.804551931257652
       ],
       [
        77.06283265055079,
        28.80456445745251
       ],
       [
        77.06285397891388,
        28.80564690034672
       ],
       [
        77.06244433208761,
        28.805653161860395
       ],
       [
        77.06243722391226,
        28.80529234749028
       ],
       [
        77.062027578365,
        28.80529860766925
       ],
       [
        77.06200625884921,
        28.804216164154724
       ],
       [
        77.06282554135723,
        28.804203643112633
       ],
       [
        77.06281843229407,
        28.803842828751865
       ],
       [
        77.06240879251455,
        28.803849089800817
       ],
       [
        77.06240168499106,
        28.803488275326195
       ],
       [
        77.06199204649043,
        28.803494535040535
       ],
       [
        77.06198494050656,
        28.803133720452102
       ],
       [
        77.06157530328484,
        28.80313997883187
       ],
       [
        77.06158951256441,
        28.803861608173666
       ],
       [
        77.06117987239384,
        28.803867865497548
       ],
       [
        77.06119407937607,
        28.804589494941506
       ],
       [
        77.06078443625658,
        28.804595751209444
       ],
       [
        77.06077733410964,
        28.804234936405038
       ],
       [
        77.06036769226922,
        28.80424119133838
       ],
       [
        77.06038189387466,
        28.80496282111198
       ],
       [
        77.05956260416572,
        28.80497532762481
       ],
       [
        77.05956970234503,
        28.80533614266591
       ],
       [
        77.06038899487275,
        28.805323635967444
       ],
       [
        77.0604031972597,
        28.80604526561565
       ],
       [
        77.05999354824209,
        28.80605151977144
       ],
       [
        77.06000064822149,
        28.806412334657036
       ],
       [
        77.0591813469767,
        28.806424839428807
       ],
       [
        77.05917424981624,
        28.806064024357596
       ],
       [
        77.05876460040804,
        28.806070274787956
       ],
       [
        77.05875040929651,
        28.80534864439729
       ],
       [
        77.05711182163792,
        28.805373632958727
       ],
       [
        77.05711891149092,
        28.805734448535425
       ],
       [
        77.0562996140624,
        28.805746935550808
       ],
       [
        77.05629252702825,
        28.805386119788743
       ],
       [
        77.05588287952841,
        28.80539236134108
       ],
       [
        77.05587579403365,
        28.805031545465475
       ],
       [
        77.05546614781326,
        28.8050377856834
       ],
       [
        77.05545198003237,
        28.804316153684244
       ],
       [
        77.05586162343403,
        28.804309913651586
       ],
       [
        77.05586870866887,
        28.80467072956898
       ],
       [
        77.05627835334991,
        28.804664488201947
       ],
       [
        77.05628544012409,
        28.805025304005788
       ],
       [
        77.05669508608453,
        28.80501906130434
       ],
       [
        77.05668090984746,
        28.804297429861084
       ],
       [
        77.05627126670574,
        28.8043036723772
       ],
       [
        77.05626418019155,
        28.803942856531567
       ],
       [
        77.05585453832917,
        28.803949097713314
       ],
       [
        77.05584745335426,
        28.803588281754134
       ],
       [
        77.05666673413042,
        28.803575798334254
       ],
       [
        77.05667382192394,
        28.803936614108114
       ],
       [
        77.05708346352631,
        28.803930370442952
       ],
       [
        77.05706928525073,
        28.8032087390597
       ],
       [
        77.05788856242823,
        28.80319624837508
       ],
       [
        77.05786019616382,
        28.80175298609954
       ],
       [
        77.05826982892064,
        28.80174673926568
       ],
       [
        77.0582769217008,
        28.802107554773173
       ],
       [
        77.05909618964245,
        28.802095057195128
       ],
       [
        77.0590678080295,
        28.8006517957819
       ],
       [
        77.05701966538213,
        28.800683028560204
       ],
       [
        77.0570267535447,
        28.80104384440852
       ],
       [
        77.05743638374342,
        28.80103760024324
       ],
       [
        77.0574505632769,
        28.80175923169181
       ],
       [
        77.05622166383598,
        28.801777961019038
       ],
       [
        77.05621457823163,
        28.801417145027163
       ],
       [
        77.05662421009947,
        28.80141090325235
       ],
       [
        77.05661003646249,
        28.800689271391246
       ],
       [
        77.05620040741285,
        28.800695512980738
       ],
       [
        77.05618623711395,
        28.79997388085075
       ],
       [
        77.05659586334548,
        28.799967639446574
       ],
       [
        77.0565816907484,
        28.79924600741835
       ],
       [
        77.0561720673349,
        28.799252248637213
       ],
       [
        77.05616498264031,
        28.798891432499097
       ],
       [
        77.0557553605058,
        28.798897672383855
       ],
       [
        77.0557482773501,
        28.798536856132216
       ],
       [
        77.05492903550919,
        28.798549331992135
       ],
       [
        77.05493611584698,
        28.798910148428988
       ],
       [
        77.05452649332275,
        28.79891638458937
       ],
       [
        77.05450525692574,
        28.797833934938403
       ],
       [
        77.05491487522322,
        28.797827699055766
       ],
       [
        77.05490779527503,
        28.79746688255625
       ],
       [
        77.05408856136798,
        28.797479352894968
       ],
       [
        77.05408148436736,
        28.797118536189423
       ],
       [
        77.0532622527587,
        28.797131001377537
       ],
       [
        77.05324810478214,
        28.79640936753366
       ],
       [
        77.05365771783374,
        28.79640313574534
       ],
       [
        77.05365064263135,
        28.796042318884602
       ],
       [
        77.0540602541444,
        28.79603608594748
       ],
       [
        77.0540461013115,
        28.795314452348432
       ],
       [
        77.05363649261592,
        28.795320685100464
       ],
       [
        77.05361526856613,
        28.794238234267628
       ],
       [
        77.05402487303573,
        28.794232001793215
       ],
       [
        77.05399657048528,
        28.79278873409388
       ],
       [
        77.05358697164998,
        28.79279496619815
       ],
       [
        77.05359404568436,
        28.79315578324686
       ],
       [
        77.05277484480739,
        28.793168243916966
       ],
       [
        77.0527819161544,
        28.793529061129785
       ],
       [
        77.05237231411277,
        28.793535289695562
       ],
       [
        77.05238645437878,
        28.79425692424354
       ],
       [
        77.05156724427198,
        28.79426937802134
       ],
       [
        77.05156017689137,
        28.793908560572888
       ],
       [
        77.05074096908325,
        28.79392100920093
       ],
       [
        77.05073390464948,
        28.793560191546756
       ],
       [
        77.0503243019596,
        28.79356641390657
       ],
       [
        77.05031017629798,
        28.79284477835082
       ],
       [
        77.04990057629568,
        28.792850999284692
       ],
       [
        77.04990763765315,
        28.793211817165382
       ],
       [
        77.04949803611277,
        28.793218036950442
       ],
       [
        77.04951215639915,
        28.793939672833886
       ],
       [
        77.05033136498477,
        28.79392723165314
       ],
       [
        77.05033842813951,
        28.794288049378817
       ],
       [
        77.04992882250282,
        28.794294270682173
       ],
       [
        77.04995707078271,
        28.7957375417456
       ],
       [
        77.0495474593817,
        28.79574376217714
       ],
       [
        77.04956158148141,
        28.79646539776829
       ],
       [
        77.04915196713333,
        28.796471617143194
       ],
       [
        77.04915902696867,
        28.796832434999803
       ],
       [
        77.04874941108224,
        28.796838653225674
       ],
       [
        77.04876352832373,
        28.797560289060886
       ],
       [
        77.04753467143458,
        28.79757893684401
       ],
       [
        77.04754172602286,
        28.797939755007146
       ],
       [
        77.04672248463186,
        28.797952180839985
       ],
       [
        77.04675069300735,
        28.79939545402174
       ],
       [
        77.04552181304308,
        28.7994140845666
       ],
       [
        77.0455077170506,
        28.798692447464294
       ],
       [
        77.04632696485345,
        28.798680028711313
       ],
       [
        77.04631991423322,
        28.798319210313228
       ],
       [
        77.04550066924828,
        28.798331628881833
       ],
       [
        77.04549362157525,
        28.797970810278503
       ],
       [
        77.04590324272344,
        28.797964601707097
       ],
       [
        77.04587504768863,
        28.796521327453732
       ],
       [
        77.04628466307203,
        28.796515118009673
       ],
       [
        77.04627056351285,
        28.795793480942134
       ],
       [
        77.04668017594935,
        28.795787270441124
       ],
       [
        77.04669427832611,
        28.796508907324238
       ],
       [
        77.04833273804867,
        28.796484052168964
       ],
       [
        77.04831862440163,
        28.79576241602388
       ],
       [
        77.04872823619114,
        28.795756199316287
       ],
       [
        77.04872117815306,
        28.795395381304736
       ],
       [
        77.04831156777229,
        28.795401597920037
       ],
       [
        77.04829745490194,
        28.794679961649702
       ],
       [
        77.0474782393869,
        28.794692390787326
       ],
       [
        77.04747118596323,
        28.7943315724363
       ],
       [
        77.04706157942029,
        28.794337785050978
       ],
       [
        77.04707568357965,
        28.79505942191663
       ],
       [
        77.04666607408997,
        28.79506563347451
       ],
       [
        77.04667312495499,
        28.795426451968257
       ],
       [
        77.04626351392723,
        28.795432662377056
       ],
       [
        77.0462423659463,
        28.794350206556583
       ],
       [
        77.04583275901534,
        28.79435641544752
       ],
       [
        77.0458468547226,
        28.79507805286641
       ],
       [
        77.04543724484495,
        28.795084260700428
       ],
       [
        77.04544429148379,
        28.795445079470745
       ],
       [
        77.04585390277016,
        28.795438871544555
       ],
       [
        77.04586095094702,
        28.79579969020182
       ],
       [
        77.0454513382519,
        28.79580589822018
       ],
       [
        77.04545838514927,
        28.796166716948747
       ],
       [
        77.0450487709161,
        28.796172923817938
       ],
       [
        77.04505581653395,
        28.79653374261779
       ],
       [
        77.04464620076273,
        28.79653994833777
       ],
       [
        77.04463915655369,
        28.796179129445786
       ],
       [
        77.04381992744122,
        28.796191536977435
       ],
       [
        77.0438340103532,
        28.796913175108973
       ],
       [
        77.04342439278554,
        28.79691937719693
       ],
       [
        77.04343143302644,
        28.79728019632348
       ],
       [
        77.04384105200295,
        28.797273994143435
       ],
       [
        77.04385513568997,
        28.797995632149746
       ],
       [
        77.04426475735511,
        28.7979894285441
       ],
       [
        77.04427884437676,
        28.798711066282728
       ],
       [
        77.04468846873061,
        28.798704861251395
       ],
       [
        77.04469551384423,
        28.799065679997273
       ],
       [
        77.04510513947784,
        28.79905947363233
       ],
       [
        77.04511923291084,
        28.7997811108772
       ],
       [
        77.04470960445917,
        28.799787317426436
       ],
       [
        77.0447166499605,
        28.80014813610971
       ],
       [
        77.04430701997052,
        28.80015434150953
       ],
       [
        77.04431406419201,
        28.800515160264045
       ],
       [
        77.04390443266371,
        28.80052136451443
       ],
       [
        77.04391147560527,
        28.800882183340185
       ],
       [
        77.04350184253867,
        28.800888386441084
       ],
       [
        77.04349480100622,
        28.800527567523236
       ],
       [
        77.0418562730849,
        28.80055236714274
       ],
       [
        77.04184220168024,
        28.79983072850811
       ],
       [
        77.04429997587826,
        28.799793522734134
       ],
       [
        77.04429293191522,
        28.79943270393787
       ],
       [
        77.04347367718388,
        28.79944511064449
       ],
       [
        77.04346663616808,
        28.79908429164316
       ],
       [
        77.04305701001769,
        28.799090493042122
       ],
       [
        77.04306404962446,
        28.799451312135517
       ],
       [
        77.0426544219359,
        28.799457512385025
       ],
       [
        77.04264034566951,
        28.798735873993273
       ],
       [
        77.04304997054005,
        28.79872967392786
       ],
       [
        77.04304293119154,
        28.798368854792727
       ],
       [
        77.04263330772999,
        28.798375054766094
       ],
       [
        77.04261219468597,
        28.797292596959338
       ],
       [
        77.04179295582912,
        28.797304992629574
       ],
       [
        77.04178592122373,
        28.796944173134893
       ],
       [
        77.04219553930783,
        28.796937976012494
       ],
       [
        77.04218146766648,
        28.79621633714453
       ],
       [
        77.04177185240007,
        28.796222534082915
       ],
       [
        77.0417648181818,
        28.79586171452562
       ],
       [
        77.04217443203942,
        28.795855517679247
       ],
       [
        77.04216739654142,
        28.795494698193096
       ],
       [
        77.04175778409257,
        28.795500894947473
       ],
       [
        77.04173668259907,
        28.79441843608781
       ],
       [
        77.04132707424735,
        28.79442463132491
       ],
       [
        77.04134113896325,
        28.79514627076952
       ],
       [
        77.0409315276651,
        28.795152464949282
       ],
       [
        77.04093855880781,
        28.795513284732266
       ],
       [
        77.03930010669067,
        28.795538049405952
       ],
       [
        77.0393141580927,
        28.79625968964469
       ],
       [
        77.03890454192356,
        28.796265877893546
       ],
       [
        77.03889751756691,
        28.79590505769273
       ],
       [
        77.03848790267772,
        28.795911244608362
       ],
       [
        77.03847385716855,
        28.79518960396043
       ],
       [
        77.0388834692402,
        28.79518341722851
       ],
       [
        77.03886942142888,
        28.794461776680844
       ],
       [
        77.03723098363926,
        28.794486515425998
       ],
       [
        77.03724502018076,
        28.7952081567083
       ],
       [
        77.03683540759397,
        28.79521433847495
       ],
       [
        77.03684242464908,
        28.795575159176597
       ],
       [
        77.0364328105248,
        28.7955813397937
       ],
       [
        77.03644684220357,
        28.796302981317947
       ],
       [
        77.03603722513297,
        28.7963091608772
       ],
       [
        77.03604423975658,
        28.79666998169979
       ],
       [
        77.03563462114843,
        28.7966761601094
       ],
       [
        77.03561358189015,
        28.795593697303886
       ],
       [
        77.0360231962718,
        28.795587519169462
       ],
       [
        77.03600916792533,
        28.79486587737828
       ],
       [
        77.0355995563612,
        28.794872055329254
       ],
       [
        77.03558553134683,
        28.7941504132712
       ],
       [
        77.03599514009356,
        28.79414423550369
       ],
       [
        77.03598111277643,
        28.79342259354566
       ],
       [
        77.03434268828708,
        28.793447296434504
       ],
       [
        77.03434969624672,
        28.793808117790732
       ],
       [
        77.03394008839426,
        28.79381429050151
       ],
       [
        77.0339190691269,
        28.792731826095302
       ],
       [
        77.0335094653718,
        28.79273799728993
       ],
       [
        77.03352347527094,
        28.793459640431525
       ],
       [
        77.03311386857011,
        28.793465810568172
       ],
       [
        77.0330998614882,
        28.79274416724335
       ],
       [
        77.03228065333556,
        28.792756503426588
       ],
       [
        77.03226665240182,
        28.792034859652016
       ],
       [
        77.03185705095,
        28.79204102569872
       ],
       [
        77.03185005208431,
        28.791680203688585
       ],
       [
        77.03062125118417,
        28.791698694107083
       ],
       [
        77.03062824582426,
        28.792059516391763
       ],
       [
        77.03103784766118,
        28.79205335406859
       ],
       [
        77.0310658331392,
        28.793496642632814
       ],
       [
        77.03024661806818,
        28.79350896676995
       ],
       [
        77.03025361194122,
        28.793869789041867
       ],
       [
        77.03066322094955,
        28.793863627502432
       ],
       [
        77.0306702163596,
        28.79422444966204
       ],
       [
        77.02985099539721,
        28.79423677168258
       ],
       [
        77.0298370103402,
        28.793515126976637
       ],
       [
        77.02942740248395,
        28.793521285942088
       ],
       [
        77.02940643008634,
        28.792438818452478
       ],
       [
        77.02858722244088,
        28.792451132111076
       ],
       [
        77.02859421029463,
        28.792811954811313
       ],
       [
        77.02900381559007,
        28.79280579851119
       ],
       [
        77.02901779449945,
        28.793527443666278
       ],
       [
        77.02778896977672,
        28.793545909391327
       ],
       [
        77.02780294074685,
        28.79426755501139
       ],
       [
        77.02739332943223,
        28.794273707953277
       ],
       [
        77.02740729809746,
        28.794995353672682
       ],
       [
        77.02658806944886,
        28.795007656197882
       ],
       [
        77.0266020329914,
        28.79572930219924
       ],
       [
        77.0274212672752,
        28.79571699930872
       ],
       [
        77.02741428262226,
        28.795356176501127
       ],
       [
        77.02782389816316,
        28.795350023285167
       ],
       [
        77.02783088422491,
        28.7957108460014
       ],
       [
        77.02824050104647,
        28.795704691452702
       ],
       [
        77.02825447637214,
        28.796426336639886
       ],
       [
        77.02702561706994,
        28.79644479711001
       ],
       [
        77.0270186335696,
        28.79608397425277
       ],
       [
        77.0266090149548,
        28.79609012516866
       ],
       [
        77.02661599704626,
        28.796450948117236
       ],
       [
        77.02620637689452,
        28.796457097883053
       ],
       [
        77.02622731971069,
        28.79753956687764
       ],
       [
        77.02663694408919,
        28.797533416837897
       ],
       [
        77.02664392669301,
        28.79789423970309
       ],
       [
        77.02582467499,
        28.797906538723705
       ],
       [
        77.02583165490391,
        28.79826736175066
       ],
       [
        77.02624128222845,
        28.798261212769813
       ],
       [
        77.02624826367942,
        28.798622035684627
       ],
       [
        77.02665789228493,
        28.79861588537096
       ],
       [
        77.02666487527301,
        28.798976708173623
       ],
       [
        77.02707450515946,
        28.798970556527106
       ],
       [
        77.02708148968473,
        28.799331379217588
       ],
       [
        77.02667185838921,
        28.799337530955437
       ],
       [
        77.02667884163351,
        28.79969835371642
       ],
       [
        77.0262692088008,
        28.79970450430402
       ],
       [
        77.02627619076407,
        28.80006532713546
       ],
       [
        77.0266858250059,
        28.800059176456543
       ],
       [
        77.0266928085064,
        28.800419999175833
       ],
       [
        77.02751207942404,
        28.800407693910543
       ],
       [
        77.02751906587099,
        28.80076851642629
       ],
       [
        77.02669979213499,
        28.80078082187427
       ],
       [
        77.02671375977651,
        28.80150246720861
       ],
       [
        77.02712339952701,
        28.801496314922776
       ],
       [
        77.02713038494917,
        28.801857137467344
       ],
       [
        77.02672074378943,
        28.801863289844515
       ],
       [
        77.02673471219961,
        28.80258493505378
       ],
       [
        77.02714435617796,
        28.802578782493942
       ],
       [
        77.02715832791928,
        28.80330042743714
       ],
       [
        77.02674868112226,
        28.80330658017965
       ],
       [
        77.02675566577577,
        28.803667402711316
       ],
       [
        77.02880390552605,
        28.8036366261243
       ],
       [
        77.02881089735469,
        28.80399744817825
       ],
       [
        77.02840124825164,
        28.804003606070612
       ],
       [
        77.02840823879909,
        28.804364428195125
       ],
       [
        77.02799858815838,
        28.80437058493709
       ],
       [
        77.02801256681907,
        28.805092229306343
       ],
       [
        77.02924152681331,
        28.80507375480654
       ],
       [
        77.02926250845167,
        28.80615622038132
       ],
       [
        77.02967216575512,
        28.80615005945668
       ],
       [
        77.02966517033782,
        28.805789237710723
       ],
       [
        77.03048448174067,
        28.805776912318713
       ],
       [
        77.03047748363265,
        28.805416090734855
       ],
       [
        77.03088713773201,
        28.805409926267536
       ],
       [
        77.03088013834285,
        28.805049104754335
       ],
       [
        77.03128979090435,
        28.80504293913669
       ],
       [
        77.03128279023412,
        28.80468211769416
       ],
       [
        77.03169244125772,
        28.804675950926217
       ],
       [
        77.03171344788214,
        28.80575841491661
       ],
       [
        77.03212310300577,
        28.805752246632174
       ],
       [
        77.03210909564206,
        28.805030604175897
       ],
       [
        77.03251874781823,
        28.805024434832735
       ],
       [
        77.03253275800095,
        28.805746077105855
       ],
       [
        77.03294241286764,
        28.805739906337685
       ],
       [
        77.03293540630251,
        28.805379085303144
       ],
       [
        77.03334505963116,
        28.805372913384705
       ],
       [
        77.03333104406752,
        28.8046512714363
       ],
       [
        77.03292139355781,
        28.804657443171507
       ],
       [
        77.03290738132718,
        28.803935800956435
       ],
       [
        77.03208808555993,
        28.803948140335038
       ],
       [
        77.03208108245616,
        28.80358731901305
       ],
       [
        77.03167143578922,
        28.80359348674813
       ],
       [
        77.03166443422325,
        28.803232665313722
       ],
       [
        77.03207407948082,
        28.803226497670206
       ],
       [
        77.03206007391555,
        28.80250485492194
       ],
       [
        77.03246971622602,
        28.80249868621982
       ],
       [
        77.03247672035374,
        28.802859507512814
       ],
       [
        77.03329600740787,
        28.802847166200273
       ],
       [
        77.03328199364371,
        28.80212552395986
       ],
       [
        77.03451091480514,
        28.802107003228066
       ],
       [
        77.03452493702498,
        28.80282864491858
       ],
       [
        77.03493457997352,
        28.80282246867458
       ],
       [
        77.03494159268568,
        28.803183289396877
       ],
       [
        77.03535123691489,
        28.803177111819455
       ],
       [
        77.03535825116504,
        28.803537932429183
       ],
       [
        77.03617754205614,
        28.8035255733657
       ],
       [
        77.0361705249873,
        28.80316475293945
       ],
       [
        77.03658016883047,
        28.803158571636846
       ],
       [
        77.03659420591553,
        28.803880212284973
       ],
       [
        77.0357749124631,
        28.803892574015446
       ],
       [
        77.03578894442553,
        28.80461421494713
       ],
       [
        77.03619859403491,
        28.804608034519294
       ],
       [
        77.03619157657994,
        28.804247214155623
       ],
       [
        77.03701087259368,
        28.804234849758075
       ],
       [
        77.03702491327007,
        28.80495649009746
       ],
       [
        77.03743456390266,
        28.80495030585242
       ],
       [
        77.03742052040741,
        28.80422866569663
       ],
       [
        77.03783016809236,
        28.804222480393413
       ],
       [
        77.03782314512854,
        28.80386166037604
       ],
       [
        77.03823279127528,
        28.80385547392288
       ],
       [
        77.03824684015052,
        28.804577113753087
       ],
       [
        77.03865648898719,
        28.804570925874454
       ],
       [
        77.03866351502751,
        28.804931745666412
       ],
       [
        77.03907316514474,
        28.80492555645412
       ],
       [
        77.03906613769499,
        28.804564736754045
       ],
       [
        77.03947578627388,
        28.804558546391824
       ],
       [
        77.03946172894229,
        28.803836907112863
       ],
       [
        77.04028102007572,
        28.80382452303075
       ],
       [
        77.04026695762248,
        28.803102884035987
       ],
       [
        77.04067660017708,
        28.8030966903162
       ],
       [
        77.04065550323668,
        28.802014231943378
       ],
       [
        77.04229405525366,
        28.801989445751
       ],
       [
        77.04232924565179,
        28.80379354109488
       ],
       [
        77.04273889037978,
        28.80378734098248
       ],
       [
        77.04273185063262,
        28.80342652204748
       ],
       [
        77.04396077981376,
        28.803407914536052
       ],
       [
        77.04397486789328,
        28.804129551832727
       ],
       [
        77.04438451351396,
        28.80412334666125
       ],
       [
        77.04439155915692,
        28.80448416518617
       ],
       [
        77.0435722649676,
        28.804496574471564
       ],
       [
        77.04357930792096,
        28.804857393159818
       ],
       [
        77.04316965922308,
        28.80486359603192
       ],
       [
        77.04316261767913,
        28.8045027772516
       ],
       [
        77.04234332271474,
        28.804515179086348
       ],
       [
        77.0423503614399,
        28.80487599805077
       ],
       [
        77.04276001039607,
        28.80486979766225
       ],
       [
        77.04277409105258,
        28.8055914353444
       ],
       [
        77.04441269686124,
        28.805566620635663
       ],
       [
        77.04442678931032,
        28.806288257497624
       ],
       [
        77.04483644325845,
        28.8062820505316
       ],
       [
        77.04482939555976,
        28.8059212322032
       ],
       [
        77.04564870024913,
        28.80590881472988
       ],
       [
        77.04565575076681,
        28.80626963287397
       ],
       [
        77.04524609707727,
        28.80627584232371
       ],
       [
        77.04525314631475,
        28.80663666053909
       ],
       [
        77.04607245638357,
        28.806624240213377
       ],
       [
        77.04606540432702,
        28.806263422182365
       ],
       [
        77.04688471105938,
        28.806250997073576
       ],
       [
        77.0468776563132,
        28.805890179206113
       ],
       [
        77.0472873080758,
        28.805883964881186
       ],
       [
        77.04730142051659,
        28.80660560041073
       ],
       [
        77.0481207292915,
        28.80659316766627
       ],
       [
        77.0480854350655,
        28.804789079608515
       ],
       [
        77.04890472922784,
        28.804776642819668
       ],
       [
        77.04891179063291,
        28.805137460288364
       ],
       [
        77.04973108709599,
        28.805125018347724
       ],
       [
        77.0497452159325,
        28.80584665285309
       ],
       [
        77.04933556494684,
        28.805852874629014
       ],
       [
        77.04934262814999,
        28.806213691942734
       ],
       [
        77.04893297562529,
        28.806219912569166
       ],
       [
        77.04892591383164,
        28.805859095163115
       ],
       [
        77.04851626258692,
        28.805865314455374
       ],
       [
        77.04853038348475,
        28.80658694943124
       ],
       [
        77.04894003754848,
        28.806580729954337
       ],
       [
        77.04894709960121,
        28.80694154731862
       ],
       [
        77.04935675494495,
        28.806935326507514
       ],
       [
        77.04936381853676,
        28.80729614375858
       ],
       [
        77.04895416178346,
        28.807302364662025
       ],
       [
        77.04896828653658,
        28.80802399928619
       ],
       [
        77.04937794610909,
        28.808017778198067
       ],
       [
        77.0493850100896,
        28.808378595386472
       ],
       [
        77.0502043316652,
        28.80836614929967
       ],
       [
        77.0502113985946,
        28.808726966282475
       ],
       [
        77.05103072247105,
        28.80871451504304
       ],
       [
        77.05103779234946,
        28.80907533182012
       ],
       [
        77.05144745550285,
        28.80906910424502
       ],
       [
        77.05146159846815,
        28.809790737551687
       ],
       [
        77.0518712643113,
        28.809784508549676
       ],
       [
        77.05189248396138,
        28.81086695807566
       ],
       [
        77.05148281388888,
        28.810873187355032
       ],
       [
        77.05148988595519,
        28.811234003914354
       ],
       [
        77.05108021434314,
        28.811240232044092
       ],
       [
        77.05108728512931,
        28.81160104867497
       ],
       [
        77.05149695815123,
        28.811594820452807
       ],
       [
        77.05150403047699,
        28.81195563697037
       ],
       [
        77.05232337895146,
        28.811943176614765
       ],
       [
        77.05233045422675,
        28.8123039929265
       ],
       [
        77.05274012967925,
        28.812297760793005
       ],
       [
        77.05273305299404,
        28.81193694457376
       ],
       [
        77.05314272690684,
        28.811930711290636
       ],
       [
        77.05313564894155,
        28.81156989514301
       ],
       [
        77.05436466567127,
        28.811551188118507
       ],
       [
        77.05437883019106,
        28.812272819837553
       ],
       [
        77.05560785421106,
        28.812254101078462
       ],
       [
        77.05561494089558,
        28.81261491662883
       ],
       [
        77.05602461671891,
        28.81260867446554
       ],
       [
        77.05603170494335,
        28.81296948990237
       ],
       [
        77.05685105901989,
        28.812957001664
       ],
       [
        77.05682978627705,
        28.811874555846842
       ],
       [
        77.05723945889049,
        28.811868310142493
       ],
       [
        77.05723236682647,
        28.81150749492102
       ],
       [
        77.05641302428927,
        28.811519984902226
       ],
       [
        77.05639884619072,
        28.810798354025827
       ],
       [
        77.06049552547525,
        28.81073585629126
       ],
       [
        77.06050262855759,
        28.811096670812304
       ],
       [
        77.06009295980516,
        28.811102926267846
       ],
       [
        77.06010006160794,
        28.81146374086083
       ],
       [
        77.05969039131543,
        28.811469995167123
       ],
       [
        77.0596974918386,
        28.811830809832035
       ],
       [
        77.06051683511308,
        28.81181829979169
       ],
       [
        77.06052393858624,
        28.812179114250032
       ],
       [
        77.0613432841593,
        28.812166599055526
       ]
      ],
      [
       [
        77.06630208865312,
        28.814256282051314
       ],
       [
        77.06629496465797,
        28.8138954690202
       ],
       [
        77.06670464273256,
        28.813889194188853
       ],
       [
        77.06671176813771,
        28.81425000712684
       ],
       [
        77.06630208865312,
        28.814256282051314
       ]
      ],
      [
       [
        77.06574286217995,
        28.806685475733914
       ],
       [
        77.06533321203877,
        28.806691746219244
       ],
       [
        77.06532609360595,
        28.80633093256285
       ],
       [
        77.06573574233767,
        28.806324662170592
       ],
       [
        77.06574286217995,
        28.806685475733914
       ]
      ],
      [
       [
        77.06245144039336,
        28.806013976209602
       ],
       [
        77.06204179202729,
        28.80602023657442
       ],
       [
        77.06203468513097,
        28.805659422132283
       ],
       [
        77.06244433208761,
        28.805653161860395
       ],
       [
        77.06245144039336,
        28.806013976209602
       ]
      ],
      [
       [
        77.0554803161139,
        28.805759417598967
       ],
       [
        77.05507066694473,
        28.805765656760336
       ],
       [
        77.05505650146294,
        28.80504402465953
       ],
       [
        77.05546614781326,
        28.8050377856834
       ],
       [
        77.0554803161139,
        28.805759417598967
       ]
      ],
      [
       [
        77.05320566396676,
        28.794244465500828
       ],
       [
        77.05319859095167,
        28.793883648422266
       ],
       [
        77.05360819414243,
        28.79387741728159
       ],
       [
        77.05361526856613,
        28.794238234267628
       ],
       [
        77.05320566396676,
        28.794244465500828
       ]
      ],
      [
       [
        77.0507480336466,
        28.794281826834226
       ],
       [
        77.05075509833955,
        28.794642644446636
       ],
       [
        77.05116470512571,
        28.794636420568406
       ],
       [
        77.05117177135693,
        28.794997238067523
       ],
       [
        77.05035255483769,
        28.79500968476754
       ],
       [
        77.05033842813951,
        28.794288049378817
       ],
       [
        77.0507480336466,
        28.794281826834226
       ]
      ],
      [
       [
        77.0511859042083,
        28.795718873003125
       ],
       [
        77.05120003757817,
        28.796440507855205
       ],
       [
        77.05038080978896,
        28.796452955294438
       ],
       [
        77.05037374585677,
        28.79609213769404
       ],
       [
        77.04996413317656,
        28.79609835945926
       ],
       [
        77.04995707078271,
        28.7957375417456
       ],
       [
        77.0511859042083,
        28.795718873003125
       ]
      ],
      [
       [
        77.04350888420028,
        28.801249205338053
       ],
       [
        77.04268961486129,
        28.80126160799919
       ],
       [
        77.04268257601798,
        28.800900788918113
       ],
       [
        77.04350184253867,
        28.800888386441084
       ],
       [
        77.04350888420028,
        28.801249205338053
       ]
      ],
      [
       [
        77.04096668466848,
        28.79695656365551
       ],
       [
        77.04095965300982,
        28.796595743956
       ],
       [
        77.04177888674738,
        28.79658335361934
       ],
       [
        77.04178592122373,
        28.796944173134893
       ],
       [
        77.04096668466848,
        28.79695656365551
       ]
      ],
      [
       [
        77.04055003594755,
        28.796601937262263
       ],
       [
        77.04055706619734,
        28.79696275705373
       ],
       [
        77.04014744759723,
        28.796968949210545
       ],
       [
        77.04012636146123,
        28.795886489497754
       ],
       [
        77.04094559007949,
        28.795874104494366
       ],
       [
        77.04095965300982,
        28.796595743956
       ],
       [
        77.04055003594755,
        28.796601937262263
       ]
      ],
      [
       [
        77.04016150566594,
        28.79769058891475
       ],
       [
        77.0397518841191,
        28.797696780014004
       ],
       [
        77.03973782886821,
        28.796975140125966
       ],
       [
        77.04014744759723,
        28.796968949210545
       ],
       [
        77.04016150566594,
        28.79769058891475
       ]
      ],
      [
       [
        77.03565566156459,
        28.797758622727205
       ],
       [
        77.03606528439944,
        28.79775244404239
       ],
       [
        77.03605125450885,
        28.797030802501517
       ],
       [
        77.03646087439718,
        28.797024622758755
       ],
       [
        77.0364749071056,
        28.79774626411614
       ],
       [
        77.03688452968305,
        28.797740082948426
       ],
       [
        77.03689154763929,
        28.798100903504057
       ],
       [
        77.03648192365289,
        28.798107084763537
       ],
       [
        77.03649595713358,
        28.798828725995758
       ],
       [
        77.0356767031387,
        28.798841085157285
       ],
       [
        77.03568371725406,
        28.799201905925592
       ],
       [
        77.03486445992647,
        28.799214260304506
       ],
       [
        77.03485744862917,
        28.79885343935278
       ],
       [
        77.03280931010505,
        28.79888430311507
       ],
       [
        77.03280230598145,
        28.798523481684278
       ],
       [
        77.0344408114218,
        28.798498793523997
       ],
       [
        77.03443380179071,
        28.798137972438884
       ],
       [
        77.03484342642042,
        28.79813179738676
       ],
       [
        77.03483641550896,
        28.797770976372465
       ],
       [
        77.0352460386011,
        28.797764800170558
       ],
       [
        77.03522500241164,
        28.79668233727762
       ],
       [
        77.03563462114843,
        28.7966761601094
       ],
       [
        77.03565566156459,
        28.797758622727205
       ]
      ],
      [
       [
        77.03687751185555,
        28.79737926237194
       ],
       [
        77.03728713289534,
        28.797373080054566
       ],
       [
        77.03729415213176,
        28.79773390053927
       ],
       [
        77.03688452968305,
        28.797740082948426
       ],
       [
        77.03687751185555,
        28.79737926237194
       ]
      ],
      [
       [
        77.03690558393795,
        28.798822544552735
       ],
       [
        77.0369126022804,
        28.79918336504579
       ],
       [
        77.03650297406699,
        28.799189546580582
       ],
       [
        77.03649595713358,
        28.798828725995758
       ],
       [
        77.03690558393795,
        28.798822544552735
       ]
      ],
      [
       [
        77.03228765399507,
        28.79311732528259
       ],
       [
        77.0318780483175,
        28.793123491603964
       ],
       [
        77.0318710490666,
        28.7927626696564
       ],
       [
        77.03228065333556,
        28.792756503426588
       ],
       [
        77.03228765399507,
        28.79311732528259
       ]
      ],
      [
       [
        77.02662297926582,
        28.796811771044972
       ],
       [
        77.02703260069838,
        28.79680561994641
       ],
       [
        77.0270465683396,
        28.797527265556692
       ],
       [
        77.02663694408919,
        28.797533416837897
       ],
       [
        77.02662297926582,
        28.796811771044972
       ]
      ],
      [
       [
        77.03700385244865,
        28.80387402955709
       ],
       [
        77.03698981254487,
        28.803152389092517
       ],
       [
        77.03739945613052,
        28.803146205306476
       ],
       [
        77.03740647742737,
        28.80350702545739
       ],
       [
        77.03781612229355,
        28.8035008403378
       ],
       [
        77.03782314512854,
        28.80386166037604
       ],
       [
        77.03700385244865,
        28.80387402955709
       ]
      ],
      [
       [
        77.0398573149389,
        28.803109076514062
       ],
       [
        77.03985028531504,
        28.802748256893448
       ],
       [
        77.0402599265893,
        28.802742064507303
       ],
       [
        77.04026695762248,
        28.803102884035987
       ],
       [
        77.0398573149389,
        28.803109076514062
       ]
      ],
      [
       [
        77.04564164986076,
        28.805547996564925
       ],
       [
        77.046051300602,
        28.805541786057695
       ],
       [
        77.04604424893351,
        28.80518096796404
       ],
       [
        77.04645389813595,
        28.805174756307206
       ],
       [
        77.0464680044212,
        28.805896392289217
       ],
       [
        77.04564870024913,
        28.80590881472988
       ],
       [
        77.04564164986076,
        28.805547996564925
       ]
      ],
      [
       [
        77.0501619328107,
        28.806201246964328
       ],
       [
        77.05017606524373,
        28.80692288115964
       ],
       [
        77.04976641015914,
        28.806929104454525
       ],
       [
        77.04975934528734,
        28.80656828727493
       ],
       [
        77.04934969148269,
        28.806574509235567
       ],
       [
        77.04934262814999,
        28.806213691942734
       ],
       [
        77.0501619328107,
        28.806201246964328
       ]
      ],
      [
       [
        77.05019019819524,
        28.807644515271427
       ],
       [
        77.05059985596937,
        28.807638290549885
       ],
       [
        77.05059278801923,
        28.80727747359683
       ],
       [
        77.05100244425414,
        28.807271247725783
       ],
       [
        77.05100951361385,
        28.807632064586425
       ],
       [
        77.05141917112869,
        28.80762583738105
       ],
       [
        77.05140502971976,
        28.80690420382374
       ],
       [
        77.05181468428576,
        28.806897975561355
       ],
       [
        77.05182175633493,
        28.807258792258004
       ],
       [
        77.05264106789686,
        28.807246331822647
       ],
       [
        77.0526481428949,
        28.807607148313455
       ],
       [
        77.05223848576922,
        28.807613379244568
       ],
       [
        77.05224555948743,
        28.807974195806974
       ],
       [
        77.05183590082241,
        28.80798042558864
       ],
       [
        77.05184297326075,
        28.808341242222617
       ],
       [
        77.0502043316652,
        28.80836614929967
       ],
       [
        77.05019019819524,
        28.807644515271427
       ]
      ],
      [
       [
        77.05642011353356,
        28.81188080030908
       ],
       [
        77.05601044066005,
        28.8118870435292
       ],
       [
        77.05600335282561,
        28.81152622802968
       ],
       [
        77.05641302428927,
        28.811519984902226
       ],
       [
        77.05642011353356,
        28.81188080030908
       ]
      ],
      [
       [
        77.06091229717971,
        28.8110904141147
       ],
       [
        77.06091940180214,
        28.811451228521985
       ],
       [
        77.06050973177018,
        28.81145748531245
       ],
       [
        77.06050262855759,
        28.811096670812304
       ],
       [
        77.06091229717971,
        28.8110904141147
       ]
      ],
      [
       [
        77.0613290717038,
        28.811444970489436
       ],
       [
        77.06133617786638,
        28.811805784782937
       ],
       [
        77.06092650655488,
        28.811812042908358
       ],
       [
        77.06091940180214,
        28.811451228521985
       ],
       [
        77.0613290717038,
        28.811444970489436
       ]
      ],
      [
       [
        77.05190663104345,
        28.811588590988535
       ],
       [
        77.05189955743754,
        28.811227774542537
       ],
       [
        77.05230922879016,
        28.81122154392862
       ],
       [
        77.05229507914792,
        28.81049991115892
       ],
       [
        77.05270474755113,
        28.81049367948789
       ],
       [
        77.05269767151486,
        28.810132863164203
       ],
       [
        77.0531073383785,
        28.81012663034363
       ],
       [
        77.05309318387584,
        28.809404997818593
       ],
       [
        77.0535028477902,
        28.809398763941044
       ],
       [
        77.05349576932387,
        28.80903794773971
       ],
       [
        77.0539054316987,
        28.8090317127127
       ],
       [
        77.05391251157471,
        28.80939252882149
       ],
       [
        77.055141502149,
        28.80937381601086
       ],
       [
        77.0551698398688,
        28.810817079126064
       ],
       [
        77.0547601708349,
        28.81082331834201
       ],
       [
        77.05476725417988,
        28.81118413416118
       ],
       [
        77.05353824206931,
        28.811202844634305
       ],
       [
        77.0535311629538,
        28.810842028537436
       ],
       [
        77.0531214934004,
        28.810848262785107
       ],
       [
        77.05312857110607,
        28.811209078974507
       ],
       [
        77.052718900013,
        28.811215312072612
       ],
       [
        77.05272597643862,
        28.811576128333638
       ],
       [
        77.05190663104345,
        28.811588590988535
       ]
      ],
      [
       [
        77.0551344180439,
        28.809013000179814
       ],
       [
        77.05431509394366,
        28.809025476443715
       ],
       [
        77.05430801278781,
        28.808664660406606
       ],
       [
        77.05512733406873,
        28.80865218432789
       ],
       [
        77.05512025022348,
        28.808291368455066
       ],
       [
        77.0559395681654,
        28.808278887593776
       ],
       [
        77.05594665482991,
        28.80863970328135
       ],
       [
        77.05635631501553,
        28.808633460895148
       ],
       [
        77.0563634032197,
        28.80899427646916
       ],
       [
        77.0559537416244,
        28.809000518948015
       ],
       [
        77.0559608285489,
        28.809361334593806
       ],
       [
        77.055141502149,
        28.80937381601086
       ],
       [
        77.0551344180439,
        28.809013000179814
       ]
      ],
      [
       [
        77.0551769246236,
        28.811177894852634
       ],
       [
        77.05518400950834,
        28.811538710558303
       ],
       [
        77.05477433765478,
        28.81154494995946
       ],
       [
        77.05476725417988,
        28.81118413416118
       ],
       [
        77.0551769246236,
        28.811177894852634
       ]
      ],
      [
       [
        77.06252964036233,
        28.809982932671282
       ],
       [
        77.06253675023281,
        28.810343746769643
       ],
       [
        77.06171741953999,
        28.810356268487585
       ],
       [
        77.061710312489,
        28.80999545420338
       ],
       [
        77.0613006483568,
        28.810001713106413
       ],
       [
        77.06129354284586,
        28.80964089870839
       ],
       [
        77.06088387999306,
        28.809647156276547
       ],
       [
        77.06086967218152,
        28.80892552723206
       ],
       [
        77.06046001201777,
        28.8089317833725
       ],
       [
        77.06046711444873,
        28.809292597998066
       ],
       [
        77.0596477909111,
        28.809305106738748
       ],
       [
        77.05963359181808,
        28.808583477095407
       ],
       [
        77.05840461399305,
        28.808602230334902
       ],
       [
        77.05839042387856,
        28.807880600051273
       ],
       [
        77.05880008046452,
        28.807874350398922
       ],
       [
        77.0588071768663,
        28.808235165458402
       ],
       [
        77.0596264924669,
        28.8082226622424
       ],
       [
        77.05960519519465,
        28.80714021755795
       ],
       [
        77.06001484857096,
        28.807133964365523
       ],
       [
        77.06002194894104,
        28.80749477918841
       ],
       [
        77.06084125812198,
        28.80748226889226
       ],
       [
        77.06083415493282,
        28.80712145425506
       ],
       [
        77.06124380791833,
        28.807115197337037
       ],
       [
        77.06125091251704,
        28.807476011881366
       ],
       [
        77.06166056678178,
        28.807469753628588
       ],
       [
        77.06167477918926,
        28.80819138246875
       ],
       [
        77.06208443614281,
        28.808185122788277
       ],
       [
        77.06207732846431,
        28.80782430847157
       ],
       [
        77.06248698387792,
        28.8078180476421
       ],
       [
        77.06247987492023,
        28.807457233397407
       ],
       [
        77.06370883614989,
        28.80743844373658
       ],
       [
        77.06369461016861,
        28.806716815742277
       ],
       [
        77.06451391136471,
        28.80670428346442
       ],
       [
        77.06449968026746,
        28.805982655758545
       ],
       [
        77.06490932785086,
        28.80597638794294
       ],
       [
        77.06493779620533,
        28.80741964289892
       ],
       [
        77.06452814298403,
        28.80742591108668
       ],
       [
        77.06454237512543,
        28.80814753862531
       ],
       [
        77.06290374965877,
        28.80817259970159
       ],
       [
        77.06292508193427,
        28.809255041968697
       ],
       [
        77.06374440338631,
        28.809242513356505
       ],
       [
        77.06375863119422,
        28.80996414105812
       ],
       [
        77.06252964036233,
        28.809982932671282
       ]
      ],
      [
       [
        77.06368038470919,
        28.805995187664355
       ],
       [
        77.06367327217517,
        28.805634373594035
       ],
       [
        77.0644925649146,
        28.80562184187423
       ],
       [
        77.06449968026746,
        28.805982655758545
       ],
       [
        77.06368038470919,
        28.805995187664355
       ]
      ],
      [
       [
        77.0653474492961,
        28.807413373469302
       ],
       [
        77.06535456812063,
        28.807774187062986
       ],
       [
        77.06576422249036,
        28.807767916298424
       ],
       [
        77.06577134285502,
        28.808128729778097
       ],
       [
        77.06495203116584,
        28.808141270251475
       ],
       [
        77.06493779620533,
        28.80741964289892
       ],
       [
        77.0653474492961,
        28.807413373469302
       ]
      ],
      [
       [
        77.0658140677857,
        28.810293610217126
       ],
       [
        77.06540440354846,
        28.810299881633245
       ],
       [
        77.06539728380989,
        28.809939068185937
       ],
       [
        77.06580694663741,
        28.8099327968629
       ],
       [
        77.0658140677857,
        28.810293610217126
       ]
      ],
      [
       [
        77.05761366530537,
        28.810057987343228
       ],
       [
        77.05720399987106,
        28.81006423382613
       ],
       [
        77.05719690845739,
        28.80970341850015
       ],
       [
        77.05760657248196,
        28.80969717210997
       ],
       [
        77.05761366530537,
        28.810057987343228
       ]
      ],
      [
       [
        77.06538304472448,
        28.809217441228583
       ],
       [
        77.06537592537765,
        28.808856627718548
       ],
       [
        77.06578558397615,
        28.808850356674746
       ],
       [
        77.06579270473263,
        28.809211170091718
       ],
       [
        77.06538304472448,
        28.809217441228583
       ]
      ],
      [
       [
        77.06496626664857,
        28.808862897520395
       ],
       [
        77.06495914884192,
        28.8085020838964
       ],
       [
        77.0653688061614,
        28.8084958141876
       ],
       [
        77.06537592537765,
        28.808856627718548
       ],
       [
        77.06496626664857,
        28.808862897520395
       ]
      ],
      [
       [
        77.05308610681922,
        28.80904418152474
       ],
       [
        77.05267644418478,
        28.809050414067787
       ],
       [
        77.05266936866765,
        28.80868959766054
       ],
       [
        77.05307902989242,
        28.80868336521
       ],
       [
        77.05308610681922,
        28.80904418152474
       ]
      ],
      [
       [
        77.05799495445771,
        28.808608478930843
       ],
       [
        77.05758529479228,
        28.808614726284844
       ],
       [
        77.05757820248922,
        28.80825391096799
       ],
       [
        77.05798786074503,
        28.80824766370673
       ],
       [
        77.05799495445771,
        28.808608478930843
       ]
      ],
      [
       [
        77.0555086542745,
        28.807202681179422
       ],
       [
        77.05591830895172,
        28.807196440405715
       ],
       [
        77.0559253952263,
        28.807557256155956
       ],
       [
        77.0563350511831,
        28.807551014047714
       ],
       [
        77.05634213899724,
        28.80791182968443
       ],
       [
        77.0555228241345,
        28.8079243128443
       ],
       [
        77.0555086542745,
        28.807202681179422
       ]
      ],
      [
       [
        77.05428677009958,
        28.807582212169933
       ],
       [
        77.05346745675689,
        28.807594682725508
       ],
       [
        77.05346037893969,
        28.807233866419725
       ],
       [
        77.05387003426641,
        28.807227631855433
       ],
       [
        77.05385587620243,
        28.806505999366298
       ],
       [
        77.05467518082816,
        28.80649352688233
       ],
       [
        77.05468934453025,
        28.807215159001196
       ],
       [
        77.05427968946326,
        28.80722139604925
       ],
       [
        77.05428677009958,
        28.807582212169933
       ]
      ],
      [
       [
        77.05180054057656,
        28.8061763421054
       ],
       [
        77.0513908888296,
        28.80618257018289
       ],
       [
        77.05138381857904,
        28.805821753331134
       ],
       [
        77.05220311912431,
        28.80580929611923
       ],
       [
        77.05221726539305,
        28.80653092943203
       ],
       [
        77.0518076123663,
        28.80653715884382
       ],
       [
        77.05180054057656,
        28.8061763421054
       ]
      ],
      [
       [
        77.05302949503908,
        28.806157650421895
       ],
       [
        77.05261984368133,
        28.806163882224897
       ],
       [
        77.05261276920236,
        28.805803065650537
       ],
       [
        77.05302241915064,
        28.805796833940047
       ],
       [
        77.05302949503908,
        28.806157650421895
       ]
      ],
      [
       [
        77.05055038304074,
        28.805112571439917
       ],
       [
        77.05136967846698,
        28.805100119564973
       ],
       [
        77.05137674845817,
        28.805460936458495
       ],
       [
        77.05096709940045,
        28.80546716310929
       ],
       [
        77.05097416811186,
        28.805827980074366
       ],
       [
        77.05056451751503,
        28.80583420557576
       ],
       [
        77.05055038304074,
        28.805112571439917
       ]
      ],
      [
       [
        77.065311857132,
        28.805609305187343
       ],
       [
        77.06490221108858,
        28.805615574151673
       ],
       [
        77.06489509445683,
        28.805254760339505
       ],
       [
        77.06530473909088,
        28.80524849146823
       ],
       [
        77.065311857132,
        28.805609305187343
       ]
      ],
      [
       [
        77.05301534339198,
        28.805436017437305
       ],
       [
        77.05219604618453,
        28.8054484794315
       ],
       [
        77.0521889733745,
        28.805087662722887
       ],
       [
        77.0530082677631,
        28.805075200913667
       ],
       [
        77.05301534339198,
        28.805436017437305
       ]
      ],
      [
       [
        77.04685649285103,
        28.80480772547846
       ],
       [
        77.04562754947199,
        28.804826360172374
       ],
       [
        77.0456204994716,
        28.80446554194478
       ],
       [
        77.04603014598455,
        28.804459331714117
       ],
       [
        77.04602309470408,
        28.80409851355784
       ],
       [
        77.0456134496005,
        28.80410472369631
       ],
       [
        77.04560639985871,
        28.803743905426973
       ],
       [
        77.04601604355297,
        28.803737695380683
       ],
       [
        77.0460019416387,
        28.80301605896374
       ],
       [
        77.04559230076309,
        28.803022268825657
       ],
       [
        77.04558525140924,
        28.80266145049369
       ],
       [
        77.04640453021261,
        28.802649029712537
       ],
       [
        77.04641863468675,
        28.803370665986836
       ],
       [
        77.04723791860981,
        28.80335823987007
       ],
       [
        77.04724497385956,
        28.803719057791437
       ],
       [
        77.04765461703629,
        28.803712842778232
       ],
       [
        77.04764756037723,
        28.803352024949124
       ],
       [
        77.04805720201522,
        28.80334580878647
       ],
       [
        77.04807131828143,
        28.80406744423925
       ],
       [
        77.04766167382479,
        28.804073660586457
       ],
       [
        77.04767578779013,
        28.804795296140277
       ],
       [
        77.04726614038528,
        28.80480151143026
       ],
       [
        77.04727319615269,
        28.805162329268118
       ],
       [
        77.04686354720901,
        28.80516854340856
       ],
       [
        77.04685649285103,
        28.80480772547846
       ]
      ],
      [
       [
        77.04559935024625,
        28.803383087136762
       ],
       [
        77.04518970783202,
        28.803389295849154
       ],
       [
        77.04518265975817,
        28.803028477445892
       ],
       [
        77.04559230076309,
        28.803022268825657
       ],
       [
        77.04559935024625,
        28.803383087136762
       ]
      ],
      [
       [
        77.04639747816957,
        28.802288211544084
       ],
       [
        77.04721675363703,
        28.802275785980694
       ],
       [
        77.04722380849856,
        28.8026366039647
       ],
       [
        77.04640453021261,
        28.802649029712537
       ],
       [
        77.04639747816957,
        28.802288211544084
       ]
      ],
      [
       [
        77.0480501440763,
        28.80298499102876
       ],
       [
        77.04845978417555,
        28.802978773716703
       ],
       [
        77.04846684352373,
        28.80333959138212
       ],
       [
        77.04805720201522,
        28.80334580878647
       ],
       [
        77.0480501440763,
        28.80298499102876
       ]
      ],
      [
       [
        77.05504941891691,
        28.804683208577796
       ],
       [
        77.05463977384603,
        28.804689446219584
       ],
       [
        77.05462561196241,
        28.803967813808253
       ],
       [
        77.05503525421457,
        28.80396157635165
       ],
       [
        77.05504941891691,
        28.804683208577796
       ]
      ],
      [
       [
        77.04521085282933,
        28.804471750933683
       ],
       [
        77.04480120605776,
        28.80447795868081
       ],
       [
        77.0447941590054,
        28.80411714024803
       ],
       [
        77.0452038043676,
        28.804110932593048
       ],
       [
        77.04521085282933,
        28.804471750933683
       ]
      ],
      [
       [
        77.05011953862207,
        28.804036343877158
       ],
       [
        77.05093882585132,
        28.804023895040167
       ],
       [
        77.05094589404412,
        28.80438471208878
       ],
       [
        77.05012660399616,
        28.80439716111056
       ],
       [
        77.05011953862207,
        28.804036343877158
       ]
      ],
      [
       [
        77.05092468985465,
        28.803302260880308
       ],
       [
        77.05051504912346,
        28.803308485734856
       ],
       [
        77.0505009164639,
        28.802586851306643
       ],
       [
        77.04968164024974,
        28.80259929692114
       ],
       [
        77.04967457693283,
        28.802238479490956
       ],
       [
        77.05131312320582,
        28.80221358366492
       ],
       [
        77.05132019215961,
        28.802574400725515
       ],
       [
        77.05091055437659,
        28.80258062663691
       ],
       [
        77.0509176220508,
        28.80294144376905
       ],
       [
        77.05214653923859,
        28.802922762032587
       ],
       [
        77.05216068343167,
        28.803644395679566
       ],
       [
        77.05175104168019,
        28.803650624351643
       ],
       [
        77.05175811256198,
        28.80401144123627
       ],
       [
        77.05093882585132,
        28.804023895040167
       ],
       [
        77.05092468985465,
        28.803302260880308
       ]
      ],
      [
       [
        77.04926494004063,
        28.80224470034336
       ],
       [
        77.04925787826247,
        28.801883882799945
       ],
       [
        77.04966751374549,
        28.80187766203989
       ],
       [
        77.04967457693283,
        28.802238479490956
       ],
       [
        77.04926494004063,
        28.80224470034336
       ]
      ],
      [
       [
        77.04927200194831,
        28.802605517865896
       ],
       [
        77.04886236351732,
        28.802611737568984
       ],
       [
        77.04885530301887,
        28.80225091995412
       ],
       [
        77.04926494004063,
        28.80224470034336
       ],
       [
        77.04927200194831,
        28.802605517865896
       ]
      ],
      [
       [
        77.0496604506877,
        28.801516844567942
       ],
       [
        77.05007008463198,
        28.801510622658633
       ],
       [
        77.05007714909894,
        28.80187144003821
       ],
       [
        77.04966751374549,
        28.80187766203989
       ],
       [
        77.0496604506877,
        28.801516844567942
       ]
      ],
      [
       [
        77.04925081661386,
        28.801523065235653
       ],
       [
        77.04924375509479,
        28.80116224765047
       ],
       [
        77.04965338775946,
        28.801156027075113
       ],
       [
        77.0496604506877,
        28.801516844567942
       ],
       [
        77.04925081661386,
        28.801523065235653
       ]
      ],
      [
       [
        77.04963926229168,
        28.80043439202682
       ],
       [
        77.0500488920086,
        28.8004281703946
       ],
       [
        77.05004182805996,
        28.800067352931485
       ],
       [
        77.05045145623822,
        28.800061130150105
       ],
       [
        77.05047265270015,
        28.801143582199625
       ],
       [
        77.04965338775946,
        28.801156027075113
       ],
       [
        77.04963926229168,
        28.80043439202682
       ]
      ],
      [
       [
        77.05130605438167,
        28.80185276658343
       ],
       [
        77.05171568921664,
        28.801846539615266
       ],
       [
        77.05172275944996,
        28.802207356604306
       ],
       [
        77.05131312320582,
        28.80221358366492
       ],
       [
        77.05130605438167,
        28.80185276658343
       ]
      ],
      [
       [
        77.03905911037413,
        28.804203917033092
       ],
       [
        77.03864946307574,
        28.80421010606164
       ],
       [
        77.03864243729316,
        28.803849286227955
       ],
       [
        77.03905208318217,
        28.803843097291285
       ],
       [
        77.03905911037413,
        28.804203917033092
       ]
      ],
      [
       [
        77.02963019517603,
        28.803985128668153
       ],
       [
        77.0292205463295,
        28.803991289044095
       ],
       [
        77.02921355309145,
        28.80363046708158
       ],
       [
        77.02962320052859,
        28.803624306797094
       ],
       [
        77.02963019517603,
        28.803985128668153
       ]
      ],
      [
       [
        77.03126878927885,
        28.803960474746543
       ],
       [
        77.0308591409457,
        28.803966640089623
       ],
       [
        77.03084514332284,
        28.80324499687554
       ],
       [
        77.03125478883724,
        28.8032388317155
       ],
       [
        77.03126878927885,
        28.803960474746543
       ]
      ],
      [
       [
        77.04478711208235,
        28.80375632179437
       ],
       [
        77.04437746800025,
        28.803762528115463
       ],
       [
        77.04435633223446,
        28.80268007235285
       ],
       [
        77.04476597208865,
        28.80267386630814
       ],
       [
        77.04478711208235,
        28.80375632179437
       ]
      ],
      [
       [
        77.04929318844857,
        28.803687970308204
       ],
       [
        77.04888354578975,
        28.80369419028829
       ],
       [
        77.04886942414528,
        28.802972555162963
       ],
       [
        77.04927906398552,
        28.802966335367547
       ],
       [
        77.04929318844857,
        28.803687970308204
       ]
      ],
      [
       [
        77.02838726754136,
        28.803281961759044
       ],
       [
        77.02797762112885,
        28.803288118226835
       ],
       [
        77.02797063237541,
        28.802927295948386
       ],
       [
        77.02838027737856,
        28.802921139571996
       ],
       [
        77.02838726754136,
        28.803281961759044
       ]
      ],
      [
       [
        77.03862136071865,
        28.802766826601733
       ],
       [
        77.03860731031331,
        28.802045186746575
       ],
       [
        77.03901694915582,
        28.802038998269257
       ],
       [
        77.0390239757033,
        28.802399818115397
       ],
       [
        77.03943361582616,
        28.802393628304525
       ],
       [
        77.03944767212639,
        28.803115267750425
       ],
       [
        77.03903802918495,
        28.80312145774507
       ],
       [
        77.03903100237969,
        28.802760637940665
       ],
       [
        77.03862136071865,
        28.802766826601733
       ]
      ],
      [
       [
        77.03737839301274,
        28.80206374472855
       ],
       [
        77.03736435157815,
        28.801342104238948
       ],
       [
        77.03818362427049,
        28.801329733859927
       ],
       [
        77.03817660092801,
        28.800968913767477
       ],
       [
        77.03858623567177,
        28.800962726807374
       ],
       [
        77.03857218655503,
        28.80024108674358
       ],
       [
        77.03898181835166,
        28.800234898725595
       ],
       [
        77.03898884425473,
        28.800595718676057
       ],
       [
        77.04144664078186,
        28.800558563943667
       ],
       [
        77.04145367526866,
        28.80091938332168
       ],
       [
        77.04022477335799,
        28.800937966550887
       ],
       [
        77.04024586490988,
        28.802020425387333
       ],
       [
        77.03983622645413,
        28.802026617589636
       ],
       [
        77.03982919721707,
        28.801665797906423
       ],
       [
        77.03860028530394,
        28.801684366787704
       ],
       [
        77.03860731031331,
        28.802045186746575
       ],
       [
        77.03737839301274,
        28.80206374472855
       ]
      ],
      [
       [
        77.03694769592384,
        28.80098746719814
       ],
       [
        77.03694067693766,
        28.800626646809384
       ],
       [
        77.03653104308789,
        28.800632828711272
       ],
       [
        77.03652402563958,
        28.80027200820989
       ],
       [
        77.03775292257524,
        28.800253459054822
       ],
       [
        77.03771781612873,
        28.798449357611876
       ],
       [
        77.03812744113782,
        28.798443172536178
       ],
       [
        77.03814148614805,
        28.799164812992288
       ],
       [
        77.03855111384631,
        28.79915862649142
       ],
       [
        77.03856516218994,
        28.79988026668038
       ],
       [
        77.03815553167355,
        28.79988645336495
       ],
       [
        77.03817660092801,
        28.800968913767477
       ],
       [
        77.03694769592384,
        28.80098746719814
       ]
      ],
      [
       [
        77.04186330898084,
        28.80091318642875
       ],
       [
        77.04187738115988,
        28.801634824938173
       ],
       [
        77.04146774462936,
        28.801641022015097
       ],
       [
        77.04145367526866,
        28.80091938332168
       ],
       [
        77.04186330898084,
        28.80091318642875
       ]
      ],
      [
       [
        77.04270369293523,
        28.80198324609877
       ],
       [
        77.0431133304877,
        28.801977045204907
       ],
       [
        77.04310628997696,
        28.801616226257604
       ],
       [
        77.043925561876,
        28.80160382092908
       ],
       [
        77.04395373596779,
        28.8030470958564
       ],
       [
        77.0427248110146,
        28.803065703091615
       ],
       [
        77.04270369293523,
        28.80198324609877
       ]
      ],
      [
       [
        77.05336837912924,
        28.802543252543757
       ],
       [
        77.0525491047306,
        28.80255571554142
       ],
       [
        77.05254203154915,
        28.8021948987582
       ],
       [
        77.05336130312938,
        28.802182435945543
       ],
       [
        77.05336837912924,
        28.802543252543757
       ]
      ],
      [
       [
        77.03042150338936,
        28.802529517313335
       ],
       [
        77.03001186043689,
        28.802535679806905
       ],
       [
        77.03000486489334,
        28.802174857943903
       ],
       [
        77.03041450643653,
        28.80216869554181
       ],
       [
        77.03042150338936,
        28.802529517313335
       ]
      ],
      [
       [
        77.03655911416838,
        28.802076110508207
       ],
       [
        77.0361494745531,
        28.802082291535516
       ],
       [
        77.03614245799912,
        28.801721471025825
       ],
       [
        77.03655209620517,
        28.80171529009026
       ],
       [
        77.03655911416838,
        28.802076110508207
       ]
      ],
      [
       [
        77.0447518794058,
        28.801952229212954
       ],
       [
        77.04434224237008,
        28.80195843507341
       ],
       [
        77.04433519763174,
        28.801597616402383
       ],
       [
        77.04474483325825,
        28.801591410634057
       ],
       [
        77.0447518794058,
        28.801952229212954
       ]
      ],
      [
       [
        77.0468000626451,
        28.801921181286097
       ],
       [
        77.0463904262559,
        28.801927393354745
       ],
       [
        77.04638337447156,
        28.801566575144538
       ],
       [
        77.04679300945159,
        28.8015603631681
       ],
       [
        77.0468000626451,
        28.801921181286097
       ]
      ],
      [
       [
        77.0533542272593,
        28.80182161932645
       ],
       [
        77.05253495849745,
        28.801834081954087
       ],
       [
        77.05252788557549,
        28.80147326512909
       ],
       [
        77.053347151519,
        28.801460802686464
       ],
       [
        77.0533542272593,
        28.80182161932645
       ]
      ],
      [
       [
        77.02876195724737,
        28.801471693362764
       ],
       [
        77.02875496631643,
        28.801110871162873
       ],
       [
        77.02916460401678,
        28.801104712760146
       ],
       [
        77.02915761180489,
        28.800743890630827
       ],
       [
        77.02997688400238,
        28.80073157028334
       ],
       [
        77.02999087419123,
        28.80145321415532
       ],
       [
        77.02958123533823,
        28.801459375132794
       ],
       [
        77.02958822921588,
        28.801820197128976
       ],
       [
        77.0283593076595,
        28.801838672885722
       ],
       [
        77.02835231800957,
        28.801477850615264
       ],
       [
        77.02876195724737,
        28.801471693362764
       ]
      ],
      [
       [
        77.02833833909435,
        28.800756206011805
       ],
       [
        77.02831038280243,
        28.799312916554715
       ],
       [
        77.02790075189137,
        28.79931907201723
       ],
       [
        77.02789376454795,
        28.79895824950945
       ],
       [
        77.02830339404994,
        28.798952094138325
       ],
       [
        77.02827544032205,
        28.797508804264293
       ],
       [
        77.02868506405984,
        28.797502648017247
       ],
       [
        77.02869904348535,
        28.798224292813156
       ],
       [
        77.02910866991289,
        28.798218135141806
       ],
       [
        77.02911566122698,
        28.79857895741706
       ],
       [
        77.02952528893526,
        28.79857279841279
       ],
       [
        77.02953228178664,
        28.79893362057576
       ],
       [
        77.02994191077569,
        28.79892746023851
       ],
       [
        77.02993491651527,
        28.798566638166992
       ],
       [
        77.03157342555204,
        28.79854198476875
       ],
       [
        77.03158042544857,
        28.79890280647425
       ],
       [
        77.0311707969729,
        28.798908971777603
       ],
       [
        77.03117779558879,
        28.79926979355378
       ],
       [
        77.03076816557568,
        28.799275957707117
       ],
       [
        77.03077516291087,
        28.79963677955396
       ],
       [
        77.03036553136032,
        28.79964294255726
       ],
       [
        77.03037252741477,
        28.80000376447475
       ],
       [
        77.02996289432679,
        28.800009926327963
       ],
       [
        77.02995589968144,
        28.799649104318995
       ],
       [
        77.02954626787425,
        28.799655264839163
       ],
       [
        77.02956025447497,
        28.800376909019164
       ],
       [
        77.02915061972126,
        28.800383068480645
       ],
       [
        77.02915761180489,
        28.800743890630827
       ],
       [
        77.02833833909435,
        28.800756206011805
       ]
      ],
      [
       [
        77.02790773936294,
        28.79967989450416
       ],
       [
        77.0274981069146,
        28.799686048816483
       ],
       [
        77.02749112085212,
        28.79932522623819
       ],
       [
        77.02790075189137,
        28.79931907201723
       ],
       [
        77.02790773936294,
        28.79967989450416
       ]
      ],
      [
       [
        77.03285133754491,
        28.801049231261906
       ],
       [
        77.03326097396146,
        28.801043060442833
       ],
       [
        77.03326798039369,
        28.80140388163602
       ],
       [
        77.03121978998023,
        28.801434723772964
       ],
       [
        77.03121279059401,
        28.80107390212191
       ],
       [
        77.0316224275244,
        28.801067736269356
       ],
       [
        77.03161542685739,
        28.800706914688966
       ],
       [
        77.03284433265037,
        28.80068840995623
       ],
       [
        77.03285133754491,
        28.801049231261906
       ]
      ],
      [
       [
        77.03325396765776,
        28.800682239228767
       ],
       [
        77.0336636025366,
        28.800676067259683
       ],
       [
        77.03365659495226,
        28.800315246116405
       ],
       [
        77.03283732788432,
        28.800327588629713
       ],
       [
        77.03283032324678,
        28.79996676728233
       ],
       [
        77.03323995543587,
        28.799960596738078
       ],
       [
        77.03323294951772,
        28.799599775461452
       ],
       [
        77.03405221069218,
        28.799587430831522
       ],
       [
        77.03408024640896,
        28.8010307150798
       ],
       [
        77.03326097396146,
        28.801043060442833
       ],
       [
        77.03325396765776,
        28.800682239228767
       ]
      ],
      [
       [
        77.03242069092919,
        28.79997293658501
       ],
       [
        77.03241368782922,
        28.799612115125186
       ],
       [
        77.03282331873773,
        28.7996059459141
       ],
       [
        77.03283032324678,
        28.79996676728233
       ],
       [
        77.03242069092919,
        28.79997293658501
       ]
      ],
      [
       [
        77.04841743080556,
        28.800813867285747
       ],
       [
        77.04800779916148,
        28.80082008404404
       ],
       [
        77.04800074212878,
        28.80045926614018
       ],
       [
        77.04841037236375,
        28.80045304947417
       ],
       [
        77.04841743080556,
        28.800813867285747
       ]
      ],
      [
       [
        77.05291629639734,
        28.800384584205755
       ],
       [
        77.052506667588,
        28.800390814528786
       ],
       [
        77.05249959518498,
        28.800029997620253
       ],
       [
        77.05290922258524,
        28.80002376738971
       ],
       [
        77.05291629639734,
        28.800384584205755
       ]
      ],
      [
       [
        77.05329762497104,
        28.79893508562175
       ],
       [
        77.05370724788476,
        28.798928853185753
       ],
       [
        77.05371432412552,
        28.79928966987941
       ],
       [
        77.05289507535035,
        28.799302133694976
       ],
       [
        77.05290214890293,
        28.79966295055278
       ],
       [
        77.05249252291169,
        28.799669180690834
       ],
       [
        77.05248545076815,
        28.79930836374053
       ],
       [
        77.05166620121452,
        28.799320820107198
       ],
       [
        77.05165913201866,
        28.798960002951077
       ],
       [
        77.0524783787543,
        28.798947546769345
       ],
       [
        77.05247130687019,
        28.79858672977728
       ],
       [
        77.05329055026903,
        28.79857426881467
       ],
       [
        77.05329762497104,
        28.79893508562175
       ]
      ],
      [
       [
        77.05000651026037,
        28.79826326530276
       ],
       [
        77.04999944708916,
        28.79790244771438
       ],
       [
        77.05040906681356,
        28.79789622548727
       ],
       [
        77.0504231961034,
        28.798617860458407
       ],
       [
        77.05001357356115,
        28.79862408287027
       ],
       [
        77.05002770055141,
        28.79934571794264
       ],
       [
        77.04961807506163,
        28.799351939297775
       ],
       [
        77.04960395088933,
        28.798630304040678
       ],
       [
        77.04919432808798,
        28.798636523969627
       ],
       [
        77.04918726760509,
        28.798275706217417
       ],
       [
        77.05000651026037,
        28.79826326530276
       ]
      ],
      [
       [
        77.05083281851606,
        28.798611636805084
       ],
       [
        77.0508469511422,
        28.7993332715079
       ],
       [
        77.0504373259116,
        28.799339495346015
       ],
       [
        77.0504231961034,
        28.798617860458407
       ],
       [
        77.05083281851606,
        28.798611636805084
       ]
      ],
      [
       [
        77.04100887732923,
        28.799121481414417
       ],
       [
        77.04059925040444,
        28.79912767536436
       ],
       [
        77.04059221938083,
        28.798766855698087
       ],
       [
        77.04100184489663,
        28.798760661840095
       ],
       [
        77.04100887732923,
        28.799121481414417
       ]
      ],
      [
       [
        77.04058518848619,
        28.79840603601094
       ],
       [
        77.0401755642504,
        28.798412228535508
       ],
       [
        77.0401685348937,
        28.798051408735564
       ],
       [
        77.04057815772053,
        28.798045216302935
       ],
       [
        77.04058518848619,
        28.79840603601094
       ]
      ],
      [
       [
        77.04222368413933,
        28.798381253498
       ],
       [
        77.040994812593,
        28.798399842244912
       ],
       [
        77.04098778041836,
        28.79803902262886
       ],
       [
        77.04221664773783,
        28.798020434157927
       ],
       [
        77.04222368413933,
        28.798381253498
       ]
      ],
      [
       [
        77.03195504855232,
        28.797092531651106
       ],
       [
        77.03154542724992,
        28.79709869773823
       ],
       [
        77.03153842799539,
        28.796737875928468
       ],
       [
        77.03276728729062,
        28.796719374217506
       ],
       [
        77.03277429077184,
        28.79708019575257
       ],
       [
        77.0323646697263,
        28.797086364322546
       ],
       [
        77.03238567671397,
        28.798168829077362
       ],
       [
        77.03156642578391,
        28.7981811630424
       ],
       [
        77.03155242663284,
        28.797459519527138
       ],
       [
        77.03196204934417,
        28.797453353348462
       ],
       [
        77.03195504855232,
        28.797092531651106
       ]
      ],
      [
       [
        77.03112880797347,
        28.796744040682643
       ],
       [
        77.03112181025622,
        28.796383218760504
       ],
       [
        77.03071219151482,
        28.79638938218176
       ],
       [
        77.03070519533478,
        28.796028560147256
       ],
       [
        77.0323436638947,
        28.79600389938005
       ],
       [
        77.03235066571011,
        28.79636472104841
       ],
       [
        77.03153142886926,
        28.796377054097867
       ],
       [
        77.03153842799539,
        28.796737875928468
       ],
       [
        77.03112880797347,
        28.796744040682643
       ]
      ],
      [
       [
        77.03276028393789,
        28.796358552661594
       ],
       [
        77.033579520008,
        28.796346212163794
       ],
       [
        77.03358652617847,
        28.796707033536485
       ],
       [
        77.03399614542961,
        28.79670086133387
       ],
       [
        77.0340101609739,
        28.797422503833417
       ],
       [
        77.03360053890496,
        28.797428676219305
       ],
       [
        77.03359353247745,
        28.79706785488833
       ],
       [
        77.0331839116889,
        28.79707402594116
       ],
       [
        77.0331769067988,
        28.796713204497703
       ],
       [
        77.03276728729062,
        28.796719374217506
       ],
       [
        77.03276028393789,
        28.796358552661594
       ]
      ],
      [
       [
        77.03361455214558,
        28.798150318818713
       ],
       [
        77.03320492713021,
        28.798156490146415
       ],
       [
        77.03319792185461,
        28.797795668765513
       ],
       [
        77.03360754546101,
        28.797789497529443
       ],
       [
        77.03361455214558,
        28.798150318818713
       ]
      ],
      [
       [
        77.0389185910234,
        28.79698751823259
       ],
       [
        77.03893264063872,
        28.797709158488193
       ],
       [
        77.03852301870522,
        28.79771534586313
       ],
       [
        77.03853004229723,
        28.79807616605149
       ],
       [
        77.03812041882594,
        28.798082352276825
       ],
       [
        77.03811339664286,
        28.797721531996615
       ],
       [
        77.03770377445171,
        28.797727716888662
       ],
       [
        77.03768973328982,
        28.79700607608202
       ],
       [
        77.0389185910234,
        28.79698751823259
       ]
      ],
      [
       [
        77.03891156640906,
        28.796626698073506
       ],
       [
        77.03932118398703,
        28.79662050973276
       ],
       [
        77.03932821001025,
        28.796981329799983
       ],
       [
        77.0389185910234,
        28.79698751823259
       ],
       [
        77.03891156640906,
        28.796626698073506
       ]
      ],
      [
       [
        77.03934226244336,
        28.797702969871818
       ],
       [
        77.03934928885324,
        28.798063789876437
       ],
       [
        77.03893966563967,
        28.7980699785847
       ],
       [
        77.03893264063872,
        28.797709158488193
       ],
       [
        77.03934226244336,
        28.797702969871818
       ]
      ],
      [
       [
        77.05163792520908,
        28.797877551357434
       ],
       [
        77.05122830587355,
        28.7978837773088
       ],
       [
        77.05122123860524,
        28.79752295997673
       ],
       [
        77.0516308565319,
        28.797516734117803
       ],
       [
        77.05163792520908,
        28.797877551357434
       ]
      ],
      [
       [
        77.04139036953266,
        28.797672008168384
       ],
       [
        77.04098074837275,
        28.797678202991943
       ],
       [
        77.04097371645611,
        28.797317383334157
       ],
       [
        77.04138333620712,
        28.797311188602574
       ],
       [
        77.04139036953266,
        28.797672008168384
       ]
      ],
      [
       [
        77.05039493804209,
        28.797174590432622
       ],
       [
        77.04957570409924,
        28.797187033275943
       ],
       [
        77.04956864272556,
        28.796826215532548
       ],
       [
        77.05038787385072,
        28.796813772873968
       ],
       [
        77.05039493804209,
        28.797174590432622
       ]
      ],
      [
       [
        77.0372730948088,
        28.79665143902258
       ],
       [
        77.03686347658677,
        28.796657621156378
       ],
       [
        77.03685645914548,
        28.796296800517307
       ],
       [
        77.03726607595867,
        28.796290618475297
       ],
       [
        77.0372730948088,
        28.79665143902258
       ]
      ],
      [
       [
        77.03314888852337,
        28.79526991851533
       ],
       [
        77.03355850226774,
        28.795263747920593
       ],
       [
        77.03356550805263,
        28.795624569355848
       ],
       [
        77.03315589289949,
        28.795630740042196
       ],
       [
        77.03314888852337,
        28.79526991851533
       ]
      ],
      [
       [
        77.03355149661135,
        28.794902926464484
       ],
       [
        77.03396110881846,
        28.79489675472006
       ],
       [
        77.0339681158836,
        28.795257576084527
       ],
       [
        77.03355850226774,
        28.795263747920593
       ],
       [
        77.03355149661135,
        28.794902926464484
       ]
      ],
      [
       [
        77.05199805653596,
        28.79534560369579
       ],
       [
        77.0515884471917,
        28.795351830241426
       ],
       [
        77.05158137942216,
        28.79499101285561
       ],
       [
        77.0519909873577,
        28.794984786402434
       ],
       [
        77.05199805653596,
        28.79534560369579
       ]
      ],
      [
       [
        77.02863614010933,
        28.794976890574894
       ],
       [
        77.0290457538569,
        28.7949707337263
       ],
       [
        77.0290387638252,
        28.794609911242564
       ],
       [
        77.02944837603579,
        28.79460375324408
       ],
       [
        77.02946235904497,
        28.79532539800784
       ],
       [
        77.02864312886048,
        28.795337713129193
       ],
       [
        77.02863614010933,
        28.794976890574894
       ]
      ]
     ],
     [
      [
       [
        77.04189849039645,
        28.80271728254577
       ],
       [
        77.04189145385519,
        28.80235646336411
       ],
       [
        77.04107217502818,
        28.80236885664428
       ],
       [
        77.04108624260267,
        28.803090495354695
       ],
       [
        77.04067660017708,
        28.8030966903162
       ],
       [
        77.04068363274853,
        28.80345750973207
       ],
       [
        77.04109327658345,
        28.8034513146786
       ],
       [
        77.04110031069325,
        28.803812133981648
       ],
       [
        77.04028102007572,
        28.80382452303075
       ],
       [
        77.04029508304487,
        28.804546161942046
       ],
       [
        77.03988543472386,
        28.804552354787827
       ],
       [
        77.03989949539005,
        28.805273993799506
       ],
       [
        77.04071879754085,
        28.805261606498398
       ],
       [
        77.04071176432437,
        28.804900787186863
       ],
       [
        77.04112141379683,
        28.804894591765546
       ],
       [
        77.04110734493207,
        28.804172953263812
       ],
       [
        77.04151699145669,
        28.80416675678466
       ],
       [
        77.04148884963821,
        28.80272347989869
       ],
       [
        77.04189849039645,
        28.80271728254577
       ]
      ]
     ],
     [
      [
       [
        77.0337406944487,
        28.80464509845929
       ],
       [
        77.03374770357568,
        28.80500591935229
       ],
       [
        77.03415735523775,
        28.804999745041815
       ],
       [
        77.03415034470129,
        28.80463892424047
       ],
       [
        77.0337406944487,
        28.80464509845929
       ]
      ]
     ],
     [
      [
       [
        77.03415735523775,
        28.804999745041815
       ],
       [
        77.0341643659028,
        28.80536056582231
       ],
       [
        77.03375471283125,
        28.805366740224432
       ],
       [
        77.0337617222154,
        28.805727561075713
       ],
       [
        77.03294241286764,
        28.805739906337685
       ],
       [
        77.03294941956128,
        28.806100727351357
       ],
       [
        77.0341783876187,
        28.80608220732071
       ],
       [
        77.03417137669645,
        28.805721386581933
       ],
       [
        77.0345810310489,
        28.80571521084629
       ],
       [
        77.03457401884575,
        28.80535439017834
       ],
       [
        77.03498367166006,
        28.805348213292525
       ],
       [
        77.03497665817606,
        28.8049873926954
       ],
       [
        77.03415735523775,
        28.804999745041815
       ]
      ]
     ],
     [
      [
       [
        77.04891885216752,
        28.80549827773618
       ],
       [
        77.04892591383164,
        28.805859095163115
       ],
       [
        77.04933556494684,
        28.805852874629014
       ],
       [
        77.04932850187326,
        28.80549205729442
       ],
       [
        77.04891885216752,
        28.80549827773618
       ]
      ]
     ],
     [
      [
       [
        77.03131079368555,
        28.806125403339152
       ],
       [
        77.03172045034717,
        28.80611923620504
       ],
       [
        77.03171344788214,
        28.80575841491661
       ],
       [
        77.03130379263006,
        28.80576458195918
       ],
       [
        77.03131079368555,
        28.806125403339152
       ]
      ]
     ],
     [
      [
       [
        77.03213010688035,
        28.806113067829024
       ],
       [
        77.03172045034717,
        28.80611923620504
       ],
       [
        77.03172745294063,
        28.806480057472594
       ],
       [
        77.03213711088338,
        28.80647388900503
       ],
       [
        77.03213010688035,
        28.806113067829024
       ]
      ]
     ],
     [
      [
       [
        77.04812778852514,
        28.806953985215184
       ],
       [
        77.04853744412792,
        28.80694776688785
       ],
       [
        77.04853038348475,
        28.80658694943124
       ],
       [
        77.0481207292915,
        28.80659316766627
       ],
       [
        77.04812778852514,
        28.806953985215184
       ]
      ]
     ],
     [
      [
       [
        77.04894709960121,
        28.80694154731862
       ],
       [
        77.04853744412792,
        28.80694776688785
       ],
       [
        77.0485445049006,
        28.807308584323575
       ],
       [
        77.04895416178346,
        28.807302364662025
       ],
       [
        77.04894709960121,
        28.80694154731862
       ]
      ]
     ],
     [
      [
       [
        77.04814190738085,
        28.80767562025035
       ],
       [
        77.04816308663558,
        28.808758072646505
       ],
       [
        77.04857274928648,
        28.80875185385765
       ],
       [
        77.04856568799573,
        28.808391036505455
       ],
       [
        77.04897534910744,
        28.80838481656694
       ],
       [
        77.04896828653658,
        28.80802399928619
       ],
       [
        77.04855862683452,
        28.80803021913238
       ],
       [
        77.0485515658028,
        28.80766940173841
       ],
       [
        77.04814190738085,
        28.80767562025035
       ]
      ]
     ],
     [
      [
       [
        77.04817014664614,
        28.809118890070117
       ],
       [
        77.04816308663558,
        28.808758072646505
       ],
       [
        77.04734376094535,
        28.808770506498266
       ],
       [
        77.04735081813651,
        28.809131324106442
       ],
       [
        77.04817014664614,
        28.809118890070117
       ]
      ]
     ],
     [
      [
       [
        77.04817014664614,
        28.809118890070117
       ],
       [
        77.0481772067862,
        28.80947970747286
       ],
       [
        77.04858687225651,
        28.8094734884994
       ],
       [
        77.04857981070673,
        28.809112671188963
       ],
       [
        77.04817014664614,
        28.809118890070117
       ]
      ]
     ],
     [
      [
       [
        77.05311441582454,
        28.810487446574808
       ],
       [
        77.05352408396816,
        28.81048121241967
       ],
       [
        77.05351700511233,
        28.810120396281025
       ],
       [
        77.0531073383785,
        28.81012663034363
       ],
       [
        77.05311441582454,
        28.810487446574808
       ]
      ]
     ],
     [
      [
       [
        77.05311441582454,
        28.810487446574808
       ],
       [
        77.05270474755113,
        28.81049367948789
       ],
       [
        77.05271182371717,
        28.810854495790696
       ],
       [
        77.0531214934004,
        28.810848262785107
       ],
       [
        77.05311441582454,
        28.810487446574808
       ]
      ]
     ],
     [
      [
       [
        77.05769878933415,
        28.814387768512233
       ],
       [
        77.05768460069494,
        28.81366613852636
       ],
       [
        77.05727492116188,
        28.813672385936425
       ],
       [
        77.05726073586308,
        28.81295075568155
       ],
       [
        77.05685105901989,
        28.812957001664
       ],
       [
        77.05687942449781,
        28.814400262460957
       ],
       [
        77.05769878933415,
        28.814387768512233
       ]
      ]
     ],
     [
      [
       [
        77.06278037503283,
        28.781105225456567
       ],
       [
        77.06279457968213,
        28.78182685660432
       ],
       [
        77.06320413328284,
        28.781820598742495
       ],
       [
        77.06318992581818,
        28.78109896778061
       ],
       [
        77.06278037503283,
        28.781105225456567
       ]
      ]
     ],
     [
      [
       [
        77.06320413328284,
        28.781820598742495
       ],
       [
        77.06321123721065,
        28.7821814141921
       ],
       [
        77.06362079208874,
        28.782175154996754
       ],
       [
        77.06361368675319,
        28.781814339640114
       ],
       [
        77.06320413328284,
        28.781820598742495
       ]
      ]
     ],
     [
      [
       [
        77.0640374537101,
        28.782529709803597
       ],
       [
        77.06404456071414,
        28.78289052502548
       ],
       [
        77.06445411814697,
        28.782884263162977
       ],
       [
        77.06444700973518,
        28.7825234480341
       ],
       [
        77.0640374537101,
        28.782529709803597
       ]
      ]
     ],
     [
      [
       [
        77.06571835479568,
        28.784669544067274
       ],
       [
        77.06570412835106,
        28.78394791455578
       ],
       [
        77.06488500569071,
        28.783960445042098
       ],
       [
        77.06489211603206,
        28.78432125999439
       ],
       [
        77.06530167883533,
        28.784314995278528
       ],
       [
        77.06530879071501,
        28.784675810116873
       ],
       [
        77.06571835479568,
        28.784669544067274
       ]
      ]
     ],
     [
      [
       [
        77.06412274636467,
        28.78685949108712
       ],
       [
        77.06412985493353,
        28.787220306058266
       ],
       [
        77.0649490034591,
        28.78720777886041
       ],
       [
        77.06494189207412,
        28.786846964075302
       ],
       [
        77.06412274636467,
        28.78685949108712
       ]
      ]
     ],
     [
      [
       [
        77.06413696363278,
        28.787581121008508
       ],
       [
        77.06414407246245,
        28.787941935937862
       ],
       [
        77.06455364960668,
        28.787935672773344
       ],
       [
        77.06454653936889,
        28.787574857936995
       ],
       [
        77.06413696363278,
        28.787581121008508
       ]
      ]
     ],
     [
      [
       [
        77.06499167450885,
        28.78937266713225
       ],
       [
        77.06499878680714,
        28.789733481771083
       ],
       [
        77.06540837073145,
        28.789727215659596
       ],
       [
        77.0654012570249,
        28.78936640111381
       ],
       [
        77.06499167450885,
        28.78937266713225
       ]
      ]
     ],
     [
      [
       [
        77.06582506977057,
        28.790081762738975
       ],
       [
        77.06583930065278,
        28.790803391539924
       ],
       [
        77.06624888854095,
        28.790797122667268
       ],
       [
        77.0662346548421,
        28.79007549405249
       ],
       [
        77.06582506977057,
        28.790081762738975
       ]
      ]
     ],
     [
      [
       [
        77.06687920909292,
        28.80197608250428
       ],
       [
        77.06688633159567,
        28.80233689603917
       ],
       [
        77.06729596430256,
        28.802330621704286
       ],
       [
        77.06728884039065,
        28.801969808262545
       ],
       [
        77.06687920909292,
        28.80197608250428
       ]
      ]
     ],
     [
      [
       [
        77.06729596430256,
        28.802330621704286
       ],
       [
        77.06730308834514,
        28.802691435125123
       ],
       [
        77.06771272233053,
        28.802685159455482
       ],
       [
        77.06770559687877,
        28.802324346127808
       ],
       [
        77.06729596430256,
        28.802330621704286
       ]
      ]
     ],
     [
      [
       [
        77.06526203358582,
        28.803083608714502
       ],
       [
        77.06526915084362,
        28.80344442255905
       ],
       [
        77.06567878830056,
        28.803438152911372
       ],
       [
        77.06567166963353,
        28.80307733915989
       ],
       [
        77.06526203358582,
        28.803083608714502
       ]
      ]
     ],
     [
      [
       [
        77.06692906935587,
        28.804501776809428
       ],
       [
        77.06693619277321,
        28.80486259019796
       ],
       [
        77.0677554777858,
        28.80485003898245
       ],
       [
        77.06774835154981,
        28.804489225780227
       ],
       [
        77.06692906935587,
        28.804501776809428
       ]
      ]
     ],
     [
      [
       [
        77.07076572072536,
        28.812022317212705
       ],
       [
        77.0707514434174,
        28.81130069292933
       ],
       [
        77.06993210949163,
        28.811313264887378
       ],
       [
        77.06993924526054,
        28.81167407722612
       ],
       [
        77.07034891369867,
        28.811667791774838
       ],
       [
        77.07035605100829,
        28.812028603999362
       ],
       [
        77.07076572072536,
        28.812022317212705
       ]
      ]
     ],
     [
      [
       [
        77.07486956363931,
        28.812320192207906
       ],
       [
        77.07486241069049,
        28.811959381031674
       ],
       [
        77.07568174711005,
        28.811946778890572
       ],
       [
        77.07567459147283,
        28.811585967880443
       ],
       [
        77.07362625648909,
        28.811617463450215
       ],
       [
        77.07364055379657,
        28.812339086384434
       ],
       [
        77.07486956363931,
        28.812320192207906
       ]
      ]
     ],
     [
      [
       [
        77.07895908753659,
        28.811896320643612
       ],
       [
        77.07854942044305,
        28.811902632271686
       ],
       [
        77.07854225493725,
        28.811541821916766
       ],
       [
        77.0781325891221,
        28.81154813220913
       ],
       [
        77.0781612462946,
        28.81299137387787
       ],
       [
        77.07857091774905,
        28.812985063210878
       ],
       [
        77.07856375184896,
        28.812624252918752
       ],
       [
        77.07897342176213,
        28.81261794110332
       ],
       [
        77.07896625458363,
        28.81225713088393
       ],
       [
        77.07937592295552,
        28.8122508179201
       ],
       [
        77.07935441797933,
        28.811168387417432
       ],
       [
        77.07894475383681,
        28.811174700100178
       ],
       [
        77.07895908753659,
        28.811896320643612
       ]
      ]
     ],
     [
      [
       [
        77.06996065335254,
        28.81275651411684
       ],
       [
        77.07037032602024,
        28.81275022838569
       ],
       [
        77.07035605100829,
        28.812028603999362
       ],
       [
        77.06994638116032,
        28.81203488954394
       ],
       [
        77.06993924526054,
        28.81167407722612
       ],
       [
        77.06952957669151,
        28.81168036143533
       ],
       [
        77.06954384580227,
        28.812401986236605
       ],
       [
        77.06995351719098,
        28.812395701840845
       ],
       [
        77.06996065335254,
        28.81275651411684
       ]
      ]
     ],
     [
      [
       [
        77.07569605877825,
        28.812668400848047
       ],
       [
        77.07570321480921,
        28.813029211795396
       ],
       [
        77.0761128870517,
        28.813022908581104
       ],
       [
        77.076091415123,
        28.811940475956924
       ],
       [
        77.07568174711005,
        28.811946778890572
       ],
       [
        77.07568890287854,
        28.81230758987977
       ],
       [
        77.07527923332452,
        28.812313891664886
       ],
       [
        77.07528638781439,
        28.812674702726685
       ],
       [
        77.07569605877825,
        28.812668400848047
       ]
      ]
     ],
     [
      [
       [
        77.06218395733131,
        28.81323652102745
       ],
       [
        77.06217684782749,
        28.81287570700339
       ],
       [
        77.06135749713616,
        28.812888227537996
       ],
       [
        77.06135039058256,
        28.812527413307215
       ],
       [
        77.06012136779783,
        28.81254618451438
       ],
       [
        77.06014267516008,
        28.813628627979806
       ],
       [
        77.06055235378182,
        28.813622371874356
       ],
       [
        77.06054524978748,
        28.81326155749963
       ],
       [
        77.0613646038201,
        28.813249041747884
       ],
       [
        77.06137171063438,
        28.81360985593686
       ],
       [
        77.06178138886514,
        28.81360359610482
       ],
       [
        77.06177428064089,
        28.813242782008746
       ],
       [
        77.06218395733131,
        28.81323652102745
       ]
      ]
     ],
     [
      [
       [
        77.06301753535975,
        28.813945622951923
       ],
       [
        77.06301042277514,
        28.813584809155586
       ],
       [
        77.06260074493555,
        28.813591072714186
       ],
       [
        77.06259363389135,
        28.813230258803973
       ],
       [
        77.06218395733131,
        28.81323652102745
       ],
       [
        77.06219817673018,
        28.813958149012844
       ],
       [
        77.06301753535975,
        28.813945622951923
       ]
      ]
     ],
     [
      [
       [
        77.06342721447888,
        28.81393935805816
       ],
       [
        77.06343432860396,
        28.814300171740634
       ],
       [
        77.06384400900262,
        28.814293905511672
       ],
       [
        77.06383689346752,
        28.8139330919222
       ],
       [
        77.06342721447888,
        28.81393935805816
       ]
      ]
     ],
     [
      [
       [
        77.07573184024558,
        28.814472455375515
       ],
       [
        77.0757389969328,
        28.81483326621823
       ],
       [
        77.07614867622509,
        28.814826962536205
       ],
       [
        77.07614151812786,
        28.814466151787045
       ],
       [
        77.07573184024558,
        28.814472455375515
       ]
      ]
     ],
     [
      [
       [
        77.07737771331415,
        28.81480804403684
       ],
       [
        77.07738487577276,
        28.815168854484302
       ],
       [
        77.0777945559498,
        28.815162545739806
       ],
       [
        77.07780171994982,
        28.81552335607273
       ],
       [
        77.07739203836275,
        28.81552966491086
       ],
       [
        77.07739920108408,
        28.815890475316465
       ],
       [
        77.07862824968136,
        28.81587154479443
       ],
       [
        77.07863541676439,
        28.816232354898172
       ],
       [
        77.07904510077739,
        28.81622604214596
       ],
       [
        77.07903076392263,
        28.8155044221049
       ],
       [
        77.07944044498399,
        28.815498108297803
       ],
       [
        77.07941893645778,
        28.81441567836029
       ],
       [
        77.07900925962649,
        28.814421991886295
       ],
       [
        77.07902359569245,
        28.815143612052953
       ],
       [
        77.07861391590966,
        28.81514992452413
       ],
       [
        77.0785924162379,
        28.81406749396171
       ],
       [
        77.07941176721204,
        28.814054868339266
       ],
       [
        77.07939742911499,
        28.813333248234393
       ],
       [
        77.0781684109162,
        28.81335218424274
       ],
       [
        77.0781612462946,
        28.81299137387787
       ],
       [
        77.07775157470871,
        28.81299768330276
       ],
       [
        77.07778739208115,
        28.814801735385956
       ],
       [
        77.07737771331415,
        28.81480804403684
       ]
      ],
      [
       [
        77.07818274055367,
        28.81407380490968
       ],
       [
        77.07817557566923,
        28.813712994586666
       ],
       [
        77.07858524994353,
        28.813706683732356
       ],
       [
        77.0785924162379,
        28.81406749396171
       ],
       [
        77.07818274055367,
        28.81407380490968
       ]
      ]
     ],
     [
      [
       [
        77.07946912485986,
        28.816941347921404
       ],
       [
        77.07945478465892,
        28.816219728151463
       ],
       [
        77.07904510077739,
        28.81622604214596
       ],
       [
        77.07905226940198,
        28.81658685213509
       ],
       [
        77.07864258397885,
        28.81659316498099
       ],
       [
        77.07864975132476,
        28.81695397504288
       ],
       [
        77.07946912485986,
        28.816941347921404
       ]
      ]
     ],
     [
      [
       [
        77.07332381053952,
        28.817035930206238
       ],
       [
        77.0733309596844,
        28.817396741463398
       ],
       [
        77.07374064963473,
        28.817390444580578
       ],
       [
        77.07373349907964,
        28.817029633416862
       ],
       [
        77.07332381053952,
        28.817035930206238
       ]
      ]
     ],
     [
      [
       [
        77.07626322363666,
        28.820599931676497
       ],
       [
        77.07627038396596,
        28.820960742069868
       ],
       [
        77.07668008710105,
        28.820954435554853
       ],
       [
        77.07667292536131,
        28.82059362525507
       ],
       [
        77.07626322363666,
        28.820599931676497
       ]
      ]
     ],
     [
      [
       [
        77.07627754442659,
        28.821321552442292
       ],
       [
        77.07628470501852,
        28.82168236279379
       ],
       [
        77.0766944109746,
        28.821676056091626
       ],
       [
        77.07668724897215,
        28.821315245833706
       ],
       [
        77.07627754442659,
        28.821321552442292
       ]
      ]
     ],
     [
      [
       [
        77.07588931768791,
        28.822410289080725
       ],
       [
        77.07588215824387,
        28.822049478677524
       ],
       [
        77.07629186574178,
        28.82204317312436
       ],
       [
        77.07628470501852,
        28.82168236279379
       ],
       [
        77.07505558636251,
        28.821701275444898
       ],
       [
        77.0750698994771,
        28.822422896646376
       ],
       [
        77.07588931768791,
        28.822410289080725
       ]
      ]
     ],
     [
      [
       [
        77.08043198522775,
        28.824144905174833
       ],
       [
        77.08043916097726,
        28.824505714422195
       ],
       [
        77.08084887690349,
        28.824499394544333
       ],
       [
        77.08084169974329,
        28.82413858539074
       ],
       [
        77.08043198522775,
        28.824144905174833
       ]
      ]
     ],
     [
      [
       [
        77.07554403685691,
        28.825663887013643
       ],
       [
        77.07555119620318,
        28.82602469730108
       ],
       [
        77.07596091934991,
        28.82601839196147
       ],
       [
        77.07595375859282,
        28.825657581767583
       ],
       [
        77.07554403685691,
        28.825663887013643
       ]
      ]
     ],
     [
      [
       [
        77.07890069125868,
        28.829582314019728
       ],
       [
        77.07890786333799,
        28.829943123327908
       ],
       [
        77.07931760095394,
        28.829936807015333
       ],
       [
        77.07931042746354,
        28.82957599780086
       ],
       [
        77.07890069125868,
        28.829582314019728
       ]
      ]
     ],
     [
      [
       [
        77.08029498796458,
        28.837861963956886
       ],
       [
        77.08030216730434,
        28.838222772502185
       ],
       [
        77.08071193698746,
        28.838216450304014
       ],
       [
        77.08070475623603,
        28.837855641852478
       ],
       [
        77.08029498796458,
        28.837861963956886
       ]
      ]
     ],
     [
      [
       [
        77.0794898041912,
        28.838596221880202
       ],
       [
        77.07989957554926,
        28.838589902075082
       ],
       [
        77.07989239748957,
        28.838229093456963
       ],
       [
        77.0794826275432,
        28.838235413168338
       ],
       [
        77.0794898041912,
        28.838596221880202
       ]
      ]
     ],
     [
      [
       [
        77.08031652637877,
        28.838944389529953
       ],
       [
        77.08072629888531,
        28.83893806714423
       ],
       [
        77.08071911787054,
        28.838577258734595
       ],
       [
        77.08030934677572,
        28.838583581026548
       ],
       [
        77.08031652637877,
        28.838944389529953
       ]
      ]
     ],
     [
      [
       [
        77.07308371015914,
        28.846274179212468
       ],
       [
        77.073090867106,
        28.84663498896104
       ],
       [
        77.07350067163107,
        28.84662868699488
       ],
       [
        77.0734935132719,
        28.846267877339773
       ],
       [
        77.07308371015914,
        28.846274179212468
       ]
      ]
     ],
     [
      [
       [
        77.08143143847977,
        28.81258004412685
       ],
       [
        77.08143861424888,
        28.812940853762864
       ],
       [
        77.0818482846512,
        28.812934533159016
       ],
       [
        77.08184110747223,
        28.812573723616804
       ],
       [
        77.08143143847977,
        28.81258004412685
       ]
      ]
     ],
     [
      [
       [
        77.07983578394484,
        28.81477017349849
       ],
       [
        77.07985012591386,
        28.81549179324847
       ],
       [
        77.08025980671222,
        28.8154854769569
       ],
       [
        77.08026697930408,
        28.815846286706744
       ],
       [
        77.07985729709566,
        28.815852603092043
       ],
       [
        77.0798716398538,
        28.81657422271641
       ],
       [
        77.08028132488244,
        28.816567906143632
       ],
       [
        77.08027415202747,
        28.816207096435654
       ],
       [
        77.08068383551445,
        28.81620077871434
       ],
       [
        77.08069100977951,
        28.816561588328568
       ],
       [
        77.08151037917892,
        28.816548948971555
       ],
       [
        77.08151755639587,
        28.816909758377278
       ],
       [
        77.08233692808903,
        28.81689711386348
       ],
       [
        77.08232974805183,
        28.816536304645403
       ],
       [
        77.08192006368121,
        28.816542627429616
       ],
       [
        77.08191288518579,
        28.81618181809678
       ],
       [
        77.08150320209363,
        28.816188139544895
       ],
       [
        77.08149602513996,
        28.81582733009731
       ],
       [
        77.08067666138095,
        28.815839969079178
       ],
       [
        77.08066948737903,
        28.815479159423095
       ],
       [
        77.08107916791425,
        28.815472840647057
       ],
       [
        77.08105046758227,
        28.814029602188423
       ],
       [
        77.08146014234592,
        28.814023282545307
       ],
       [
        77.08143861424888,
        28.812940853762864
       ],
       [
        77.07979993132378,
        28.812966123757235
       ],
       [
        77.07981427197768,
        28.81368774371653
       ],
       [
        77.08022394572609,
        28.813681427893638
       ],
       [
        77.08024546192314,
        28.814763857394396
       ],
       [
        77.07983578394484,
        28.81477017349849
       ]
      ],
      [
       [
        77.08064079268702,
        28.81403592058938
       ],
       [
        77.08062644613042,
        28.8133143010469
       ],
       [
        77.08103611820582,
        28.813307982833482
       ],
       [
        77.08105046758227,
        28.814029602188423
       ],
       [
        77.08064079268702,
        28.81403592058938
       ]
      ]
     ],
     [
      [
       [
        77.08561440959235,
        28.81684648611635
       ],
       [
        77.08562160104248,
        28.817207294562188
       ],
       [
        77.0860312870473,
        28.81720096040947
       ],
       [
        77.08602409418704,
        28.816840152057644
       ],
       [
        77.08561440959235,
        28.81684648611635
       ]
      ]
     ],
     [
      [
       [
        77.08030284423661,
        28.817650335141952
       ],
       [
        77.08031001761779,
        28.81801114476619
       ],
       [
        77.0807197081556,
        28.818004826576097
       ],
       [
        77.0807125333642,
        28.81764401704561
       ],
       [
        77.08030284423661,
        28.817650335141952
       ]
      ]
     ],
     [
      [
       [
        77.09142209977554,
        28.820365766585745
       ],
       [
        77.09143652493697,
        28.82108738040212
       ],
       [
        77.09184622460562,
        28.82108102782041
       ],
       [
        77.09183179662341,
        28.820359414192552
       ],
       [
        77.09142209977554,
        28.820365766585745
       ]
      ]
     ],
     [
      [
       [
        77.09225592414195,
        28.821074673996193
       ],
       [
        77.09266562354597,
        28.821068318929505
       ],
       [
        77.09265840666792,
        28.82070751231463
       ],
       [
        77.0922487086743,
        28.82071386728703
       ],
       [
        77.09225592414195,
        28.821074673996193
       ]
      ]
     ],
     [
      [
       [
        77.09348502195694,
        28.821055605068658
       ],
       [
        77.09266562354597,
        28.821068318929505
       ],
       [
        77.09267284055638,
        28.821429125523416
       ],
       [
        77.09349224178817,
        28.821416411473923
       ],
       [
        77.09348502195694,
        28.821055605068658
       ]
      ]
     ],
     [
      [
       [
        77.09184622460562,
        28.82108102782041
       ],
       [
        77.09186065311701,
        28.82180264136443
       ],
       [
        77.09227035547423,
        28.82179628735167
       ],
       [
        77.09225592414195,
        28.821074673996193
       ],
       [
        77.09184622460562,
        28.82108102782041
       ]
      ]
     ],
     [
      [
       [
        77.09063154525163,
        28.821821695947566
       ],
       [
        77.09063875547433,
        28.822182502970886
       ],
       [
        77.09104845963887,
        28.822176152591478
       ],
       [
        77.09102682513604,
        28.821093731741346
       ],
       [
        77.09061712520288,
        28.82110008183807
       ],
       [
        77.09062433516114,
        28.821460888903303
       ],
       [
        77.0902146336853,
        28.821467237851753
       ],
       [
        77.09022184236534,
        28.82182804499022
       ],
       [
        77.09063154525163,
        28.821821695947566
       ]
      ]
     ],
     [
      [
       [
        77.08940243619621,
        28.821840739347937
       ],
       [
        77.08940964218745,
        28.82220154665382
       ],
       [
        77.09022905117757,
        28.822188852107743
       ],
       [
        77.09022184236534,
        28.82182804499022
       ],
       [
        77.08940243619621,
        28.821840739347937
       ]
      ]
     ],
     [
      [
       [
        77.0865489028104,
        28.82260674636818
       ],
       [
        77.08655609919212,
        28.82296755429085
       ],
       [
        77.08696580749886,
        28.82296121614891
       ],
       [
        77.0869586097066,
        28.822600408320287
       ],
       [
        77.0865489028104,
        28.82260674636818
       ]
      ]
     ],
     [
      [
       [
        77.08573668218276,
        28.82298022684694
       ],
       [
        77.08614639075341,
        28.822973891190202
       ],
       [
        77.08613919578225,
        28.822613083173493
       ],
       [
        77.08572948862216,
        28.82261941873623
       ],
       [
        77.08573668218276,
        28.82298022684694
       ]
      ]
     ],
     [
      [
       [
        77.08655609919212,
        28.82296755429085
       ],
       [
        77.08614639075341,
        28.822973891190202
       ],
       [
        77.08615358585652,
        28.823334699185953
       ],
       [
        77.08656329570582,
        28.82332836219259
       ],
       [
        77.08655609919212,
        28.82296755429085
       ]
      ]
     ],
     [
      [
       [
        77.0894240545664,
        28.822923161202738
       ],
       [
        77.08943126095411,
        28.823283968445764
       ],
       [
        77.08984096974687,
        28.823277621511487
       ],
       [
        77.08983376194861,
        28.82291681436262
       ],
       [
        77.0894240545664,
        28.822923161202738
       ]
      ]
     ],
     [
      [
       [
        77.08657049235147,
        28.82368917007336
       ],
       [
        77.0865776891291,
        28.824049977933182
       ],
       [
        77.08739711407422,
        28.824037299842374
       ],
       [
        77.08738991447531,
        28.82367649217066
       ],
       [
        77.08657049235147,
        28.82368917007336
       ]
      ]
     ],
     [
      [
       [
        77.08617517195754,
        28.824417123047503
       ],
       [
        77.08618236758845,
        28.82477793095947
       ],
       [
        77.08659208308032,
        28.82477159358999
       ],
       [
        77.0865776891291,
        28.824049977933182
       ],
       [
        77.08616797645858,
        28.824056315114603
       ],
       [
        77.08616078109156,
        28.82369550716076
       ],
       [
        77.08575106969973,
        28.8237018430055
       ],
       [
        77.08576545774439,
        28.82442345908028
       ],
       [
        77.08617517195754,
        28.824417123047503
       ]
      ]
     ],
     [
      [
       [
        77.08125859269808,
        28.824493073423785
       ],
       [
        77.08126577140062,
        28.82485388246264
       ],
       [
        77.08167548847427,
        28.824847560005594
       ],
       [
        77.08166830836103,
        28.82448675106053
       ],
       [
        77.08125859269808,
        28.824493073423785
       ]
      ]
     ],
     [
      [
       [
        77.0919183724549,
        28.824689094702308
       ],
       [
        77.09194001938982,
        28.825771514358205
       ],
       [
        77.09234973726372,
        28.8257651593083
       ],
       [
        77.09234252007569,
        28.825404352871583
       ],
       [
        77.0927522364065,
        28.825397996673264
       ],
       [
        77.09274501794012,
        28.82503719030989
       ],
       [
        77.09233530302001,
        28.825043546413905
       ],
       [
        77.09232808609667,
        28.82468273993527
       ],
       [
        77.0919183724549,
        28.824689094702308
       ]
      ]
     ],
     [
      [
       [
        77.09316195260493,
        28.825391639232226
       ],
       [
        77.09316917261442,
        28.82575244548033
       ],
       [
        77.0935788900912,
        28.825746086702242
       ],
       [
        77.09357166867098,
        28.8253852805485
       ],
       [
        77.09316195260493,
        28.825391639232226
       ]
      ]
     ],
     [
      [
       [
        77.0845938379107,
        28.827328925439126
       ],
       [
        77.08460102895374,
        28.827689733559446
       ],
       [
        77.08501075625976,
        28.8276834004091
       ],
       [
        77.08500356380584,
        28.82732259238274
       ],
       [
        77.0845938379107,
        28.827328925439126
       ]
      ]
     ],
     [
      [
       [
        77.08256675881832,
        28.828442997785313
       ],
       [
        77.08257394320205,
        28.828803806312315
       ],
       [
        77.08298367540006,
        28.82879747909461
       ],
       [
        77.08297648960533,
        28.828436670661475
       ],
       [
        77.08256675881832,
        28.828442997785313
       ]
      ]
     ],
     [
      [
       [
        77.08260268205447,
        28.830247040210878
       ],
       [
        77.08301241989668,
        28.83024071261769
       ],
       [
        77.08299086132655,
        28.829158287506793
       ],
       [
        77.08258112771753,
        28.829164614818367
       ],
       [
        77.08257394320205,
        28.828803806312315
       ],
       [
        77.0821642108723,
        28.828810132287114
       ],
       [
        77.08218576058088,
        28.829892558024
       ],
       [
        77.08177602388629,
        28.829898883037394
       ],
       [
        77.08178320597483,
        28.830259691668314
       ],
       [
        77.08219294408052,
        28.83025336656109
       ],
       [
        77.08220012771187,
        28.830614175077205
       ],
       [
        77.08260986709695,
        28.830607848633154
       ],
       [
        77.08260268205447,
        28.830247040210878
       ]
      ]
     ],
     [
      [
       [
        77.07589499925817,
        28.843343566477483
       ],
       [
        77.07507541707176,
        28.843356182408062
       ],
       [
        77.07508258002939,
        28.843716991856677
       ],
       [
        77.07549237260035,
        28.843710684419676
       ],
       [
        77.07549953710144,
        28.844071493753816
       ],
       [
        77.07508974311835,
        28.844077801284364
       ],
       [
        77.07511839678756,
        28.845521038785673
       ],
       [
        77.07388899710428,
        28.84553995503715
       ],
       [
        77.07388183772662,
        28.845179145412697
       ],
       [
        77.07347203898185,
        28.845185448248813
       ],
       [
        77.0734935132719,
        28.846267877339773
       ],
       [
        77.0739033162534,
        28.84626157422323
       ],
       [
        77.0739176359276,
        28.846983193325553
       ],
       [
        77.07350783012149,
        28.846989496629043
       ],
       [
        77.07351498874313,
        28.84735030624227
       ],
       [
        77.0731051813934,
        28.847356608395344
       ],
       [
        77.07311233873392,
        28.847717418081093
       ],
       [
        77.07229272081607,
        28.847730018842466
       ],
       [
        77.072299875463,
        28.848090828694144
       ],
       [
        77.07393911642346,
        28.848065621821984
       ],
       [
        77.0739319561269,
        28.847704812344116
       ],
       [
        77.07516138123171,
        28.84768589440938
       ],
       [
        77.07515421682932,
        28.84732508519112
       ],
       [
        77.07638363651485,
        28.847306156342043
       ],
       [
        77.07639080515433,
        28.847666965279593
       ],
       [
        77.07680061286571,
        28.847660653081874
       ],
       [
        77.07679344281385,
        28.84729984423793
       ],
       [
        77.07966208322475,
        28.84725562468084
       ],
       [
        77.07965490341805,
        28.846894816471714
       ],
       [
        77.08047451095503,
        28.84688217130529
       ],
       [
        77.08046732845537,
        28.846521363262735
       ],
       [
        77.08169673453627,
        28.846502386465744
       ],
       [
        77.08170392127279,
        28.846863194226863
       ],
       [
        77.08293333040469,
        28.846844205953925
       ],
       [
        77.0829261394313,
        28.846483398474387
       ],
       [
        77.08538494566099,
        28.846445388908755
       ],
       [
        77.08537774634596,
        28.846084581971954
       ],
       [
        77.08168954793149,
        28.846141578683667
       ],
       [
        77.0816823614585,
        28.845780770880637
       ],
       [
        77.08127256238775,
        28.84578709753581
       ],
       [
        77.08126537745872,
        28.845426289618
       ],
       [
        77.08085557966845,
        28.845432614935582
       ],
       [
        77.08084839628334,
        28.845071806903007
       ],
       [
        77.08207778502235,
        28.84505282750046
       ],
       [
        77.08206341017434,
        28.844331211935433
       ],
       [
        77.0832927892545,
        28.844312221902474
       ],
       [
        77.08329998084899,
        28.84467302941383
       ],
       [
        77.08370977502416,
        28.84466669682153
       ],
       [
        77.08368819639995,
        28.843584274506334
       ],
       [
        77.08409798620696,
        28.843577940952112
       ],
       [
        77.08409079218393,
        28.84321713356575
       ],
       [
        77.08491036857811,
        28.84320446291424
       ],
       [
        77.08491756542522,
        28.84356527011269
       ],
       [
        77.08532735483642,
        28.843558932827488
       ],
       [
        77.08533455322755,
        28.843919739910998
       ],
       [
        77.08615413447812,
        28.843907061421596
       ],
       [
        77.08616133582541,
        28.844267868296118
       ],
       [
        77.08657112766474,
        28.844261527091856
       ],
       [
        77.08657833055616,
        28.844622333851376
       ],
       [
        77.08575874392123,
        28.84463501520426
       ],
       [
        77.08576594412044,
        28.844995822130887
       ],
       [
        77.08494635413318,
        28.845008498696927
       ],
       [
        77.08495355164008,
        28.84536930579061
       ],
       [
        77.08536334811185,
        28.845362968035467
       ],
       [
        77.08537054716291,
        28.845723775014182
       ],
       [
        77.08578034491491,
        28.845717435921276
       ],
       [
        77.08578754551016,
        28.846078242785033
       ],
       [
        77.08660714344249,
        28.846065560679847
       ],
       [
        77.08659273673518,
        28.845343947307533
       ],
       [
        77.08741232849044,
        28.845331260603515
       ],
       [
        77.08740512251059,
        28.84497045407406
       ],
       [
        77.08699532811116,
        28.844976797953848
       ],
       [
        77.08698091937202,
        28.84425518464392
       ],
       [
        77.0873907109472,
        28.844248840952286
       ],
       [
        77.08739791666284,
        28.844609647523658
       ],
       [
        77.08780770951802,
        28.844603302494235
       ],
       [
        77.08780050239028,
        28.844242496016967
       ],
       [
        77.08821029370122,
        28.84423614983797
       ],
       [
        77.08820308529354,
        28.84387534343385
       ],
       [
        77.08943245419704,
        28.843856297717213
       ],
       [
        77.08943966684095,
        28.844217103838865
       ],
       [
        77.08984945762306,
        28.844210752685136
       ],
       [
        77.0898422435671,
        28.843849946657677
       ],
       [
        77.0902520328049,
        28.84384359435448
       ],
       [
        77.09025924827293,
        28.84420440028773
       ],
       [
        77.09066903879048,
        28.844198046646646
       ],
       [
        77.09067625580288,
        28.844558852464704
       ],
       [
        77.09108604760021,
        28.8445524974857
       ],
       [
        77.09110770366779,
        28.845634914531324
       ],
       [
        77.09192729533821,
        28.845622200276594
       ],
       [
        77.09192007369234,
        28.84526139480424
       ],
       [
        77.09437883705208,
        28.84522322275632
       ],
       [
        77.09437160706584,
        28.844862417829095
       ],
       [
        77.0947813990832,
        28.844856051562505
       ],
       [
        77.09478863048156,
        28.845216856395314
       ],
       [
        77.09519842377847,
        28.8452104887906
       ],
       [
        77.095191190968,
        28.84484968405222
       ],
       [
        77.09642056582659,
        28.844830574059202
       ],
       [
        77.09640609213098,
        28.84410896508636
       ],
       [
        77.09681588066101,
        28.84410259279031
       ],
       [
        77.09680864260021,
        28.843741788366927
       ],
       [
        77.09721842958551,
        28.843735414921753
       ],
       [
        77.09720395103801,
        28.843013806201103
       ],
       [
        77.09802351896244,
        28.843001055958066
       ],
       [
        77.09801627706388,
        28.84264025175538
       ],
       [
        77.09842605941498,
        28.842633874863044
       ],
       [
        77.0984405461688,
        28.84335548305828
       ],
       [
        77.09885033121103,
        28.84334910473319
       ],
       [
        77.09885757619915,
        28.843709908704756
       ],
       [
        77.09844778974494,
        28.843716287124444
       ],
       [
        77.09845503345387,
        28.844077091169623
       ],
       [
        77.09763545732297,
        28.844089844467266
       ],
       [
        77.09764269834061,
        28.844450648680617
       ],
       [
        77.09928185571938,
        28.84442513673238
       ],
       [
        77.09927460905352,
        28.844064332897393
       ],
       [
        77.09968439665408,
        28.844057951895813
       ],
       [
        77.09969164473198,
        28.844418755636163
       ],
       [
        77.10010143361168,
        28.844412373296286
       ],
       [
        77.10009418412174,
        28.844051569650595
       ],
       [
        77.10050397145649,
        28.844045186161722
       ],
       [
        77.10048947005134,
        28.84332357899672
       ],
       [
        77.10130903867396,
        28.84331080866687
       ],
       [
        77.10131629213404,
        28.843671612070477
       ],
       [
        77.10090650647723,
        28.843677997951904
       ],
       [
        77.1009137586583,
        28.84403880142922
       ],
       [
        77.10255290613559,
        28.84401325006285
       ],
       [
        77.10254564830647,
        28.84365244696447
       ],
       [
        77.10213586304872,
        28.843658836576754
       ],
       [
        77.10212135061364,
        28.842937230127518
       ],
       [
        77.10294091534826,
        28.842924450038428
       ],
       [
        77.10294817432317,
        28.843285253083994
       ],
       [
        77.10335795790282,
        28.84327886107928
       ],
       [
        77.10337247907592,
        28.844000466917866
       ],
       [
        77.10378226534641,
        28.843994073479937
       ],
       [
        77.10376774134933,
        28.84327246783098
       ],
       [
        77.1041775246627,
        28.843266073339095
       ],
       [
        77.10418478800663,
        28.84362687607923
       ],
       [
        77.10459457259881,
        28.843620480248898
       ],
       [
        77.10457277873066,
        28.842538072250115
       ],
       [
        77.10416299837432,
        28.84254446779589
       ],
       [
        77.10417026145193,
        28.84290527057798
       ],
       [
        77.1037604795505,
        28.842911664975038
       ],
       [
        77.10375321788482,
        28.842550862098108
       ],
       [
        77.10334343726217,
        28.84255725515677
       ],
       [
        77.10333617714153,
        28.84219645216404
       ],
       [
        77.10292639779767,
        28.84220284388435
       ],
       [
        77.10293365650642,
        28.842563646971882
       ],
       [
        77.10252387561756,
        28.842570037543428
       ],
       [
        77.10251661832073,
        28.842209234361132
       ],
       [
        77.10169705896769,
        28.84222201158406
       ],
       [
        77.10170431344072,
        28.842582814955872
       ],
       [
        77.10129453215276,
        28.842589201796756
       ],
       [
        77.10128002616351,
        28.84186759484269
       ],
       [
        77.10168980462767,
        28.841861208191258
       ],
       [
        77.10168255042066,
        28.841500404777484
       ],
       [
        77.10209232733996,
        28.841494016977272
       ],
       [
        77.10209958295883,
        28.84185482029631
       ],
       [
        77.10291913922201,
        28.84184204077583
       ],
       [
        77.10291188077944,
        28.841481237646335
       ],
       [
        77.10250210412623,
        28.841487627933546
       ],
       [
        77.10249484722857,
        28.8411268246883
       ],
       [
        77.10290462246995,
        28.841120434495863
       ],
       [
        77.10289736429354,
        28.840759631324396
       ],
       [
        77.10330713799006,
        28.840753239983272
       ],
       [
        77.10332165729957,
        28.84147484611561
       ],
       [
        77.1041412099405,
        28.84146205932367
       ],
       [
        77.10413394739554,
        28.841101256457637
       ],
       [
        77.10454372210445,
        28.841094861291268
       ],
       [
        77.10455098606123,
        28.841455664062455
       ],
       [
        77.10496076204878,
        28.841449267557742
       ],
       [
        77.10494623144481,
        28.84072766218413
       ],
       [
        77.10535600447554,
        28.840721264625692
       ],
       [
        77.1053487379616,
        28.840360462002277
       ],
       [
        77.10575850944734,
        28.840354063295305
       ],
       [
        77.10575124165491,
        28.839993260745814
       ],
       [
        77.10616101159566,
        28.839986860890317
       ],
       [
        77.10616828079982,
        28.84034766334488
       ],
       [
        77.10657805201902,
        28.84034126215103
       ],
       [
        77.10656351092054,
        28.8396196574108
       ],
       [
        77.1077928153079,
        28.839600446938512
       ],
       [
        77.10780736487666,
        28.84032205110889
       ],
       [
        77.10903667653383,
        28.84030282887589
       ],
       [
        77.10902211849482,
        28.839581225275715
       ],
       [
        77.10861235089926,
        28.839587633740038
       ],
       [
        77.10861962844035,
        28.839948435645674
       ],
       [
        77.10820985929968,
        28.83995484296164
       ],
       [
        77.10818803131174,
        28.838872436896665
       ],
       [
        77.10859779621742,
        28.838866029865798
       ],
       [
        77.10860507349163,
        28.83922683181341
       ],
       [
        77.10942460572593,
        28.839214013831505
       ],
       [
        77.10941732562844,
        28.838853212074
       ],
       [
        77.1110563828485,
        28.838827561570234
       ],
       [
        77.11106366859252,
        28.839188362947283
       ],
       [
        77.11147343397526,
        28.83918194711782
       ],
       [
        77.11148072126454,
        28.839542748378705
       ],
       [
        77.11189048792531,
        28.83953633121071
       ],
       [
        77.11187591065712,
        28.838814728858296
       ],
       [
        77.11146614681961,
        28.838821145835933
       ],
       [
        77.11145885979757,
        28.838460344533058
       ],
       [
        77.11186862222347,
        28.8384539276506
       ],
       [
        77.11185404575708,
        28.837732325172215
       ],
       [
        77.11226380522622,
        28.837725907236816
       ],
       [
        77.11228567436098,
        28.838808310637308
       ],
       [
        77.11269543793118,
        28.838801891173
       ],
       [
        77.11270272932171,
        28.839162692169282
       ],
       [
        77.11311249416984,
        28.83915627136639
       ],
       [
        77.11311978710572,
        28.83951707224645
       ],
       [
        77.11271002084592,
        28.839523493144576
       ],
       [
        77.11272460429545,
        28.84024509503217
       ],
       [
        77.1131343733786,
        28.84023867394357
       ],
       [
        77.11312708017529,
        28.83987787310551
       ],
       [
        77.11353684771302,
        28.839871450868763
       ],
       [
        77.11354414232804,
        28.840232251611578
       ],
       [
        77.11395391114371,
        28.840225828036164
       ],
       [
        77.11394661511702,
        28.83986502738863
       ],
       [
        77.11435638238723,
        28.839858602665107
       ],
       [
        77.11434178791183,
        28.839137001497605
       ],
       [
        77.11393202346493,
        28.839143426030557
       ],
       [
        77.11392472783955,
        28.838782625320025
       ],
       [
        77.11433449087482,
        28.83877620088236
       ],
       [
        77.11431989720221,
        28.838054599588872
       ],
       [
        77.11391013699007,
        28.83806102383595
       ],
       [
        77.11390284176596,
        28.837700223062427
       ],
       [
        77.11431260056658,
        28.83769379891063
       ],
       [
        77.11430530406473,
        28.83733299821139
       ],
       [
        77.11471506132003,
        28.83732657291163
       ],
       [
        77.11470776354048,
        28.8369657722867
       ],
       [
        77.11511751925049,
        28.836959345839
       ],
       [
        77.11513211776638,
        28.837680946877228
       ],
       [
        77.11554187616554,
        28.837674518995613
       ],
       [
        77.11554917703577,
        28.83803531938787
       ],
       [
        77.11636869625553,
        28.83802245970409
       ],
       [
        77.11637600008274,
        28.838383259884623
       ],
       [
        77.11678576090331,
        28.838376828082403
       ],
       [
        77.11677115055974,
        28.837655227891133
       ],
       [
        77.11636139256225,
        28.83766165950256
       ],
       [
        77.11635408900287,
        28.83730085928003
       ],
       [
        77.11594433228296,
        28.837307289552808
       ],
       [
        77.11593703026898,
        28.836946489213894
       ],
       [
        77.11552727482668,
        28.836952918148064
       ],
       [
        77.11551997435802,
        28.8365921176928
       ],
       [
        77.11592972838889,
        28.836585688853987
       ],
       [
        77.11592242664268,
        28.83622488847306
       ],
       [
        77.11551267402324,
        28.83623131721651
       ],
       [
        77.1155053738223,
        28.835870516719247
       ],
       [
        77.11509562248042,
        28.835876944124163
       ],
       [
        77.11510292126995,
        28.83623774471677
       ],
       [
        77.11469316838281,
        28.836244170973817
       ],
       [
        77.1146858710047,
        28.8358833702859
       ],
       [
        77.11222735934143,
        28.835921901149423
       ],
       [
        77.11222007056543,
        28.835561099868958
       ],
       [
        77.111400568431,
        28.83557393335426
       ],
       [
        77.11139328261136,
        28.835213131862442
       ],
       [
        77.11098353275513,
        28.835219546645178
       ],
       [
        77.11097624848043,
        28.83485874503721
       ],
       [
        77.11138599692534,
        28.834852330349623
       ],
       [
        77.1113787113729,
        28.834491528815818
       ],
       [
        77.1109689643393,
        28.834497943408255
       ],
       [
        77.11096168033174,
        28.834137141758305
       ],
       [
        77.11178117144274,
        28.83412431152064
       ],
       [
        77.1117738847462,
        28.833763510040022
       ],
       [
        77.11095439645774,
        28.83377634008736
       ],
       [
        77.1109471127173,
        28.83341553839542
       ],
       [
        77.11053736978396,
        28.83342195145933
       ],
       [
        77.11054465211316,
        28.8337827532464
       ],
       [
        77.10972516302343,
        28.833795575835225
       ],
       [
        77.10971788351671,
        28.833434773857945
       ],
       [
        77.10930814018286,
        28.833441183192647
       ],
       [
        77.10930086222085,
        28.833080381099307
       ],
       [
        77.10889112016477,
        28.83308678909588
       ],
       [
        77.10889839671556,
        28.83344759128428
       ],
       [
        77.10848865311482,
        28.833453998132835
       ],
       [
        77.10847410296911,
        28.83273239354498
       ],
       [
        77.1088838437474,
        28.8327259868865
       ],
       [
        77.10887656746347,
        28.83236518465613
       ],
       [
        77.10969604579743,
        28.832352367800183
       ],
       [
        77.10968876682463,
        28.831991565738953
       ],
       [
        77.11009850438028,
        28.83198515554156
       ],
       [
        77.11012034593263,
        28.833067561377
       ],
       [
        77.11053008758829,
        28.83306114965128
       ],
       [
        77.11052280552613,
        28.832700347822236
       ],
       [
        77.11134228561444,
        28.832687520831904
       ],
       [
        77.11132771624614,
        28.831965917491388
       ],
       [
        77.11173745326764,
        28.831959502322015
       ],
       [
        77.11175931175396,
        28.833041907015797
       ],
       [
        77.11216905287533,
        28.833035490317876
       ],
       [
        77.11217634071586,
        28.833396291745302
       ],
       [
        77.11258608311482,
        28.833389873709127
       ],
       [
        77.11260066201929,
        28.834111476310586
       ],
       [
        77.11301040710707,
        28.834105056840905
       ],
       [
        77.11297395379233,
        28.832301050655953
       ],
       [
        77.11256421576059,
        28.832307469649507
       ],
       [
        77.1125496381927,
        28.83158586683812
       ],
       [
        77.11295937340222,
        28.831579448035008
       ],
       [
        77.11295208340768,
        28.831218646693056
       ],
       [
        77.11254234960923,
        28.831225065400947
       ],
       [
        77.11252048466069,
        28.830142660963443
       ],
       [
        77.11293021422607,
        28.830136242541197
       ],
       [
        77.11292292476621,
        28.829775441115277
       ],
       [
        77.11333265278692,
        28.82976902154538
       ],
       [
        77.11332536204978,
        28.82940822019368
       ],
       [
        77.11250590869656,
        28.82942105790014
       ],
       [
        77.11249862091496,
        28.82906025633702
       ],
       [
        77.11290834624748,
        28.829053838200426
       ],
       [
        77.1128937682634,
        28.828332235201614
       ],
       [
        77.11248404575265,
        28.828338653147767
       ],
       [
        77.11247675837195,
        28.827977851521652
       ],
       [
        77.11206703713842,
        28.82798426812981
       ],
       [
        77.11205246559952,
        28.82726266462423
       ],
       [
        77.11246218401142,
        28.827256248206464
       ],
       [
        77.1124548970316,
        28.82689544651738
       ],
       [
        77.11204518003046,
        28.82690186283995
       ],
       [
        77.112037894595,
        28.826541061034693
       ],
       [
        77.11244761018541,
        28.826534644807307
       ],
       [
        77.11242575044855,
        28.82545223955114
       ],
       [
        77.11283546167326,
        28.825445822366692
       ],
       [
        77.1128281739509,
        28.825085020667867
       ],
       [
        77.11323788363133,
        28.82507860233599
       ],
       [
        77.11324517276432,
        28.82543940393958
       ],
       [
        77.11365488372172,
        28.825432984269817
       ],
       [
        77.11366946521005,
        28.82615458722355
       ],
       [
        77.1140791788551,
        28.8261481661206
       ],
       [
        77.11406459454543,
        28.825426563357407
       ],
       [
        77.11488401579165,
        28.82541371780464
       ],
       [
        77.11487672101612,
        28.82505291658214
       ],
       [
        77.1144670118705,
        28.825059339884543
       ],
       [
        77.11441596206102,
        28.82253373007216
       ],
       [
        77.11482566133294,
        28.822527307436843
       ],
       [
        77.11481107405588,
        28.82180570463497
       ],
       [
        77.11317228744919,
        28.82183138695907
       ],
       [
        77.11316499965278,
        28.82147058514557
       ],
       [
        77.11357469509461,
        28.821464166523487
       ],
       [
        77.11355282827627,
        28.820381761242786
       ],
       [
        77.11396251935346,
        28.820375341664022
       ],
       [
        77.11396980956954,
        28.82073614334999
       ],
       [
        77.11437950192334,
        28.820729722433565
       ],
       [
        77.11437221029696,
        28.82036892084286
       ],
       [
        77.11478190110674,
        28.820362498779325
       ],
       [
        77.1147891941434,
        28.82072330027472
       ],
       [
        77.11560857818229,
        28.82071045222983
       ],
       [
        77.11560128232503,
        28.820349650925078
       ],
       [
        77.1160109727335,
        28.82034322513437
       ],
       [
        77.11598908173384,
        28.819260821380187
       ],
       [
        77.11557939555608,
        28.819267246884856
       ],
       [
        77.11555750999125,
        28.818184842655707
       ],
       [
        77.11514782791018,
        28.818191266632063
       ],
       [
        77.11514053439957,
        28.817830465085038
       ],
       [
        77.11473085359486,
        28.817836887723796
       ],
       [
        77.11473814569536,
        28.81819768936614
       ],
       [
        77.11432846334678,
        28.818204110857934
       ],
       [
        77.11433575417087,
        28.818564912574555
       ],
       [
        77.11392607027845,
        28.818571332919344
       ],
       [
        77.11391149158426,
        28.817849729274563
       ],
       [
        77.11350181037842,
        28.817856148186543
       ],
       [
        77.11351638625237,
        28.81857775202184
       ],
       [
        77.11310670209262,
        28.818584169882033
       ],
       [
        77.1131139888199,
        28.81894497186344
       ],
       [
        77.11188493130845,
        28.818964218275788
       ],
       [
        77.11187764881169,
        28.818603416008784
       ],
       [
        77.11146796411755,
        28.81860982889976
       ],
       [
        77.11145340234496,
        28.8178882241125
       ],
       [
        77.11063403819674,
        28.817901045786996
       ],
       [
        77.11062676033093,
        28.817540243171617
       ],
       [
        77.11021707946668,
        28.817546652050353
       ],
       [
        77.11022435592238,
        28.817907454760835
       ],
       [
        77.10858562549083,
        28.817933078233416
       ],
       [
        77.10859289643942,
        28.81829388130314
       ],
       [
        77.10818321208797,
        28.8183002841606
       ],
       [
        77.10819048175975,
        28.81866108730435
       ],
       [
        77.1077807958648,
        28.81866748901451
       ],
       [
        77.10778806425971,
        28.819028292232282
       ],
       [
        77.10737837682127,
        28.8190346927951
       ],
       [
        77.10736384298512,
        28.81831308614861
       ],
       [
        77.1077735276032,
        28.818306685775752
       ],
       [
        77.10776625947487,
        28.817945882516018
       ],
       [
        77.10735657626695,
        28.8179522827939
       ],
       [
        77.10733477691204,
        28.81686987260391
       ],
       [
        77.10610573917964,
        28.816889065129384
       ],
       [
        77.10612026348915,
        28.817610672513318
       ],
       [
        77.10530089869458,
        28.817623461698698
       ],
       [
        77.10529363929344,
        28.81726265782742
       ],
       [
        77.1057033203472,
        28.817256263950757
       ],
       [
        77.10569605966911,
        28.81689546015341
       ],
       [
        77.10528638002543,
        28.816901853935207
       ],
       [
        77.10527912089056,
        28.81654105002199
       ],
       [
        77.10486944252379,
        28.816547442466685
       ],
       [
        77.10487670024861,
        28.816908246474757
       ],
       [
        77.10323797981056,
        28.816933804210546
       ],
       [
        77.10324523202814,
        28.8172946085769
       ],
       [
        77.10447427678655,
        28.817275441854
       ],
       [
        77.10448153336746,
        28.81763624591498
       ],
       [
        77.10366216750802,
        28.81764902516215
       ],
       [
        77.10369118388118,
        28.819092241954845
       ],
       [
        77.10328149511119,
        28.81909863009418
       ],
       [
        77.1032960012755,
        28.819820238554275
       ],
       [
        77.103705692866,
        28.819813850225355
       ],
       [
        77.10371294755797,
        28.820174654329154
       ],
       [
        77.10289356142336,
        28.820187429934165
       ],
       [
        77.10290081342772,
        28.820548234206566
       ],
       [
        77.10208142394049,
        28.820561005031426
       ],
       [
        77.10208867325716,
        28.820921809472345
       ],
       [
        77.10167897690376,
        28.82092819311585
       ],
       [
        77.10167172899743,
        28.82056738858021
       ],
       [
        77.10126203392147,
        28.820573770886554
       ],
       [
        77.10128377380803,
        28.82165618471469
       ],
       [
        77.10087407436804,
        28.821662566062656
       ],
       [
        77.10088856546933,
        28.822384175365933
       ],
       [
        77.09965945788946,
        28.82240331252277
       ],
       [
        77.09966669940795,
        28.8227641174269
       ],
       [
        77.10048610741502,
        28.822751360375598
       ],
       [
        77.10050059649251,
        28.823472969742404
       ],
       [
        77.10091030311784,
        28.823466589163573
       ],
       [
        77.10092479554793,
        28.82418819825715
       ],
       [
        77.10051508610145,
        28.824194579025317
       ],
       [
        77.1005223311052,
        28.824555383635328
       ],
       [
        77.09929319773684,
        28.824574518767985
       ],
       [
        77.0993004386415,
        28.824935323640933
       ],
       [
        77.09971015130776,
        28.824928946411408
       ],
       [
        77.0997173937559,
        28.825289751168754
       ],
       [
        77.09930767967897,
        28.8252961284929
       ],
       [
        77.09932940358807,
        28.826378542923017
       ],
       [
        77.09973912189719,
        28.82637216531501
       ],
       [
        77.0997318790506,
        28.82601136062057
       ],
       [
        77.10014159581614,
        28.82600498186445
       ],
       [
        77.10014884007347,
        28.826365786464265
       ],
       [
        77.10055855811692,
        28.82635940637078
       ],
       [
        77.10056580391787,
        28.82672021085496
       ],
       [
        77.10015608446366,
        28.8267265910431
       ],
       [
        77.10017057364256,
        28.82744820013786
       ],
       [
        77.09976085123385,
        28.827454579272526
       ],
       [
        77.09977533812241,
        28.82817618847269
       ],
       [
        77.09936561275916,
        28.82818256655381
       ],
       [
        77.09935837065935,
        28.82782176186959
       ],
       [
        77.09894864657416,
        28.82782813861328
       ],
       [
        77.09894140601801,
        28.827467333813484
       ],
       [
        77.09853168321091,
        28.827473709219767
       ],
       [
        77.09852444419836,
        28.827112904304414
       ],
       [
        77.09811472266935,
        28.82711927837334
       ],
       [
        77.09810748520036,
        28.826758473342462
       ],
       [
        77.09769776494944,
        28.82676484607405
       ],
       [
        77.09768329323116,
        28.826043235760277
       ],
       [
        77.0972735756691,
        28.826049607060042
       ],
       [
        77.09728804456583,
        28.82677121756288
       ],
       [
        77.09687832404957,
        28.826777587808937
       ],
       [
        77.0968855572861,
        28.82713839312341
       ],
       [
        77.09524666825158,
        28.827163862057844
       ],
       [
        77.09523944065832,
        28.826803056365517
       ],
       [
        77.0948297194791,
        28.826809420397737
       ],
       [
        77.09482249342916,
        28.826448614590014
       ],
       [
        77.09441277352823,
        28.826454977285053
       ],
       [
        77.09438387629653,
        28.825011753466946
       ],
       [
        77.09479359055452,
        28.825005391149503
       ],
       [
        77.09477191478982,
        28.823922973349017
       ],
       [
        77.09518162468336,
        28.823916610072132
       ],
       [
        77.09517439828286,
        28.823555804191137
       ],
       [
        77.09435498118445,
        28.823568529313462
       ],
       [
        77.09436942847556,
        28.824290141432122
       ],
       [
        77.09355000520485,
        28.82430286196149
       ],
       [
        77.0935427843143,
        28.823942055723894
       ],
       [
        77.09313307389094,
        28.823948414030266
       ],
       [
        77.0931186353283,
        28.823226801303537
       ],
       [
        77.0927089275937,
        28.82323315817863
       ],
       [
        77.0926944923817,
        28.822511545179413
       ],
       [
        77.09228478733583,
        28.822517900623303
       ],
       [
        77.09229921972675,
        28.82323951381113
       ],
       [
        77.09188951172746,
        28.823245868201024
       ],
       [
        77.09186065311701,
        28.82180264136443
       ],
       [
        77.09145095062749,
        28.821808994134667
       ],
       [
        77.09145816367115,
        28.822169800969515
       ],
       [
        77.09104845963887,
        28.822176152591478
       ],
       [
        77.09105567140432,
        28.82253695949961
       ],
       [
        77.09064596582928,
        28.822543309973245
       ],
       [
        77.09065317631644,
        28.822904116954653
       ],
       [
        77.09024346919863,
        28.822910466279932
       ],
       [
        77.09025067840746,
        28.8232712733346
       ],
       [
        77.08984096974687,
        28.823277621511487
       ],
       [
        77.08984817767734,
        28.823638428639388
       ],
       [
        77.08943846747398,
        28.823644775667837
       ],
       [
        77.08944567412598,
        28.824005582868953
       ],
       [
        77.08903596237985,
        28.824011928748927
       ],
       [
        77.08904316775339,
        28.824372736023257
       ],
       [
        77.08822374104344,
        28.824385424243534
       ],
       [
        77.08823094372777,
        28.82474623168517
       ],
       [
        77.08864065855946,
        28.82473988810225
       ],
       [
        77.08864786278657,
        28.825100695428812
       ],
       [
        77.08782843016967,
        28.825113381540195
       ],
       [
        77.08780682634874,
        28.824030958932987
       ],
       [
        77.08739711407422,
        28.824037299842374
       ],
       [
        77.08740431380514,
        28.824398107493135
       ],
       [
        77.08699459998793,
        28.824404447253944
       ],
       [
        77.08700899702453,
        28.82512606268076
       ],
       [
        77.08618956335131,
        28.82513873885048
       ],
       [
        77.08618236758845,
        28.82477793095947
       ],
       [
        77.08536293620885,
        28.824790601970346
       ],
       [
        77.0853557433993,
        28.824429793870376
       ],
       [
        77.08494602892233,
        28.824436127417794
       ],
       [
        77.08493164652026,
        28.8237145109671
       ],
       [
        77.08575106969973,
        28.8237018430055
       ],
       [
        77.08574387587527,
        28.8233410349367
       ],
       [
        77.0853341657621,
        28.823347369444825
       ],
       [
        77.08531258931198,
        28.82226494483075
       ],
       [
        77.08613200094305,
        28.822252275135856
       ],
       [
        77.08613919578225,
        28.822613083173493
       ],
       [
        77.0865489028104,
        28.82260674636818
       ],
       [
        77.08653451044289,
        28.821885130459997
       ],
       [
        77.08612480623579,
        28.821891467077265
       ],
       [
        77.08611761166046,
        28.821530658997727
       ],
       [
        77.08529820567138,
        28.821543328316633
       ],
       [
        77.08528382255831,
        28.820821711718736
       ],
       [
        77.08569352279792,
        28.82081537786852
       ],
       [
        77.0856863300288,
        28.82045456963213
       ],
       [
        77.0860960287261,
        28.820448234633428
       ],
       [
        77.08608164076288,
        28.819726618285834
       ],
       [
        77.08567194488631,
        28.81973295309654
       ],
       [
        77.08566475251294,
        28.81937214479732
       ],
       [
        77.08484536318477,
        28.81938481050347
       ],
       [
        77.08483098447485,
        28.81866319346631
       ],
       [
        77.08524067638429,
        28.818656861422376
       ],
       [
        77.08522629538129,
        28.81793524448937
       ],
       [
        77.08563598433837,
        28.817928911391004
       ],
       [
        77.08562160104248,
        28.817207294562188
       ],
       [
        77.08521191490574,
        28.817213627472587
       ],
       [
        77.08521910507758,
        28.817574435991443
       ],
       [
        77.08480941739882,
        28.817580767753498
       ],
       [
        77.08481660629232,
        28.817941576345376
       ],
       [
        77.08440691707152,
        28.81794790695904
       ],
       [
        77.08439972958821,
        28.81758709827321
       ],
       [
        77.0823512885585,
        28.81761873223682
       ],
       [
        77.08234410825793,
        28.817257923060627
       ],
       [
        77.08111504629021,
        28.8172768882493
       ],
       [
        77.08112222236022,
        28.817637697706928
       ],
       [
        77.08153191122462,
        28.8176313771259
       ],
       [
        77.08153908883645,
        28.817992186468803
       ],
       [
        77.08112939856183,
        28.817998507143635
       ],
       [
        77.08113657489504,
        28.818359316559395
       ],
       [
        77.08031719113052,
        28.818371954369493
       ],
       [
        77.08031001761779,
        28.81801114476619
       ],
       [
        77.07990032694842,
        28.818017461713932
       ],
       [
        77.07989315497746,
        28.817656651995943
       ],
       [
        77.08030284423661,
        28.817650335141952
       ],
       [
        77.080295670987,
        28.817289525496786
       ],
       [
        77.08070535870439,
        28.817283207494206
       ],
       [
        77.08069100977951,
        28.816561588328568
       ],
       [
        77.08028132488244,
        28.816567906143632
       ],
       [
        77.08028849786893,
        28.816928715830677
       ],
       [
        77.07946912485986,
        28.816941347921404
       ],
       [
        77.07947629515756,
        28.81730215777497
       ],
       [
        77.07906660704558,
        28.817308472050566
       ],
       [
        77.07907377606459,
        28.817669281976894
       ],
       [
        77.07948346558679,
        28.8176629676076
       ],
       [
        77.07949780683974,
        28.818384587210065
       ],
       [
        77.07908811449707,
        28.81839090176676
       ],
       [
        77.07910245345548,
        28.81911252147289
       ],
       [
        77.07869275816074,
        28.819118834974578
       ],
       [
        77.0786855900261,
        28.818758025038296
       ],
       [
        77.0782758960102,
        28.818764337203895
       ],
       [
        77.07829022959031,
        28.819485957242865
       ],
       [
        77.07788053262233,
        28.819492268353358
       ],
       [
        77.0778733671769,
        28.81913145825068
       ],
       [
        77.07664427971565,
        28.819150383846623
       ],
       [
        77.07663711863258,
        28.818789573442185
       ],
       [
        77.07704681317405,
        28.81878326624623
       ],
       [
        77.07703965081201,
        28.81842245591445
       ],
       [
        77.07662995768082,
        28.81842876301682
       ],
       [
        77.07661563617131,
        28.817707142103277
       ],
       [
        77.07620594572931,
        28.817713447776093
       ],
       [
        77.07619878658177,
        28.81735263719436
       ],
       [
        77.07578909741868,
        28.817358941531268
       ],
       [
        77.07578193981261,
        28.816998130835042
       ],
       [
        77.07701100267738,
        28.816979214378044
       ],
       [
        77.07699667939815,
        28.81625759348424
       ],
       [
        77.07617730992688,
        28.816270205323587
       ],
       [
        77.0761701513045,
        28.81590939465813
       ],
       [
        77.07535078412829,
        28.815922001341228
       ],
       [
        77.07532216223204,
        28.814478757721805
       ],
       [
        77.07573184024558,
        28.814472455375515
       ],
       [
        77.0757246836896,
        28.814111644511886
       ],
       [
        77.07531500708606,
        28.814117946764647
       ],
       [
        77.0753078520713,
        28.813757135786535
       ],
       [
        77.07448850129047,
        28.8137697363785
       ],
       [
        77.07447419729435,
        28.81304811398552
       ],
       [
        77.0748838699305,
        28.8130418144976
       ],
       [
        77.0748767167193,
        28.81268100336322
       ],
       [
        77.073647702647,
        28.812699897820167
       ],
       [
        77.07364055379657,
        28.812339086384434
       ],
       [
        77.07323088358675,
        28.812345381959094
       ],
       [
        77.0732165890989,
        28.811623758837996
       ],
       [
        77.07116825018221,
        28.811655217146047
       ],
       [
        77.0711753903115,
        28.812016029183958
       ],
       [
        77.07240439828405,
        28.811997157645234
       ],
       [
        77.0724115427738,
        28.812357969382123
       ],
       [
        77.07159220143674,
        28.812370551836775
       ],
       [
        77.07160648516987,
        28.813092175621293
       ],
       [
        77.07201615872368,
        28.8130858848283
       ],
       [
        77.07203044580064,
        28.813807508342425
       ],
       [
        77.0724401220433,
        28.813801216120527
       ],
       [
        77.07244726718828,
        28.814162027752822
       ],
       [
        77.07162791175197,
        28.814174611141194
       ],
       [
        77.0716136272329,
        28.81345298748218
       ],
       [
        77.07120395213818,
        28.813459277126388
       ],
       [
        77.07118967096292,
        28.812737653197015
       ],
       [
        77.07037032602024,
        28.81275022838569
       ],
       [
        77.07039887761509,
        28.81419347690731
       ],
       [
        77.0712182338373,
        28.81418090097209
       ],
       [
        77.07122537488333,
        28.81454171286356
       ],
       [
        77.07204473340167,
        28.814529131772844
       ],
       [
        77.0720518773987,
        28.814889943456688
       ],
       [
        77.07246155787139,
        28.814883650954645
       ],
       [
        77.07246870340951,
        28.815244462524166
       ],
       [
        77.0728783851612,
        28.815238168686495
       ],
       [
        77.07288553224045,
        28.8155989801417
       ],
       [
        77.07411458093912,
        28.815580090894894
       ],
       [
        77.07412173237975,
        28.81594090204885
       ],
       [
        77.07289267945079,
        28.815959791575974
       ],
       [
        77.0729069742647,
        28.81668141438177
       ],
       [
        77.0737263486557,
        28.81666882223222
       ],
       [
        77.07373349907964,
        28.817029633416862
       ],
       [
        77.07414318748862,
        28.817023335385162
       ],
       [
        77.07415033945391,
        28.81738414645541
       ],
       [
        77.07374064963473,
        28.817390444580578
       ],
       [
        77.07374780032094,
        28.81775125572336
       ],
       [
        77.0745671826486,
        28.817738658043737
       ],
       [
        77.07456002914192,
        28.817377847087897
       ],
       [
        77.07496971869872,
        28.817371546478032
       ],
       [
        77.07498402866375,
        28.818093168181797
       ],
       [
        77.0753937209098,
        28.818086866142547
       ],
       [
        77.07540087749942,
        28.818447676869514
       ],
       [
        77.0758105710245,
        28.818441373494345
       ],
       [
        77.07581772915567,
        28.81880218410685
       ],
       [
        77.07622742395978,
        28.818795879395726
       ],
       [
        77.07623458363253,
        28.81915668989373
       ],
       [
        77.07541519107241,
        28.81916929826066
       ],
       [
        77.07542234805578,
        28.81953010892485
       ],
       [
        77.0762417434366,
        28.819517500370836
       ],
       [
        77.07624890337196,
        28.81987831082698
       ],
       [
        77.07665860227581,
        28.819872004592714
       ],
       [
        77.07667292536131,
        28.82059362525507
       ],
       [
        77.0770826269546,
        28.820587317591144
       ],
       [
        77.07706830104829,
        28.819865697115976
       ],
       [
        77.07747799968944,
        28.819859388396765
       ],
       [
        77.07751382249266,
        28.821663438959618
       ],
       [
        77.0771041167993,
        28.821669748146903
       ],
       [
        77.07711128034362,
        28.82203055829029
       ],
       [
        77.07629186574178,
        28.82204317312436
       ],
       [
        77.07631334869951,
        28.823125603990473
       ],
       [
        77.07590363696985,
        28.82313190982433
       ],
       [
        77.07591795677703,
        28.823853530484215
       ],
       [
        77.07550824209478,
        28.823859835262517
       ],
       [
        77.0755297185582,
        28.824942266376
       ],
       [
        77.07593943747257,
        28.824935961317042
       ],
       [
        77.07595375859282,
        28.825657581767583
       ],
       [
        77.07636348019741,
        28.825651275278762
       ],
       [
        77.07637064236532,
        28.826012085379066
       ],
       [
        77.07719008800208,
        28.82599946848593
       ],
       [
        77.07721158375902,
        28.827081898099667
       ],
       [
        77.0776213106129,
        28.827075587508048
       ],
       [
        77.07762847753892,
        28.827436397243783
       ],
       [
        77.07803820567227,
        28.827430085315687
       ],
       [
        77.07803103733535,
        28.827069275673587
       ],
       [
        77.07844076392635,
        28.827062962596298
       ],
       [
        77.07844793367418,
        28.82742377214473
       ],
       [
        77.0788576615446,
        28.827417457730924
       ],
       [
        77.07887200425658,
        28.828139076577624
       ],
       [
        77.07846227356428,
        28.8281453911788
       ],
       [
        77.07847661398031,
        28.8288670101291
       ],
       [
        77.07929608087738,
        28.82885437930908
       ],
       [
        77.07931042746354,
        28.82957599780086
       ],
       [
        77.07972016353688,
        28.829569680339024
       ],
       [
        77.07972733843835,
        28.829930489459773
       ],
       [
        77.08095655010203,
        28.829911529335256
       ],
       [
        77.08094937096733,
        28.82955072049579
       ],
       [
        77.08135910651421,
        28.829544398062133
       ],
       [
        77.08134474581769,
        28.828822780507966
       ],
       [
        77.0821642108723,
        28.828810132287114
       ],
       [
        77.08214984505854,
        28.828088515024458
       ],
       [
        77.08296930394238,
        28.82807586220739
       ],
       [
        77.08297648960533,
        28.828436670661475
       ],
       [
        77.08461541143542,
        28.828411349737237
       ],
       [
        77.08462260287408,
        28.82877215779471
       ],
       [
        77.08421287120332,
        28.828778489984042
       ],
       [
        77.08422006136283,
        28.82913929811451
       ],
       [
        77.08667845787474,
        28.82910128577107
       ],
       [
        77.08670725369691,
        28.830544515827665
       ],
       [
        77.08711699163126,
        28.83053817571066
       ],
       [
        77.08710259063399,
        28.82981656091238
       ],
       [
        77.0879220604622,
        28.82980387732576
       ],
       [
        77.08791485733954,
        28.829443070083357
       ],
       [
        77.0883245906445,
        28.829436726519734
       ],
       [
        77.08831018197341,
        28.82871511216028
       ],
       [
        77.08871991232427,
        28.82870876754199
       ],
       [
        77.08872711800473,
        28.829069574638062
       ],
       [
        77.08913684963443,
        28.829063228682738
       ],
       [
        77.08916567932188,
        28.83050645648089
       ],
       [
        77.0895754164636,
        28.830500108906
       ],
       [
        77.08954658113196,
        28.829056881484505
       ],
       [
        77.09036604373046,
        28.82904418335934
       ],
       [
        77.09035883240605,
        28.828683376639965
       ],
       [
        77.0899491025839,
        28.828689726229786
       ],
       [
        77.08993468315369,
        28.827968112539768
       ],
       [
        77.09034441015396,
        28.827961763138337
       ],
       [
        77.09033719922628,
        28.82760095635609
       ],
       [
        77.09074692468343,
        28.827594605806034
       ],
       [
        77.09076134949285,
        28.828316219161135
       ],
       [
        77.09117107763957,
        28.828309867179772
       ],
       [
        77.0911638637578,
        28.827949060606933
       ],
       [
        77.09157359036129,
        28.82794270747697
       ],
       [
        77.09158080565399,
        28.828303513955554
       ],
       [
        77.09199053353609,
        28.828297159488468
       ],
       [
        77.09201218444096,
        28.829379578515628
       ],
       [
        77.09078298769897,
        28.829398639036594
       ],
       [
        77.09079020069888,
        28.82975944561984
       ],
       [
        77.0916096681479,
        28.829746739660276
       ],
       [
        77.09161688410218,
        28.830107546034068
       ],
       [
        77.09120714903275,
        28.83011389972957
       ],
       [
        77.09122157851608,
        28.83083551260277
       ],
       [
        77.09040210233604,
        28.830848216641854
       ],
       [
        77.09039489035042,
        28.830487410027267
       ],
       [
        77.08998515347314,
        28.83049376008812
       ],
       [
        77.08999957475434,
        28.831215373484753
       ],
       [
        77.0908190540212,
        28.831202671743213
       ],
       [
        77.09082626768244,
        28.831563478221675
       ],
       [
        77.09123600852863,
        28.831557125392145
       ],
       [
        77.09125043907038,
        28.83227873809768
       ],
       [
        77.09166018260663,
        28.832272383836607
       ],
       [
        77.09166739948719,
        28.832633190063667
       ],
       [
        77.09084790945992,
        28.83264589753126
       ],
       [
        77.09084069540182,
        28.832285091115686
       ],
       [
        77.09002120766787,
        28.83229779342252
       ],
       [
        77.09004284177146,
        28.83338021317165
       ],
       [
        77.09045258993837,
        28.833373862357153
       ],
       [
        77.09046701615792,
        28.834095475230043
       ],
       [
        77.09087676701519,
        28.83408912298395
       ],
       [
        77.09086233797298,
        28.83336751029952
       ],
       [
        77.09127208587533,
        28.833361156998777
       ],
       [
        77.09126487014136,
        28.833000350719377
       ],
       [
        77.09167461650011,
        28.83299399626977
       ],
       [
        77.09168183364535,
        28.833354802454913
       ],
       [
        77.09209158128303,
        28.833348446667927
       ],
       [
        77.09212045683279,
        28.834791670821744
       ],
       [
        77.09171070354974,
        28.834798026985872
       ],
       [
        77.09173235736765,
        28.835880445163983
       ],
       [
        77.09337138664277,
        28.835855011916582
       ],
       [
        77.0933786104927,
        28.83621581755676
       ],
       [
        77.09296885196107,
        28.836222177827825
       ],
       [
        77.09297607453198,
        28.83658298354138
       ],
       [
        77.09256631445639,
        28.8365893426635
       ],
       [
        77.0925807571724,
        28.837310954216388
       ],
       [
        77.09217099414131,
        28.83731731228385
       ],
       [
        77.09219265497357,
        28.83839972973887
       ],
       [
        77.09178288757525,
        28.83840608684588
       ],
       [
        77.09180454536397,
        28.8394885043951
       ],
       [
        77.0913947735982,
        28.839494860541564
       ],
       [
        77.09140920996234,
        28.84021647232477
       ],
       [
        77.09099943524068,
        28.84022282741632
       ],
       [
        77.09097778512823,
        28.83914040942728
       ],
       [
        77.0905680145095,
        28.839146762992645
       ],
       [
        77.09060409163298,
        28.840950793340756
       ],
       [
        77.08937475780644,
        28.840969847989363
       ],
       [
        77.08936754635263,
        28.84060904167906
       ],
       [
        77.08895776955781,
        28.8406153906474
       ],
       [
        77.08895055964804,
        28.840254584221967
       ],
       [
        77.08854078413283,
        28.84026093185266
       ],
       [
        77.08853357576706,
        28.839900125312123
       ],
       [
        77.08894334987049,
        28.83989377777557
       ],
       [
        77.08893614022512,
        28.83953297130822
       ],
       [
        77.08934591278458,
        28.839526622622365
       ],
       [
        77.08933149106697,
        28.8388050098131
       ],
       [
        77.09015103014237,
        28.838792309087857
       ],
       [
        77.09014381665853,
        28.838431502840173
       ],
       [
        77.09137312004455,
        28.838412442709515
       ],
       [
        77.09135868500385,
        28.83769083071668
       ],
       [
        77.09094892016407,
        28.837697185148425
       ],
       [
        77.09095613620664,
        28.83805799124959
       ],
       [
        77.09054636982293,
        28.838064344532235
       ],
       [
        77.09053915519199,
        28.837703538336832
       ],
       [
        77.089719624851,
        28.837716240983628
       ],
       [
        77.08971241317555,
        28.837355434578853
       ],
       [
        77.0880733565534,
        28.837380824575668
       ],
       [
        77.08806615065649,
        28.837020017773327
       ],
       [
        77.08765638758214,
        28.837026362070098
       ],
       [
        77.08767800143444,
        28.838108782696562
       ],
       [
        77.0880877687436,
        28.83810243811747
       ],
       [
        77.0881093880199,
        28.839184858272997
       ],
       [
        77.08769961647567,
        28.83919120313441
       ],
       [
        77.08771402716373,
        28.839912816654845
       ],
       [
        77.08730425266387,
        28.839919160461015
       ],
       [
        77.08731145679428,
        28.840279967283898
       ],
       [
        77.08690168075054,
        28.84028630994067
       ],
       [
        77.08690888360123,
        28.84064711683666
       ],
       [
        77.08649910601359,
        28.840653458344008
       ],
       [
        77.08647750209315,
        28.839571037311
       ],
       [
        77.08606772860888,
        28.839577377292727
       ],
       [
        77.0860533294789,
        28.838855762977865
       ],
       [
        77.0856435586861,
        28.838862101528118
       ],
       [
        77.08565075677336,
        28.839222908790045
       ],
       [
        77.08483121196838,
        28.839235582348255
       ],
       [
        77.08483840736412,
        28.839596389777217
       ],
       [
        77.08401885920789,
        28.8396090585496
       ],
       [
        77.084026051912,
        28.8399698661455
       ],
       [
        77.08484560289179,
        28.839957197185207
       ],
       [
        77.08485999434293,
        28.840678811938343
       ],
       [
        77.08526977245856,
        28.840672475405025
       ],
       [
        77.08527696979391,
        28.84103328265618
       ],
       [
        77.08486719026641,
        28.841039619283485
       ],
       [
        77.08488158250918,
        28.841761233910884
       ],
       [
        77.08447180002595,
        28.84176756948259
       ],
       [
        77.0844646052505,
        28.841406762085406
       ],
       [
        77.08405482404729,
        28.841413096319588
       ],
       [
        77.08406201741082,
        28.841773903810726
       ],
       [
        77.08242288563156,
        28.84179922868757
       ],
       [
        77.08241569791569,
        28.84143842082083
       ],
       [
        77.08159613405905,
        28.841451075610117
       ],
       [
        77.08158894929876,
        28.841090267534728
       ],
       [
        77.08199872988106,
        28.841083940855697
       ],
       [
        77.08197717215504,
        28.840001516785346
       ],
       [
        77.08238694837004,
        28.83999518914433
       ],
       [
        77.08239413555879,
        28.840355997094882
       ],
       [
        77.08280391305382,
        28.840349668116527
       ],
       [
        77.08278953598452,
        28.83962805238222
       ],
       [
        77.08319931052415,
        28.83962172234814
       ],
       [
        77.08319212077544,
        28.83926091454345
       ],
       [
        77.08278234764758,
        28.839267244483644
       ],
       [
        77.08276797136908,
        28.838545628623642
       ],
       [
        77.08235820093287,
        28.838551957132655
       ],
       [
        77.0823366417386,
        28.83746953290392
       ],
       [
        77.08151710894086,
        28.837482185628676
       ],
       [
        77.08152429238392,
        28.837842993913547
       ],
       [
        77.08111452437582,
        28.837849318504702
       ],
       [
        77.08112170653891,
        28.838210126862432
       ],
       [
        77.08071193698746,
        28.838216450304014
       ],
       [
        77.08071911787054,
        28.838577258734595
       ],
       [
        77.08153865966514,
        28.83856461042045
       ],
       [
        77.08154584350335,
        28.838925418642482
       ],
       [
        77.0823653875945,
        28.838912765167
       ],
       [
        77.0823725743879,
        28.839273573180392
       ],
       [
        77.08114325381834,
        28.839292551809965
       ],
       [
        77.08113607126018,
        28.838931743515072
       ],
       [
        77.08072629888531,
        28.83893806714423
       ],
       [
        77.08073348003172,
        28.83929887553292
       ],
       [
        77.08032370611345,
        28.839305198012422
       ],
       [
        77.08031652637877,
        28.838944389529953
       ],
       [
        77.07949698097077,
        28.83895703057111
       ],
       [
        77.0794898041912,
        28.838596221880202
       ],
       [
        77.07908003270153,
        28.8386025404419
       ],
       [
        77.0790656823605,
        28.837880922809802
       ],
       [
        77.07947545102678,
        28.83787460443554
       ],
       [
        77.07946827464198,
        28.837513795681808
       ],
       [
        77.08028780875647,
        28.837501155390633
       ],
       [
        77.08027345073515,
        28.836779538195294
       ],
       [
        77.07945392226708,
        28.83679217811147
       ],
       [
        77.07946109838873,
        28.837152986907114
       ],
       [
        77.07905133254572,
        28.837159305093937
       ],
       [
        77.07903698325718,
        28.83643768729429
       ],
       [
        77.07944674627701,
        28.8364313692949
       ],
       [
        77.07943239469161,
        28.835709751598923
       ],
       [
        77.07902263449483,
        28.835716069410875
       ],
       [
        77.07902980881022,
        28.836076878363055
       ],
       [
        77.078210285199,
        28.83608951044451
       ],
       [
        77.07820311370666,
        28.83572870130495
       ],
       [
        77.07861287416651,
        28.83572238597955
       ],
       [
        77.07859852875335,
        28.83500076782497
       ],
       [
        77.0777790133481,
        28.83501339685783
       ],
       [
        77.07778618316598,
        28.835374206132922
       ],
       [
        77.07737642385467,
        28.83538051887812
       ],
       [
        77.07736925544826,
        28.835019709509396
       ],
       [
        77.07695949741698,
        28.83502602091772
       ],
       [
        77.07697383153824,
        28.835747639821502
       ],
       [
        77.07738359239251,
        28.835741328225932
       ],
       [
        77.0773907610618,
        28.836102137552796
       ],
       [
        77.07780052319613,
        28.836095824620298
       ],
       [
        77.07780769340843,
        28.83645663383258
       ],
       [
        77.07862722010577,
        28.83644400405037
       ],
       [
        77.07864156657115,
        28.8371656220374
       ],
       [
        77.07782203422744,
        28.837178252194303
       ],
       [
        77.0778148637522,
        28.836817443023904
       ],
       [
        77.07699533370578,
        28.836830068020127
       ],
       [
        77.07700966914128,
        28.837551686714527
       ],
       [
        77.07741943705344,
        28.83754537465083
       ],
       [
        77.07742660637999,
        28.837906183872985
       ],
       [
        77.07783637557237,
        28.83789987047227
       ],
       [
        77.07784354644207,
        28.838260679579836
       ],
       [
        77.07702400510247,
        28.83827330532515
       ],
       [
        77.07701683705616,
        28.83791249603031
       ],
       [
        77.07578752829616,
        28.83793142504193
       ],
       [
        77.07580185605002,
        28.838653044172215
       ],
       [
        77.0762116285915,
        28.838646735557933
       ],
       [
        77.07624029132263,
        28.840089973192935
       ],
       [
        77.07665006937984,
        28.840083662960847
       ],
       [
        77.07664290208815,
        28.83972285367709
       ],
       [
        77.07705267860212,
        28.83971654229511
       ],
       [
        77.07706701614057,
        28.840438160654443
       ],
       [
        77.07542789800165,
        28.840463399470153
       ],
       [
        77.07543506132056,
        28.840824208992753
       ],
       [
        77.07502528004554,
        28.840830515681407
       ],
       [
        77.07501095636279,
        28.840108896428188
       ],
       [
        77.07460117778017,
        28.840115201686267
       ],
       [
        77.07463698091242,
        28.841919250129862
       ],
       [
        77.07504676655455,
        28.84191294440418
       ],
       [
        77.07506825424547,
        28.842995372938507
       ],
       [
        77.07547804399229,
        28.8429890656886
       ],
       [
        77.07546371590965,
        28.842267446873734
       ],
       [
        77.07628328936116,
        28.842254829017232
       ],
       [
        77.0762904561608,
        28.842615638248
       ],
       [
        77.07588066808874,
        28.84262194789164
       ],
       [
        77.07589499925817,
        28.843343566477483
       ]
      ],
      [
       [
        77.08327121526214,
        28.843229799242685
       ],
       [
        77.08326402419506,
        28.842868991647528
       ],
       [
        77.08244444956992,
        28.842881652162106
       ],
       [
        77.08245163781297,
        28.84324245994504
       ],
       [
        77.08204184889067,
        28.84324878843074
       ],
       [
        77.08203466205964,
        28.842887980553943
       ],
       [
        77.08162487441761,
        28.842894307702164
       ],
       [
        77.0816320598366,
        28.843255115672793
       ],
       [
        77.08122227065078,
        28.843261441671206
       ],
       [
        77.08122945478947,
        28.84362224971471
       ],
       [
        77.08040987319859,
        28.84363489816814
       ],
       [
        77.08038832964989,
        28.84255247341201
       ],
       [
        77.08079811627509,
        28.842546150088484
       ],
       [
        77.08078375174367,
        28.841824533667207
       ],
       [
        77.08119353541323,
        28.841818209287673
       ],
       [
        77.08120790276858,
        28.842539825521346
       ],
       [
        77.08161768913035,
        28.842533499710573
       ],
       [
        77.08161050397486,
        28.842172691698032
       ],
       [
        77.08406921090625,
        28.84213471128092
       ],
       [
        77.08409079218393,
        28.84321713356575
       ],
       [
        77.08327121526214,
        28.843229799242685
       ]
      ],
      [
       [
        77.07874918183278,
        28.842577754269914
       ],
       [
        77.07873483142109,
        28.84185613691119
       ],
       [
        77.07914461574882,
        28.841849818749566
       ],
       [
        77.0791302630395,
        28.841128201494488
       ],
       [
        77.07994982565252,
        28.841115561815418
       ],
       [
        77.07996418400951,
        28.84183717869556
       ],
       [
        77.08037396794242,
        28.841830856803178
       ],
       [
        77.08038832964989,
        28.84255247341201
       ],
       [
        77.07874918183278,
        28.842577754269914
       ]
      ],
      [
       [
        77.07875635723596,
        28.842938562917862
       ],
       [
        77.0783465685407,
        28.842944880116967
       ],
       [
        77.07833939454953,
        28.842584071375338
       ],
       [
        77.07874918183278,
        28.842577754269914
       ],
       [
        77.07875635723596,
        28.842938562917862
       ]
      ],
      [
       [
        77.08532015657728,
        28.843198125723024
       ],
       [
        77.08572994444448,
        28.843191787288173
       ],
       [
        77.08572274490531,
        28.842830980256764
       ],
       [
        77.0861325312285,
        28.842824640672298
       ],
       [
        77.08614693326288,
        28.843546254526117
       ],
       [
        77.08532735483642,
        28.843558932827488
       ],
       [
        77.08532015657728,
        28.843198125723024
       ]
      ],
      [
       [
        77.08611812972221,
        28.842103026734637
       ],
       [
        77.08652791308944,
        28.84209668609464
       ],
       [
        77.08653511518852,
        28.842457492979914
       ],
       [
        77.08694489983566,
        28.84245115100227
       ],
       [
        77.08695930725395,
        28.843172764521796
       ],
       [
        77.08654951978285,
        28.843179106687554
       ],
       [
        77.08654231741966,
        28.842818299844215
       ],
       [
        77.0861325312285,
        28.842824640672298
       ],
       [
        77.08611812972221,
        28.842103026734637
       ]
      ],
      [
       [
        77.08693769632461,
        28.842090344211066
       ],
       [
        77.08775726239871,
        28.84207765671317
       ],
       [
        77.08776446873365,
        28.842438463316213
       ],
       [
        77.08694489983566,
        28.84245115100227
       ],
       [
        77.08693769632461,
        28.842090344211066
       ]
      ],
      [
       [
        77.08617573891605,
        28.844989481982267
       ],
       [
        77.08618294065944,
        28.845350288793917
       ],
       [
        77.08577314445166,
        28.845356629036562
       ],
       [
        77.08576594412044,
        28.844995822130887
       ],
       [
        77.08617573891605,
        28.844989481982267
       ]
      ],
      [
       [
        77.10130178534688,
        28.842950005242297
       ],
       [
        77.10171156804677,
        28.842943618306695
       ],
       [
        77.10171882278581,
        28.843304421636553
       ],
       [
        77.10130903867396,
        28.84331080866687
       ],
       [
        77.10130178534688,
        28.842950005242297
       ]
      ],
      [
       [
        77.10167529634664,
        28.841139601342736
       ],
       [
        77.10166804240563,
        28.840778797887005
       ],
       [
        77.10125826817696,
        28.84078518425426
       ],
       [
        77.10124376351747,
        28.840063577090408
       ],
       [
        77.10165353492262,
        28.840057190912567
       ],
       [
        77.10163902797159,
        28.839335583854243
       ],
       [
        77.10122925938987,
        28.83934196984263
       ],
       [
        77.10122200752552,
        28.83898116618728
       ],
       [
        77.10081224022252,
        28.83898755083757
       ],
       [
        77.1008049899028,
        28.838626747066538
       ],
       [
        77.10285381802964,
        28.838594811854986
       ],
       [
        77.1028610754076,
        28.838955615152344
       ],
       [
        77.10327084204553,
        28.838949224285177
       ],
       [
        77.10328536002405,
        28.839670830627362
       ],
       [
        77.10287559056276,
        28.83967722168411
       ],
       [
        77.10288284833995,
        28.840038024918517
       ],
       [
        77.10206330619476,
        28.84005080349133
       ],
       [
        77.10207056128152,
        28.840411606894275
       ],
       [
        77.10248033383239,
        28.84040521813483
       ],
       [
        77.10249484722857,
        28.8411268246883
       ],
       [
        77.10167529634664,
        28.841139601342736
       ]
      ],
      [
       [
        77.10039522387851,
        28.838633130378767
       ],
       [
        77.10038797510335,
        28.83827232649208
       ],
       [
        77.100797739716,
        28.83826594327453
       ],
       [
        77.1008049899028,
        28.838626747066538
       ],
       [
        77.10039522387851,
        28.838633130378767
       ]
      ],
      [
       [
        77.10284656078474,
        28.838234008536656
       ],
       [
        77.1032563245994,
        28.83822761785906
       ],
       [
        77.10324180768562,
        28.83750601134903
       ],
       [
        77.10283204669412,
        28.837512401837046
       ],
       [
        77.1028247898484,
        28.837151598455765
       ],
       [
        77.10323454942836,
        28.837145208062545
       ],
       [
        77.1032127754551,
        28.836062798077187
       ],
       [
        77.1028030201096,
        28.836069188186045
       ],
       [
        77.10278850761567,
        28.835347581234668
       ],
       [
        77.1036080125279,
        28.835334800152914
       ],
       [
        77.10357897784587,
        28.833891586756753
       ],
       [
        77.103988724457,
        28.833885194730364
       ],
       [
        77.10399598433915,
        28.83424599801607
       ],
       [
        77.10440573222846,
        28.834239604651746
       ],
       [
        77.10441299365507,
        28.834600407821615
       ],
       [
        77.10482274282255,
        28.834594013119297
       ],
       [
        77.10481547998461,
        28.834233210044285
       ],
       [
        77.10522522760759,
        28.834226814193705
       ],
       [
        77.10523249185685,
        28.834587617173845
       ],
       [
        77.10564224075796,
        28.834581219985257
       ],
       [
        77.10564950655176,
        28.834942022849507
       ],
       [
        77.10523975623931,
        28.834948420132996
       ],
       [
        77.10524702075497,
        28.835309223071175
       ],
       [
        77.10483726889795,
        28.835315619206376
       ],
       [
        77.10484453213542,
        28.83567642221845
       ],
       [
        77.10525428540384,
        28.835670025988374
       ],
       [
        77.10526155018593,
        28.83603082888458
       ],
       [
        77.10485179550606,
        28.836037225209534
       ],
       [
        77.1048590590099,
        28.83639802817963
       ],
       [
        77.10444930278541,
        28.836404423356235
       ],
       [
        77.10445656501095,
        28.836765226400217
       ],
       [
        77.1052760801497,
        28.836752434614038
       ],
       [
        77.1052833453314,
        28.83711323744729
       ],
       [
        77.10487358641711,
        28.83711963405689
       ],
       [
        77.1048808503205,
        28.837480436964047
       ],
       [
        77.1044710898615,
        28.83748683242524
       ],
       [
        77.10449287813607,
        28.83856924130538
       ],
       [
        77.10285381802964,
        28.838594811854986
       ],
       [
        77.10284656078474,
        28.838234008536656
       ]
      ],
      [
       [
        77.10281753313575,
        28.8367907950535
       ],
       [
        77.10240777483423,
        28.83679718410868
       ],
       [
        77.10239326463103,
        28.836075577051684
       ],
       [
        77.1028030201096,
        28.836069188186045
       ],
       [
        77.10281753313575,
        28.8367907950535
       ]
      ],
      [
       [
        77.10605925673099,
        28.834935624322856
       ],
       [
        77.10606652406939,
        28.83529642707123
       ],
       [
        77.1056567724788,
        28.83530282569279
       ],
       [
        77.10564950655176,
        28.834942022849507
       ],
       [
        77.10605925673099,
        28.834935624322856
       ]
      ],
      [
       [
        77.10329261921295,
        28.84003163376697
       ],
       [
        77.10329987853494,
        28.840392436885608
       ],
       [
        77.10289010625021,
        28.840398828131946
       ],
       [
        77.10288284833995,
        28.840038024918517
       ],
       [
        77.10329261921295,
        28.84003163376697
       ]
      ],
      [
       [
        77.10453645828086,
        28.8407340584991
       ],
       [
        77.10452193103323,
        28.84001245285179
       ],
       [
        77.10493170137366,
        28.84000605672655
       ],
       [
        77.10494623144481,
        28.84072766218413
       ],
       [
        77.10453645828086,
        28.8407340584991
       ]
      ],
      [
       [
        77.10859051907663,
        28.838505227897194
       ],
       [
        77.10900028243726,
        28.83849881971802
       ],
       [
        77.10900756098967,
        28.838859621591574
       ],
       [
        77.10859779621742,
        28.838866029865798
       ],
       [
        77.10859051907663,
        28.838505227897194
       ]
      ],
      [
       [
        77.11389554667564,
        28.837339422267906
       ],
       [
        77.11388825171906,
        28.836978621452374
       ],
       [
        77.11429800769668,
        28.836972197491153
       ],
       [
        77.11430530406473,
        28.83733299821139
       ],
       [
        77.11389554667564,
        28.837339422267906
       ]
      ],
      [
       [
        77.11173016737273,
        28.831598700715446
       ],
       [
        77.11213990284952,
        28.83159228439827
       ],
       [
        77.11214719015554,
        28.831953085909664
       ],
       [
        77.11173745326764,
        28.831959502322015
       ],
       [
        77.11173016737273,
        28.831598700715446
       ]
      ],
      [
       [
        77.112571504745,
        28.832668271023714
       ],
       [
        77.11216176516844,
        28.83267468886947
       ],
       [
        77.11215447759517,
        28.83231388740006
       ],
       [
        77.11256421576059,
        28.832307469649507
       ],
       [
        77.112571504745,
        28.832668271023714
       ]
      ],
      [
       [
        77.11400626265535,
        28.822540151464974
       ],
       [
        77.1139989717708,
        28.82217934988395
       ],
       [
        77.11440866976602,
        28.822172928586415
       ],
       [
        77.11441596206102,
        28.82253373007216
       ],
       [
        77.11400626265535,
        28.822540151464974
       ]
      ],
      [
       [
        77.11318686344296,
        28.822552990523093
       ],
       [
        77.11195776362203,
        28.822572239791484
       ],
       [
        77.11195047978961,
        28.822211437734357
       ],
       [
        77.11113108206195,
        28.82222426417709
       ],
       [
        77.11112380118392,
        28.821863461908663
       ],
       [
        77.11317228744919,
        28.82183138695907
       ],
       [
        77.11318686344296,
        28.822552990523093
       ]
      ],
      [
       [
        77.1127553040773,
        28.82147700252521
       ],
       [
        77.11274801782488,
        28.821116200595505
       ],
       [
        77.11315771199001,
        28.821109783311087
       ],
       [
        77.11316499965278,
        28.82147058514557
       ],
       [
        77.1127553040773,
        28.82147700252521
       ]
      ],
      [
       [
        77.11189221393877,
        28.819325020521795
       ],
       [
        77.11107283877624,
        28.81933784544205
       ],
       [
        77.11109467900702,
        28.820420252625073
       ],
       [
        77.11068498699471,
        28.820426663507057
       ],
       [
        77.11069226592835,
        28.820787465954563
       ],
       [
        77.10987287868267,
        28.820800284181516
       ],
       [
        77.10985832659007,
        28.82007867888514
       ],
       [
        77.10944863558765,
        28.820085085944836
       ],
       [
        77.10944136115177,
        28.8197242831701
       ],
       [
        77.10985105074391,
        28.81971787620547
       ],
       [
        77.1098437750312,
        28.819357073504815
       ],
       [
        77.11025346307967,
        28.819350665392903
       ],
       [
        77.11024618609018,
        28.818989862766365
       ],
       [
        77.10983649945192,
        28.818996270783185
       ],
       [
        77.10982922400605,
        28.818635468040565
       ],
       [
        77.1110582792899,
        28.81861624054843
       ],
       [
        77.11106555896633,
        28.81897704300572
       ],
       [
        77.11188493130845,
        28.818964218275788
       ],
       [
        77.11189221393877,
        28.819325020521795
       ]
      ],
      [
       [
        77.11230190131973,
        28.819318606198152
       ],
       [
        77.11230918549383,
        28.819679408327993
       ],
       [
        77.11271887415141,
        28.81967299266681
       ],
       [
        77.11271158856708,
        28.819312190632164
       ],
       [
        77.11516970924454,
        28.819273671147183
       ],
       [
        77.1151842974696,
        28.819995274052317
       ],
       [
        77.11354553960416,
        28.820020959440576
       ],
       [
        77.11353825106573,
        28.819660157617385
       ],
       [
        77.11312856267539,
        28.81966657576328
       ],
       [
        77.11314313706542,
        28.820388179579158
       ],
       [
        77.11273344572092,
        28.820394596673133
       ],
       [
        77.11274073170608,
        28.82075539864481
       ],
       [
        77.11233103881767,
        28.820761814591606
       ],
       [
        77.11231646980153,
        28.820040210436854
       ],
       [
        77.1119067796001,
        28.82004662495086
       ],
       [
        77.11189221393877,
        28.819325020521795
       ],
       [
        77.11230190131973,
        28.819318606198152
       ]
      ],
      [
       [
        77.10900985314964,
        28.818648280157092
       ],
       [
        77.10900258065753,
        28.818287477203384
       ],
       [
        77.10982194869362,
        28.818274665276974
       ],
       [
        77.10982922400605,
        28.818635468040565
       ],
       [
        77.10900985314964,
        28.818648280157092
       ]
      ],
      [
       [
        77.10819775156483,
        28.819021890427138
       ],
       [
        77.10820502150327,
        28.819382693528944
       ],
       [
        77.1077953327879,
        28.81938909542909
       ],
       [
        77.10778806425971,
        28.819028292232282
       ],
       [
        77.10819775156483,
        28.819021890427138
       ]
      ],
      [
       [
        77.10133450486151,
        28.82418181624636
       ],
       [
        77.10134175268651,
        28.824542620667007
       ],
       [
        77.10175146327781,
        28.824536237318885
       ],
       [
        77.10176596214782,
        28.82525784590782
       ],
       [
        77.10135624873521,
        28.825264229445363
       ],
       [
        77.1013490006444,
        28.824903425066665
       ],
       [
        77.10093928850955,
        28.82490980726684
       ],
       [
        77.10092479554793,
        28.82418819825715
       ],
       [
        77.10133450486151,
        28.82418181624636
       ]
      ],
      [
       [
        77.10136349695895,
        28.825625033803078
       ],
       [
        77.10095378200275,
        28.825631416192643
       ],
       [
        77.10094653518969,
        28.825270611740223
       ],
       [
        77.10135624873521,
        28.825264229445363
       ],
       [
        77.10136349695895,
        28.825625033803078
       ]
      ],
      [
       [
        77.10177321178224,
        28.825618650170828
       ],
       [
        77.10178046154961,
        28.825979454412874
       ],
       [
        77.10137074531559,
        28.825985838139843
       ],
       [
        77.10136349695895,
        28.825625033803078
       ],
       [
        77.10177321178224,
        28.825618650170828
       ]
      ],
      [
       [
        77.10219017765067,
        28.825973069443187
       ],
       [
        77.10219742896173,
        28.826333873569524
       ],
       [
        77.10178771144993,
        28.82634025863394
       ],
       [
        77.10178046154961,
        28.825979454412874
       ],
       [
        77.10219017765067,
        28.825973069443187
       ]
      ],
      [
       [
        77.10301686358639,
        28.826321099712516
       ],
       [
        77.10300960945386,
        28.8259602957757
       ],
       [
        77.10382904072495,
        28.825947517137383
       ],
       [
        77.10383629767894,
        28.826308320884603
       ],
       [
        77.10424601452561,
        28.82630192960657
       ],
       [
        77.10426053165439,
        28.827023536848422
       ],
       [
        77.10385081198618,
        28.82702992831611
       ],
       [
        77.10384355476602,
        28.82666912461085
       ],
       [
        77.1034338363755,
        28.826675514740966
       ],
       [
        77.10344834812732,
        28.82739712232015
       ],
       [
        77.10303862678214,
        28.827403511397097
       ],
       [
        77.10304588144679,
        28.827764315250022
       ],
       [
        77.1018167123807,
        28.827783475308458
       ],
       [
        77.10180946194856,
        28.82742267117128
       ],
       [
        77.10139974007143,
        28.82742905527711
       ],
       [
        77.10139249118308,
        28.82706825102425
       ],
       [
        77.1018022116494,
        28.82706186701314
       ],
       [
        77.1017949614832,
        28.826701062834022
       ],
       [
        77.10220468040576,
        28.826694677674883
       ],
       [
        77.10219742896173,
        28.826333873569524
       ],
       [
        77.10301686358639,
        28.826321099712516
       ]
      ],
      [
       [
        77.10182396294577,
        28.828144279424656
       ],
       [
        77.1014142382469,
        28.828150663719914
       ],
       [
        77.10140698909271,
        28.827789859508993
       ],
       [
        77.1018167123807,
        28.827783475308458
       ],
       [
        77.10182396294577,
        28.828144279424656
       ]
      ],
      [
       [
        77.10098277058384,
        28.827074633792588
       ],
       [
        77.10097552323923,
        28.82671382942407
       ],
       [
        77.10138524242765,
        28.826707446750426
       ],
       [
        77.10139249118308,
        28.82706825102425
       ],
       [
        77.10098277058384,
        28.827074633792588
       ]
      ],
      [
       [
        77.09314029337084,
        28.824309220362192
       ],
       [
        77.09273058140444,
        28.82431557752025
       ],
       [
        77.09272336333515,
        28.82395477109401
       ],
       [
        77.09313307389094,
        28.823948414030266
       ],
       [
        77.09314029337084,
        28.824309220362192
       ]
      ],
      [
       [
        77.08485255273749,
        28.81974561899063
       ],
       [
        77.0844428564653,
        28.819751950074014
       ],
       [
        77.08443566832288,
        28.819391141492908
       ],
       [
        77.08484536318477,
        28.81938481050347
       ],
       [
        77.08485255273749,
        28.81974561899063
       ]
      ],
      [
       [
        77.08402597332919,
        28.81939747123992
       ],
       [
        77.08403316006127,
        28.81975827991496
       ],
       [
        77.08362346352543,
        28.819764608513456
       ],
       [
        77.0836162782037,
        28.819403799744514
       ],
       [
        77.08320658294643,
        28.819410127006684
       ],
       [
        77.08319221551888,
        28.818688509218184
       ],
       [
        77.08278252295047,
        28.81869483505018
       ],
       [
        77.08278970518808,
        28.81905564404876
       ],
       [
        77.08238001107766,
        28.819061968732218
       ],
       [
        77.08235846899075,
        28.817979541392084
       ],
       [
        77.08276815887038,
        28.817973216990183
       ],
       [
        77.08277534084456,
        28.818334026030648
       ],
       [
        77.08441410468663,
        28.81830871562392
       ],
       [
        77.08443566832288,
        28.819391141492908
       ],
       [
        77.08402597332919,
        28.81939747123992
       ]
      ],
      [
       [
        77.07951214861873,
        28.819106206728772
       ],
       [
        77.07952649092377,
        28.819827826163753
       ],
       [
        77.0787070948244,
        28.81984045478435
       ],
       [
        77.07869992642684,
        28.819479644889938
       ],
       [
        77.0791096231319,
        28.81947333129455
       ],
       [
        77.07910245345548,
        28.81911252147289
       ],
       [
        77.07951214861873,
        28.819106206728772
       ]
      ],
      [
       [
        77.07535793993043,
        28.816282812193766
       ],
       [
        77.0757676249943,
        28.816276509379815
       ],
       [
        77.07577478233783,
        28.81663732011789
       ],
       [
        77.07454572252213,
        28.816656225113423
       ],
       [
        77.0745242635764,
        28.815573791994773
       ],
       [
        77.0749339460825,
        28.815567491852406
       ],
       [
        77.07494110034332,
        28.815928302819376
       ],
       [
        77.07535078412829,
        28.815922001341228
       ],
       [
        77.07535793993043,
        28.816282812193766
       ]
      ],
      [
       [
        77.07970581412863,
        28.8288480620347
       ],
       [
        77.08011554724831,
        28.828841743517394
       ],
       [
        77.08012989947862,
        28.829563361634236
       ],
       [
        77.07972016353688,
        28.829569680339024
       ],
       [
        77.07970581412863,
        28.8288480620347
       ]
      ],
      [
       [
        77.08010837133052,
        28.828480934427567
       ],
       [
        77.08051810290762,
        28.8284746147611
       ],
       [
        77.08052528023639,
        28.828835423757177
       ],
       [
        77.08011554724831,
        28.828841743517394
       ],
       [
        77.08010837133052,
        28.828480934427567
       ]
      ],
      [
       [
        77.08093501309287,
        28.828829102754028
       ],
       [
        77.08092783435309,
        28.82846829385174
       ],
       [
        77.08133756566693,
        28.82846197169947
       ],
       [
        77.08134474581769,
        28.828822780507966
       ],
       [
        77.08093501309287,
        28.828829102754028
       ]
      ],
      [
       [
        77.08871270677592,
        28.828347960424964
       ],
       [
        77.08912243558369,
        28.82834161465793
       ],
       [
        77.08912964254297,
        28.82870242168081
       ],
       [
        77.08871991232427,
        28.82870876754199
       ],
       [
        77.08871270677592,
        28.828347960424964
       ]
      ],
      [
       [
        77.09336416292527,
        28.835494206255436
       ],
       [
        77.09377391850151,
        28.835487844929844
       ],
       [
        77.09378114363047,
        28.83584865049663
       ],
       [
        77.09337138664277,
        28.835855011916582
       ],
       [
        77.09336416292527,
        28.835494206255436
       ]
      ],
      [
       [
        77.09295440721657,
        28.835500566337803
       ],
       [
        77.09294718504296,
        28.835139760561344
       ],
       [
        77.09253743061326,
        28.835146119306167
       ],
       [
        77.09250854888855,
        28.833702895613424
       ],
       [
        77.09291829767277,
        28.833696537245885
       ],
       [
        77.09293274109302,
        28.83441814894555
       ],
       [
        77.09334249256752,
        28.834411789146206
       ],
       [
        77.09336416292527,
        28.835494206255436
       ],
       [
        77.09295440721657,
        28.835500566337803
       ]
      ],
      [
       [
        77.09290385478221,
        28.83297492546238
       ],
       [
        77.09331360061144,
        28.83296856604039
       ],
       [
        77.09329915542806,
        28.832246954361704
       ],
       [
        77.09370889830238,
        28.832240593885324
       ],
       [
        77.09373057050986,
        28.833323011088847
       ],
       [
        77.09414031748545,
        28.833316649086296
       ],
       [
        77.09414754323085,
        28.833677454684494
       ],
       [
        77.09291829767277,
        28.833696537245885
       ],
       [
        77.09290385478221,
        28.83297492546238
       ]
      ],
      [
       [
        77.09249410882056,
        28.83298128364128
       ],
       [
        77.09248688898515,
        28.832620477623756
       ],
       [
        77.09289663353555,
        28.832614119539176
       ],
       [
        77.09290385478221,
        28.83297492546238
       ],
       [
        77.09249410882056,
        28.83298128364128
       ]
      ],
      [
       [
        77.09455729148524,
        28.83367109134445
       ],
       [
        77.09456451877445,
        28.834031896827298
       ],
       [
        77.09415476910873,
        28.834038260261742
       ],
       [
        77.09414754323085,
        28.833677454684494
       ],
       [
        77.09455729148524,
        28.83367109134445
       ]
      ],
      [
       [
        77.09455006432857,
        28.83331028584064
       ],
       [
        77.09495981103915,
        28.833303921351877
       ],
       [
        77.09496703960713,
        28.833664726761278
       ],
       [
        77.09455729148524,
        28.83367109134445
       ],
       [
        77.09455006432857,
        28.83331028584064
       ]
      ],
      [
       [
        77.09181898455164,
        28.840210115989755
       ],
       [
        77.09182620434403,
        28.840570921755646
       ],
       [
        77.09141642834294,
        28.840577278184934
       ],
       [
        77.09140920996234,
        28.84021647232477
       ],
       [
        77.09181898455164,
        28.840210115989755
       ]
      ],
      [
       [
        77.09223598021276,
        28.84056456408287
       ],
       [
        77.09224320154937,
        28.84092536973349
       ],
       [
        77.09183342426881,
        28.840931727500568
       ],
       [
        77.09182620434403,
        28.840570921755646
       ],
       [
        77.09223598021276,
        28.84056456408287
       ]
      ],
      [
       [
        77.09184064432597,
        28.841292533224514
       ],
       [
        77.09225042301837,
        28.84128617536314
       ],
       [
        77.0922648663536,
        28.84200778655955
       ],
       [
        77.09144530318888,
        28.842020501415924
       ],
       [
        77.09143808427885,
        28.841659695639624
       ],
       [
        77.09102830390984,
        28.84166605110821
       ],
       [
        77.09102108654405,
        28.841305245216688
       ],
       [
        77.09143086550118,
        28.841298889842363
       ],
       [
        77.09142364685589,
        28.840938084024135
       ],
       [
        77.09183342426881,
        28.840931727500568
       ],
       [
        77.09184064432597,
        28.841292533224514
       ]
      ],
      [
       [
        77.08938196939245,
        28.841330654278714
       ],
       [
        77.08897218977393,
        28.8413370034354
       ],
       [
        77.08896497959977,
        28.840976197051887
       ],
       [
        77.08937475780644,
        28.840969847989363
       ],
       [
        77.08938196939245,
        28.841330654278714
       ]
      ],
      [
       [
        77.08813821557159,
        28.840628084853606
       ],
       [
        77.08815983762287,
        28.84171050456899
       ],
       [
        77.0877500561959,
        28.84171685008919
       ],
       [
        77.08774285012522,
        28.84135604344424
       ],
       [
        77.08692328969877,
        28.841368730565787
       ],
       [
        77.08690888360123,
        28.84064711683666
       ],
       [
        77.08813821557159,
        28.840628084853606
       ]
      ],
      [
       [
        77.08650630758449,
        28.84101426531312
       ],
       [
        77.08609652845297,
        28.841020605670987
       ],
       [
        77.08608932829392,
        28.84065979860786
       ],
       [
        77.08649910601359,
        28.840653458344008
       ],
       [
        77.08650630758449,
        28.84101426531312
       ]
      ],
      [
       [
        77.08153147595867,
        28.838203802177475
       ],
       [
        77.08194124524671,
        28.83819747624911
       ],
       [
        77.08194843036487,
        28.838558284398257
       ],
       [
        77.08153865966514,
        28.83856461042045
       ],
       [
        77.08153147595867,
        28.838203802177475
       ]
      ],
      [
       [
        77.07503960425355,
        28.84155213485087
       ],
       [
        77.07585917231992,
        28.841539519855807
       ],
       [
        77.07586633744482,
        28.84190032922202
       ],
       [
        77.07504676655455,
        28.84191294440418
       ],
       [
        77.07503960425355,
        28.84155213485087
       ]
      ],
      [
       [
        77.07636213138491,
        28.846223729403718
       ],
       [
        77.07595232919141,
        28.846230039983194
       ],
       [
        77.07594516248989,
        28.845869230868278
       ],
       [
        77.07635496327113,
        28.84586292038239
       ],
       [
        77.07634779528877,
        28.845502111340114
       ],
       [
        77.07716739363251,
        28.845489486824178
       ],
       [
        77.07716022295715,
        28.84512867794818
       ],
       [
        77.07757002051962,
        28.845122363918183
       ],
       [
        77.07756284856355,
        28.84476155511489
       ],
       [
        77.07838244046962,
        28.844748923510956
       ],
       [
        77.07838961525005,
        28.845109732126907
       ],
       [
        77.07797981795059,
        28.845116048644428
       ],
       [
        77.07798699145035,
        28.845476857333118
       ],
       [
        77.078396790162,
        28.84547054072193
       ],
       [
        77.0784183156872,
        28.846552966381292
       ],
       [
        77.07636929963013,
        28.846584538404095
       ],
       [
        77.07636213138491,
        28.846223729403718
       ]
      ],
      [
       [
        77.07593799591974,
        28.845508421732426
       ],
       [
        77.07593082948101,
        28.845147612575616
       ],
       [
        77.07634062743782,
        28.8451413022769
       ],
       [
        77.07634779528877,
        28.845502111340114
       ],
       [
        77.07593799591974,
        28.845508421732426
       ]
      ],
      [
       [
        77.07837526582075,
        28.84438811487405
       ],
       [
        77.07919485437635,
        28.844375478482572
       ],
       [
        77.07920203184952,
        28.844736286932065
       ],
       [
        77.07838244046962,
        28.844748923510956
       ],
       [
        77.07837526582075,
        28.84438811487405
       ]
      ],
      [
       [
        77.07796547134562,
        28.84439443120421
       ],
       [
        77.07714588200083,
        28.844407060133374
       ],
       [
        77.07713871171988,
        28.84404625119455
       ],
       [
        77.0767289182624,
        28.844052563699933
       ],
       [
        77.076721749525,
        28.843691754646535
       ],
       [
        77.0775413334843,
        28.843679128579335
       ],
       [
        77.07754850504588,
        28.84403993744547
       ],
       [
        77.07795829824042,
        28.844033622452685
       ],
       [
        77.07796547134562,
        28.84439443120421
       ]
      ],
      [
       [
        77.0947597056836,
        28.843773636938252
       ],
       [
        77.09557928084816,
        28.843760901240632
       ],
       [
        77.09558651467286,
        28.84412170594748
       ],
       [
        77.09476693668422,
        28.844134441833983
       ],
       [
        77.0947597056836,
        28.843773636938252
       ]
      ],
      [
       [
        77.09434991790245,
        28.843780002921605
       ],
       [
        77.09434268844642,
        28.84341919791049
       ],
       [
        77.09475247481555,
        28.84341283202156
       ],
       [
        77.0947597056836,
        28.843773636938252
       ],
       [
        77.09434991790245,
        28.843780002921605
       ]
      ],
      [
       [
        77.09557204715608,
        28.843400096512816
       ],
       [
        77.09598183312741,
        28.84339372689302
       ],
       [
        77.0959890682315,
        28.843754531526375
       ],
       [
        77.09557928084816,
        28.843760901240632
       ],
       [
        77.09557204715608,
        28.843400096512816
       ]
      ],
      [
       [
        77.09516226105212,
        28.843406464888993
       ],
       [
        77.09515502890466,
        28.84304566004576
       ],
       [
        77.09556481359662,
        28.843039291764036
       ],
       [
        77.09557204715608,
        28.843400096512816
       ],
       [
        77.09516226105212,
        28.843406464888993
       ]
      ],
      [
       [
        77.07959029108105,
        28.843647541646877
       ],
       [
        77.07918049982482,
        28.843653861520725
       ],
       [
        77.07916614579965,
        28.842932244475108
       ],
       [
        77.07957593423177,
        28.84292592478871
       ],
       [
        77.07959029108105,
        28.843647541646877
       ]
      ],
      [
       [
        77.08860566537268,
        28.84350818977436
       ],
       [
        77.08819587701804,
        28.843514537008765
       ],
       [
        77.08818866887468,
        28.843153730562737
       ],
       [
        77.08859845581732,
        28.84314738342246
       ],
       [
        77.08860566537268,
        28.84350818977436
       ]
      ],
      [
       [
        77.09187674659752,
        28.84309656152978
       ],
       [
        77.09146696071309,
        28.84310291861904
       ],
       [
        77.09145252223125,
        28.842381307171266
       ],
       [
        77.09186230529174,
        28.842374950270578
       ],
       [
        77.09187674659752,
        28.84309656152978
       ]
      ],
      [
       [
        77.0906329557132,
        28.8423940172419
       ],
       [
        77.0906257394947,
        28.842033211298062
       ],
       [
        77.09103552140795,
        28.84202685697877
       ],
       [
        77.09104273903839,
        28.842387662828376
       ],
       [
        77.0906329557132,
        28.8423940172419
       ]
      ],
      [
       [
        77.09021595744913,
        28.842039564373778
       ],
       [
        77.09020152823281,
        28.84131795223476
       ],
       [
        77.09061130745458,
        28.841311599347485
       ],
       [
        77.0906257394947,
        28.842033211298062
       ],
       [
        77.09021595744913,
        28.842039564373778
       ]
      ],
      [
       [
        77.09552141502498,
        28.840874462830914
       ],
       [
        77.09593119111294,
        28.84086809387237
       ],
       [
        77.09592395707003,
        28.84050728907124
       ],
       [
        77.09633373161354,
        28.840500918963688
       ],
       [
        77.09632649629148,
        28.84014011423607
       ],
       [
        77.09714604215695,
        28.84012737047957
       ],
       [
        77.09716775699195,
        28.841209784032458
       ],
       [
        77.09757753396103,
        28.841203410005424
       ],
       [
        77.09757029413817,
        28.840842605603306
       ],
       [
        77.09798006956268,
        28.84083623042733
       ],
       [
        77.09797282846074,
        28.840475426098784
       ],
       [
        77.09879237608786,
        28.840462672205543
       ],
       [
        77.09878513229516,
        28.840101868045195
       ],
       [
        77.09960467656748,
        28.84008910936735
       ],
       [
        77.0996119231837,
        28.840449913338457
       ],
       [
        77.0992021497022,
        28.840456293393736
       ],
       [
        77.09922388611265,
        28.841538705465087
       ],
       [
        77.10004344141366,
        28.841525943543264
       ],
       [
        77.10005068997324,
        28.84188674733582
       ],
       [
        77.0992311318485,
        28.841899509446925
       ],
       [
        77.0992383777172,
        28.84226031340778
       ],
       [
        77.09841881623727,
        28.842273070733963
       ],
       [
        77.09839708750094,
        28.841190658220853
       ],
       [
        77.09798731079736,
        28.84119703473489
       ],
       [
        77.09799455216483,
        28.84155783902147
       ],
       [
        77.09594565959671,
        28.8415897034117
       ],
       [
        77.09593842528851,
        28.84122889865252
       ],
       [
        77.09552864778871,
        28.841235267705535
       ],
       [
        77.09552141502498,
        28.840874462830914
       ]
      ],
      [
       [
        77.0770885234341,
        28.841520588036374
       ],
       [
        77.07749830687597,
        28.841514274942746
       ],
       [
        77.07750547764866,
        28.84187508393453
       ],
       [
        77.07791526237096,
        28.84186876950368
       ],
       [
        77.07792243468711,
        28.842229578380877
       ],
       [
        77.07710286228705,
        28.84224220618628
       ],
       [
        77.0770885234341,
        28.841520588036374
       ]
      ],
      [
       [
        77.0861109291671,
        28.841742219734382
       ],
       [
        77.08529136486048,
        28.84175489709561
       ],
       [
        77.08528416726121,
        28.84139408988638
       ],
       [
        77.08610372874404,
        28.84138141271317
       ],
       [
        77.0861109291671,
        28.841742219734382
       ]
      ],
      [
       [
        77.07667157204341,
        28.84116609068645
       ],
       [
        77.0762617897506,
        28.841172401199337
       ],
       [
        77.07625462347654,
        28.8408115918848
       ],
       [
        77.07666440435747,
        28.840805281465517
       ],
       [
        77.07667157204341,
        28.84116609068645
       ]
      ],
      [
       [
        77.09263131084953,
        28.83983659399109
       ],
       [
        77.09386062879314,
        28.83981751034752
       ],
       [
        77.09387508236337,
        28.840539120956922
       ],
       [
        77.09305553155298,
        28.840551845006857
       ],
       [
        77.09306275571322,
        28.840912650468837
       ],
       [
        77.0926529786975,
        28.84091901072291
       ],
       [
        77.09263131084953,
        28.83983659399109
       ]
      ],
      [
       [
        77.08608212826691,
        28.840298991523763
       ],
       [
        77.08567235182704,
        28.840305330450086
       ],
       [
        77.08566515334383,
        28.839944523251027
       ],
       [
        77.08607492837189,
        28.839938184418727
       ],
       [
        77.08608212826691,
        28.840298991523763
       ]
      ],
      [
       [
        77.07992111051806,
        28.83967232780376
       ],
       [
        77.07951133492473,
        28.839678647890093
       ],
       [
        77.07950415788196,
        28.839317839241073
       ],
       [
        77.0799139320635,
        28.83931151924847
       ],
       [
        77.07992111051806,
        28.83967232780376
       ]
      ],
      [
       [
        77.09466571473929,
        28.839083171385557
       ],
       [
        77.09548525319546,
        28.839070438143278
       ],
       [
        77.0954780212274,
        28.838709633142845
       ],
       [
        77.0958877888449,
        28.83870326475106
       ],
       [
        77.09590225573706,
        28.839424874542043
       ],
       [
        77.09467294401658,
        28.839443976553902
       ],
       [
        77.09466571473929,
        28.839083171385557
       ]
      ],
      [
       [
        77.09912245975909,
        28.836487447516948
       ],
       [
        77.09912970363523,
        28.83684825179244
       ],
       [
        77.09871994413737,
        28.8368546296582
       ],
       [
        77.09874891532388,
        28.838297846928835
       ],
       [
        77.09915868046801,
        28.83829146868466
       ],
       [
        77.0991659250083,
        28.83865227285529
       ],
       [
        77.09875615845252,
        28.838658651194056
       ],
       [
        77.09876340171397,
        28.839019455438308
       ],
       [
        77.09835363361371,
        28.839025832628295
       ],
       [
        77.09834639176393,
        28.83866502828946
       ],
       [
        77.09752685798844,
        28.838677778750153
       ],
       [
        77.09754133617406,
        28.8393993877851
       ],
       [
        77.09713156626385,
        28.83940576133945
       ],
       [
        77.09711709090159,
        28.83868415211544
       ],
       [
        77.09670732368203,
        28.83869052423736
       ],
       [
        77.09670008761161,
        28.838329719499377
       ],
       [
        77.096290321671,
        28.838336090283427
       ],
       [
        77.09627585275139,
        28.837614480555573
       ],
       [
        77.09586608950137,
        28.8376208499073
       ],
       [
        77.09585885665211,
        28.83726004491744
       ],
       [
        77.09503933257739,
        28.83727277970204
       ],
       [
        77.09503210268385,
        28.836911974502318
       ],
       [
        77.09708090481823,
        28.836880128688406
       ],
       [
        77.09709537885347,
        28.837601738122142
       ],
       [
        77.09791490442474,
        28.837588990715428
       ],
       [
        77.09790766451765,
        28.837228186198132
       ],
       [
        77.0983174256926,
        28.837221810724373
       ],
       [
        77.0983029434536,
        28.83650020181598
       ],
       [
        77.09912245975909,
        28.836487447516948
       ]
      ],
      [
       [
        77.09462234185915,
        28.836918339935238
       ],
       [
        77.0946151135097,
        28.836557534620116
       ],
       [
        77.09502487292286,
        28.83655116928162
       ],
       [
        77.09503210268385,
        28.836911974502318
       ],
       [
        77.09462234185915,
        28.836918339935238
       ]
      ],
      [
       [
        77.09462957034116,
        28.837279145229378
       ],
       [
        77.09421980797238,
        28.837285509513407
       ],
       [
        77.09421258090194,
        28.836924704124865
       ],
       [
        77.09462234185915,
        28.836918339935238
       ],
       [
        77.09462957034116,
        28.837279145229378
       ]
      ],
      [
       [
        77.094205353964,
        28.83656389871535
       ],
       [
        77.0941981271586,
        28.83620309328488
       ],
       [
        77.09460788529277,
        28.836196729284055
       ],
       [
        77.0946151135097,
        28.836557534620116
       ],
       [
        77.094205353964,
        28.83656389871535
       ]
      ],
      [
       [
        77.09999995284704,
        28.839361120347412
       ],
       [
        77.09959018373362,
        28.839367501362204
       ],
       [
        77.099582937516,
        28.83900669732816
       ],
       [
        77.09999270521773,
        28.839000316408015
       ],
       [
        77.09999995284704,
        28.839361120347412
       ]
      ],
      [
       [
        77.10696600742205,
        28.83925245285679
       ],
       [
        77.10655624057127,
        28.839258855009202
       ],
       [
        77.1065417002726,
        28.83853725014304
       ],
       [
        77.10695146430011,
        28.838530848180547
       ],
       [
        77.10696600742205,
        28.83925245285679
       ]
      ],
      [
       [
        77.10531967323817,
        28.838917251298806
       ],
       [
        77.10490990726598,
        28.838923648382803
       ],
       [
        77.10490264282983,
        28.838562845559597
       ],
       [
        77.10531240739039,
        28.838556448570472
       ],
       [
        77.10531967323817,
        28.838917251298806
       ]
      ],
      [
       [
        77.0778578885759,
        28.838982297732144
       ],
       [
        77.0774481151484,
        28.8389886114138
       ],
       [
        77.07744094542747,
        28.83862780225447
       ],
       [
        77.07785071744324,
        28.838621488666462
       ],
       [
        77.0778578885759,
        28.838982297732144
       ]
      ],
      [
       [
        77.09424871757933,
        28.838728730857895
       ],
       [
        77.09424148997881,
        28.838367925553225
       ],
       [
        77.09506102305343,
        28.83835519517539
       ],
       [
        77.09506825347727,
        28.838716000291242
       ],
       [
        77.09424871757933,
        28.838728730857895
       ]
      ],
      [
       [
        77.09383172324272,
        28.838374288877088
       ],
       [
        77.09382449718633,
        28.83801348345708
       ],
       [
        77.09423426251082,
        28.838007120227587
       ],
       [
        77.09424148997881,
        28.838367925553225
       ],
       [
        77.09383172324272,
        28.838374288877088
       ]
      ],
      [
       [
        77.10979796543229,
        28.83740359445352
       ],
       [
        77.1102077241578,
        28.837397182829662
       ],
       [
        77.11021500654445,
        28.837757984480938
       ],
       [
        77.11062476654796,
        28.83775157151869
       ],
       [
        77.11063933454496,
        28.83847317456802
       ],
       [
        77.10981980875812,
        28.838485999629675
       ],
       [
        77.10979796543229,
        28.83740359445352
       ]
      ],
      [
       [
        77.1126735645617,
        28.837719488058145
       ],
       [
        77.1130833237635,
        28.837713067636184
       ],
       [
        77.11307603149622,
        28.83735226665114
       ],
       [
        77.11348578915279,
        28.837345845081156
       ],
       [
        77.11350767059045,
        28.83842824768754
       ],
       [
        77.11268814667434,
        28.838441090155705
       ],
       [
        77.1126735645617,
        28.837719488058145
       ]
      ],
      [
       [
        77.10530514167581,
        28.838195645821155
       ],
       [
        77.10489537852686,
        28.838202042715398
       ],
       [
        77.10488811435708,
        28.837841239850214
       ],
       [
        77.10529787609445,
        28.83783484305085
       ],
       [
        77.10530514167581,
        28.838195645821155
       ]
      ],
      [
       [
        77.1094027658339,
        28.838131608496028
       ],
       [
        77.10858324206929,
        28.838144425907597
       ],
       [
        77.10857596519536,
        28.837783623897007
       ],
       [
        77.10939548613685,
        28.837770806675557
       ],
       [
        77.1094027658339,
        28.838131608496028
       ]
      ],
      [
       [
        77.11145157290913,
        28.838099543209193
       ],
       [
        77.1110418117612,
        28.838105958753165
       ],
       [
        77.11103452641792,
        28.837745157313154
       ],
       [
        77.1114442861543,
        28.837738741864335
       ],
       [
        77.11145157290913,
        28.838099543209193
       ]
      ],
      [
       [
        77.10079048966213,
        28.83790513946154
       ],
       [
        77.10038072646108,
        28.837911522584417
       ],
       [
        77.10035898133175,
        28.836829110735554
       ],
       [
        77.10117849913163,
        28.8368163438146
       ],
       [
        77.10118575019821,
        28.837177147595824
       ],
       [
        77.10159551031026,
        28.837170762175738
       ],
       [
        77.10160276292136,
        28.83753156584127
       ],
       [
        77.1007832397412,
        28.837544335627577
       ],
       [
        77.10079048966213,
        28.83790513946154
       ]
      ],
      [
       [
        77.10242954113677,
        28.837879594536815
       ],
       [
        77.1020197784676,
        28.837885982632983
       ],
       [
        77.10201252431196,
        28.837525179083165
       ],
       [
        77.10242228556956,
        28.837518791081752
       ],
       [
        77.10242954113677,
        28.837879594536815
       ]
      ],
      [
       [
        77.10816620452447,
        28.837790030642797
       ],
       [
        77.10775644372016,
        28.83779643614528
       ],
       [
        77.10774916980274,
        28.837435633923672
       ],
       [
        77.1081589291955,
        28.837429228516193
       ],
       [
        77.10816620452447,
        28.837790030642797
       ]
      ],
      [
       [
        77.11143699953308,
        28.837377940498463
       ],
       [
        77.11102724120823,
        28.83738435585213
       ],
       [
        77.11101267118957,
        28.83666275286712
       ],
       [
        77.11142242669145,
        28.83665633770377
       ],
       [
        77.11143699953308,
        28.837377940498463
       ]
      ],
      [
       [
        77.1126516923954,
        28.83663708475433
       ],
       [
        77.11306144736272,
        28.836630664618063
       ],
       [
        77.11306873936262,
        28.8369914656451
       ],
       [
        77.11265898298382,
        28.836997885876595
       ],
       [
        77.1126516923954,
        28.83663708475433
       ]
      ],
      [
       [
        77.11305415549654,
        28.836269863570013
       ],
       [
        77.11346390891873,
        28.836263442285773
       ],
       [
        77.11347120219635,
        28.836624243238564
       ],
       [
        77.11306144736272,
        28.836630664618063
       ],
       [
        77.11305415549654,
        28.836269863570013
       ]
      ],
      [
       [
        77.09994922223244,
        28.836835492331115
       ],
       [
        77.09953946300027,
        28.836841872683426
       ],
       [
        77.09953221771262,
        28.836481068502536
       ],
       [
        77.0999419755333,
        28.83647468824488
       ],
       [
        77.09994922223244,
        28.836835492331115
       ]
      ],
      [
       [
        77.10853230675366,
        28.835618811392724
       ],
       [
        77.10935181075749,
        28.835605995311923
       ],
       [
        77.10935908965371,
        28.835966797258347
       ],
       [
        77.10894933630709,
        28.835973206015396
       ],
       [
        77.10896389167706,
        28.83669481003538
       ],
       [
        77.10855413537412,
        28.836701217739318
       ],
       [
        77.10853230675366,
        28.835618811392724
       ]
      ],
      [
       [
        77.11100538638061,
        28.836301951343113
       ],
       [
        77.11059563215659,
        28.836308365168097
       ],
       [
        77.11058834889262,
        28.835947563527984
       ],
       [
        77.1109981017052,
        28.83594114979813
       ],
       [
        77.11100538638061,
        28.836301951343113
       ]
      ],
      [
       [
        77.11182489442788,
        28.836289119963514
       ],
       [
        77.11141514047104,
        28.836295536274914
       ],
       [
        77.11140785438421,
        28.83593473482509
       ],
       [
        77.11181760692963,
        28.83592831860885
       ],
       [
        77.11182489442788,
        28.836289119963514
       ]
      ],
      [
       [
        77.1101785959465,
        28.835953976014636
       ],
       [
        77.10976884286684,
        28.835960387258076
       ],
       [
        77.10975428238508,
        28.83523878353443
       ],
       [
        77.11016403264196,
        28.835232372481173
       ],
       [
        77.1101785959465,
        28.835953976014636
       ]
      ],
      [
       [
        77.09542017025619,
        28.83582319238445
       ],
       [
        77.09501041379858,
        28.83582955877735
       ],
       [
        77.09500318443527,
        28.83546875349376
       ],
       [
        77.09459342925655,
        28.835475118549002
       ],
       [
        77.09457897375046,
        28.83475350773008
       ],
       [
        77.09498872610637,
        28.83474714286366
       ],
       [
        77.09499595520454,
        28.835107948189187
       ],
       [
        77.0954057088393,
        28.835101581985153
       ],
       [
        77.09542017025619,
        28.83582319238445
       ]
      ],
      [
       [
        77.09417644753741,
        28.83512067686765
       ],
       [
        77.09376669350506,
        28.83512703934208
       ],
       [
        77.09375946864107,
        28.83476623373337
       ],
       [
        77.094169221262,
        28.834759871353324
       ],
       [
        77.09417644753741,
        28.83512067686765
       ]
      ],
      [
       [
        77.10073249401671,
        28.83501870820245
       ],
       [
        77.09909348558278,
        28.835044230205238
       ],
       [
        77.09908624237073,
        28.83468342582488
       ],
       [
        77.09949599326713,
        28.834677047283577
       ],
       [
        77.09947426019392,
        28.833594634300482
       ],
       [
        77.10029375312024,
        28.833581874056254
       ],
       [
        77.10031549466137,
        28.834664286471472
       ],
       [
        77.10072524515918,
        28.83465790420068
       ],
       [
        77.10073249401671,
        28.83501870820245
       ]
      ],
      [
       [
        77.10278125156827,
        28.834986777727515
       ],
       [
        77.10237150032394,
        28.83499316630884
       ],
       [
        77.10236424582097,
        28.834632362685948
       ],
       [
        77.10277399565393,
        28.834625974199383
       ],
       [
        77.10278125156827,
        28.834986777727515
       ]
      ],
      [
       [
        77.10766916551317,
        28.833466808100724
       ],
       [
        77.10725942151231,
        28.83347321122005
       ],
       [
        77.1072666925515,
        28.833834013767515
       ],
       [
        77.10685694700605,
        28.83384041573873
       ],
       [
        77.10686421676728,
        28.834201218360175
       ],
       [
        77.10727396372401,
        28.83419481629399
       ],
       [
        77.10728123502984,
        28.834555618799477
       ],
       [
        77.1068714866618,
        28.83456202096063
       ],
       [
        77.10687875668964,
        28.834922823540094
       ],
       [
        77.10646900677696,
        28.834929224553058
       ],
       [
        77.10646173816046,
        28.834568421878636
       ],
       [
        77.10605198952584,
        28.834574821553517
       ],
       [
        77.10604472245393,
        28.834214018763184
       ],
       [
        77.10645446967725,
        28.83420761918323
       ],
       [
        77.10643266502724,
        28.83312521097111
       ],
       [
        77.10766189319608,
        28.833106005627265
       ],
       [
        77.10766916551317,
        28.833466808100724
       ]
      ],
      [
       [
        77.09580823042049,
        28.834734409401296
       ],
       [
        77.09539847832973,
        28.834740776754067
       ],
       [
        77.09539124795272,
        28.834379971502006
       ],
       [
        77.09580099863213,
        28.834373604243684
       ],
       [
        77.09580823042049,
        28.834734409401296
       ]
      ],
      [
       [
        77.09701577822779,
        28.83363288519857
       ],
       [
        77.09742552555397,
        28.833626513156666
       ],
       [
        77.09744000002348,
        28.83434812277883
       ],
       [
        77.09703024987463,
        28.834354495009773
       ],
       [
        77.09701577822779,
        28.83363288519857
       ]
      ],
      [
       [
        77.09741828851827,
        28.833265708314137
       ],
       [
        77.0978280343005,
        28.833259335123667
       ],
       [
        77.09783527274747,
        28.833620139871655
       ],
       [
        77.09742552555397,
        28.833626513156666
       ],
       [
        77.09741828851827,
        28.833265708314137
       ]
      ],
      [
       [
        77.0990789992915,
        28.83432262142354
       ],
       [
        77.098259499923,
        28.834335374587486
       ],
       [
        77.09824501980823,
        28.833613765343532
       ],
       [
        77.09906451353149,
        28.833601012557953
       ],
       [
        77.0990789992915,
        28.83432262142354
       ]
      ],
      [
       [
        77.10603745551529,
        28.83385321595187
       ],
       [
        77.10562770957002,
        28.83385961419377
       ],
       [
        77.10562044417588,
        28.833498811266566
       ],
       [
        77.10603018870988,
        28.833492413119547
       ],
       [
        77.10603745551529,
        28.83385321595187
       ]
      ],
      [
       [
        77.09618905037551,
        28.833284820426965
       ],
       [
        77.09577930406266,
        28.833291188645045
       ],
       [
        77.09577207280469,
        28.83293038340356
       ],
       [
        77.0961818177063,
        28.83292401527996
       ],
       [
        77.09618905037551,
        28.833284820426965
       ]
      ],
      [
       [
        77.1002792594239,
        28.832860265674583
       ],
       [
        77.09986951584968,
        28.832866646228947
       ],
       [
        77.09986227061204,
        28.832505841911992
       ],
       [
        77.10027201277505,
        28.83249946145228
       ],
       [
        77.1002792594239,
        28.832860265674583
       ]
      ],
      [
       [
        77.1023279753013,
        28.832828344256768
       ],
       [
        77.10150848934919,
        28.83284111655308
       ],
       [
        77.1015012384667,
        28.83248031261484
       ],
       [
        77.1023207215964,
        28.832467540507988
       ],
       [
        77.1023279753013,
        28.832828344256768
       ]
      ],
      [
       [
        77.10273046296173,
        28.832461152590003
       ],
       [
        77.10314020419405,
        28.83245476342897
       ],
       [
        77.10314746072136,
        28.832815566988202
       ],
       [
        77.10273771807785,
        28.83282195624401
       ],
       [
        77.10273046296173,
        28.832461152590003
       ]
      ],
      [
       [
        77.10313294779982,
        28.83209395984876
       ],
       [
        77.10395242704288,
        28.832081177987202
       ],
       [
        77.10395968625949,
        28.832441981377787
       ],
       [
        77.10436942709254,
        28.832435588487655
       ],
       [
        77.10437668785345,
        28.832796391762432
       ],
       [
        77.10355720323182,
        28.832809176489338
       ],
       [
        77.10354994529332,
        28.832448373024903
       ],
       [
        77.10314020419405,
        28.83245476342897
       ],
       [
        77.10313294779982,
        28.83209395984876
       ]
      ],
      [
       [
        77.10560591378727,
        28.83277720534918
       ],
       [
        77.10478642996456,
        28.832789997534405
       ],
       [
        77.10477190575354,
        28.83206839115357
       ],
       [
        77.10559138393154,
        28.832055599347875
       ],
       [
        77.10560591378727,
        28.83277720534918
       ]
      ],
      [
       [
        77.09698683652617,
        28.832189665324535
       ],
       [
        77.0973965782074,
        28.83218329366073
       ],
       [
        77.0973893417025,
        28.831822488734314
       ],
       [
        77.09779908183985,
        28.831816115922013
       ],
       [
        77.09781355780473,
        28.83253772556478
       ],
       [
        77.09699407175256,
        28.83255047032449
       ],
       [
        77.09698683652617,
        28.832189665324535
       ]
      ],
      [
       [
        77.10682786929412,
        28.83239720504313
       ],
       [
        77.10641812926028,
        28.832403605391438
       ],
       [
        77.10641086157668,
        28.832042802570147
       ],
       [
        77.10682060019938,
        28.832036402316756
       ],
       [
        77.10682786929412,
        28.83239720504313
       ]
      ],
      [
       [
        77.10846682809634,
        28.832371591219562
       ],
       [
        77.10805708859581,
        28.832377996539986
       ],
       [
        77.10804981526759,
        28.832017194098576
       ],
       [
        77.10845955335698,
        28.832010788873166
       ],
       [
        77.10846682809634,
        28.832371591219562
       ]
      ],
      [
       [
        77.09492367018741,
        28.831499893990422
       ],
       [
        77.09533340970938,
        28.831493528730704
       ],
       [
        77.0953406390258,
        28.831854334150492
       ],
       [
        77.09575037982638,
        28.83184796755331
       ],
       [
        77.09575761068655,
        28.832208772857697
       ],
       [
        77.09493812613049,
        28.832221504997904
       ],
       [
        77.09492367018741,
        28.831499893990422
       ]
      ],
      [
       [
        77.09943804106183,
        28.83179061224257
       ],
       [
        77.09941631117648,
        28.830708198756145
       ],
       [
        77.0990065758035,
        28.830714576256693
       ],
       [
        77.0989993341851,
        28.83035377162467
       ],
       [
        77.0998188019761,
        28.83034101556984
       ],
       [
        77.0997970694515,
        28.829258602115647
       ],
       [
        77.10020679891473,
        28.82925222250775
       ],
       [
        77.10021404436775,
        28.829613026918807
       ],
       [
        77.10103350571754,
        28.82960026378505
       ],
       [
        77.10104800266623,
        28.83032187216556
       ],
       [
        77.10063826923574,
        28.830328254543257
       ],
       [
        77.10066725908376,
        28.83177147143133
       ],
       [
        77.09943804106183,
        28.83179061224257
       ]
      ],
      [
       [
        77.09897761012657,
        28.829271357602753
       ],
       [
        77.09899209269945,
        28.829992966971673
       ],
       [
        77.0985823600158,
        28.829999343040075
       ],
       [
        77.09857512007397,
        28.82963853827151
       ],
       [
        77.09816538866858,
        28.82964491300242
       ],
       [
        77.09815091200515,
        28.828923303213248
       ],
       [
        77.09978982554232,
        28.82889779758896
       ],
       [
        77.0997970694515,
        28.829258602115647
       ],
       [
        77.09897761012657,
        28.829271357602753
       ]
      ],
      [
       [
        77.09858960009038,
        28.83036014778766
       ],
       [
        77.09817986586292,
        28.830366522707724
       ],
       [
        77.09817262719938,
        28.830005717865557
       ],
       [
        77.0985823600158,
        28.829999343040075
       ],
       [
        77.09858960009038,
        28.83036014778766
       ]
      ],
      [
       [
        77.10434764560866,
        28.83135317853744
       ],
       [
        77.10475738207515,
        28.831346784688815
       ],
       [
        77.10476464384776,
        28.831707587931685
       ],
       [
        77.10394516795941,
        28.83172037457563
       ],
       [
        77.10393790900903,
        28.831359571143082
       ],
       [
        77.1035281722763,
        28.83136596250574
       ],
       [
        77.10352091487013,
        28.831005158957392
       ],
       [
        77.10393065019177,
        28.83099876768954
       ],
       [
        77.10392339150759,
        28.83063796421503
       ],
       [
        77.10433312528507,
        28.830631571799053
       ],
       [
        77.10434764560866,
        28.83135317853744
       ]
      ],
      [
       [
        77.11132043176234,
        28.83160511578965
       ],
       [
        77.11091069601838,
        28.831611529620893
       ],
       [
        77.11089613027364,
        28.830889925964144
       ],
       [
        77.11130586319547,
        28.830883512323194
       ],
       [
        77.11132043176234,
        28.83160511578965
       ]
      ],
      [
       [
        77.10801345062701,
        28.8302131815767
       ],
       [
        77.10842318166102,
        28.830206776826387
       ],
       [
        77.10843772993924,
        28.830928381708055
       ],
       [
        77.10802799608317,
        28.8309347866484
       ],
       [
        77.10803526901128,
        28.83129558915278
       ],
       [
        77.10762553361077,
        28.831301992945182
       ],
       [
        77.10761099071001,
        28.830580387725448
       ],
       [
        77.1080207232884,
        28.830573984123046
       ],
       [
        77.10801345062701,
        28.8302131815767
       ]
      ],
      [
       [
        77.10841590772199,
        28.829845974354075
       ],
       [
        77.10882563721161,
        28.829839568455874
       ],
       [
        77.10881836199499,
        28.829478766057605
       ],
       [
        77.10922808994025,
        28.82947235901157
       ],
       [
        77.10924264332886,
        28.830193963597015
       ],
       [
        77.10842318166102,
        28.830206776826387
       ],
       [
        77.10841590772199,
        28.829845974354075
       ]
      ],
      [
       [
        77.1051453296564,
        28.830257980027334
       ],
       [
        77.10473559755624,
        28.830264374834325
       ],
       [
        77.10472833631624,
        28.829903571507547
       ],
       [
        77.10513806700538,
        28.829897176795427
       ],
       [
        77.1051453296564,
        28.830257980027334
       ]
      ],
      [
       [
        77.11170102512908,
        28.830155494079236
       ],
       [
        77.11129129516287,
        28.830161908772784
       ],
       [
        77.11128401134692,
        28.829801106966094
       ],
       [
        77.11169373990215,
        28.829794692367702
       ],
       [
        77.11170102512908,
        28.830155494079236
       ]
      ],
      [
       [
        77.09284608851637,
        28.83008847748984
       ],
       [
        77.09243635384401,
        28.830094834914195
       ],
       [
        77.09242913506763,
        28.829734028728975
       ],
       [
        77.09283886832895,
        28.82972767139894
       ],
       [
        77.09284608851637,
        28.83008847748984
       ]
      ],
      [
       [
        77.09447780005002,
        28.829702229649502
       ],
       [
        77.09406806731845,
        28.829708591951242
       ],
       [
        77.09406084303038,
        28.829347786122437
       ],
       [
        77.09447057435095,
        28.829341423915075
       ],
       [
        77.09447780005002,
        28.829702229649502
       ]
      ],
      [
       [
        77.10431134579811,
        28.829549161534143
       ],
       [
        77.1039016162537,
        28.82955555366563
       ],
       [
        77.10389435810191,
        28.829194750107202
       ],
       [
        77.10430408623537,
        28.829188358070557
       ],
       [
        77.10431134579811,
        28.829549161534143
       ]
      ],
      [
       [
        77.1059502626443,
        28.82952358057936
       ],
       [
        77.10554053363254,
        28.829529977682377
       ],
       [
        77.10553326983691,
        28.829169174503374
       ],
       [
        77.10594299743774,
        28.829162777495256
       ],
       [
        77.1059502626443,
        28.82952358057936
       ]
      ],
      [
       [
        77.11127672766452,
        28.8294403051384
       ],
       [
        77.11086700038669,
        28.82944671839876
       ],
       [
        77.1108597182488,
        28.829085916454947
       ],
       [
        77.1112694441157,
        28.829079503289723
       ],
       [
        77.11127672766452,
        28.8294403051384
       ]
      ],
      [
       [
        77.0875051239025,
        28.829449412404045
       ],
       [
        77.0870953903334,
        28.82945575348181
       ],
       [
        77.08708099012834,
        28.82873413855782
       ],
       [
        77.0862615282381,
        28.828746816608373
       ],
       [
        77.08625433115554,
        28.828386008926863
       ],
       [
        77.08543487155933,
        28.828398681817806
       ],
       [
        77.08542767743066,
        28.828037873927325
       ],
       [
        77.08419849127982,
        28.82805687366026
       ],
       [
        77.0841841118837,
        28.82733525725269
       ],
       [
        77.0845938379107,
        28.827328925439126
       ],
       [
        77.08458664699953,
        28.82696811729788
       ],
       [
        77.08540609583615,
        28.826955450130203
       ],
       [
        77.08539890223516,
        28.826594642155925
       ],
       [
        77.08621834772242,
        28.82658197020503
       ],
       [
        77.08624713420498,
        28.828025201224392
       ],
       [
        77.08706659045139,
        28.828012523550022
       ],
       [
        77.08707379022385,
        28.828373331064395
       ],
       [
        77.08789324876405,
        28.828360648230426
       ],
       [
        77.08790765434895,
        28.82908226281999
       ],
       [
        77.08749792232294,
        28.8290886050466
       ],
       [
        77.0875051239025,
        28.829449412404045
       ]
      ],
      [
       [
        77.08377438572488,
        28.827341587823426
       ],
       [
        77.08376000967785,
        28.826619971144247
       ],
       [
        77.08416973301496,
        28.82661364076135
       ],
       [
        77.0841841118837,
        28.82733525725269
       ],
       [
        77.08377438572488,
        28.827341587823426
       ]
      ],
      [
       [
        77.08294056260823,
        28.82663262818163
       ],
       [
        77.0829190079911,
        28.82555020244239
       ],
       [
        77.08332872735939,
        28.825543874826742
       ],
       [
        77.08332154133977,
        28.825183066298997
       ],
       [
        77.0841409768595,
        28.825170407527303
       ],
       [
        77.08414816570061,
        28.82553121586722
       ],
       [
        77.08455788467349,
        28.825524884523357
       ],
       [
        77.08457226557277,
        28.82624650095251
       ],
       [
        77.08375282185206,
        28.826259162773223
       ],
       [
        77.08376000967785,
        28.826619971144247
       ],
       [
        77.08294056260823,
        28.82663262818163
       ]
      ],
      [
       [
        77.08295493301178,
        28.827354245236393
       ],
       [
        77.08336465943422,
        28.827347917151325
       ],
       [
        77.08337184624455,
        28.827708725553418
       ],
       [
        77.08255239044608,
        28.827721380668475
       ],
       [
        77.08253083887577,
        28.826638954836135
       ],
       [
        77.08294056260823,
        28.82663262818163
       ],
       [
        77.08295493301178,
        28.827354245236393
       ]
      ],
      [
       [
        77.08411941112712,
        28.824087982381823
       ],
       [
        77.08452912445716,
        28.824081651413696
       ],
       [
        77.08454350430162,
        28.82480326801043
       ],
       [
        77.08495322032117,
        28.824796935611737
       ],
       [
        77.0849604118519,
        28.82515774378472
       ],
       [
        77.0841409768595,
        28.825170407527303
       ],
       [
        77.08411941112712,
        28.824087982381823
       ]
      ],
      [
       [
        77.08537012915029,
        28.825151410049354
       ],
       [
        77.08537732222364,
        28.825512218107413
       ],
       [
        77.0849676035145,
        28.825518551936756
       ],
       [
        77.0849604118519,
        28.82515774378472
       ],
       [
        77.08537012915029,
        28.825151410049354
       ]
      ],
      [
       [
        77.0862111514317,
        28.826221162397818
       ],
       [
        77.08580143016485,
        28.826227498900643
       ],
       [
        77.08578704080087,
        28.82550588303534
       ],
       [
        77.08619675924615,
        28.825499546720533
       ],
       [
        77.08620395527295,
        28.825860354569645
       ],
       [
        77.08661367499703,
        28.825854016918083
       ],
       [
        77.0866280702681,
        28.826575632365408
       ],
       [
        77.08621834772242,
        28.82658197020503
       ],
       [
        77.0862111514317,
        28.826221162397818
       ]
      ],
      [
       [
        77.08660647755947,
        28.825493209163
       ],
       [
        77.08742591379016,
        28.825480530319744
       ],
       [
        77.08744031444034,
        28.826202145432735
       ],
       [
        77.08703059356947,
        28.826208485663862
       ],
       [
        77.08702339458912,
        28.825847678023766
       ],
       [
        77.08661367499703,
        28.825854016918083
       ],
       [
        77.08660647755947,
        28.825493209163
       ]
      ],
      [
       [
        77.10184571543876,
        28.829226691647385
       ],
       [
        77.1018384644748,
        28.828865887594116
       ],
       [
        77.10224819186251,
        28.82885950186656
       ],
       [
        77.10225544423743,
        28.8292203058251
       ],
       [
        77.10184571543876,
        28.829226691647385
       ]
      ],
      [
       [
        77.10142873695412,
        28.82887227207881
       ],
       [
        77.10142148753405,
        28.82851146790985
       ],
       [
        77.1018312136438,
        28.828505083519875
       ],
       [
        77.1018384644748,
        28.828865887594116
       ],
       [
        77.10142873695412,
        28.82887227207881
       ]
      ],
      [
       [
        77.10962326207533,
        28.82874434624341
       ],
       [
        77.10961598443716,
        28.828383543972304
       ],
       [
        77.1100257078828,
        28.82837713472579
       ],
       [
        77.11003298693186,
        28.82873793690182
       ],
       [
        77.10962326207533,
        28.82874434624341
       ]
      ],
      [
       [
        77.10920626085807,
        28.828389951976
       ],
       [
        77.1091989847642,
        28.82802914958884
       ],
       [
        77.10878926246257,
        28.828035556254672
       ],
       [
        77.10878198791295,
        28.827674753751474
       ],
       [
        77.10919170880375,
        28.827668347180687
       ],
       [
        77.10917715728313,
        28.826946742301423
       ],
       [
        77.1087674392139,
        28.82695314868213
       ],
       [
        77.10876016506448,
        28.826592346115966
       ],
       [
        77.10835044827265,
        28.82659875115889
       ],
       [
        77.10834317566734,
        28.82623794847673
       ],
       [
        77.10793346015288,
        28.82624435218192
       ],
       [
        77.10792618909166,
        28.82588354938376
       ],
       [
        77.10710676048416,
        28.825896352876047
       ],
       [
        77.10709222440441,
        28.825174746836872
       ],
       [
        77.10750193595347,
        28.825168345902004
       ],
       [
        77.10750920533737,
        28.825529148837123
       ],
       [
        77.10832863085683,
        28.82551634304945
       ],
       [
        77.10829227116427,
        28.82371232911405
       ],
       [
        77.10870197667096,
        28.82370592483133
       ],
       [
        77.10869470372198,
        28.823345122076333
       ],
       [
        77.10910440768475,
        28.823338716646074
       ],
       [
        77.10911895653717,
        28.824060321945012
       ],
       [
        77.10870924975332,
        28.824066727565352
       ],
       [
        77.10871652296905,
        28.8244275302784
       ],
       [
        77.1091262311635,
        28.824421124563017
       ],
       [
        77.10913350592321,
        28.82478192716002
       ],
       [
        77.10954321539485,
        28.824775520106975
       ],
       [
        77.10956504470641,
        28.825857927486926
       ],
       [
        77.10997475827658,
        28.825851518905996
       ],
       [
        77.10998203639134,
        28.826212321228933
       ],
       [
        77.11039175123874,
        28.826205911310225
       ],
       [
        77.11040631069015,
        28.826927515702923
       ],
       [
        77.10958687521892,
        28.826940334677996
       ],
       [
        77.10961598443716,
        28.828383543972304
       ],
       [
        77.10920626085807,
        28.828389951976
       ]
      ],
      [
       [
        77.11085243624443,
        28.828725114490137
       ],
       [
        77.1104427116549,
        28.828731526317394
       ],
       [
        77.11043543119494,
        28.82837072423647
       ],
       [
        77.11084515437359,
        28.828364312504352
       ],
       [
        77.11085243624443,
        28.828725114490137
       ]
      ],
      [
       [
        77.09855340104505,
        28.82855612384001
       ],
       [
        77.09814367387254,
        28.828562498287205
       ],
       [
        77.09813643587266,
        28.828201693340183
       ],
       [
        77.09854616163425,
        28.828195318987557
       ],
       [
        77.09855340104505,
        28.82855612384001
       ]
      ],
      [
       [
        77.10060203491577,
        28.82852423296127
       ],
       [
        77.10019230840727,
        28.828530613622707
       ],
       [
        77.10017781843128,
        28.827809004653783
       ],
       [
        77.10058754211796,
        28.82780262418166
       ],
       [
        77.10060203491577,
        28.82852423296127
       ]
      ],
      [
       [
        77.10633819207001,
        28.828434773202986
       ],
       [
        77.10592846742425,
        28.828441171264128
       ],
       [
        77.10592120261734,
        28.828080368117096
       ],
       [
        77.10633092585223,
        28.828073970150875
       ],
       [
        77.10633819207001,
        28.828434773202986
       ]
      ],
      [
       [
        77.0813232057604,
        28.827740354019635
       ],
       [
        77.08009401988976,
        28.827759316185073
       ],
       [
        77.08008684436673,
        28.827398507032424
       ],
       [
        77.08131602600463,
        28.827379545148307
       ],
       [
        77.0813232057604,
        28.827740354019635
       ]
      ],
      [
       [
        77.0882885699576,
        28.827632690463965
       ],
       [
        77.08746911732524,
        28.827645375407283
       ],
       [
        77.08746191640594,
        28.827284567945064
       ],
       [
        77.08828136621653,
        28.827271883189933
       ],
       [
        77.0882885699576,
        28.827632690463965
       ]
      ],
      [
       [
        77.09237138962193,
        28.826847578492735
       ],
       [
        77.09319083343735,
        28.826834864098846
       ],
       [
        77.09319805397647,
        28.827195670263094
       ],
       [
        77.0927883307241,
        28.82720202817576
       ],
       [
        77.09279554998479,
        28.827562834413385
       ],
       [
        77.09238582518918,
        28.827569191177556
       ],
       [
        77.09237138962193,
        28.826847578492735
       ]
      ],
      [
       [
        77.10836499388334,
        28.827320356460273
       ],
       [
        77.10795527413659,
        28.827326760450486
       ],
       [
        77.10794800267534,
        28.82696595771527
       ],
       [
        77.10835772101132,
        28.826959553820075
       ],
       [
        77.10836499388334,
        28.827320356460273
       ]
      ],
      [
       [
        77.07926738928353,
        28.82741114207427
       ],
       [
        77.07926021671389,
        28.827050332713224
       ],
       [
        77.07966994291037,
        28.82704401590744
       ],
       [
        77.0796771168909,
        28.82740482517477
       ],
       [
        77.07926738928353,
        28.82741114207427
       ]
      ],
      [
       [
        77.07885049038588,
        28.827056648276177
       ],
       [
        77.07884331935864,
        28.82669583880048
       ],
       [
        77.07925304427579,
        28.826689523331236
       ],
       [
        77.07926021671389,
        28.827050332713224
       ],
       [
        77.07885049038588,
        28.827056648276177
       ]
      ],
      [
       [
        77.0911494363911,
        28.827227447398396
       ],
       [
        77.09073971247709,
        28.827233799097037
       ],
       [
        77.090732500403,
        28.826872992367104
       ],
       [
        77.09114222290619,
        28.826866640762688
       ],
       [
        77.0911494363911,
        28.827227447398396
       ]
      ],
      [
       [
        77.09196888382228,
        28.827214740272673
       ],
       [
        77.09155916017285,
        28.827221094456938
       ],
       [
        77.09155194527708,
        28.82686028791549
       ],
       [
        77.09196166751566,
        28.826853933825504
       ],
       [
        77.09196888382228,
        28.827214740272673
       ]
      ],
      [
       [
        77.08171857191897,
        28.82701241323613
       ],
       [
        77.08130884638052,
        28.82701873625604
       ],
       [
        77.08130166688807,
        28.82665792734283
       ],
       [
        77.08171139101566,
        28.826651604416735
       ],
       [
        77.08171857191897,
        28.82701241323613
       ]
      ],
      [
       [
        77.08909360906804,
        28.826898386356863
       ],
       [
        77.08868388590388,
        28.826904731747312
       ],
       [
        77.08867668101617,
        28.82654392452552
       ],
       [
        77.08908640276951,
        28.826537579229207
       ],
       [
        77.08909360906804,
        28.826898386356863
       ]
      ],
      [
       [
        77.07801670105586,
        28.826347656326583
       ],
       [
        77.07842642482512,
        28.82634134343661
       ],
       [
        77.07843359431,
        28.826702153026925
       ],
       [
        77.07802386912988,
        28.82670846601055
       ],
       [
        77.07801670105586,
        28.826347656326583
       ]
      ],
      [
       [
        77.07841925547172,
        28.825980533825362
       ],
       [
        77.07882897769869,
        28.825974219786282
       ],
       [
        77.07883614846291,
        28.826335029303856
       ],
       [
        77.07842642482512,
        28.82634134343661
       ],
       [
        77.07841925547172,
        28.825980533825362
       ]
      ],
      [
       [
        77.08048221823795,
        28.826670569466618
       ],
       [
        77.08007249371546,
        28.8266768886643
       ],
       [
        77.08006531858719,
        28.826316079448812
       ],
       [
        77.08047504169882,
        28.826309760344895
       ],
       [
        77.08048221823795,
        28.826670569466618
       ]
      ],
      [
       [
        77.09031556723659,
        28.826518535883622
       ],
       [
        77.08949612439072,
        28.826531232690115
       ],
       [
        77.08948891681354,
        28.82617042563567
       ],
       [
        77.0903083568378,
        28.82615772901755
       ],
       [
        77.09031556723659,
        28.826518535883622
       ]
      ],
      [
       [
        77.09150144471114,
        28.82433464153851
       ],
       [
        77.09148701716867,
        28.82361302809934
       ],
       [
        77.09230643612072,
        28.823600320373597
       ],
       [
        77.09232808609667,
        28.82468273993527
       ],
       [
        77.09273779960608,
        28.82467638392555
       ],
       [
        77.09274501794012,
        28.82503719030989
       ],
       [
        77.09356444738317,
        28.82502447437379
       ],
       [
        77.09357166867098,
        28.8253852805485
       ],
       [
        77.09398138460459,
        28.825378920622054
       ],
       [
        77.0940030534948,
        28.826461338737346
       ],
       [
        77.09277389259992,
        28.826480415637647
       ],
       [
        77.0927666737364,
        28.826119609337145
       ],
       [
        77.09194723529944,
        28.82613232086827
       ],
       [
        77.0919544513414,
        28.826493127357367
       ],
       [
        77.09154473051362,
        28.82649948135309
       ],
       [
        77.0915303013836,
        28.825777868165382
       ],
       [
        77.09112058324509,
        28.825784220729822
       ],
       [
        77.09112779633318,
        28.82614502742841
       ],
       [
        77.09071807665161,
        28.82615137884435
       ],
       [
        77.09070365342922,
        28.82542976523777
       ],
       [
        77.09111337028926,
        28.82542341401029
       ],
       [
        77.09110615746572,
        28.82506260726981
       ],
       [
        77.0915158727828,
        28.825056254893862
       ],
       [
        77.09150865868082,
        28.82469544822667
       ],
       [
        77.0919183724549,
        28.824689094702308
       ],
       [
        77.09191115707456,
        28.82432828810842
       ],
       [
        77.09150144471114,
        28.82433464153851
       ]
      ],
      [
       [
        77.0898842193124,
        28.825442463964578
       ],
       [
        77.08987701072101,
        28.825081656941453
       ],
       [
        77.09069644201638,
        28.825068958403058
       ],
       [
        77.09070365342922,
        28.82542976523777
       ],
       [
        77.0898842193124,
        28.825442463964578
       ]
      ],
      [
       [
        77.07800953311329,
        28.825986846621667
       ],
       [
        77.0775998106234,
        28.825993158175187
       ],
       [
        77.07759264422306,
        28.825632348355697
       ],
       [
        77.07800236530215,
        28.82562603689581
       ],
       [
        77.07800953311329,
        28.825986846621667
       ]
      ],
      [
       [
        77.08866227163713,
        28.82582231001906
       ],
       [
        77.08825255257325,
        28.82582865388435
       ],
       [
        77.08824534949267,
        28.82546784650558
       ],
       [
        77.0886550671458,
        28.825461502734406
       ],
       [
        77.08866227163713,
        28.82582231001906
       ]
      ],
      [
       [
        77.08209956885928,
        28.82556285394545
       ],
       [
        77.08209238707192,
        28.825202045136116
       ],
       [
        77.08250210529295,
        28.825195720099803
       ],
       [
        77.08250928849105,
        28.82555652881529
       ],
       [
        77.08209956885928,
        28.82556285394545
       ]
      ],
      [
       [
        77.08045351287109,
        28.825227332854087
       ],
       [
        77.08044633685839,
        28.824866523648616
       ],
       [
        77.08003661938986,
        28.824872842377527
       ],
       [
        77.08002227058063,
        28.824151223716242
       ],
       [
        77.08043198522775,
        28.824144905174833
       ],
       [
        77.08042480960981,
        28.823784095906543
       ],
       [
        77.08083452271468,
        28.82377777621622
       ],
       [
        77.08082734581771,
        28.823416967020748
       ],
       [
        77.08123705738033,
        28.82341064618157
       ],
       [
        77.08124423568795,
        28.823771455283243
       ],
       [
        77.08165394852956,
        28.82376513310761
       ],
       [
        77.08166830836103,
        28.82448675106053
       ],
       [
        77.08207802389231,
        28.824480427454603
       ],
       [
        77.08209238707192,
        28.825202045136116
       ],
       [
        77.08045351287109,
        28.825227332854087
       ]
      ],
      [
       [
        77.10053682151128,
        28.82527699279242
       ],
       [
        77.10012710770002,
        28.825283372601923
       ],
       [
        77.10011986384121,
        28.82492256793921
       ],
       [
        77.10052957624181,
        28.82491618822436
       ],
       [
        77.10053682151128,
        28.82527699279242
       ]
      ],
      [
       [
        77.10381452721617,
        28.825225909579995
       ],
       [
        77.10380001423968,
        28.82450430193873
       ],
       [
        77.10339030431334,
        28.824510691500034
       ],
       [
        77.10338304943531,
        28.82414988755311
       ],
       [
        77.10379275795104,
        28.82414349808662
       ],
       [
        77.10378550179547,
        28.823782694213545
       ],
       [
        77.10419520876756,
        28.823776303599256
       ],
       [
        77.10420246633372,
        28.82413710737752
       ],
       [
        77.10461217458328,
        28.8241307154258
       ],
       [
        77.1046266929361,
        28.824852322729715
       ],
       [
        77.10421698186529,
        28.824858714871105
       ],
       [
        77.10422423983071,
        28.825219518586433
       ],
       [
        77.10381452721617,
        28.825225909579995
       ]
      ],
      [
       [
        77.10337579469031,
        28.823789083585233
       ],
       [
        77.10336854007835,
        28.823428279596392
       ],
       [
        77.10377824577296,
        28.82342189031949
       ],
       [
        77.10378550179547,
        28.823782694213545
       ],
       [
        77.10337579469031,
        28.823789083585233
       ]
      ],
      [
       [
        77.1029588342507,
        28.823434667630703
       ],
       [
        77.10295158118231,
        28.8230738635261
       ],
       [
        77.10131276218402,
        28.823099402858613
       ],
       [
        77.10129102070267,
        28.822016989282123
       ],
       [
        77.1029298227752,
        28.821991451086408
       ],
       [
        77.10294432824693,
        28.822713059400503
       ],
       [
        77.10376373412713,
        28.82270028246846
       ],
       [
        77.10377098988351,
        28.82306108640447
       ],
       [
        77.10336128559943,
        28.82306747558656
       ],
       [
        77.10336854007835,
        28.823428279596392
       ],
       [
        77.1029588342507,
        28.823434667630703
       ]
      ],
      [
       [
        77.10292257023883,
        28.821630646897916
       ],
       [
        77.10333226901409,
        28.821624259337497
       ],
       [
        77.10333952296088,
        28.82198506343122
       ],
       [
        77.1029298227752,
        28.821991451086408
       ],
       [
        77.10292257023883,
        28.821630646897916
       ]
      ],
      [
       [
        77.10375647850381,
        28.822339478511477
       ],
       [
        77.10416617983385,
        28.822333088276462
       ],
       [
        77.10417343686764,
        28.822693892138638
       ],
       [
        77.10376373412713,
        28.82270028246846
       ],
       [
        77.10375647850381,
        28.822339478511477
       ]
      ],
      [
       [
        77.07676603822333,
        28.825284157519526
       ],
       [
        77.07675887490734,
        28.824923347470932
       ],
       [
        77.0771685934277,
        28.824917038683793
       ],
       [
        77.07717575815444,
        28.825277848638777
       ],
       [
        77.07676603822333,
        28.825284157519526
       ]
      ],
      [
       [
        77.07634915625563,
        28.824929655015353
       ],
       [
        77.07634199448174,
        28.824568844852234
       ],
       [
        77.07675171172272,
        28.824562537401402
       ],
       [
        77.07675887490734,
        28.824923347470932
       ],
       [
        77.07634915625563,
        28.824929655015353
       ]
      ],
      [
       [
        77.07799519762247,
        28.82526522714905
       ],
       [
        77.07758547795416,
        28.825271538515278
       ],
       [
        77.07757831181667,
        28.824910728653922
       ],
       [
        77.07798803007421,
        28.824904417381326
       ],
       [
        77.07799519762247,
        28.82526522714905
       ]
      ],
      [
       [
        77.08905037325906,
        28.82473354327664
       ],
       [
        77.08946008782652,
        28.824727197208343
       ],
       [
        77.08946729487502,
        28.825088004346608
       ],
       [
        77.08905757889687,
        28.825094350509058
       ],
       [
        77.08905037325906,
        28.82473354327664
       ]
      ],
      [
       [
        77.08945288091017,
        28.82436639004913
       ],
       [
        77.0898625939348,
        28.82436004283233
       ],
       [
        77.0898698022618,
        28.82472084989737
       ],
       [
        77.08946008782652,
        28.824727197208343
       ],
       [
        77.08945288091017,
        28.82436639004913
       ]
      ],
      [
       [
        77.11116020690926,
        28.823667473040956
       ],
       [
        77.11197961592073,
        28.823654645836942
       ],
       [
        77.11199418478778,
        28.82437624976232
       ],
       [
        77.11158447752771,
        28.82438266417594
       ],
       [
        77.11159176075101,
        28.824743466202317
       ],
       [
        77.11118205194681,
        28.824749879468495
       ],
       [
        77.11116020690926,
        28.823667473040956
       ]
      ],
      [
       [
        77.07962690178977,
        28.824879159863723
       ],
       [
        77.07921718405814,
        28.82488547610721
       ],
       [
        77.07921001240918,
        28.824524666599583
       ],
       [
        77.07961972873008,
        28.824518350449814
       ],
       [
        77.07962690178977,
        28.824879159863723
       ]
      ],
      [
       [
        77.08372407186698,
        28.824815929079712
       ],
       [
        77.08331435545193,
        28.8248222577503
       ],
       [
        77.08330716969587,
        28.82446144918065
       ],
       [
        77.08371688470021,
        28.824455120603965
       ],
       [
        77.08372407186698,
        28.824815929079712
       ]
      ],
      [
       [
        77.11321601703436,
        28.823996197399257
       ],
       [
        77.11280631158569,
        28.82400261544546
       ],
       [
        77.11279902439789,
        28.823641813662682
       ],
       [
        77.11320872843602,
        28.823635395711698
       ],
       [
        77.11321601703436,
        28.823996197399257
       ]
      ],
      [
       [
        77.078340401261,
        28.822011626719842
       ],
       [
        77.0787501079706,
        28.82200531371121
       ],
       [
        77.0787644467378,
        28.82272693318601
       ],
       [
        77.07917415613703,
        28.82272061874743
       ],
       [
        77.07918132712842,
        28.823081428359732
       ],
       [
        77.07877161631862,
        28.82308774289201
       ],
       [
        77.07877878603091,
        28.823448552577073
       ],
       [
        77.078369073679,
        28.823454865960418
       ],
       [
        77.07837624211214,
        28.823815675718215
       ],
       [
        77.07796652821813,
        28.82382198795255
       ],
       [
        77.07797369537205,
        28.82418279778307
       ],
       [
        77.07715426436839,
        28.824195418711014
       ],
       [
        77.07713993583461,
        28.823473798654508
       ],
       [
        77.07754964858083,
        28.823467488999125
       ],
       [
        77.07754248310039,
        28.823106679033092
       ],
       [
        77.0771327717648,
        28.823112988594858
       ],
       [
        77.07712560782636,
        28.82275217851426
       ],
       [
        77.0783547372071,
        28.822733246381993
       ],
       [
        77.078340401261,
        28.822011626719842
       ]
      ],
      [
       [
        77.08289027034614,
        28.82410696783019
       ],
       [
        77.08248055648897,
        28.824113293827644
       ],
       [
        77.08247337381775,
        28.823752485028383
       ],
       [
        77.08288308626427,
        28.82374615912479
       ],
       [
        77.08289027034614,
        28.82410696783019
       ]
      ],
      [
       [
        77.07673738574756,
        28.82384091719956
       ],
       [
        77.07632767132796,
        28.823847224463222
       ],
       [
        77.07632050994808,
        28.823486414237326
       ],
       [
        77.07673022295702,
        28.823480107067244
       ],
       [
        77.07673738574756,
        28.82384091719956
       ]
      ],
      [
       [
        77.1050073620583,
        28.82340271503337
       ],
       [
        77.10459765676296,
        28.823409108037986
       ],
       [
        77.10459039805247,
        28.823048304312614
       ],
       [
        77.10500010193729,
        28.823041911402857
       ],
       [
        77.1050073620583,
        28.82340271503337
       ]
      ],
      [
       [
        77.1074583224494,
        28.82300352785075
       ],
       [
        77.10704861936381,
        28.823009928215804
       ],
       [
        77.1070558865374,
        28.823370731371767
       ],
       [
        77.106646181908,
        28.82337713058922
       ],
       [
        77.1066316505151,
        28.822655524066416
       ],
       [
        77.1074510539986,
        28.822642724768766
       ],
       [
        77.1074583224494,
        28.82300352785075
       ]
      ],
      [
       [
        77.10744378568108,
        28.822281921665812
       ],
       [
        77.10785348581247,
        28.822275520248184
       ],
       [
        77.10786075554043,
        28.822636323256162
       ],
       [
        77.1074510539986,
        28.822642724768766
       ],
       [
        77.10744378568108,
        28.822281921665812
       ]
      ],
      [
       [
        77.10703408541643,
        28.822288321840936
       ],
       [
        77.10702681864264,
        28.82192751862203
       ],
       [
        77.10743651749686,
        28.82192111854187
       ],
       [
        77.10744378568108,
        28.822281921665812
       ],
       [
        77.10703408541643,
        28.822288321840936
       ]
      ],
      [
       [
        77.08041763412346,
        28.8234232866173
       ],
       [
        77.08000792229765,
        28.82342960497121
       ],
       [
        77.08000074835351,
        28.823068795567277
       ],
       [
        77.08041045876872,
        28.823062477307115
       ],
       [
        77.08041763412346,
        28.8234232866173
       ]
      ],
      [
       [
        77.08492445551705,
        28.823353702710328
       ],
       [
        77.08451474514011,
        28.823360034733206
       ],
       [
        77.08450755567935,
        28.822999226361535
       ],
       [
        77.0849172646457,
        28.82299289443261
       ],
       [
        77.08492445551705,
        28.823353702710328
       ]
      ],
      [
       [
        77.11032624031498,
        28.822958690504255
       ],
       [
        77.11031896199084,
        28.822597888087532
       ],
       [
        77.11072866259892,
        28.822591477877296
       ],
       [
        77.1107359423335,
        28.822952280198898
       ],
       [
        77.11032624031498,
        28.822958690504255
       ]
      ],
      [
       [
        77.10990926124931,
        28.822604297055275
       ],
       [
        77.10990198446909,
        28.822243494522496
       ],
       [
        77.11031168380019,
        28.822237085649856
       ],
       [
        77.11031896199084,
        28.822597888087532
       ],
       [
        77.10990926124931,
        28.822604297055275
       ]
      ],
      [
       [
        77.11155534597007,
        28.82293945586058
       ],
       [
        77.11114564421855,
        28.822945868651
       ],
       [
        77.1111383630735,
        28.822585066424537
       ],
       [
        77.11154806341453,
        28.82257865372926
       ],
       [
        77.11155534597007,
        28.82293945586058
       ]
      ],
      [
       [
        77.1053952830254,
        28.822313910116325
       ],
       [
        77.10498558209467,
        28.822320304078886
       ],
       [
        77.10497832237307,
        28.821959500385432
       ],
       [
        77.10538802189336,
        28.821953106517743
       ],
       [
        77.1053952830254,
        28.822313910116325
       ]
      ],
      [
       [
        77.10949228500456,
        28.822249902152624
       ],
       [
        77.1090825854066,
        28.822256308540275
       ],
       [
        77.10907531158067,
        28.82189550579638
       ],
       [
        77.1094850097682,
        28.82188909950379
       ],
       [
        77.10949228500456,
        28.822249902152624
       ]
      ],
      [
       [
        77.08407628322156,
        28.821923131525374
       ],
       [
        77.08448598808815,
        28.821916801120857
       ],
       [
        77.08449317715336,
        28.822277609555368
       ],
       [
        77.0840834708763,
        28.822283940053808
       ],
       [
        77.08407628322156,
        28.821923131525374
       ]
      ],
      [
       [
        77.08447879915474,
        28.82155599266541
       ],
       [
        77.08488850247899,
        28.82154966111229
       ],
       [
        77.08489569282287,
        28.821910469473792
       ],
       [
        77.08448598808815,
        28.821916801120857
       ],
       [
        77.08447879915474,
        28.82155599266541
       ]
      ],
      [
       [
        77.08406909569867,
        28.821562322976003
       ],
       [
        77.08406190830756,
        28.821201514405672
       ],
       [
        77.08447161035319,
        28.82119518418902
       ],
       [
        77.08447879915474,
        28.82155599266541
       ],
       [
        77.08406909569867,
        28.821562322976003
       ]
      ],
      [
       [
        77.10620742053442,
        28.821940315054874
       ],
       [
        77.10579772128048,
        28.821946711407552
       ],
       [
        77.10579045887117,
        28.82158590788289
       ],
       [
        77.10620015671469,
        28.82157951162511
       ],
       [
        77.10620742053442,
        28.821940315054874
       ]
      ],
      [
       [
        77.110304405743,
        28.821876283191184
       ],
       [
        77.10989470782232,
        28.82188269196872
       ],
       [
        77.10988743130899,
        28.82152188939398
       ],
       [
        77.11029712781928,
        28.821515480711522
       ],
       [
        77.110304405743,
        28.821876283191184
       ]
      ],
      [
       [
        77.10372745734105,
        28.820896262473827
       ],
       [
        77.10577593445211,
        28.820864300770644
       ],
       [
        77.10578319659506,
        28.82122510433726
       ],
       [
        77.10496380332926,
        28.821237892935613
       ],
       [
        77.1049710627846,
        28.821598696671018
       ],
       [
        77.10374196765632,
        28.821617870534606
       ],
       [
        77.10372745734105,
        28.820896262473827
       ]
      ],
      [
       [
        77.10782440823372,
        28.820832308006477
       ],
       [
        77.10823410259023,
        28.82082590572634
       ],
       [
        77.1082486439337,
        28.821547511699155
       ],
       [
        77.10742924944593,
        28.821560315396955
       ],
       [
        77.10742198152828,
        28.821199512231065
       ],
       [
        77.10701228549483,
        28.821205912121286
       ],
       [
        77.10700501912082,
        28.82084510883945
       ],
       [
        77.10741471374392,
        28.820838709044178
       ],
       [
        77.10740744609284,
        28.820477905836317
       ],
       [
        77.10781713917231,
        28.820471504893597
       ],
       [
        77.10782440823372,
        28.820832308006477
       ]
      ],
      [
       [
        77.10865106882882,
        28.82118030510566
       ],
       [
        77.10906076432897,
        28.82117390024563
       ],
       [
        77.10905349090322,
        28.820813097438798
       ],
       [
        77.10946318485964,
        28.820806691431375
       ],
       [
        77.10947773466526,
        28.821528296833968
       ],
       [
        77.1086583409776,
        28.82154110798656
       ],
       [
        77.10865106882882,
        28.82118030510566
       ]
      ],
      [
       [
        77.08038175866554,
        28.821619239857036
       ],
       [
        77.0799720538925,
        28.821625557742205
       ],
       [
        77.07996488060616,
        28.8212647482336
       ],
       [
        77.0803745839687,
        28.821258430442168
       ],
       [
        77.08038175866554,
        28.821619239857036
       ]
      ],
      [
       [
        77.10660258932813,
        28.821212310769063
       ],
       [
        77.1061928930282,
        28.82121870817438
       ],
       [
        77.1061856294749,
        28.820857904702677
       ],
       [
        77.10659532436448,
        28.820851507392273
       ],
       [
        77.10660258932813,
        28.821212310769063
       ]
      ],
      [
       [
        77.07832606584073,
        28.821290006973946
       ],
       [
        77.07791636182068,
        28.8212963185527
       ],
       [
        77.07790919571818,
        28.820935508554697
       ],
       [
        77.07831889832775,
        28.82092919706961
       ],
       [
        77.07832606584073,
        28.821290006973946
       ]
      ],
      [
       [
        77.10821956178009,
        28.8201042996696
       ],
       [
        77.10780987024421,
        28.820110701759738
       ],
       [
        77.10780260144941,
        28.8197498986049
       ],
       [
        77.10821229157501,
        28.819743496609764
       ],
       [
        77.10821956178009,
        28.8201042996696
       ]
      ],
      [
       [
        77.10452507564786,
        28.819801069840345
       ],
       [
        77.10411538432346,
        28.819807460654047
       ],
       [
        77.10410812835427,
        28.819446656624088
       ],
       [
        77.1045178182684,
        28.819440265905225
       ],
       [
        77.10452507564786,
        28.819801069840345
       ]
      ],
      [
       [
        77.11516241533266,
        28.818912869663137
       ],
       [
        77.11475273029752,
        28.81891929258782
       ],
       [
        77.11474543792957,
        28.818558490987474
       ],
       [
        77.11515512155452,
        28.818552068158084
       ],
       [
        77.11516241533266,
        28.818912869663137
       ]
      ],
      [
       [
        77.10490573247898,
        28.8183514622973
       ],
       [
        77.10408636124508,
        28.81836424440838
       ],
       [
        77.10407910580815,
        28.81800344029452
       ],
       [
        77.10489847422173,
        28.817990658373127
       ],
       [
        77.10490573247898,
        28.8183514622973
       ]
      ],
      [
       [
        77.10572510318042,
        28.81833867521697
       ],
       [
        77.10531541789628,
        28.818345069378296
       ],
       [
        77.10530815822885,
        28.81798426554899
       ],
       [
        77.10571784210285,
        28.817977871482547
       ],
       [
        77.10572510318042,
        28.81833867521697
       ]
      ],
      [
       [
        77.07410742962965,
        28.815219279720008
       ],
       [
        77.07410027845133,
        28.814858468524204
       ],
       [
        77.0745099582685,
        28.814852169811044
       ],
       [
        77.07451711085685,
        28.81521298091337
       ],
       [
        77.07410742962965,
        28.815219279720008
       ]
      ],
      [
       [
        77.07328091842356,
        28.81487106222387
       ],
       [
        77.07327377019644,
        28.814510250820245
       ],
       [
        77.07409312740415,
        28.814497657307474
       ],
       [
        77.07410027845133,
        28.814858468524204
       ],
       [
        77.07328091842356,
        28.81487106222387
       ]
      ],
      [
       [
        77.07367629935985,
        28.814143143353856
       ],
       [
        77.07326662210042,
        28.814149439395706
       ],
       [
        77.0732594741355,
        28.813788627950217
       ],
       [
        77.07366914998495,
        28.813782332001814
       ],
       [
        77.07367629935985,
        28.814143143353856
       ]
      ]
     ],
     [
      [
       [
        77.08792926371697,
        28.830164684547217
       ],
       [
        77.08833899984403,
        28.830158340795368
       ],
       [
        77.0883317951782,
        28.829797533668025
       ],
       [
        77.0879220604622,
        28.82980387732576
       ],
       [
        77.08792926371697,
        28.830164684547217
       ]
      ]
     ],
     [
      [
       [
        77.08917288707417,
        28.830867263378043
       ],
       [
        77.08916567932188,
        28.83050645648089
       ],
       [
        77.08875594204798,
        28.830512802812805
       ],
       [
        77.08874873583898,
        28.83015199580056
       ],
       [
        77.08833899984403,
        28.830158340795368
       ],
       [
        77.08834620464195,
        28.83051914790175
       ],
       [
        77.08793646710382,
        28.830525491747707
       ],
       [
        77.08792926371697,
        28.830164684547217
       ],
       [
        77.08751952745781,
        28.83017102705609
       ],
       [
        77.08753393154139,
        28.83089264162431
       ],
       [
        77.08794367062274,
        28.830886298927247
       ],
       [
        77.08795087427377,
        28.831247106085833
       ],
       [
        77.08836061463418,
        28.831240762051646
       ],
       [
        77.08835340957201,
        28.830879954987168
       ],
       [
        77.08917288707417,
        28.830867263378043
       ]
      ]
     ],
     [
      [
       [
        77.09127208587533,
        28.833361156998777
       ],
       [
        77.09128651774017,
        28.834082769494714
       ],
       [
        77.09169626833285,
        28.83407641476232
       ],
       [
        77.09168183364535,
        28.833354802454913
       ],
       [
        77.09127208587533,
        28.833361156998777
       ]
      ]
     ],
     [
      [
       [
        77.08517621910725,
        28.835981979233225
       ],
       [
        77.08518341472721,
        28.83634278675677
       ],
       [
        77.08559317577064,
        28.836336450107915
       ],
       [
        77.08558597873916,
        28.835975642678356
       ],
       [
        77.08517621910725,
        28.835981979233225
       ]
      ]
     ],
     [
      [
       [
        77.09132259971793,
        28.835886800367717
       ],
       [
        77.09132981651045,
        28.836247606479425
       ],
       [
        77.09173957557167,
        28.836241251181427
       ],
       [
        77.09173235736765,
        28.835880445163983
       ],
       [
        77.09132259971793,
        28.835886800367717
       ]
      ]
     ],
     [
      [
       [
        77.08314179622556,
        28.836735259324016
       ],
       [
        77.08313460753142,
        28.836374451351727
       ],
       [
        77.08149555940201,
        28.836399760648376
       ],
       [
        77.08148837648581,
        28.83603895227972
       ],
       [
        77.08107861553566,
        28.836045276401823
       ],
       [
        77.08109297867666,
        28.836766893305807
       ],
       [
        77.08314179622556,
        28.836735259324016
       ]
      ]
     ],
     [
      [
       [
        77.08560757022948,
        28.83705806490417
       ],
       [
        77.08560037293408,
        28.83669725751651
       ],
       [
        77.08519061047909,
        28.83670359425936
       ],
       [
        77.08518341472721,
        28.83634278675677
       ],
       [
        77.08477365355182,
        28.83634912216235
       ],
       [
        77.0847664593434,
        28.835988314544824
       ],
       [
        77.08517621910725,
        28.835981979233225
       ],
       [
        77.08516902361924,
        28.83562117168873
       ],
       [
        77.0843495067826,
        28.835633840880718
       ],
       [
        77.08437108517333,
        28.836716264015152
       ],
       [
        77.08314179622556,
        28.836735259324016
       ],
       [
        77.08314898505151,
        28.837096067275358
       ],
       [
        77.08355874957753,
        28.837089736655148
       ],
       [
        77.08356593994691,
        28.83745054449163
       ],
       [
        77.08315617400928,
        28.83745687520575
       ],
       [
        77.08316336309886,
        28.837817683115183
       ],
       [
        77.08357313044813,
        28.837811352307174
       ],
       [
        77.08358032108119,
        28.83817216010176
       ],
       [
        77.08480962657275,
        28.838153159935686
       ],
       [
        77.08480243170472,
        28.837792352422923
       ],
       [
        77.08521219852643,
        28.83778601664144
       ],
       [
        77.08520500237871,
        28.837425209201704
       ],
       [
        77.0843854714266,
        28.837437879333365
       ],
       [
        77.08437827823401,
        28.837077071684742
       ],
       [
        77.08560757022948,
        28.83705806490417
       ]
      ]
     ],
     [
      [
       [
        77.08069039512816,
        28.837134024886584
       ],
       [
        77.08110016044469,
        28.83712770172639
       ],
       [
        77.08109297867666,
        28.836766893305807
       ],
       [
        77.08068321477172,
        28.836773216372208
       ],
       [
        77.08069039512816,
        28.837134024886584
       ]
      ]
     ],
     [
      [
       [
        77.08727543746313,
        28.83847593295994
       ],
       [
        77.08768520631608,
        28.83846958953013
       ],
       [
        77.08767800143444,
        28.838108782696562
       ],
       [
        77.08726823399317,
        28.838115126032275
       ],
       [
        77.08727543746313,
        28.83847593295994
       ]
      ]
     ],
     [
      [
       [
        77.08317055232028,
        28.838178491003678
       ],
       [
        77.08319212077544,
        28.83926091454345
       ],
       [
        77.08360189377147,
        28.83925458335981
       ],
       [
        77.08358032108119,
        28.83817216010176
       ],
       [
        77.08317055232028,
        28.838178491003678
       ]
      ]
     ],
     [
      [
       [
        77.08780770951802,
        28.844603302494235
       ],
       [
        77.0878149167779,
        28.844964108950542
       ],
       [
        77.08822471091305,
        28.844957762583302
       ],
       [
        77.08821750224106,
        28.844596956221118
       ],
       [
        77.08780770951802,
        28.844603302494235
       ]
      ]
     ],
     [
      [
       [
        77.11025346307967,
        28.819350665392903
       ],
       [
        77.11026074020262,
        28.819711467998474
       ],
       [
        77.11067042952789,
        28.819705058549108
       ],
       [
        77.1106631509947,
        28.81934425603865
       ],
       [
        77.11025346307967,
        28.819350665392903
       ]
      ]
     ],
     [
      [
       [
        77.0951165918494,
        28.8206693563885
       ],
       [
        77.09512381718982,
        28.821030162437182
       ],
       [
        77.09553351566683,
        28.82102379867312
       ],
       [
        77.09550460945889,
        28.819580574730303
       ],
       [
        77.09509491662325,
        28.819586938116657
       ],
       [
        77.09510936664154,
        28.820308550318842
       ],
       [
        77.09469967085275,
        28.82031491265161
       ],
       [
        77.09470689465029,
        28.820675718815675
       ],
       [
        77.0951165918494,
        28.8206693563885
       ]
      ]
     ],
     [
      [
       [
        77.09471411858028,
        28.82103652495878
       ],
       [
        77.09472134264277,
        28.821397331080917
       ],
       [
        77.09513104266271,
        28.821390968464925
       ],
       [
        77.09512381718982,
        28.821030162437182
       ],
       [
        77.09471411858028,
        28.82103652495878
       ]
      ]
     ],
     [
      [
       [
        77.09472856683774,
        28.8217581371821
       ],
       [
        77.09472134264277,
        28.821397331080917
       ],
       [
        77.09431164249035,
        28.82140369245442
       ],
       [
        77.09431886527489,
        28.821764498649994
       ],
       [
        77.09472856683774,
        28.8217581371821
       ]
      ]
     ],
     [
      [
       [
        77.09922803556985,
        28.82132727396791
       ],
       [
        77.09923527527953,
        28.821688079029574
       ],
       [
        77.10046437479515,
        28.82166894616813
       ],
       [
        77.10045713085421,
        28.821308141390364
       ],
       [
        77.09922803556985,
        28.82132727396791
       ]
      ]
     ],
     [
      [
       [
        77.09391638508609,
        28.822131665144354
       ],
       [
        77.09390194220548,
        28.821410052585414
       ],
       [
        77.09349224178817,
        28.821416411473923
       ],
       [
        77.09349946175182,
        28.821777217858216
       ],
       [
        77.09308975979167,
        28.821783575598566
       ],
       [
        77.09309697847725,
        28.822144382056237
       ],
       [
        77.09391638508609,
        28.822131665144354
       ]
      ]
     ],
     [
      [
       [
        77.09394527243654,
        28.823574890010708
       ],
       [
        77.09393805040028,
        28.82321408382556
       ],
       [
        77.0947574649425,
        28.823201361377222
       ],
       [
        77.09475024021758,
        28.822840555359882
       ],
       [
        77.09515994587942,
        28.822834192366237
       ],
       [
        77.09515271987647,
        28.822473386422352
       ],
       [
        77.09597212798155,
        28.82246065689624
       ],
       [
        77.09596489929015,
        28.822099851120267
       ],
       [
        77.09514549400605,
        28.822112580457496
       ],
       [
        77.09513826826812,
        28.82175177447169
       ],
       [
        77.09472856683774,
        28.8217581371821
       ],
       [
        77.0947357911652,
        28.822118943262318
       ],
       [
        77.09391638508609,
        28.822131665144354
       ],
       [
        77.09392360672504,
        28.822492471392376
       ],
       [
        77.09351390207634,
        28.822498830563955
       ],
       [
        77.0935211224372,
        28.822859636885372
       ],
       [
        77.09311141624555,
        28.822865994908717
       ],
       [
        77.0931186353283,
        28.823226801303537
       ],
       [
        77.0935283429305,
        28.82322044318584
       ],
       [
        77.09353556355619,
        28.823581249465356
       ],
       [
        77.09394527243654,
        28.823574890010708
       ]
      ],
      [
       [
        77.09433331124133,
        28.822486110978257
       ],
       [
        77.09434053442324,
        28.822846917110954
       ],
       [
        77.09393082849644,
        28.822853277619444
       ],
       [
        77.09392360672504,
        28.822492471392376
       ],
       [
        77.09433331124133,
        28.822486110978257
       ]
      ]
     ],
     [
      [
       [
        77.0992569952052,
        28.822770494088736
       ],
       [
        77.09927147581952,
        28.823492104023348
       ],
       [
        77.09968118284333,
        28.823485727172287
       ],
       [
        77.09966669940795,
        28.8227641174269
       ],
       [
        77.0992569952052,
        28.822770494088736
       ]
      ]
     ],
     [
      [
       [
        77.09881833687616,
        28.821333649008803
       ],
       [
        77.09922803556985,
        28.82132727396791
       ],
       [
        77.09922079599293,
        28.82096646888529
       ],
       [
        77.0984014012936,
        28.820979217535417
       ],
       [
        77.09840863804973,
        28.82134002280721
       ],
       [
        77.09799893909059,
        28.82134639536313
       ],
       [
        77.09799170374485,
        28.820985589996784
       ],
       [
        77.09717230824933,
        28.820998331192115
       ],
       [
        77.09717954077425,
        28.821359136747528
       ],
       [
        77.09758923999875,
        28.821352766676565
       ],
       [
        77.09761094260074,
        28.82243518293345
       ],
       [
        77.09720123914488,
        28.82244155328796
       ],
       [
        77.0972157053885,
        28.823163164210108
       ],
       [
        77.09680599897898,
        28.823169533511084
       ],
       [
        77.09681323088921,
        28.823530339035216
       ],
       [
        77.09599381485118,
        28.823543074098385
       ],
       [
        77.09600104407286,
        28.823903879790496
       ],
       [
        77.09641075356876,
        28.823897512785738
       ],
       [
        77.09641798433363,
        28.824258318362435
       ],
       [
        77.09600827342712,
        28.82426468546165
       ],
       [
        77.09601550291394,
        28.824625491111853
       ],
       [
        77.09519607788192,
        28.824638221771263
       ],
       [
        77.09520330468,
        28.82499902758938
       ],
       [
        77.09561301867295,
        28.824992662786567
       ],
       [
        77.09562747548809,
        28.82571427417104
       ],
       [
        77.09521775867371,
        28.825720639162714
       ],
       [
        77.0952105316106,
        28.82535983338652
       ],
       [
        77.09480081607441,
        28.825366197041067
       ],
       [
        77.09482249342916,
        28.826448614590014
       ],
       [
        77.09564193283346,
        28.826435885471664
       ],
       [
        77.0956347040945,
        28.826075079831835
       ],
       [
        77.09604442218705,
        28.82606871350298
       ],
       [
        77.0960371921699,
        28.82570790793664
       ],
       [
        77.09685662513574,
        28.825695171739714
       ],
       [
        77.09686385797438,
        28.82605597711709
       ],
       [
        77.0972735756691,
        28.826049607060042
       ],
       [
        77.09726634141973,
        28.825688801777186
       ],
       [
        77.09767605757105,
        28.825682430571934
       ],
       [
        77.09766882204363,
        28.825321625362637
       ],
       [
        77.09807853665156,
        28.825315253009236
       ],
       [
        77.09808577358969,
        28.825676058123996
       ],
       [
        77.09849548947561,
        28.82566968443334
       ],
       [
        77.09851720531856,
        28.826752099368104
       ],
       [
        77.098926925304,
        28.826745724150985
       ],
       [
        77.09893416559463,
        28.82710652899272
       ],
       [
        77.09934388685812,
        28.827100152438238
       ],
       [
        77.09932940358807,
        28.826378542923017
       ],
       [
        77.09891968514617,
        28.82638491928829
       ],
       [
        77.09889796546925,
        28.82530250457437
       ],
       [
        77.09848825112677,
        28.825308879413143
       ],
       [
        77.09848101291067,
        28.82494807437199
       ],
       [
        77.09807129984614,
        28.824954447873527
       ],
       [
        77.09806406317342,
        28.824593642716827
       ],
       [
        77.0984737748273,
        28.824587269309863
       ],
       [
        77.09846653687667,
        28.824226464226772
       ],
       [
        77.09887624698719,
        28.824220089671734
       ],
       [
        77.09886900775868,
        28.82385928466226
       ],
       [
        77.09845929905876,
        28.823865659122706
       ],
       [
        77.09844482382115,
        28.823144048851688
       ],
       [
        77.09803511780962,
        28.82315042188041
       ],
       [
        77.09802788180042,
        28.822789616618874
       ],
       [
        77.09843758640142,
        28.822783243684725
       ],
       [
        77.09843034911441,
        28.822422438496794
       ],
       [
        77.09802064592392,
        28.822428811336398
       ],
       [
        77.09800617456901,
        28.821707200708516
       ],
       [
        77.09882557517543,
        28.821694454165055
       ],
       [
        77.09881833687616,
        28.821333649008803
       ]
      ],
      [
       [
        77.09804235395151,
        28.823511227120953
       ],
       [
        77.09763264639675,
        28.823517599001644
       ],
       [
        77.09762541166542,
        28.823156793666538
       ],
       [
        77.09803511780962,
        28.82315042188041
       ],
       [
        77.09804235395151,
        28.823511227120953
       ]
      ],
      [
       [
        77.09724463946758,
        28.82460638580281
       ],
       [
        77.09683492741566,
        28.82461275548181
       ],
       [
        77.09682769510754,
        28.824251950020567
       ],
       [
        77.09723740574884,
        28.824245580436077
       ],
       [
        77.09724463946758,
        28.82460638580281
       ]
      ]
     ],
     [
      [
       [
        77.09889072584248,
        28.824941699627793
       ],
       [
        77.09889796546925,
        28.82530250457437
       ],
       [
        77.09930767967897,
        28.8252961284929
       ],
       [
        77.0993004386415,
        28.824935323640933
       ],
       [
        77.09889072584248,
        28.824941699627793
       ]
      ]
     ],
     [
      [
       [
        77.10832863085683,
        28.82551634304945
       ],
       [
        77.10833590319541,
        28.825877145773582
       ],
       [
        77.10874561716581,
        28.82587074092072
       ],
       [
        77.10873834341655,
        28.825509938291603
       ],
       [
        77.10832863085683,
        28.82551634304945
       ]
      ]
     ],
     [
      [
       [
        77.11244761018541,
        28.826534644807307
       ],
       [
        77.1124548970316,
        28.82689544651738
       ],
       [
        77.11286461389912,
        28.82688902895207
       ],
       [
        77.11285732564218,
        28.826528227337217
       ],
       [
        77.11244761018541,
        28.826534644807307
       ]
      ]
     ],
     [
      [
       [
        77.10916988172295,
        28.82658593983033
       ],
       [
        77.10917715728313,
        28.826946742301423
       ],
       [
        77.10958687521892,
        28.826940334677996
       ],
       [
        77.10957959824798,
        28.826579532301956
       ],
       [
        77.10916988172295,
        28.82658593983033
       ]
      ]
     ],
     [
      [
       [
        77.11325246203099,
        28.825800205522192
       ],
       [
        77.11284274952926,
        28.825806624044525
       ],
       [
        77.11285732564218,
        28.826528227337217
       ],
       [
        77.11326704096533,
        28.826521808624424
       ],
       [
        77.11327433063299,
        28.826882610144043
       ],
       [
        77.11286461389912,
        28.82688902895207
       ],
       [
        77.11287190228971,
        28.827249830545956
       ],
       [
        77.11246218401142,
        28.827256248206464
       ],
       [
        77.11247675837195,
        28.827977851521652
       ],
       [
        77.11288647947185,
        28.827971433670715
       ],
       [
        77.11287919081396,
        28.827610632118827
       ],
       [
        77.11328891036938,
        28.827604213120335
       ],
       [
        77.11328162043435,
        28.8272434116427
       ],
       [
        77.1136913384453,
        28.82723699149669
       ],
       [
        77.11366946521005,
        28.82615458722355
       ],
       [
        77.11325975143131,
        28.8261610070838
       ],
       [
        77.11325246203099,
        28.825800205522192
       ]
      ]
     ],
     [
      [
       [
        77.10646173816046,
        28.834568421878636
       ],
       [
        77.1068714866618,
        28.83456202096063
       ],
       [
        77.10686421676728,
        28.834201218360175
       ],
       [
        77.10645446967725,
        28.83420761918323
       ],
       [
        77.10646173816046,
        28.834568421878636
       ]
      ]
     ],
     [
      [
       [
        77.11262982143218,
        28.835554681261545
       ],
       [
        77.11260795167202,
        28.834472277579824
       ],
       [
        77.11178845827288,
        28.834485112980268
       ],
       [
        77.11179574523665,
        28.834845914418903
       ],
       [
        77.11220549341435,
        28.834839497245042
       ],
       [
        77.11222007056543,
        28.835561099868958
       ],
       [
        77.11262982143218,
        28.835554681261545
       ]
      ]
     ],
     [
      [
       [
        77.10404680724183,
        28.83677162042843
       ],
       [
        77.10406132926934,
        28.837493226643126
       ],
       [
        77.1044710898615,
        28.83748683242524
       ],
       [
        77.10445656501095,
        28.836765226400217
       ],
       [
        77.10404680724183,
        28.83677162042843
       ]
      ]
     ],
     [
      [
       [
        77.09668561586876,
        28.83760810996051
       ],
       [
        77.09670008761161,
        28.838329719499377
       ],
       [
        77.09710985341951,
        28.838323347471984
       ],
       [
        77.09709537885347,
        28.837601738122142
       ],
       [
        77.09668561586876,
        28.83760810996051
       ]
      ]
     ],
     [
      [
       [
        77.11720282837422,
        28.83873119500559
       ],
       [
        77.11721013529247,
        28.83909199495329
       ],
       [
        77.1176198986683,
        28.839085560473595
       ],
       [
        77.11761259033844,
        28.838724760621325
       ],
       [
        77.11720282837422,
        28.83873119500559
       ]
      ]
     ],
     [
      [
       [
        77.11638330404388,
        28.838744060044142
       ],
       [
        77.11639060813893,
        28.83910486018267
       ],
       [
        77.11680037178267,
        28.839098428189644
       ],
       [
        77.11679306627602,
        28.83873762814652
       ],
       [
        77.11638330404388,
        28.838744060044142
       ]
      ]
     ],
     [
      [
       [
        77.1176198986683,
        28.839085560473595
       ],
       [
        77.11763451573002,
        28.839807160115107
       ],
       [
        77.11804428179511,
        28.839800724201172
       ],
       [
        77.11802966191013,
        28.839079124750562
       ],
       [
        77.1176198986683,
        28.839085560473595
       ]
      ]
     ],
     [
      [
       [
        77.1163979123679,
        28.839465660300185
       ],
       [
        77.11639060813893,
        28.83910486018267
       ],
       [
        77.11598084436125,
        28.839111290932344
       ],
       [
        77.1159735416778,
        28.838750490698438
       ],
       [
        77.11515401654401,
        28.838763348277062
       ],
       [
        77.11516131640424,
        28.839124148701664
       ],
       [
        77.11475155222494,
        28.839130575721306
       ],
       [
        77.11476614952365,
        28.83985217669819
       ],
       [
        77.11558568339497,
        28.83983932103421
       ],
       [
        77.11560028687576,
        28.840560921545737
       ],
       [
        77.11641982585837,
        28.840548060526743
       ],
       [
        77.11640521673078,
        28.8398264603967
       ],
       [
        77.11599545012983,
        28.839832891337146
       ],
       [
        77.11598814717858,
        28.839472091145243
       ],
       [
        77.1163979123679,
        28.839465660300185
       ]
      ]
     ],
     [
      [
       [
        77.11477344837373,
        28.840212977155122
       ],
       [
        77.11476614952365,
        28.83985217669819
       ],
       [
        77.11435638238723,
        28.839858602665107
       ],
       [
        77.11436367982562,
        28.840219403217347
       ],
       [
        77.11477344837373,
        28.840212977155122
       ]
      ]
     ],
     [
      [
       [
        77.11395391114371,
        28.840225828036164
       ],
       [
        77.11396120730417,
        28.840586628662702
       ],
       [
        77.11437097739781,
        28.840580203748594
       ],
       [
        77.11436367982562,
        28.840219403217347
       ],
       [
        77.11395391114371,
        28.840225828036164
       ]
      ]
     ],
     [
      [
       [
        77.09633373161354,
        28.840500918963688
       ],
       [
        77.09634096706827,
        28.840861723670336
       ],
       [
        77.09675074289093,
        28.840855352224814
       ],
       [
        77.0967435060244,
        28.840494547612664
       ],
       [
        77.09633373161354,
        28.840500918963688
       ]
      ]
     ],
     [
      [
       [
        77.10575850944734,
        28.840354063295305
       ],
       [
        77.10576577737304,
        28.840714865823813
       ],
       [
        77.10617555013728,
        28.840708465778462
       ],
       [
        77.10616828079982,
        28.84034766334488
       ],
       [
        77.10575850944734,
        28.840354063295305
       ]
      ]
     ],
     [
      [
       [
        77.1172247495309,
        28.83981359478569
       ],
       [
        77.11721013529247,
        28.83909199495329
       ],
       [
        77.11680037178267,
        28.839098428189644
       ],
       [
        77.11680767742327,
        28.83945922821177
       ],
       [
        77.1163979123679,
        28.839465660300185
       ],
       [
        77.11640521673078,
        28.8398264603967
       ],
       [
        77.11681498319783,
        28.83982002821288
       ],
       [
        77.1168295951488,
        28.84054162815211
       ],
       [
        77.11641982585837,
        28.840548060526743
       ],
       [
        77.11642713062307,
        28.84090886056024
       ],
       [
        77.11724667189341,
        28.84089599437676
       ],
       [
        77.11725397961555,
        28.841256794198426
       ],
       [
        77.11643443552168,
        28.84126966057274
       ],
       [
        77.11644174055424,
        28.841630460564243
       ],
       [
        77.11685151407994,
        28.841624027903404
       ],
       [
        77.11685882065825,
        28.841984827778504
       ],
       [
        77.11767837013134,
        28.841971958535567
       ],
       [
        77.11767106072942,
        28.84161115885133
       ],
       [
        77.11808083385314,
        28.841604722460094
       ],
       [
        77.11806621262782,
        28.840883123219548
       ],
       [
        77.11765644232761,
        28.840889559419868
       ],
       [
        77.11763451573002,
        28.839807160115107
       ],
       [
        77.1172247495309,
        28.83981359478569
       ]
      ]
     ],
     [
      [
       [
        77.11519051718362,
        28.84056735019011
       ],
       [
        77.11519781771311,
        28.84092815050972
       ],
       [
        77.11560758881697,
        28.840921721769995
       ],
       [
        77.11560028687576,
        28.840560921545737
       ],
       [
        77.11519051718362,
        28.84056735019011
       ]
      ]
     ],
     [
      [
       [
        77.09881410826286,
        28.841545084560735
       ],
       [
        77.09882135258684,
        28.841905888637182
       ],
       [
        77.0992311318485,
        28.841899509446925
       ],
       [
        77.09922388611265,
        28.841538705465087
       ],
       [
        77.09881410826286,
        28.841545084560735
       ]
      ]
     ],
     [
      [
       [
        77.10333617714153,
        28.84219645216404
       ],
       [
        77.10374595635227,
        28.84219005920019
       ],
       [
        77.10373869495288,
        28.841829256281276
       ],
       [
        77.103328917154,
        28.841835649150305
       ],
       [
        77.10333617714153,
        28.84219645216404
       ]
      ]
     ],
     [
      [
       [
        77.10375321788482,
        28.842550862098108
       ],
       [
        77.10416299837432,
        28.84254446779589
       ],
       [
        77.10415573542988,
        28.842183664992803
       ],
       [
        77.10374595635227,
        28.84219005920019
       ],
       [
        77.10375321788482,
        28.842550862098108
       ]
      ]
     ],
     [
      [
       [
        77.09722566905836,
        28.84409621925061
       ],
       [
        77.09763545732297,
        28.844089844467266
       ],
       [
        77.09762821643808,
        28.843729040232947
       ],
       [
        77.09721842958551,
        28.843735414921753
       ],
       [
        77.09722566905836,
        28.84409621925061
       ]
      ]
     ]
    ]
   }
  },
  {
   "type": "Feature",
   "properties": {
    "hotspot_id": "H003",
    "area_km2_from_pixels": 2.2544,
    "area_km2_from_polygon": 2.2544,
    "los_velocity_median_mm_per_yr": -12.867,
    "n_polygon_parts": 38
   },
   "geometry": {
    "type": "MultiPolygon",
    "coordinates": [
     [
      [
       [
        77.06913738120419,
        28.79183564661949
       ],
       [
        77.06913025403904,
        28.79147483303738
       ],
       [
        77.06749189409324,
        28.791499936575676
       ],
       [
        77.06749901562482,
        28.791860750530542
       ],
       [
        77.06913738120419,
        28.79183564661949
       ]
      ]
     ],
     [
      [
       [
        77.06750613728704,
        28.7922215644645
       ],
       [
        77.06749901562482,
        28.791860750530542
       ],
       [
        77.0670894239033,
        28.791867023405644
       ],
       [
        77.06708230378011,
        28.791506209357642
       ],
       [
        77.06667271333637,
        28.791512480898565
       ],
       [
        77.06668695089654,
        28.79223410915992
       ],
       [
        77.06750613728704,
        28.7922215644645
       ]
      ]
     ],
     [
      [
       [
        77.0720187903737,
        28.79251329278994
       ],
       [
        77.07201165308804,
        28.792152479902676
       ],
       [
        77.07119246957431,
        28.79216505190175
       ],
       [
        77.07119960404313,
        28.79252586497568
       ],
       [
        77.0720187903737,
        28.79251329278994
       ]
      ]
     ],
     [
      [
       [
        77.0720402030163,
        28.793595731326292
       ],
       [
        77.07203306533783,
        28.79323491850175
       ],
       [
        77.07162346942107,
        28.793241205401856
       ],
       [
        77.07163060569103,
        28.79360201831975
       ],
       [
        77.0720402030163,
        28.793595731326292
       ]
      ]
     ],
     [
      [
       [
        77.06998508444516,
        28.793266340591043
       ],
       [
        77.0695754878741,
        28.793272621285528
       ],
       [
        77.06958261710152,
        28.793633434669882
       ],
       [
        77.06876342075006,
        28.79364599252191
       ],
       [
        77.06874916806001,
        28.7929243653594
       ],
       [
        77.06915876348411,
        28.7929180872404
       ],
       [
        77.06915163592673,
        28.79255727372099
       ],
       [
        77.06956122981161,
        28.792550994454114
       ],
       [
        77.06956835877747,
        28.792911807880284
       ],
       [
        77.07079714387274,
        28.79289296235328
       ],
       [
        77.07080427719484,
        28.7932537754787
       ],
       [
        77.07162346942107,
        28.793241205401856
       ],
       [
        77.07161633328201,
        28.79288039246307
       ],
       [
        77.07120673864281,
        28.792886678028722
       ],
       [
        77.07119960404313,
        28.79252586497568
       ],
       [
        77.06997082356571,
        28.792544713946143
       ],
       [
        77.06996369332221,
        28.792183900592335
       ],
       [
        77.06955410097653,
        28.792190181007058
       ],
       [
        77.06954697227224,
        28.79182936753908
       ],
       [
        77.06913738120419,
        28.79183564661949
       ],
       [
        77.06914450850009,
        28.7921964601807
       ],
       [
        77.06791573028633,
        28.792215290255175
       ],
       [
        77.06792997681964,
        28.79293691787405
       ],
       [
        77.06752038100343,
        28.792943192269707
       ],
       [
        77.0675132590799,
        28.792582378377553
       ],
       [
        77.06710366454153,
        28.792588651438948
       ],
       [
        77.06712502647855,
        28.793671093332126
       ],
       [
        77.0683538223782,
        28.793652269586186
       ],
       [
        77.06836094751078,
        28.79401308322928
       ],
       [
        77.06999934584783,
        28.79398796715233
       ],
       [
        77.07000647674538,
        28.794348780401595
       ],
       [
        77.06877767396301,
        28.794367619600777
       ],
       [
        77.0687848007656,
        28.794728433108855
       ],
       [
        77.06837519816806,
        28.79473471045275
       ],
       [
        77.06836807277405,
        28.79437389685147
       ],
       [
        77.06754887000405,
        28.79438644762927
       ],
       [
        77.06757023812638,
        28.795468888929452
       ],
       [
        77.06797984380262,
        28.79546261388165
       ],
       [
        77.06800834209658,
        28.7969058682832
       ],
       [
        77.06718911934374,
        28.79691841788283
       ],
       [
        77.0671962414264,
        28.797279231617267
       ],
       [
        77.06760585427695,
        28.797272957344966
       ],
       [
        77.06761297789907,
        28.797633770965355
       ],
       [
        77.06843220602572,
        28.79762121851037
       ],
       [
        77.06842507958599,
        28.797260405076344
       ],
       [
        77.06924430437213,
        28.797247847842364
       ],
       [
        77.06923717524559,
        28.79688703457386
       ],
       [
        77.06882756432665,
        28.796893313718293
       ],
       [
        77.0688061819578,
        28.79581087350766
       ],
       [
        77.06839657513429,
        28.795817151131157
       ],
       [
        77.06838944934816,
        28.795456337592597
       ],
       [
        77.06920866004707,
        28.795443781290764
       ],
       [
        77.0692300462498,
        28.796526221284452
       ],
       [
        77.0696396556292,
        28.796519940991946
       ],
       [
        77.06961826520038,
        28.79543750127798
       ],
       [
        77.07002787022292,
        28.79543122002396
       ],
       [
        77.07002073893293,
        28.79507040683742
       ],
       [
        77.07043034241599,
        28.79506412443543
       ],
       [
        77.07043747511462,
        28.795424937528708
       ],
       [
        77.07084707987548,
        28.795418653792208
       ],
       [
        77.07081854423159,
        28.793975401666845
       ],
       [
        77.07040894510513,
        28.79398168503017
       ],
       [
        77.07040181292984,
        28.793620871853264
       ],
       [
        77.06999221508109,
        28.793627153882138
       ],
       [
        77.06998508444516,
        28.793266340591043
       ]
      ]
     ],
     [
      [
       [
        77.07206875503955,
        28.795038982415328
       ],
       [
        77.07247835786815,
        28.79503269380727
       ],
       [
        77.07247121825732,
        28.794671881159744
       ],
       [
        77.0716520152864,
        28.794684456947937
       ],
       [
        77.07165915208002,
        28.795045269782175
       ],
       [
        77.07124954898956,
        28.79505155590782
       ],
       [
        77.07125668450546,
        28.79541236881447
       ],
       [
        77.07084707987548,
        28.795418653792208
       ],
       [
        77.07085421411361,
        28.795779466771275
       ],
       [
        77.07167342606002,
        28.795766895387924
       ],
       [
        77.07166628900457,
        28.795406082595512
       ],
       [
        77.07207589337274,
        28.795399795135307
       ],
       [
        77.07206875503955,
        28.795038982415328
       ]
      ]
     ],
     [
      [
       [
        77.07657437894642,
        28.79496973946023
       ],
       [
        77.07658868673367,
        28.795691362823135
       ],
       [
        77.07740789500987,
        28.795678756684993
       ],
       [
        77.07740073823337,
        28.795317945201163
       ],
       [
        77.07699113556953,
        28.79532424879726
       ],
       [
        77.07698398033291,
        28.794963437198923
       ],
       [
        77.07657437894642,
        28.79496973946023
       ]
      ]
     ],
     [
      [
       [
        77.07453351683098,
        28.7953620443083
       ],
       [
        77.07412391324887,
        28.795368339215866
       ],
       [
        77.07411676787257,
        28.795007526962912
       ],
       [
        77.07329756313241,
        28.795020112867505
       ],
       [
        77.07330470569147,
        28.795380925307327
       ],
       [
        77.0737143095357,
        28.795374632882208
       ],
       [
        77.07372145363443,
        28.79573544520769
       ],
       [
        77.07331184838155,
        28.795741737726228
       ],
       [
        77.07333327723799,
        28.79682417485746
       ],
       [
        77.07374288671697,
        28.79681788205863
       ],
       [
        77.07373574222507,
        28.796457069795906
       ],
       [
        77.0749645656494,
        28.79643818423204
       ],
       [
        77.07495026860666,
        28.795716560204596
       ],
       [
        77.074540663747,
        28.795722856446872
       ],
       [
        77.07453351683098,
        28.7953620443083
       ]
      ]
     ],
     [
      [
       [
        77.07086848298252,
        28.796501092666674
       ],
       [
        77.07209730915795,
        28.796482233169776
       ],
       [
        77.07208303183687,
        28.795760607834374
       ],
       [
        77.07167342606002,
        28.795766895387924
       ],
       [
        77.07168056324642,
        28.796127708159435
       ],
       [
        77.07086134848264,
        28.79614027972942
       ],
       [
        77.07086848298252,
        28.796501092666674
       ]
      ]
     ],
     [
      [
       [
        77.07170197559114,
        28.79721014634848
       ],
       [
        77.07169483801196,
        28.796849333639706
       ],
       [
        77.07128522787808,
        28.796855620232012
       ],
       [
        77.07129236404849,
        28.797216433034116
       ],
       [
        77.07170197559114,
        28.79721014634848
       ]
      ]
     ],
     [
      [
       [
        77.07132804686414,
        28.79902049673096
       ],
       [
        77.07131377334514,
        28.798298871314955
       ],
       [
        77.07090415744513,
        28.798305157039223
       ],
       [
        77.07091842814636,
        28.799026782641864
       ],
       [
        77.07132804686414,
        28.79902049673096
       ]
      ]
     ],
     [
      [
       [
        77.07556011912446,
        28.80581298887265
       ],
       [
        77.07555296571805,
        28.805452177506808
       ],
       [
        77.0751433229464,
        28.805458477515007
       ],
       [
        77.07515047494346,
        28.805819288974362
       ],
       [
        77.07556011912446,
        28.80581298887265
       ]
      ]
     ],
     [
      [
       [
        77.07433118618792,
        28.805831885452537
       ],
       [
        77.07392154161344,
        28.805838181828975
       ],
       [
        77.0739286895135,
        28.80619899354785
       ],
       [
        77.07433833549736,
        28.80619269707794
       ],
       [
        77.07433118618792,
        28.805831885452537
       ]
      ]
     ],
     [
      [
       [
        77.0731022520712,
        28.805850770856583
       ],
       [
        77.07269260710349,
        28.805857063507744
       ],
       [
        77.07270689457819,
        28.806578687485114
       ],
       [
        77.07311654236474,
        28.80657239464714
       ],
       [
        77.0731022520712,
        28.805850770856583
       ]
      ]
     ],
     [
      [
       [
        77.0751647793311,
        28.806540911830307
       ],
       [
        77.07515762707169,
        28.8061801004128
       ],
       [
        77.07433833549736,
        28.80619269707794
       ],
       [
        77.07434548493794,
        28.806553508682423
       ],
       [
        77.0751647793311,
        28.806540911830307
       ]
      ]
     ],
     [
      [
       [
        77.08216464353602,
        28.808237686851047
       ],
       [
        77.08215028991283,
        28.807516067389017
       ],
       [
        77.08133099153,
        28.80752870702453
       ],
       [
        77.08134533951515,
        28.808250326861778
       ],
       [
        77.08216464353602,
        28.808237686851047
       ]
      ]
     ],
     [
      [
       [
        77.08134533951515,
        28.808250326861778
       ],
       [
        77.08052603496797,
        28.80826296190506
       ],
       [
        77.08053320633884,
        28.808623771979825
       ],
       [
        77.08135251370511,
        28.808611136748997
       ],
       [
        77.08134533951515,
        28.808250326861778
       ]
      ]
     ],
     [
      [
       [
        77.08176216719089,
        28.808604817270762
       ],
       [
        77.08135251370511,
        28.808611136748997
       ],
       [
        77.08135968802667,
        28.808971946615294
       ],
       [
        77.08176934292202,
        28.808965627043264
       ],
       [
        77.08176216719089,
        28.808604817270762
       ]
      ]
     ],
     [
      [
       [
        77.07688211207638,
        28.810484623320114
       ],
       [
        77.07647244996505,
        28.810490928363574
       ],
       [
        77.07647960802802,
        28.81085173924938
       ],
       [
        77.07688927154906,
        28.810845434112334
       ],
       [
        77.07688211207638,
        28.810484623320114
       ]
      ]
     ],
     [
      [
       [
        77.08651979391236,
        28.800591091167334
       ],
       [
        77.08649822547179,
        28.799508663723277
       ],
       [
        77.08526937505292,
        28.799527656090344
       ],
       [
        77.08529093081314,
        28.800610084380278
       ],
       [
        77.08651979391236,
        28.800591091167334
       ]
      ]
     ],
     [
      [
       [
        77.08572930047303,
        28.802046991601685
       ],
       [
        77.08572211315153,
        28.80168618237036
       ],
       [
        77.08613173841164,
        28.801679851017422
       ],
       [
        77.08612454981295,
        28.80131904185915
       ],
       [
        77.08571492596188,
        28.801325373118097
       ],
       [
        77.08570773890406,
        28.800964563844897
       ],
       [
        77.08529811633016,
        28.800970893768387
       ],
       [
        77.08529093081314,
        28.800610084380278
       ],
       [
        77.08488130951643,
        28.80061641296833
       ],
       [
        77.08489567786427,
        28.801338031911516
       ],
       [
        77.08530530197898,
        28.801331703135553
       ],
       [
        77.08531967367203,
        28.802053321807087
       ],
       [
        77.08572930047303,
        28.802046991601685
       ]
      ]
     ],
     [
      [
       [
        77.0861461160046,
        28.802401469271167
       ],
       [
        77.08573648792635,
        28.802407800812084
       ],
       [
        77.08574367551152,
        28.802768610001532
       ],
       [
        77.08615330499887,
        28.802762278366632
       ],
       [
        77.0861461160046,
        28.802401469271167
       ]
      ]
     ],
     [
      [
       [
        77.09748797697556,
        28.816301488316462
       ],
       [
        77.09830733554011,
        28.816288747094312
       ],
       [
        77.0983001006418,
        28.815927941529026
       ],
       [
        77.09789042283587,
        28.81593431266666
       ],
       [
        77.09787595625728,
        28.815212701284096
       ],
       [
        77.09746628113871,
        28.815219070990473
       ],
       [
        77.09745904945837,
        28.814858265173207
       ],
       [
        77.09704937561712,
        28.81486463354289
       ],
       [
        77.09704214547934,
        28.814503827610164
       ],
       [
        77.09745181791064,
        28.814497459334987
       ],
       [
        77.09743012406321,
        28.813415041694586
       ],
       [
        77.09702045586155,
        28.813421409686242
       ],
       [
        77.09701322625416,
        28.81306060366967
       ],
       [
        77.09619389227277,
        28.813073335737776
       ],
       [
        77.09617943909494,
        28.812351723263856
       ],
       [
        77.09658910333233,
        28.812345358039774
       ],
       [
        77.09657464786515,
        28.811623745670964
       ],
       [
        77.09616498644725,
        28.811630110706112
       ],
       [
        77.09617221270483,
        28.811990916995455
       ],
       [
        77.09576254974466,
        28.811997280883062
       ],
       [
        77.09575532489683,
        28.81163647449927
       ],
       [
        77.0945263394506,
        28.811655558426747
       ],
       [
        77.0945191189644,
        28.81129475173876
       ],
       [
        77.09369979749083,
        28.811307467958347
       ],
       [
        77.09369257995644,
        28.81094666106068
       ],
       [
        77.09328292043077,
        28.81095301721316
       ],
       [
        77.09329013655545,
        28.811313824205175
       ],
       [
        77.09288047548773,
        28.81132017921001
       ],
       [
        77.09288769033506,
        28.811680986275388
       ],
       [
        77.0941166773703,
        28.811661917251907
       ],
       [
        77.09412389657918,
        28.81202272401332
       ],
       [
        77.09453356006922,
        28.812016365093783
       ],
       [
        77.09454078082027,
        28.81237717173986
       ],
       [
        77.09413111592046,
        28.812383530753774
       ],
       [
        77.09413833539415,
        28.812744337473283
       ],
       [
        77.09372866895214,
        28.81275069533951
       ],
       [
        77.09373588714841,
        28.81311150213241
       ],
       [
        77.0933262191642,
        28.813117858850923
       ],
       [
        77.09331900237773,
        28.812757051963686
       ],
       [
        77.09290933567097,
        28.81276340734579
       ],
       [
        77.09292376655657,
        28.81348502128797
       ],
       [
        77.09251409689779,
        28.81349137561664
       ],
       [
        77.09250688279867,
        28.813130568561725
       ],
       [
        77.09127787725816,
        28.813149623812297
       ],
       [
        77.09127066752085,
        28.81278881645363
       ],
       [
        77.09086100015267,
        28.812795165625424
       ],
       [
        77.0908537919574,
        28.812434358151584
       ],
       [
        77.09126345791576,
        28.81242800907402
       ],
       [
        77.09124903910228,
        28.81170639425193
       ],
       [
        77.09165870210887,
        28.81170004412081
       ],
       [
        77.09166591285927,
        28.81206085144808
       ],
       [
        77.09207557714336,
        28.812054499980675
       ],
       [
        77.09204672929644,
        28.81061127092295
       ],
       [
        77.09245638780942,
        28.810604918590652
       ],
       [
        77.0924491747687,
        28.81024411136812
       ],
       [
        77.09285883173975,
        28.810237757888164
       ],
       [
        77.09285161742172,
        28.809876950738975
       ],
       [
        77.09244196186032,
        28.80988330412463
       ],
       [
        77.09243474908419,
        28.809522496860204
       ],
       [
        77.0920250948001,
        28.80952884890966
       ],
       [
        77.09203230616662,
        28.80988965626837
       ],
       [
        77.09162265034065,
        28.809896007170188
       ],
       [
        77.09161544038373,
        28.809535199717228
       ],
       [
        77.09120578583513,
        28.809541549282887
       ],
       [
        77.09119857742004,
        28.809180741714727
       ],
       [
        77.09365649427012,
        28.809142626258005
       ],
       [
        77.09364206092216,
        28.808421012190276
       ],
       [
        77.09323241126364,
        28.808427367682416
       ],
       [
        77.09322519619768,
        28.808066560522803
       ],
       [
        77.09363484444673,
        28.808060205124985
       ],
       [
        77.09361319581457,
        28.806977783803386
       ],
       [
        77.09279390764077,
        28.80699049279127
       ],
       [
        77.09278669451352,
        28.806629685453533
       ],
       [
        77.09237705163756,
        28.806636037990526
       ],
       [
        77.09238426335541,
        28.806996845422567
       ],
       [
        77.09156497438788,
        28.80700954695985
       ],
       [
        77.09157939258269,
        28.807731162138133
       ],
       [
        77.09076009744851,
        28.807743859085246
       ],
       [
        77.09075289110389,
        28.807383051318133
       ],
       [
        77.09034324474798,
        28.80738939783477
       ],
       [
        77.09033603994494,
        28.807028589952495
       ],
       [
        77.08992639486632,
        28.80703493513316
       ],
       [
        77.08994800544349,
        28.808117358999688
       ],
       [
        77.08912870643316,
        28.808130046200617
       ],
       [
        77.08913590740411,
        28.808490854302537
       ],
       [
        77.08872625629131,
        28.80849719613439
       ],
       [
        77.08871905672986,
        28.808136387938333
       ],
       [
        77.08789975692716,
        28.80814906768825
       ],
       [
        77.0878853638383,
        28.807427450856906
       ],
       [
        77.08706606914551,
        28.807440125263213
       ],
       [
        77.08705168222231,
        28.806718507971848
       ],
       [
        77.08746132681584,
        28.806712171577697
       ],
       [
        77.08742535477008,
        28.804908128453082
       ],
       [
        77.08701571722322,
        28.804914464376967
       ],
       [
        77.08700852461922,
        28.80455365559517
       ],
       [
        77.0874181607568,
        28.804547319765334
       ],
       [
        77.08740377312608,
        28.803825702327018
       ],
       [
        77.08699413980695,
        28.80383203796877
       ],
       [
        77.0869869475987,
        28.803471229124156
       ],
       [
        77.08739657950866,
        28.803464893576454
       ],
       [
        77.08738938602318,
        28.803104084804946
       ],
       [
        77.08697975552236,
        28.803110420258594
       ],
       [
        77.08696537176549,
        28.802388802464684
       ],
       [
        77.08655574395098,
        28.802395136488695
       ],
       [
        77.08656293435436,
        28.802755945490162
       ],
       [
        77.08615330499887,
        28.802762278366632
       ],
       [
        77.08616049412501,
        28.80312308744116
       ],
       [
        77.0853412322002,
        28.80313574965737
       ],
       [
        77.08532685971628,
        28.80241413111145
       ],
       [
        77.08409797429526,
        28.80243311456022
       ],
       [
        77.08410515624398,
        28.802793924125453
       ],
       [
        77.08369552609767,
        28.8028002495525
       ],
       [
        77.0836811651502,
        28.802078630213305
       ],
       [
        77.08409079247828,
        28.802072304974065
       ],
       [
        77.08408361079304,
        28.80171149536696
       ],
       [
        77.08367398487404,
        28.801717820512312
       ],
       [
        77.08365244483572,
        28.800635391283727
       ],
       [
        77.0840620665277,
        28.80062906642006
       ],
       [
        77.08405488536937,
        28.800268256729233
       ],
       [
        77.08364526508636,
        28.80027458149901
       ],
       [
        77.08363090598272,
        28.79955296186675
       ],
       [
        77.0844501407813,
        28.79954031146136
       ],
       [
        77.08447168808794,
        28.800622740314928
       ],
       [
        77.08488130951643,
        28.80061641296833
       ],
       [
        77.08485975798298,
        28.79953398439656
       ],
       [
        77.08526937505292,
        28.799527656090344
       ],
       [
        77.08526219006309,
        28.799166846618505
       ],
       [
        77.08485257440206,
        28.799173174830766
       ],
       [
        77.08484539095289,
        28.79881236524404
       ],
       [
        77.08525500520507,
        28.798806037125726
       ],
       [
        77.08524782047884,
        28.798445227612007
       ],
       [
        77.0856574331904,
        28.798438898346287
       ],
       [
        77.08564306131574,
        28.797717279443983
       ],
       [
        77.08523345142176,
        28.797723608521775
       ],
       [
        77.0852262670909,
        28.797362798945265
       ],
       [
        77.08481665847387,
        28.797369126687798
       ],
       [
        77.08480947568353,
        28.797008316996404
       ],
       [
        77.08399026087169,
        28.797020968569758
       ],
       [
        77.08398308103051,
        28.79666015866961
       ],
       [
        77.08316386850927,
        28.796672805090083
       ],
       [
        77.08315669161715,
        28.796311994981238
       ],
       [
        77.08356629653493,
        28.796305672485513
       ],
       [
        77.0835591183658,
        28.795944862449602
       ],
       [
        77.08396872174325,
        28.795938538806507
       ],
       [
        77.08397590132103,
        28.796299348748526
       ],
       [
        77.08479511049809,
        28.79628669755083
       ],
       [
        77.08478792810301,
        28.79592588779664
       ],
       [
        77.084378324989,
        28.795932213922185
       ],
       [
        77.08437114413428,
        28.79557140405314
       ],
       [
        77.08273273599572,
        28.795596695767557
       ],
       [
        77.08271121112487,
        28.794514264908337
       ],
       [
        77.08312080913126,
        28.79450794412309
       ],
       [
        77.08309210551211,
        28.793064703059844
       ],
       [
        77.08063454930392,
        28.79310260690276
       ],
       [
        77.0806273821788,
        28.792741796021847
       ],
       [
        77.08021779042555,
        28.792748108891466
       ],
       [
        77.08021062484033,
        28.79238729789588
       ],
       [
        77.07816267114492,
        28.79241884315942
       ],
       [
        77.07815551273309,
        28.792058031674543
       ],
       [
        77.07774592300837,
        28.792064336910453
       ],
       [
        77.07776023714649,
        28.792785960046537
       ],
       [
        77.07694105166952,
        28.79279856716958
       ],
       [
        77.07691958910962,
        28.7917161318725
       ],
       [
        77.07610041155809,
        28.79172873346987
       ],
       [
        77.07611471416654,
        28.792450357396394
       ],
       [
        77.07652430582469,
        28.792444057031133
       ],
       [
        77.07653145873414,
        28.792804868869478
       ],
       [
        77.07530267914082,
        28.79282376652264
       ],
       [
        77.07530982795609,
        28.793184578620647
       ],
       [
        77.07449063808787,
        28.79319717103761
       ],
       [
        77.07448349208951,
        28.792836358752634
       ],
       [
        77.07325471052945,
        28.792855237789414
       ],
       [
        77.07326185230241,
        28.793216050354705
       ],
       [
        77.07285225677853,
        28.793222340978172
       ],
       [
        77.07286653790045,
        28.793943966232845
       ],
       [
        77.07245693942856,
        28.79395025580196
       ],
       [
        77.07246407877746,
        28.794311068491307
       ],
       [
        77.0728736786579,
        28.794304778828803
       ],
       [
        77.07288796056578,
        28.795026403957987
       ],
       [
        77.07329756313241,
        28.795020112867505
       ],
       [
        77.07329042070437,
        28.794659300406778
       ],
       [
        77.07451922339222,
        28.794640419968395
       ],
       [
        77.07451207686948,
        28.794279607767074
       ],
       [
        77.0749216760947,
        28.794273311898724
       ],
       [
        77.074928824026,
        28.79463412400657
       ],
       [
        77.07574802490018,
        28.794621528359347
       ],
       [
        77.07575517577978,
        28.794982340259267
       ],
       [
        77.07534557399968,
        28.79498863879698
       ],
       [
        77.07537417319527,
        28.79643188656154
       ],
       [
        77.07578378061,
        28.796425587649747
       ],
       [
        77.07579093214551,
        28.79678639944507
       ],
       [
        77.07620054083775,
        28.79678009919848
       ],
       [
        77.07621484711986,
        28.797501722539298
       ],
       [
        77.0758052356101,
        28.797508022972963
       ],
       [
        77.07581953959945,
        28.798229646417184
       ],
       [
        77.07622915392683,
        28.798223345796444
       ],
       [
        77.07624346125867,
        28.798944968969902
       ],
       [
        77.07706269515516,
        28.79893236363004
       ],
       [
        77.07705553860588,
        28.798571552240904
       ],
       [
        77.07828438423937,
        28.79855263520147
       ],
       [
        77.07827006308169,
        28.797831012922124
       ],
       [
        77.07786045081949,
        28.797837319656043
       ],
       [
        77.07783897429435,
        28.79675488579921
       ],
       [
        77.07906779800808,
        28.796735962716255
       ],
       [
        77.07907496094467,
        28.797096773741853
       ],
       [
        77.07989417891433,
        28.79708415195942
       ],
       [
        77.07990134479982,
        28.797444962776698
       ],
       [
        77.07949173447194,
        28.79745127438226
       ],
       [
        77.0795132286907,
        28.79853370698966
       ],
       [
        77.07992284324497,
        28.79852739510298
       ],
       [
        77.07993717619904,
        28.7992490165492
       ],
       [
        77.07911794132356,
        28.799261639455985
       ],
       [
        77.07912510517997,
        28.799622450335097
       ],
       [
        77.07871548613619,
        28.799628760020056
       ],
       [
        77.07872264871507,
        28.79998957097192
       ],
       [
        77.07913226916777,
        28.799983261193294
       ],
       [
        77.079139433287,
        28.80034407203057
       ],
       [
        77.07872981142532,
        28.800350381902863
       ],
       [
        77.07873697426696,
        28.800711192812866
       ],
       [
        77.07832735086492,
        28.800717501537356
       ],
       [
        77.07833451242895,
        28.801078312520104
       ],
       [
        77.07710563720768,
        28.801097231525485
       ],
       [
        77.07709847987071,
        28.800736420261874
       ],
       [
        77.07668885594337,
        28.800742724020395
       ],
       [
        77.07668170014671,
        28.800381912642305
       ],
       [
        77.0762720774971,
        28.800388215065777
       ],
       [
        77.07627923188478,
        28.800749026537435
       ],
       [
        77.07586960769495,
        28.800755327812983
       ],
       [
        77.07586245471626,
        28.800394516247778
       ],
       [
        77.07545283180423,
        28.8004008161883
       ],
       [
        77.07545998337389,
        28.800761627847038
       ],
       [
        77.07382148477815,
        28.80078681556825
       ],
       [
        77.07382863084288,
        28.801147627579986
       ],
       [
        77.07341900445714,
        28.801153921499978
       ],
       [
        77.07340471527681,
        28.800432297268724
       ],
       [
        77.07381433884451,
        28.800426003535595
       ],
       [
        77.07380719304193,
        28.800065191482023
       ],
       [
        77.07339757088323,
        28.800071485121713
       ],
       [
        77.07339042662069,
        28.799710672953783
       ],
       [
        77.0729808057399,
        28.799716965258593
       ],
       [
        77.07295223563581,
        28.798273716004104
       ],
       [
        77.07336185088101,
        28.798267424072943
       ],
       [
        77.07336899461937,
        28.79862823632453
       ],
       [
        77.07377861114239,
        28.798621943058574
       ],
       [
        77.07378575642066,
        28.798982755195805
       ],
       [
        77.07419537422149,
        28.798976460595007
       ],
       [
        77.07418822753434,
        28.79861564855122
       ],
       [
        77.0754170759235,
        28.798596757580828
       ],
       [
        77.07540992514089,
        28.798235945796574
       ],
       [
        77.07500031055115,
        28.798242243934585
       ],
       [
        77.07499316130851,
        28.797881432035915
       ],
       [
        77.07458354799647,
        28.79788772883908
       ],
       [
        77.0745692527222,
        28.797166104792012
       ],
       [
        77.0741596420966,
        28.79717240016689
       ],
       [
        77.07416678825939,
        28.797533212294347
       ],
       [
        77.07334756379743,
        28.797545799507024
       ],
       [
        77.07333327723799,
        28.79682417485746
       ],
       [
        77.07292366762796,
        28.796830466414974
       ],
       [
        77.07290224299764,
        28.795748029003526
       ],
       [
        77.07249263748274,
        28.795754319039577
       ],
       [
        77.07250691762123,
        28.79647594418823
       ],
       [
        77.07209730915795,
        28.796482233169776
       ],
       [
        77.07210444801493,
        28.796843045806106
       ],
       [
        77.07251405788695,
        28.796836756731192
       ],
       [
        77.07252119828362,
        28.797197569253235
       ],
       [
        77.07170197559114,
        28.79721014634848
       ],
       [
        77.07170911330124,
        28.797570959036335
       ],
       [
        77.0712995003498,
        28.797577245815308
       ],
       [
        77.07131377334514,
        28.798298871314955
       ],
       [
        77.07213300475242,
        28.798286296142294
       ],
       [
        77.07214014426418,
        28.798647108674054
       ],
       [
        77.07254976118024,
        28.798640819132274
       ],
       [
        77.07257118472809,
        28.799723256321947
       ],
       [
        77.0721615635853,
        28.79972954614386
       ],
       [
        77.07215442368062,
        28.799368733674836
       ],
       [
        77.07051594343572,
        28.7993938801746
       ],
       [
        77.0705230777046,
        28.799754693016933
       ],
       [
        77.07093269937116,
        28.79974840816085
       ],
       [
        77.07093983517989,
        28.80010922088897
       ],
       [
        77.07175908093818,
        28.80009664726577
       ],
       [
        77.07176621969582,
        28.80045745978633
       ],
       [
        77.0709469711195,
        28.80047003359619
       ],
       [
        77.07095410719003,
        28.800830846282487
       ],
       [
        77.0705444812965,
        28.800837131418483
       ],
       [
        77.07055161608886,
        28.80119794417719
       ],
       [
        77.07014198865541,
        28.801204228164956
       ],
       [
        77.07017052349718,
        28.80264747936375
       ],
       [
        77.0705801565671,
        28.802641195002828
       ],
       [
        77.07058729201388,
        28.80300200765696
       ],
       [
        77.07017765753476,
        28.80300829211117
       ],
       [
        77.07019192600251,
        28.803729917543254
       ],
       [
        77.07060156330006,
        28.803723632902468
       ],
       [
        77.0706158351098,
        28.804445258064327
       ],
       [
        77.07102547509501,
        28.80443897199524
       ],
       [
        77.07103261260552,
        28.804799784451493
       ],
       [
        77.07062297121101,
        28.80480607061388
       ],
       [
        77.07063010744311,
        28.805166883142515
       ],
       [
        77.07103975024695,
        28.805160596886815
       ],
       [
        77.07105402592259,
        28.80588222169474
       ],
       [
        77.07146367141426,
        28.80587593401064
       ],
       [
        77.07147795043245,
        28.80659755854822
       ],
       [
        77.07229724666061,
        28.806584979081286
       ],
       [
        77.07229010426717,
        28.806224167009674
       ],
       [
        77.07188045762803,
        28.806230457270676
       ],
       [
        77.07185903546187,
        28.805148020650226
       ],
       [
        77.07226867787288,
        28.80514173066933
       ],
       [
        77.07225439426503,
        28.804420106337844
       ],
       [
        77.07266403372641,
        28.80441381530199
       ],
       [
        77.0726568907097,
        28.804053003198256
       ],
       [
        77.07347616642083,
        28.804040417588304
       ],
       [
        77.07348331225607,
        28.80440122950522
       ],
       [
        77.07307367305677,
        28.80440752302444
       ],
       [
        77.0730808176138,
        28.80476833501386
       ],
       [
        77.07349045822241,
        28.804762041401208
       ],
       [
        77.07349760431981,
        28.805122853276274
       ],
       [
        77.07431688796244,
        28.805110262138957
       ],
       [
        77.07429544160766,
        28.804027827011666
       ],
       [
        77.07470507900443,
        28.804021529860854
       ],
       [
        77.07471222906749,
        28.804382341497398
       ],
       [
        77.07553150628605,
        28.804369743283765
       ],
       [
        77.07551004803487,
        28.80328730887242
       ],
       [
        77.07591968221965,
        28.803281008183674
       ],
       [
        77.07591252832248,
        28.80292019676491
       ],
       [
        77.07550289554688,
        28.802926497360122
       ],
       [
        77.07549574319007,
        28.802565685826917
       ],
       [
        77.07590537455651,
        28.802559385325225
       ],
       [
        77.07589822092177,
        28.802198573864622
       ],
       [
        77.07466933065628,
        28.802217471364376
       ],
       [
        77.07467648006363,
        28.802578283105515
       ],
       [
        77.0742668483037,
        28.802584579882435
       ],
       [
        77.074273996433,
        28.802945391696124
       ],
       [
        77.07386436313278,
        28.8029516873249
       ],
       [
        77.07387865696636,
        28.803673311076437
       ],
       [
        77.07346902071663,
        28.803679605650473
       ],
       [
        77.07346187514351,
        28.803318793691727
       ],
       [
        77.07305224017193,
        28.803325086930705
       ],
       [
        77.07305938433583,
        28.803685898982863
       ],
       [
        77.072649747824,
        28.803692191073605
       ],
       [
        77.07264260506932,
        28.80333137892804
       ],
       [
        77.0722329698357,
        28.803337669683742
       ],
       [
        77.07224011118115,
        28.80369848192269
       ],
       [
        77.07101120046673,
        28.803717347020015
       ],
       [
        77.07100406334897,
        28.803356534501013
       ],
       [
        77.07141369897548,
        28.80335024747023
       ],
       [
        77.07140656057943,
        28.802989435023658
       ],
       [
        77.0718161946658,
        28.80298314684458
       ],
       [
        77.07180905499152,
        28.802622334470428
       ],
       [
        77.0713994223143,
        28.802628622556163
       ],
       [
        77.07139228418012,
        28.802267810067757
       ],
       [
        77.07098265278113,
        28.802274096818564
       ],
       [
        77.07096837972378,
        28.801552471592355
       ],
       [
        77.07137800830454,
        28.801546185028197
       ],
       [
        77.07138514617687,
        28.801906997558433
       ],
       [
        77.07179477603579,
        28.80190070965939
       ],
       [
        77.07178763675437,
        28.801539897222497
       ],
       [
        77.07260689326114,
        28.80152731788645
       ],
       [
        77.07259975129253,
        28.80116650561538
       ],
       [
        77.07300937794034,
        28.80116021417844
       ],
       [
        77.07301652131804,
        28.80152102635611
       ],
       [
        77.07629354105386,
        28.801470649418015
       ],
       [
        77.07631500579174,
        28.80255308358196
       ],
       [
        77.07672463689572,
        28.802546780597098
       ],
       [
        77.07673895019553,
        28.80326840308131
       ],
       [
        77.07755821764633,
        28.803255793012475
       ],
       [
        77.07756537731154,
        28.803616604036
       ],
       [
        77.07674610704235,
        28.803629214292034
       ],
       [
        77.0767604211298,
        28.804350836650713
       ],
       [
        77.0763507829798,
        28.804357140103413
       ],
       [
        77.07636509477379,
        28.80507876256553
       ],
       [
        77.07677473574239,
        28.805072458925682
       ],
       [
        77.0767818932456,
        28.8054332700318
       ],
       [
        77.07637225086766,
        28.80543957376521
       ],
       [
        77.0763794070928,
        28.805800384943957
       ],
       [
        77.07556011912446,
        28.80581298887265
       ],
       [
        77.07556727266207,
        28.80617380021756
       ],
       [
        77.07597691812126,
        28.806167498780557
       ],
       [
        77.07598407319949,
        28.806528310011018
       ],
       [
        77.07639371993686,
        28.806522007238684
       ],
       [
        77.0763865634492,
        28.80616119610178
       ],
       [
        77.07720585371128,
        28.80614858701892
       ],
       [
        77.07721301301775,
        28.80650939796866
       ],
       [
        77.07762265936125,
        28.80650309147096
       ],
       [
        77.07761549864536,
        28.80614228061484
       ],
       [
        77.07843478811945,
        28.80612966408138
       ],
       [
        77.07846344304664,
        28.807572906631247
       ],
       [
        77.07764414229699,
        28.807585523913804
       ],
       [
        77.07765130353826,
        28.807946334686225
       ],
       [
        77.07724165155688,
        28.807952641558355
       ],
       [
        77.07723449172512,
        28.807591830692328
       ],
       [
        77.07641519018745,
        28.807604440523853
       ],
       [
        77.07642234720018,
        28.807965251577045
       ],
       [
        77.0760126948249,
        28.8079715547236
       ],
       [
        77.07599838374972,
        28.807249932409153
       ],
       [
        77.07558873406221,
        28.807256234126765
       ],
       [
        77.0755744263309,
        28.806534611541558
       ],
       [
        77.0751647793311,
        28.806540911830307
       ],
       [
        77.0751719317217,
        28.80690172322689
       ],
       [
        77.07353333677304,
        28.80692691233784
       ],
       [
        77.07352619002023,
        28.80656610056737
       ],
       [
        77.07311654236474,
        28.80657239464714
       ],
       [
        77.07312368770809,
        28.80693320651104
       ],
       [
        77.0727140385121,
        28.80693949944242
       ],
       [
        77.072728326773,
        28.807661123294288
       ],
       [
        77.07231867462697,
        28.80766741517062
       ],
       [
        77.07233296059293,
        28.808389039125593
       ],
       [
        77.07315227039214,
        28.808376453757447
       ],
       [
        77.07315941639081,
        28.80873726551674
       ],
       [
        77.0735690725034,
        28.808730970876407
       ],
       [
        77.07356192509515,
        28.808370159210533
       ],
       [
        77.07397157966707,
        28.808363863421743
       ],
       [
        77.07395728242476,
        28.807642240214133
       ],
       [
        77.0755958881247,
        28.807617045387996
       ],
       [
        77.07561735109944,
        28.808699479046112
       ],
       [
        77.07602700642508,
        28.80869317695435
       ],
       [
        77.07603416242205,
        28.809053988038343
       ],
       [
        77.07685347549871,
        28.809041379941977
       ],
       [
        77.07686063444618,
        28.80940219081789
       ],
       [
        77.0756316604054,
        28.809421101380245
       ],
       [
        77.07565312534857,
        28.810503534724507
       ],
       [
        77.07647244996505,
        28.810490928363574
       ],
       [
        77.07646529203338,
        28.810130117456843
       ],
       [
        77.076874952735,
        28.810123812506966
       ],
       [
        77.07688211207638,
        28.810484623320114
       ],
       [
        77.07729177405639,
        28.810478317034672
       ],
       [
        77.07729893493881,
        28.81083912773329
       ],
       [
        77.07688927154906,
        28.810845434112334
       ],
       [
        77.07689643115307,
        28.81120624488363
       ],
       [
        77.07771576062069,
        28.811193630696316
       ],
       [
        77.0777085981972,
        28.810832820112235
       ],
       [
        77.07811826132424,
        28.81082651124919
       ],
       [
        77.0781110976224,
        28.81046570073781
       ],
       [
        77.07770143590508,
        28.810472009507237
       ],
       [
        77.07769427374431,
        28.8101111988813
       ],
       [
        77.07728461330532,
        28.810117506315112
       ],
       [
        77.07727745268558,
        28.80975669557465
       ],
       [
        77.07768711171491,
        28.809750388234445
       ],
       [
        77.07767994981687,
        28.809389577566648
       ],
       [
        77.07727029219718,
        28.809395884813235
       ],
       [
        77.07726313184011,
        28.80903507403092
       ],
       [
        77.07767278805018,
        28.80902876687794
       ],
       [
        77.07766562641486,
        28.808667956168293
       ],
       [
        77.07848493562172,
        28.80865533832389
       ],
       [
        77.07849926466213,
        28.809376959347684
       ],
       [
        77.07931857898176,
        28.80936433616101
       ],
       [
        77.07931141157663,
        28.809003525846936
       ],
       [
        77.08054037784123,
        28.808984582033656
       ],
       [
        77.08053320633884,
        28.808623771979825
       ],
       [
        77.0797138984464,
        28.808636402243113
       ],
       [
        77.07969956147437,
        28.807914781697722
       ],
       [
        77.0809285146585,
        28.807895835002412
       ],
       [
        77.08091416975546,
        28.807174214935745
       ],
       [
        77.08132381773478,
        28.807167897074507
       ],
       [
        77.08130947053911,
        28.806446277111668
       ],
       [
        77.081719115568,
        28.806439958196197
       ],
       [
        77.08172629050948,
        28.806800768094295
       ],
       [
        77.08213593681619,
        28.806794447843252
       ],
       [
        77.08215028991283,
        28.807516067389017
       ],
       [
        77.08337923649978,
        28.80749709862207
       ],
       [
        77.08339359857996,
        28.80821871752099
       ],
       [
        77.08298394703033,
        28.808225041872866
       ],
       [
        77.08299112685845,
        28.808585851384787
       ],
       [
        77.08381043264507,
        28.80857320125142
       ],
       [
        77.08378888509871,
        28.80749077321612
       ],
       [
        77.08460818190133,
        28.80747811867877
       ],
       [
        77.08461536710402,
        28.807838927856967
       ],
       [
        77.08502501671714,
        28.80783259863162
       ],
       [
        77.0850322034611,
        28.80819340769496
       ],
       [
        77.08585150511087,
        28.80818074533084
       ],
       [
        77.08585869480571,
        28.808541554185275
       ],
       [
        77.08626834684233,
        28.808535221046444
       ],
       [
        77.08628272944672,
        28.809256838504503
       ],
       [
        77.08669238417058,
        28.80925050393578
       ],
       [
        77.08668519139285,
        28.808889695311233
       ],
       [
        77.08791415054401,
        28.808870684435824
       ],
       [
        77.08792134755045,
        28.809231492778192
       ],
       [
        77.08833100174643,
        28.80922515324187
       ],
       [
        77.08835259778658,
        28.81030757786105
       ],
       [
        77.08876225607939,
        28.810301236800505
       ],
       [
        77.08876945643318,
        28.81066204487088
       ],
       [
        77.08917911600356,
        28.810655702474257
       ],
       [
        77.08918631789912,
        28.811016510429567
       ],
       [
        77.08959597874713,
        28.81101016669683
       ],
       [
        77.08960318218446,
        28.811370974537034
       ],
       [
        77.09001284431005,
        28.811364629468137
       ],
       [
        77.08999843474808,
        28.810643013955108
       ],
       [
        77.09040809392214,
        28.81063666783259
       ],
       [
        77.09042971269245,
        28.811719090788145
       ],
       [
        77.09002004928927,
        28.811725437193225
       ],
       [
        77.09002725440061,
        28.812086244897372
       ],
       [
        77.08920792437829,
        28.812098934169814
       ],
       [
        77.08921512680222,
        28.81245974204133
       ],
       [
        77.08962479328922,
        28.812453397931982
       ],
       [
        77.08963199725505,
        28.812814205688394
       ],
       [
        77.09004166501975,
        28.812807860242813
       ],
       [
        77.09004887052757,
        28.813168667884106
       ],
       [
        77.09045853956995,
        28.813162321102265
       ],
       [
        77.09046574661976,
        28.813523128628418
       ],
       [
        77.09087541693984,
        28.813516780510266
       ],
       [
        77.09088262553173,
        28.813877587921265
       ],
       [
        77.09129229712947,
        28.813871238466785
       ],
       [
        77.09130671752973,
        28.814592853037453
       ],
       [
        77.09089704311214,
        28.814599202680395
       ],
       [
        77.09090425210066,
        28.814960010028553
       ],
       [
        77.09172360362355,
        28.814947309312004
       ],
       [
        77.09173081556426,
        28.815308116450723
       ],
       [
        77.09214049253731,
        28.81530176413492
       ],
       [
        77.09214770602031,
        28.815662571158406
       ],
       [
        77.09296706238952,
        28.815649862611618
       ],
       [
        77.0929598460865,
        28.81528905577673
       ],
       [
        77.09336952266258,
        28.81528269973436
       ],
       [
        77.09336230508194,
        28.814921892972837
       ],
       [
        77.09418165501701,
        28.814909177350227
       ],
       [
        77.094210537414,
        28.816352403515744
       ],
       [
        77.09462021782296,
        28.81634604346366
       ],
       [
        77.09461299561502,
        28.8159852370481
       ],
       [
        77.09502267448148,
        28.815978875848177
       ],
       [
        77.09502989809947,
        28.81633968216933
       ],
       [
        77.09625893813403,
        28.816320590832945
       ],
       [
        77.09625171028591,
        28.8159597847951
       ],
       [
        77.0970710668261,
        28.815947051215307
       ],
       [
        77.09708552829514,
        28.81666866289211
       ],
       [
        77.09667584727123,
        28.8166750304921
       ],
       [
        77.09668307679458,
        28.817035836393558
       ],
       [
        77.09750244152998,
        28.81702309976232
       ],
       [
        77.09748797697556,
        28.816301488316462
       ]
      ],
      [
       [
        77.09577699983788,
        28.812718893587796
       ],
       [
        77.09536733392565,
        28.81272525642224
       ],
       [
        77.09535288665198,
        28.812003643528655
       ],
       [
        77.09576254974466,
        28.811997280883062
       ],
       [
        77.09577699983788,
        28.812718893587796
       ]
      ],
      [
       [
        77.09495044558766,
        28.812370811483913
       ],
       [
        77.09495766788093,
        28.81273161801465
       ],
       [
        77.09454800170377,
        28.812737978364986
       ],
       [
        77.09454078082027,
        28.81237717173986
       ],
       [
        77.09495044558766,
        28.812370811483913
       ]
      ],
      [
       [
        77.09323962646192,
        28.808788174821103
       ],
       [
        77.09242032392883,
        28.808800882268493
       ],
       [
        77.09240589930262,
        28.808079267592973
       ],
       [
        77.09281554781631,
        28.8080729146788
       ],
       [
        77.09282276147277,
        28.80843372193273
       ],
       [
        77.09323241126364,
        28.808427367682416
       ],
       [
        77.09323962646192,
        28.808788174821103
       ]
      ],
      [
       [
        77.08273991121592,
        28.795957506012112
       ],
       [
        77.08233030744353,
        28.795963825931516
       ],
       [
        77.08232313363197,
        28.795603015593134
       ],
       [
        77.08273273599572,
        28.795596695767557
       ],
       [
        77.08273991121592,
        28.795957506012112
       ]
      ],
      [
       [
        77.08022495614223,
        28.793108919866103
       ],
       [
        77.0798153628491,
        28.79311523158836
       ],
       [
        77.07980819854085,
        28.792754420520005
       ],
       [
        77.08021779042555,
        28.792748108891466
       ],
       [
        77.08022495614223,
        28.793108919866103
       ]
      ],
      [
       [
        77.0757194226935,
        28.793178280550507
       ],
       [
        77.07572657304841,
        28.793539092534093
       ],
       [
        77.07531697690251,
        28.79354539069776
       ],
       [
        77.07530982795609,
        28.793184578620647
       ],
       [
        77.0757194226935,
        28.793178280550507
       ]
      ],
      [
       [
        77.07532412598009,
        28.793906202753938
       ],
       [
        77.07491452829453,
        28.79391249976996
       ],
       [
        77.07490738062546,
        28.793551687620283
       ],
       [
        77.07531697690251,
        28.79354539069776
       ],
       [
        77.07532412598009,
        28.793906202753938
       ]
      ],
      [
       [
        77.08034679343959,
        28.799242703233695
       ],
       [
        77.0803539615227,
        28.79960351383169
       ],
       [
        77.07994434287325,
        28.79960982724093
       ],
       [
        77.07993717619904,
        28.7992490165492
       ],
       [
        77.08034679343959,
        28.799242703233695
       ]
      ],
      [
       [
        77.0725426202596,
        28.798280006693886
       ],
       [
        77.0725283388113,
        28.79755838175436
       ],
       [
        77.07293795136987,
        28.797552091251372
       ],
       [
        77.07295223563581,
        28.798273716004104
       ],
       [
        77.0725426202596,
        28.798280006693886
       ]
      ],
      [
       [
        77.07258546774831,
        28.8004448810105
       ],
       [
        77.07259260945492,
        28.80080569332339
       ],
       [
        77.07177335858438,
        28.800818272285962
       ],
       [
        77.07176621969582,
        28.80045745978633
       ],
       [
        77.07258546774831,
        28.8004448810105
       ]
      ],
      [
       [
        77.07313797878798,
        28.807654830176094
       ],
       [
        77.0731308331825,
        28.80729401835402
       ],
       [
        77.07354048365693,
        28.807287724087395
       ],
       [
        77.07355477781799,
        28.808009347523743
       ],
       [
        77.0727354711,
        28.808021935188826
       ],
       [
        77.072728326773,
        28.807661123294288
       ],
       [
        77.07313797878798,
        28.807654830176094
       ]
      ],
      [
       [
        77.08584431554792,
        28.807819936455452
       ],
       [
        77.0862539647655,
        28.807813603504613
       ],
       [
        77.08626115573797,
        28.808174412286004
       ],
       [
        77.08585150511087,
        28.80818074533084
       ],
       [
        77.08584431554792,
        28.807819936455452
       ]
      ],
      [
       [
        77.09038647634134,
        28.809554244688506
       ],
       [
        77.09079613115432,
        28.80954789760665
       ],
       [
        77.09081775296403,
        28.810630320468114
       ],
       [
        77.09040809392214,
        28.81063666783259
       ],
       [
        77.09038647634134,
        28.809554244688506
       ]
      ],
      [
       [
        77.0912850871277,
        28.813510431150014
       ],
       [
        77.09169475718333,
        28.81350408054766
       ],
       [
        77.091701968595,
        28.813864887770183
       ],
       [
        77.09129229712947,
        28.813871238466785
       ],
       [
        77.0912850871277,
        28.813510431150014
       ]
      ],
      [
       [
        77.09211163992825,
        28.813858535831447
       ],
       [
        77.0921260659682,
        28.814580150025087
       ],
       [
        77.09171639181511,
        28.814586502152345
       ],
       [
        77.091701968595,
        28.813864887770183
       ],
       [
        77.09211163992825,
        28.813858535831447
       ]
      ],
      [
       [
        77.0970638362905,
        28.81558624534546
       ],
       [
        77.0974735129517,
        28.81557987678676
       ],
       [
        77.09748074489731,
        28.81594068256209
       ],
       [
        77.0970710668261,
        28.815947051215307
       ],
       [
        77.0970638362905,
        28.81558624534546
       ]
      ],
      [
       [
        77.092535739989,
        28.814573796655672
       ],
       [
        77.0929454138775,
        28.814567442044094
       ],
       [
        77.09295262991583,
        28.814928248920886
       ],
       [
        77.09254295461739,
        28.814934603626767
       ],
       [
        77.092535739989,
        28.814573796655672
       ]
      ],
      [
       [
        77.09500100442239,
        28.81489645675894
       ],
       [
        77.09459132978593,
        28.81490281767567
       ],
       [
        77.09456244386806,
        28.813459591552366
       ],
       [
        77.09538178172926,
        28.813446869232017
       ],
       [
        77.0953890058298,
        28.813807675605467
       ],
       [
        77.09497933555556,
        28.813814037481105
       ],
       [
        77.09500100442239,
        28.81489645675894
       ]
      ],
      [
       [
        77.09703491547414,
        28.814143021656484
       ],
       [
        77.09662524432015,
        28.814149388595034
       ],
       [
        77.09663970164328,
        28.814871000670422
       ],
       [
        77.09582035329788,
        28.814883731199004
       ],
       [
        77.09579145046114,
        28.813440506208696
       ],
       [
        77.0962011190605,
        28.813434141943294
       ],
       [
        77.09620834598077,
        28.813794948127857
       ],
       [
        77.09702768560155,
        28.813782215681847
       ],
       [
        77.09703491547414,
        28.814143021656484
       ]
      ],
      [
       [
        77.09252131112922,
        28.813852182650603
       ],
       [
        77.09293098219787,
        28.81384582822764
       ],
       [
        77.09293819797152,
        28.814206635146334
       ],
       [
        77.09252852549297,
        28.814212989663613
       ],
       [
        77.09252131112922,
        28.813852182650603
       ]
      ],
      [
       [
        77.09334065313419,
        28.813839472562556
       ],
       [
        77.09375032393814,
        28.813833115655367
       ],
       [
        77.09375754253159,
        28.81419392238539
       ],
       [
        77.09334787031774,
        28.814200279386938
       ],
       [
        77.09334065313419,
        28.813839472562556
       ]
      ],
      [
       [
        77.08666361385121,
        28.80780726931196
       ],
       [
        77.087073262805,
        28.807800933877484
       ],
       [
        77.08708045659645,
        28.808161742470816
       ],
       [
        77.08667080623317,
        28.808168077999333
       ],
       [
        77.08666361385121,
        28.80780726931196
       ]
      ],
      [
       [
        77.07969239318557,
        28.807553971393645
       ],
       [
        77.07887309322439,
        28.807566596127213
       ],
       [
        77.07885876267906,
        28.80684497508146
       ],
       [
        77.07926840990646,
        28.806838663522967
       ],
       [
        77.07927557652286,
        28.807199473962616
       ],
       [
        77.07968522502824,
        28.80719316106862
       ],
       [
        77.07969239318557,
        28.807553971393645
       ]
      ],
      [
       [
        77.08335051391994,
        28.80605386057301
       ],
       [
        77.08294087082697,
        28.80606018436167
       ],
       [
        77.08293369192062,
        28.8056993747032
       ],
       [
        77.08252405010535,
        28.805705697156267
       ],
       [
        77.08251687274,
        28.80534488738302
       ],
       [
        77.08333615342023,
        28.805332241422878
       ],
       [
        77.08334333360423,
        28.805693051008408
       ],
       [
        77.08375297515613,
        28.805686726071887
       ],
       [
        77.08373861210121,
        28.804965107067652
       ],
       [
        77.08414825070277,
        28.80495878107721
       ],
       [
        77.08419134990447,
        28.80712363727528
       ],
       [
        77.08378170284674,
        28.807129963829144
       ],
       [
        77.08377452072648,
        28.806769154421236
       ],
       [
        77.08336487494644,
        28.806775479639406
       ],
       [
        77.08335051391994,
        28.80605386057301
       ]
      ],
      [
       [
        77.08210723220242,
        28.805351208500532
       ],
       [
        77.08209288068527,
        28.804629588703577
       ],
       [
        77.08250251840427,
        28.804623267773724
       ],
       [
        77.08251687274,
        28.80534488738302
       ],
       [
        77.08210723220242,
        28.805351208500532
       ]
      ],
      [
       [
        77.0841410679636,
        28.804597971637584
       ],
       [
        77.08291215599164,
        28.80461694560219
       ],
       [
        77.08290497761197,
        28.804256135859994
       ],
       [
        77.08372424957315,
        28.804243487979665
       ],
       [
        77.08371706850672,
        28.803882678404275
       ],
       [
        77.08453633712259,
        28.803870025745166
       ],
       [
        77.08452915336947,
        28.803509216336657
       ],
       [
        77.0853484186399,
        28.80349655889892
       ],
       [
        77.08535560521138,
        28.80385736811954
       ],
       [
        77.0861748727729,
        28.803844705527407
       ],
       [
        77.08618206229465,
        28.804205514539113
       ],
       [
        77.08577242717061,
        28.80421184654999
       ],
       [
        77.08577961541499,
        28.80457265563476
       ],
       [
        77.08536997874985,
        28.804578986497965
       ],
       [
        77.08536279191472,
        28.804218177319214
       ],
       [
        77.08495315652698,
        28.804224506846808
       ],
       [
        77.0849603419529,
        28.804585316119503
       ],
       [
        77.08455070502413,
        28.804591644499375
       ],
       [
        77.08455788917256,
        28.80495245384508
       ],
       [
        77.08414825070277,
        28.80495878107721
       ],
       [
        77.0841410679636,
        28.804597971637584
       ]
      ],
      [
       [
        77.08330743400118,
        28.803889002871383
       ],
       [
        77.08329307508183,
        28.803167383470036
       ],
       [
        77.08370270676897,
        28.80316105919069
       ],
       [
        77.08371706850672,
        28.803882678404275
       ],
       [
        77.08330743400118,
        28.803889002871383
       ]
      ],
      [
       [
        77.08618925194828,
        28.804566323529887
       ],
       [
        77.08619644173378,
        28.80492713249973
       ],
       [
        77.08578680379122,
        28.804933464698593
       ],
       [
        77.08577961541499,
        28.80457265563476
       ],
       [
        77.08618925194828,
        28.804566323529887
       ]
      ],
      [
       [
        77.0858155586147,
        28.806376700744526
       ],
       [
        77.08622520219457,
        28.806370368169688
       ],
       [
        77.08623239263946,
        28.806731177034827
       ],
       [
        77.08500345727612,
        28.806750171316025
       ],
       [
        77.0849962710594,
        28.806389362168947
       ],
       [
        77.08540591490296,
        28.80638303207762
       ],
       [
        77.08539872740867,
        28.806022223003566
       ],
       [
        77.08580836971105,
        28.806015891764456
       ],
       [
        77.0858155586147,
        28.806376700744526
       ]
      ],
      [
       [
        77.08662765392017,
        28.806003225561025
       ],
       [
        77.08703729582687,
        28.805996890596724
       ],
       [
        77.08704448895863,
        28.806357699294747
       ],
       [
        77.08663484564256,
        28.806364034353095
       ],
       [
        77.08662765392017,
        28.806003225561025
       ]
      ],
      [
       [
        77.07924691084594,
        28.805756232078437
       ],
       [
        77.079254077068,
        28.80611704258087
       ],
       [
        77.07884443265944,
        28.806123353952007
       ],
       [
        77.07883726784675,
        28.805762543355886
       ],
       [
        77.07924691084594,
        28.805756232078437
       ]
      ],
      [
       [
        77.07842762471616,
        28.8057688533916
       ],
       [
        77.0784132983037,
        28.80504723194925
       ],
       [
        77.07882293861563,
        28.80504092210087
       ],
       [
        77.07883726784675,
        28.805762543355886
       ],
       [
        77.07842762471616,
        28.8057688533916
       ]
      ],
      [
       [
        77.07881577419718,
        28.804680111441964
       ],
       [
        77.0792254129684,
        28.804673800445546
       ],
       [
        77.07923257879614,
        28.805034611010782
       ],
       [
        77.07882293861563,
        28.80504092210087
       ],
       [
        77.07881577419718,
        28.804680111441964
       ]
      ],
      [
       [
        77.08129512386972,
        28.805724657065095
       ],
       [
        77.08047583905474,
        28.805737290795644
       ],
       [
        77.08046149854894,
        28.805015670290288
       ],
       [
        77.08087113820356,
        28.805009354233395
       ],
       [
        77.08087830980001,
        28.805370164402785
       ],
       [
        77.08128795073239,
        28.805363847010412
       ],
       [
        77.08129512386972,
        28.805724657065095
       ]
      ],
      [
       [
        77.08579399229932,
        28.80529427374148
       ],
       [
        77.08620363165116,
        28.805287941448626
       ],
       [
        77.08621082170042,
        28.805648750376587
       ],
       [
        77.08580118093926,
        28.805655082763437
       ],
       [
        77.08579399229932,
        28.80529427374148
       ]
      ],
      [
       [
        77.08125208701922,
        28.803559796423034
       ],
       [
        77.08166172077374,
        28.803553478257907
       ],
       [
        77.08166889466244,
        28.803914288323448
       ],
       [
        77.08125925949872,
        28.803920606582373
       ],
       [
        77.08125208701922,
        28.803559796423034
       ]
      ],
      [
       [
        77.08289062124764,
        28.803534516312787
       ],
       [
        77.08248098788796,
        28.80354083820278
       ],
       [
        77.08246663486864,
        28.80281921838415
       ],
       [
        77.08205700419565,
        28.802825538844875
       ],
       [
        77.08204982929254,
        28.802464728810346
       ],
       [
        77.08286908768862,
        28.802452086834986
       ],
       [
        77.08289062124764,
        28.803534516312787
       ]
      ],
      [
       [
        77.07796069023168,
        28.80288867516479
       ],
       [
        77.07837032221956,
        28.802882367119963
       ],
       [
        77.0783774845718,
        28.803243177977162
       ],
       [
        77.07796785117475,
        28.80324948611563
       ],
       [
        77.07796069023168,
        28.80288867516479
       ]
      ],
      [
       [
        77.07916809107802,
        28.801787315170387
       ],
       [
        77.07998734567927,
        28.8017746909518
       ],
       [
        77.07999451327375,
        28.802135501497034
       ],
       [
        77.07958488462975,
        28.802141814320812
       ],
       [
        77.0795920509466,
        28.80250262493883
       ],
       [
        77.0783631599987,
        28.802521556241842
       ],
       [
        77.07834883595109,
        28.801799934422828
       ],
       [
        77.07875846358024,
        28.801793625417375
       ],
       [
        77.07875130034444,
        28.801432814570138
       ],
       [
        77.07916092643313,
        28.801426504416824
       ],
       [
        77.07916809107802,
        28.801787315170387
       ]
      ],
      [
       [
        77.07956338646792,
        28.801059382341187
       ],
       [
        77.07997301088471,
        28.801053069798552
       ],
       [
        77.07998017821626,
        28.80141388038564
       ],
       [
        77.07957055239042,
        28.801420193021993
       ],
       [
        77.07956338646792,
        28.801059382341187
       ]
      ],
      [
       [
        77.08243793040953,
        28.801375978495727
       ],
       [
        77.08243075462381,
        28.801015168471285
       ],
       [
        77.0828403781198,
        28.80100884723819
       ],
       [
        77.08283320105673,
        28.800648037286656
       ],
       [
        77.08324282301206,
        28.800641714905925
       ],
       [
        77.08325718008788,
        28.801363334600335
       ],
       [
        77.08243793040953,
        28.801375978495727
       ]
      ],
      [
       [
        77.08202113099621,
        28.801021488462897
       ],
       [
        77.08200678263763,
        28.80029986816359
       ],
       [
        77.08159716169641,
        28.800306186726107
       ],
       [
        77.08160433440092,
        28.80066699698002
       ],
       [
        77.08119471191914,
        28.800673314394857
       ],
       [
        77.08116602752624,
        28.799230072878476
       ],
       [
        77.08075641054867,
        28.799236388676793
       ],
       [
        77.08074924118816,
        28.798875578151613
       ],
       [
        77.08115885675684,
        28.798869262447067
       ],
       [
        77.081151686119,
        28.79850845199472
       ],
       [
        77.08156130014731,
        28.798502135142567
       ],
       [
        77.08156847219401,
        28.798862945501135
       ],
       [
        77.08197808749959,
        28.798856627313818
       ],
       [
        77.08198526108673,
        28.799217437557658
       ],
       [
        77.08157564437225,
        28.79922375583877
       ],
       [
        77.08158281668207,
        28.799584566155474
       ],
       [
        77.08199243480544,
        28.799578247780566
       ],
       [
        77.08199960865575,
        28.799939057982538
       ],
       [
        77.08322846646293,
        28.799920095127785
       ],
       [
        77.08323564467166,
        28.80028090502733
       ],
       [
        77.08241640344727,
        28.800293548359626
       ],
       [
        77.08243075462381,
        28.801015168471285
       ],
       [
        77.08202113099621,
        28.801021488462897
       ]
      ],
      [
       [
        77.07704838218788,
        28.798210740830843
       ],
       [
        77.07663876812298,
        28.798217043934326
       ],
       [
        77.07663161324507,
        28.797856232409774
       ],
       [
        77.07704122590116,
        28.797849929399874
       ],
       [
        77.07704838218788,
        28.798210740830843
       ]
      ],
      [
       [
        77.07703406974571,
        28.797489117947972
       ],
       [
        77.07744368086173,
        28.79748281379032
       ],
       [
        77.07745083842597,
        28.79784362514863
       ],
       [
        77.07704122590116,
        28.797849929399874
       ],
       [
        77.07703406974571,
        28.797489117947972
       ]
      ],
      [
       [
        77.07990851081675,
        28.797805773573046
       ],
       [
        77.08031812242196,
        28.797799460632447
       ],
       [
        77.08032528997914,
        28.79816027131415
       ],
       [
        77.07991567696514,
        28.798166584348472
       ],
       [
        77.07990851081675,
        28.797805773573046
       ]
      ],
      [
       [
        77.08193504874009,
        28.796691765411296
       ],
       [
        77.08234465546143,
        28.796685446545492
       ],
       [
        77.08235182966777,
        28.797046256821083
       ],
       [
        77.08276143766622,
        28.79703993662018
       ],
       [
        77.08276861341291,
        28.797400746781015
       ],
       [
        77.08317822268847,
        28.797394425244974
       ],
       [
        77.0831925773943,
        28.798116045316146
       ],
       [
        77.08114451561268,
        28.798147641521446
       ],
       [
        77.08113017499464,
        28.79742602051212
       ],
       [
        77.08153978479656,
        28.797419703941305
       ],
       [
        77.08154695644859,
        28.797780514362653
       ],
       [
        77.08195656752773,
        28.797774196456736
       ],
       [
        77.08193504874009,
        28.796691765411296
       ]
      ],
      [
       [
        77.07701975782858,
        28.796767494981424
       ],
       [
        77.0774293661271,
        28.796761191010955
       ],
       [
        77.07743652342877,
        28.797122002411097
       ],
       [
        77.0770269137215,
        28.79712830647516
       ],
       [
        77.07701975782858,
        28.796767494981424
       ]
      ],
      [
       [
        77.07739358158815,
        28.794957133696414
       ],
       [
        77.07780318271209,
        28.794950828952707
       ],
       [
        77.07781034076594,
        28.795311640363852
       ],
       [
        77.07821994316717,
        28.79530533428533
       ],
       [
        77.07823426248605,
        28.7960269568576
       ],
       [
        77.0761862350805,
        28.796058475773986
       ],
       [
        77.0761790823987,
        28.795697664030353
       ],
       [
        77.07576947793252,
        28.79570396399634
       ],
       [
        77.07576232679055,
        28.795343152138262
       ],
       [
        77.0761719298481,
        28.795336852265812
       ],
       [
        77.0761647774287,
        28.794976040480346
       ],
       [
        77.07657437894642,
        28.79496973946023
       ],
       [
        77.07656722524965,
        28.794608927747404
       ],
       [
        77.07615762514051,
        28.79461522867397
       ],
       [
        77.07615047298353,
        28.794254416846663
       ],
       [
        77.07656007168409,
        28.79424811601366
       ],
       [
        77.07655291824977,
        28.793887304258988
       ],
       [
        77.07737211244016,
        28.79387469905664
       ],
       [
        77.07737926869153,
        28.794235510624162
       ],
       [
        77.07696967025345,
        28.794241813939486
       ],
       [
        77.07697682522755,
        28.79460262557966
       ],
       [
        77.07738642507421,
        28.794596322170744
       ],
       [
        77.07739358158815,
        28.794957133696414
       ]
      ],
      [
       [
        77.07614332095773,
        28.79389360499845
       ],
       [
        77.07613616906313,
        28.79353279312931
       ],
       [
        77.07654576494667,
        28.793526492483405
       ],
       [
        77.07655291824977,
        28.793887304258988
       ],
       [
        77.07614332095773,
        28.79389360499845
       ]
      ],
      [
       [
        77.07736495632004,
        28.793513887468215
       ],
       [
        77.07859374239548,
        28.793494970637035
       ],
       [
        77.07858658218122,
        28.793134159308547
       ],
       [
        77.07940576942453,
        28.793121542069514
       ],
       [
        77.07942725891235,
        28.794203975430175
       ],
       [
        77.07860806321806,
        28.794216593231226
       ],
       [
        77.0786009027411,
        28.79385578194459
       ],
       [
        77.07737211244016,
        28.79387469905664
       ],
       [
        77.07736495632004,
        28.793513887468215
       ]
      ],
      [
       [
        77.08191353113662,
        28.795609334177502
       ],
       [
        77.08109432575122,
        28.795621967622584
       ],
       [
        77.08110149533687,
        28.79598277824234
       ],
       [
        77.08069189103824,
        28.795989093196813
       ],
       [
        77.08067755481575,
        28.795267471748854
       ],
       [
        77.08108715629712,
        28.79526115698189
       ],
       [
        77.0810799869745,
        28.794900346320283
       ],
       [
        77.08189918672548,
        28.794887713250336
       ],
       [
        77.08191353113662,
        28.795609334177502
       ]
      ],
      [
       [
        77.0802536203235,
        28.794552163555476
       ],
       [
        77.0806632191192,
        28.79454585021719
       ],
       [
        77.08067038690173,
        28.794906660993483
       ],
       [
        77.08026078669747,
        28.7949129744255
       ],
       [
        77.0802536203235,
        28.794552163555476
       ]
      ],
      [
       [
        77.07368573445123,
        28.79393138337115
       ],
       [
        77.07327613624136,
        28.793937675422573
       ],
       [
        77.07326899420639,
        28.79357686289909
       ],
       [
        77.07367859100773,
        28.793570570941096
       ],
       [
        77.07368573445123,
        28.79393138337115
       ]
      ],
      [
       [
        77.07367144769528,
        28.793209758490125
       ],
       [
        77.0740810429571,
        28.793203465384426
       ],
       [
        77.07408818767806,
        28.793564277741954
       ],
       [
        77.07367859100773,
        28.793570570941096
       ],
       [
        77.07367144769528,
        28.793209758490125
       ]
      ]
     ],
     [
      [
       [
        77.08783499218497,
        28.804901791287513
       ],
       [
        77.08782779676243,
        28.804540982693833
       ],
       [
        77.0874181607568,
        28.804547319765334
       ],
       [
        77.08742535477008,
        28.804908128453082
       ],
       [
        77.08783499218497,
        28.804901791287513
       ]
      ]
     ],
     [
      [
       [
        77.08787816749185,
        28.80706664240982
       ],
       [
        77.0878709712774,
        28.80670583394178
       ],
       [
        77.08746132681584,
        28.806712171577697
       ],
       [
        77.08746852162086,
        28.807072980139797
       ],
       [
        77.08787816749185,
        28.80706664240982
       ]
      ]
     ],
     [
      [
       [
        77.08828781323083,
        28.80706030343804
       ],
       [
        77.08787816749185,
        28.80706664240982
       ],
       [
        77.0878853638383,
        28.807427450856906
       ],
       [
        77.08829501098671,
        28.807421111791047
       ],
       [
        77.08828781323083,
        28.80706030343804
       ]
      ]
     ],
     [
      [
       [
        77.08870465800311,
        28.80741477148339
       ],
       [
        77.08829501098671,
        28.807421111791047
       ],
       [
        77.0883022088746,
        28.80778192012309
       ],
       [
        77.08871185730045,
        28.807775579721326
       ],
       [
        77.08870465800311,
        28.80741477148339
       ]
      ]
     ],
     [
      [
       [
        77.09325405725549,
        28.809509789035594
       ],
       [
        77.092844403236,
        28.80951614356885
       ],
       [
        77.09285161742172,
        28.809876950738975
       ],
       [
        77.0932612728508,
        28.809870596111406
       ],
       [
        77.09325405725549,
        28.809509789035594
       ]
      ]
     ],
     [
      [
       [
        77.08468722637947,
        28.811447018487435
       ],
       [
        77.08468003985882,
        28.811086209518617
       ],
       [
        77.0850897021584,
        28.811079879447753
       ],
       [
        77.08508251435984,
        28.810719070551944
       ],
       [
        77.0842631924483,
        28.810731729263797
       ],
       [
        77.08425600760094,
        28.81037092015916
       ],
       [
        77.08589464525797,
        28.81034559814339
       ],
       [
        77.08590183574405,
        28.810706406872185
       ],
       [
        77.08631149623835,
        28.810700073169343
       ],
       [
        77.08630430434259,
        28.81033926453455
       ],
       [
        77.08712362211608,
        28.810326593590997
       ],
       [
        77.0871020387625,
        28.809244168125147
       ],
       [
        77.08669238417058,
        28.80925050393578
       ],
       [
        77.08669957708022,
        28.809611312539378
       ],
       [
        77.08628992094678,
        28.809617647202135
       ],
       [
        77.08629711257873,
        28.809978455878806
       ],
       [
        77.08588745490377,
        28.809984789393635
       ],
       [
        77.08588026468145,
        28.809623980622963
       ],
       [
        77.08547060828421,
        28.80963031280188
       ],
       [
        77.08547779709691,
        28.80999112166653
       ],
       [
        77.08342950608542,
        28.810022764401893
       ],
       [
        77.08342232432089,
        28.809661955067593
       ],
       [
        77.08383198137709,
        28.809655629098295
       ],
       [
        77.08381761542401,
        28.808934010554655
       ],
       [
        77.08340796118698,
        28.80894033633616
       ],
       [
        77.08341514268807,
        28.80930114571234
       ],
       [
        77.08259583099974,
        28.809313793737402
       ],
       [
        77.08260300981333,
        28.80967460328039
       ],
       [
        77.08219335236203,
        28.80968092552388
       ],
       [
        77.08220052989762,
        28.81004173513975
       ],
       [
        77.08179087090504,
        28.810048056235132
       ],
       [
        77.08179804716261,
        28.810408865923893
       ],
       [
        77.08220770756489,
        28.81040254473469
       ],
       [
        77.08221488536378,
        28.810763354308687
       ],
       [
        77.08180522355183,
        28.810769675591718
       ],
       [
        77.08181240007265,
        28.811130485238607
       ],
       [
        77.08263172638435,
        28.811117841242915
       ],
       [
        77.08262454704409,
        28.810757031783687
       ],
       [
        77.08303420859271,
        28.81075070801669
       ],
       [
        77.08302702797442,
        28.810389898630376
       ],
       [
        77.08384634785718,
        28.81037724755819
       ],
       [
        77.08386789856544,
        28.811459675091
       ],
       [
        77.08427756253835,
        28.81145334741023
       ],
       [
        77.08429193315553,
        28.812174965472916
       ],
       [
        77.0847015998162,
        28.812168636362262
       ],
       [
        77.08469441303193,
        28.811807827435324
       ],
       [
        77.085104078151,
        28.811801497176557
       ],
       [
        77.08509689008879,
        28.811440688322627
       ],
       [
        77.08468722637947,
        28.811447018487435
       ]
      ]
     ],
     [
      [
       [
        77.09698430915049,
        28.811617379393816
       ],
       [
        77.09697708020605,
        28.811256573272463
       ],
       [
        77.0965674203304,
        28.811262939455116
       ],
       [
        77.09657464786515,
        28.811623745670964
       ],
       [
        77.09698430915049,
        28.811617379393816
       ]
      ]
     ],
     [
      [
       [
        77.08552093274209,
        28.812155974414782
       ],
       [
        77.08551374313824,
        28.81179516567576
       ],
       [
        77.085104078151,
        28.811801497176557
       ],
       [
        77.08511126634507,
        28.81216230600955
       ],
       [
        77.08552093274209,
        28.812155974414782
       ]
      ]
     ],
     [
      [
       [
        77.09288769033506,
        28.811680986275388
       ],
       [
        77.09247802772529,
        28.81168734013253
       ],
       [
        77.09249966883186,
        28.812769761485846
       ],
       [
        77.09290933567097,
        28.81276340734579
       ],
       [
        77.09288769033506,
        28.811680986275388
       ]
      ]
     ],
     [
      [
       [
        77.08963199725505,
        28.812814205688394
       ],
       [
        77.08922232935822,
        28.812820549891914
       ],
       [
        77.08923673486656,
        28.81354216553022
       ],
       [
        77.0896464055831,
        28.813535821138384
       ],
       [
        77.08963199725505,
        28.812814205688394
       ]
      ]
     ],
     [
      [
       [
        77.09783979213225,
        28.813408672460838
       ],
       [
        77.09782532741077,
        28.812687060784818
       ],
       [
        77.09741566216138,
        28.812693429829505
       ],
       [
        77.09743012406321,
        28.813415041694586
       ],
       [
        77.09783979213225,
        28.813408672460838
       ]
      ]
     ],
     [
      [
       [
        77.09503712184994,
        28.81670048846955
       ],
       [
        77.09502989809947,
        28.81633968216933
       ],
       [
        77.09462021782296,
        28.81634604346366
       ],
       [
        77.09462744016335,
        28.816706849858267
       ],
       [
        77.09503712184994,
        28.81670048846955
       ]
      ]
     ],
     [
      [
       [
        77.09667584727123,
        28.8166750304921
       ],
       [
        77.09666861788047,
        28.816314224569684
       ],
       [
        77.09625893813403,
        28.816320590832945
       ],
       [
        77.09626616611472,
        28.816681396849837
       ],
       [
        77.09667584727123,
        28.8166750304921
       ]
      ]
     ],
     [
      [
       [
        77.0942177583443,
        28.81671321000473
       ],
       [
        77.09422497940704,
        28.817074016472763
       ],
       [
        77.09463466263621,
        28.817067656231913
       ],
       [
        77.09462744016335,
        28.816706849858267
       ],
       [
        77.0942177583443,
        28.81671321000473
       ]
      ]
     ],
     [
      [
       [
        77.09546125412267,
        28.817415738187247
       ],
       [
        77.0954540286971,
        28.817054932023396
       ],
       [
        77.09463466263621,
        28.817067656231913
       ],
       [
        77.09464188524151,
        28.817428462584594
       ],
       [
        77.09546125412267,
        28.817415738187247
       ]
      ]
     ]
    ]
   }
  },
  {
   "type": "Feature",
   "properties": {
    "hotspot_id": "H004",
    "area_km2_from_pixels": 1.072,
    "area_km2_from_polygon": 1.072,
    "los_velocity_median_mm_per_yr": -14.31,
    "n_polygon_parts": 8
   },
   "geometry": {
    "type": "MultiPolygon",
    "coordinates": [
     [
      [
       [
        77.05172604535642,
        28.529343608911155
       ],
       [
        77.0517330362768,
        28.52970444041695
       ],
       [
        77.0521416141062,
        28.52969826578462
       ],
       [
        77.05213462179606,
        28.529337434371058
       ],
       [
        77.05172604535642,
        28.529343608911155
       ]
      ]
     ],
     [
      [
       [
        77.06358174101078,
        28.52952487762116
       ],
       [
        77.06358877236325,
        28.529885706424004
       ],
       [
        77.06399734784165,
        28.52987949609496
       ],
       [
        77.0639832824866,
        28.529157838654015
       ],
       [
        77.06357470978767,
        28.529164048797536
       ],
       [
        77.0635676786939,
        28.52880321995315
       ],
       [
        77.06315910725534,
        28.528809428776245
       ],
       [
        77.06316613695941,
        28.52917025771337
       ],
       [
        77.06275756400181,
        28.52917646540152
       ],
       [
        77.06276459244548,
        28.529537294410616
       ],
       [
        77.06235601796885,
        28.529543500963783
       ],
       [
        77.06236304515207,
        28.529904330044822
       ],
       [
        77.06277162101843,
        28.52989812339894
       ],
       [
        77.0627786497207,
        28.53025895236649
       ],
       [
        77.06318722684755,
        28.530252744400162
       ],
       [
        77.0631731667928,
        28.52953108662974
       ],
       [
        77.06358174101078,
        28.52952487762116
       ]
      ]
     ],
     [
      [
       [
        77.06279270751313,
        28.530980610239304
       ],
       [
        77.0627786497207,
        28.53025895236649
       ],
       [
        77.06237007246455,
        28.530265159105088
       ],
       [
        77.06239115517766,
        28.53134764616128
       ],
       [
        77.06320831789964,
        28.53133523090004
       ],
       [
        77.0632012874196,
        28.530974402087516
       ],
       [
        77.06279270751313,
        28.530980610239304
       ]
      ]
     ],
     [
      [
       [
        77.04726657548497,
        28.53121561021026
       ],
       [
        77.04728052816208,
        28.531937275020347
       ],
       [
        77.04768911574408,
        28.531931113341084
       ],
       [
        77.0476751602871,
        28.531209448715064
       ],
       [
        77.04726657548497,
        28.53121561021026
       ]
      ]
     ],
     [
      [
       [
        77.04856213972656,
        28.534805442500172
       ],
       [
        77.04937933623272,
        28.534793109072965
       ],
       [
        77.04939330537863,
        28.535514772547376
       ],
       [
        77.05021050693158,
        28.535502433839568
       ],
       [
        77.0502174944777,
        28.535863265361368
       ],
       [
        77.05062609645162,
        28.53585709407323
       ],
       [
        77.05064007470999,
        28.536578756870234
       ],
       [
        77.05023146995556,
        28.536584928342712
       ],
       [
        77.0502384578873,
        28.536945759802254
       ],
       [
        77.05105567004816,
        28.53693341544484
       ],
       [
        77.05104867933584,
        28.53657258416966
       ],
       [
        77.05145728383309,
        28.536566410240994
       ],
       [
        77.0514502918591,
        28.536205579037258
       ],
       [
        77.05185889483747,
        28.536199403972716
       ],
       [
        77.05187288169463,
        28.536921066174973
       ],
       [
        77.0514642759357,
        28.536927241423964
       ],
       [
        77.05147126816694,
        28.53728807258619
       ],
       [
        77.05187987531619,
        28.537281897244966
       ],
       [
        77.05189386294524,
        28.5380035593227
       ],
       [
        77.05311969196305,
        28.5379850253767
       ],
       [
        77.05310569599192,
        28.537263363852556
       ],
       [
        77.05351430262641,
        28.53725718359883
       ],
       [
        77.05354230064508,
        28.538700506194886
       ],
       [
        77.0539509127123,
        28.53869432434376
       ],
       [
        77.05394391162409,
        28.538333493818193
       ],
       [
        77.05476113259135,
        28.538321126616058
       ],
       [
        77.05475412885117,
        28.537960296254443
       ],
       [
        77.05516273775119,
        28.537954110903485
       ],
       [
        77.0551557327495,
        28.53759328061348
       ],
       [
        77.05474712523983,
        28.537599465872063
       ],
       [
        77.05474012175732,
        28.537238635468924
       ],
       [
        77.05555733386714,
        28.537226263908394
       ],
       [
        77.05556434013032,
        28.53758709412676
       ],
       [
        77.05597294738224,
        28.53758090641191
       ],
       [
        77.05597995516464,
        28.537941736517112
       ],
       [
        77.05638856367803,
        28.537935547481702
       ],
       [
        77.05637454546147,
        28.537213887435396
       ],
       [
        77.05678315106526,
        28.537207697356727
       ],
       [
        77.05677614076008,
        28.53684686739488
       ],
       [
        77.0563675365466,
        28.5368530573811
       ],
       [
        77.05634651057551,
        28.535770567093657
       ],
       [
        77.05675511061827,
        28.535764377384773
       ],
       [
        77.05676913058387,
        28.536486037412274
       ],
       [
        77.05758633584344,
        28.5364736539405
       ],
       [
        77.0575793230157,
        28.536112824122075
       ],
       [
        77.05798792406176,
        28.536106630636574
       ],
       [
        77.05799493827973,
        28.536467460362502
       ],
       [
        77.05840354058701,
        28.536461265556436
       ],
       [
        77.05838950949963,
        28.53573960626886
       ],
       [
        77.05879810889742,
        28.535733410419798
       ],
       [
        77.0588051257668,
        28.536094239981427
       ],
       [
        77.0592137264257,
        28.536088042811773
       ],
       [
        77.05922776333215,
        28.536809701687634
       ],
       [
        77.05963636664244,
        28.53680350310479
       ],
       [
        77.0596082877851,
        28.53536018564031
       ],
       [
        77.06042548289655,
        28.535347785531172
       ],
       [
        77.06041846072473,
        28.53498695629834
       ],
       [
        77.06082705669657,
        28.534980754494388
       ],
       [
        77.06081300996024,
        28.534259096151672
       ],
       [
        77.06163019595589,
        28.53424668923042
       ],
       [
        77.06162317000137,
        28.533885860213218
       ],
       [
        77.06203176141527,
        28.533879655003354
       ],
       [
        77.06202473419997,
        28.533518826058064
       ],
       [
        77.06365909300249,
        28.533493993310227
       ],
       [
        77.06367315868272,
        28.53421565043823
       ],
       [
        77.06408175084006,
        28.534209438995962
       ],
       [
        77.0640747165452,
        28.53384861053512
       ],
       [
        77.06448330718312,
        28.533842397957702
       ],
       [
        77.06446923620157,
        28.533120741159276
       ],
       [
        77.06487782393002,
        28.533114527539553
       ],
       [
        77.06486375068624,
        28.53239287084365
       ],
       [
        77.06445516573771,
        28.532399084277763
       ],
       [
        77.0644410957915,
        28.531677427313163
       ],
       [
        77.06484967796021,
        28.531671214064666
       ],
       [
        77.06484264179136,
        28.531310385644012
       ],
       [
        77.06402548010426,
        28.531322810727616
       ],
       [
        77.06403251349337,
        28.53168363933385
       ],
       [
        77.06198960006247,
        28.5317146810201
       ],
       [
        77.06196149507912,
        28.530271364615928
       ],
       [
        77.06237007246455,
        28.530265159105088
       ],
       [
        77.06236304515207,
        28.529904330044822
       ],
       [
        77.06113731677742,
        28.529922942616107
       ],
       [
        77.06114433992055,
        28.53028377195439
       ],
       [
        77.06032718424518,
        28.530296174381856
       ],
       [
        77.06029910356578,
        28.52885285616311
       ],
       [
        77.05989053109337,
        28.528859055164823
       ],
       [
        77.05990456839531,
        28.529580714500916
       ],
       [
        77.05949599301432,
        28.52958691246011
       ],
       [
        77.05948897568854,
        28.52922608270986
       ],
       [
        77.0590804015682,
        28.529232279348772
       ],
       [
        77.05906637008329,
        28.528510619600876
       ],
       [
        77.05824922701426,
        28.528523008825466
       ],
       [
        77.0582562399128,
        28.528883838894874
       ],
       [
        77.05784766679504,
        28.528890031758174
       ],
       [
        77.05785467843288,
        28.529250861899314
       ],
       [
        77.05826325294034,
        28.5292446689435
       ],
       [
        77.05827727938248,
        28.5299663289785
       ],
       [
        77.05786870209549,
        28.529972522119323
       ],
       [
        77.05786169019969,
        28.5296116920197
       ],
       [
        77.05622738532118,
        28.52963645193573
       ],
       [
        77.05622037911337,
        28.529275621445496
       ],
       [
        77.05581180396122,
        28.529281808262777
       ],
       [
        77.05581880877926,
        28.52964263884542
       ],
       [
        77.05541023210849,
        28.529648824527378
       ],
       [
        77.05539622538073,
        28.52892716315654
       ],
       [
        77.05417050293397,
        28.528945712281867
       ],
       [
        77.05416350393249,
        28.528584881288236
       ],
       [
        77.05375493091573,
        28.528591061782294
       ],
       [
        77.05377592413723,
        28.529673554977894
       ],
       [
        77.05336734682251,
        28.529679734521185
       ],
       [
        77.05336035034306,
        28.529318903384432
       ],
       [
        77.05295177428938,
        28.52932508160769
       ],
       [
        77.05295876937909,
        28.52968591283674
       ],
       [
        77.0521416141062,
        28.52969826578462
       ],
       [
        77.05214860654499,
        28.530059097177435
       ],
       [
        77.05174002732579,
        28.530065271901993
       ],
       [
        77.05174701850338,
        28.53042610336628
       ],
       [
        77.05133843776574,
        28.530432276955295
       ],
       [
        77.0513454276821,
        28.53079310849105
       ],
       [
        77.05093684542601,
        28.530799280944482
       ],
       [
        77.0509298568995,
        28.530438449316527
       ],
       [
        77.05052127590471,
        28.53044462044998
       ],
       [
        77.05052826304134,
        28.530805452170114
       ],
       [
        77.05011968052816,
        28.53081162216794
       ],
       [
        77.0501057091631,
        28.530089958522602
       ],
       [
        77.0496971293011,
        28.53009612710834
       ],
       [
        77.04970411352953,
        28.53045695903352
       ],
       [
        77.0484783690032,
        28.53047545770042
       ],
       [
        77.04848534919053,
        28.530836289881176
       ],
       [
        77.04889393221761,
        28.530830124794576
       ],
       [
        77.04890091392325,
        28.531190956862496
       ],
       [
        77.04808374496088,
        28.53120328599204
       ],
       [
        77.0480907240151,
        28.53156411822337
       ],
       [
        77.0484993099504,
        28.53155795418044
       ],
       [
        77.04850629052297,
        28.531918786298952
       ],
       [
        77.04768911574408,
        28.531931113341084
       ],
       [
        77.0476960936651,
        28.53229194562298
       ],
       [
        77.04810468250872,
        28.53228578262379
       ],
       [
        77.04811166194811,
        28.53264661479288
       ],
       [
        77.04770307171451,
        28.53265277788412
       ],
       [
        77.04771004989226,
        28.53301361012452
       ],
       [
        77.0481186415159,
        28.53300744694123
       ],
       [
        77.04813958098966,
        28.534089943261787
       ],
       [
        77.04854817665512,
        28.534083778574352
       ],
       [
        77.04855515812662,
        28.53444461054764
       ],
       [
        77.04814656107104,
        28.53445077532715
       ],
       [
        77.04816052161901,
        28.535172439395623
       ],
       [
        77.04856912145492,
        28.535166274431962
       ],
       [
        77.04856213972656,
        28.534805442500172
       ]
      ],
      [
       [
        77.05555032773286,
        28.536865433669263
       ],
       [
        77.05514172313265,
        28.536871619971194
       ],
       [
        77.05513471851752,
        28.536510789618912
       ],
       [
        77.05554332172744,
        28.536504603409373
       ],
       [
        77.0555363158509,
        28.53614377312872
       ],
       [
        77.05594491754171,
        28.536137585783507
       ],
       [
        77.05596593972876,
        28.537220076285955
       ],
       [
        77.05555733386714,
        28.537226263908394
       ],
       [
        77.05555032773286,
        28.536865433669263
       ]
      ],
      [
       [
        77.05717072184063,
        28.536119016379516
       ],
       [
        77.05716371053211,
        28.535758186447847
       ],
       [
        77.05757231031696,
        28.53575199428289
       ],
       [
        77.0575793230157,
        28.536112824122075
       ],
       [
        77.05717072184063,
        28.536119016379516
       ]
      ],
      [
       [
        77.06041143868208,
        28.534626127044735
       ],
       [
        77.0600028439712,
        28.534632327528094
       ],
       [
        77.05999582344784,
        28.53427149816112
       ],
       [
        77.06040441676862,
        28.53426529777037
       ],
       [
        77.06041143868208,
        28.534626127044735
       ]
      ],
      [
       [
        77.06121457845822,
        28.533892064195157
       ],
       [
        77.06080598678588,
        28.53389826694917
       ],
       [
        77.0607989637407,
        28.53353743772589
       ],
       [
        77.06120755402301,
        28.53353123506453
       ],
       [
        77.06121457845822,
        28.533892064195157
       ]
      ],
      [
       [
        77.06160209291332,
        28.532803373037005
       ],
       [
        77.06119350554022,
        28.532809576740966
       ],
       [
        77.06118648149264,
        28.532448747548035
       ],
       [
        77.06159506747578,
        28.532442543936742
       ],
       [
        77.06160209291332,
        28.532803373037005
       ]
      ],
      [
       [
        77.06405361443703,
        28.532766125027955
       ],
       [
        77.06364502783974,
        28.532772336099136
       ],
       [
        77.06363799545241,
        28.53241150746243
       ],
       [
        77.06404658065975,
        28.532405296484015
       ],
       [
        77.06405361443703,
        28.532766125027955
       ]
      ],
      [
       [
        77.06282082464969,
        28.532423925735714
       ],
       [
        77.06241223905432,
        28.53243013303058
       ],
       [
        77.06240521096615,
        28.532069304094914
       ],
       [
        77.06281379517158,
        28.532063096892763
       ],
       [
        77.06282082464969,
        28.532423925735714
       ]
      ],
      [
       [
        77.04971808237185,
        28.531178622821642
       ],
       [
        77.04930949821178,
        28.53118479045598
       ],
       [
        77.04930251511627,
        28.53082395848017
       ],
       [
        77.04971109788644,
        28.53081779093796
       ],
       [
        77.04971808237185,
        28.531178622821642
       ]
      ],
      [
       [
        77.06156696701797,
        28.530999227328007
       ],
       [
        77.06115838659443,
        28.531005430568662
       ],
       [
        77.06115136319289,
        28.530644601271913
       ],
       [
        77.0615599422266,
        28.5306383981239
       ],
       [
        77.06156696701797,
        28.530999227328007
       ]
      ],
      [
       [
        77.05297275994455,
        28.530407575232562
       ],
       [
        77.0525641795928,
        28.53041375250491
       ],
       [
        77.05255718563556,
        28.530052921225106
       ],
       [
        77.05296576459747,
        28.53004674404503
       ],
       [
        77.05297275994455,
        28.530407575232562
       ]
      ],
      [
       [
        77.05500165530886,
        28.529655008981607
       ],
       [
        77.0541845013232,
        28.52966737420687
       ],
       [
        77.05417750206422,
        28.52930654325474
       ],
       [
        77.05499465327034,
        28.529294178214187
       ],
       [
        77.05500165530886,
        28.529655008981607
       ]
      ]
     ],
     [
      [
       [
        77.04774494270667,
        28.53481777101533
       ],
       [
        77.04773796388704,
        28.534456938878662
       ],
       [
        77.04814656107104,
        28.53445077532715
       ],
       [
        77.04813958098966,
        28.534089943261787
       ],
       [
        77.04732238927355,
        28.53410226895273
       ],
       [
        77.04733634400415,
        28.534823933430893
       ],
       [
        77.04774494270667,
        28.53481777101533
       ]
      ]
     ],
     [
      [
       [
        77.06082705669657,
        28.534980754494388
       ],
       [
        77.0608411039497,
        28.535702412754038
       ],
       [
        77.06124970257265,
        28.535696209536802
       ],
       [
        77.06123565253921,
        28.534974551462447
       ],
       [
        77.06082705669657,
        28.534980754494388
       ]
      ]
     ],
     [
      [
       [
        77.05516273775119,
        28.537954110903485
       ],
       [
        77.05516974288174,
        28.53831494117273
       ],
       [
        77.05557835304329,
        28.538308754501227
       ],
       [
        77.05557134652236,
        28.537947924324374
       ],
       [
        77.05516273775119,
        28.537954110903485
       ]
      ]
     ]
    ]
   }
  },
  {
   "type": "Feature",
   "properties": {
    "hotspot_id": "H005",
    "area_km2_from_pixels": 0.8352,
    "area_km2_from_polygon": 0.8352,
    "los_velocity_median_mm_per_yr": -14.209,
    "n_polygon_parts": 12
   },
   "geometry": {
    "type": "MultiPolygon",
    "coordinates": [
     [
      [
       [
        77.16680406606181,
        28.819176009826215
       ],
       [
        77.16681153805268,
        28.819536799090706
       ],
       [
        77.16722121153317,
        28.81953021801369
       ],
       [
        77.16721373813229,
        28.819169428846845
       ],
       [
        77.16680406606181,
        28.819176009826215
       ]
      ]
     ],
     [
      [
       [
        77.17253946256749,
        28.819083763077547
       ],
       [
        77.17253197097398,
        28.81872297516075
       ],
       [
        77.17171263308292,
        28.81873616797793
       ],
       [
        77.1717276107674,
        28.819457744181953
       ],
       [
        77.17131793879591,
        28.819464338923023
       ],
       [
        77.17132542643414,
        28.81982512709127
       ],
       [
        77.17296411913607,
        28.819798740282355
       ],
       [
        77.1729566258578,
        28.819437952505634
       ],
       [
        77.17213728260157,
        28.819451148198688
       ],
       [
        77.17212979228067,
        28.81909036020509
       ],
       [
        77.17253946256749,
        28.819083763077547
       ]
      ]
     ],
     [
      [
       [
        77.17296411913607,
        28.819798740282355
       ],
       [
        77.1729791061049,
        28.820520315772534
       ],
       [
        77.173388781757,
        28.82051371576897
       ],
       [
        77.17337379196807,
        28.819792140474643
       ],
       [
        77.17296411913607,
        28.819798740282355
       ]
      ]
     ],
     [
      [
       [
        77.16848762136375,
        28.82131441138221
       ],
       [
        77.16930698119168,
        28.82130123707109
       ],
       [
        77.16929950005483,
        28.820940448498174
       ],
       [
        77.17011885651372,
        28.82092726941348
       ],
       [
        77.17014130879677,
        28.82200963448237
       ],
       [
        77.17055099105085,
        28.822003042783233
       ],
       [
        77.17052853453733,
        28.82092067800774
       ],
       [
        77.17093821242365,
        28.820914085359746
       ],
       [
        77.17094569920103,
        28.82127487354151
       ],
       [
        77.17176505738203,
        28.821261684323062
       ],
       [
        77.17177254711699,
        28.82162247228804
       ],
       [
        77.17218222741162,
        28.82161587571754
       ],
       [
        77.1721672452588,
        28.82089429996226
       ],
       [
        77.17257692259581,
        28.820887702345253
       ],
       [
        77.17256943031538,
        28.82052691453387
       ],
       [
        77.17052104930734,
        28.820559889707088
       ],
       [
        77.17051356421464,
        28.82019910138536
       ],
       [
        77.17010388901123,
        28.820205692595493
       ],
       [
        77.17009640546581,
        28.819844904154873
       ],
       [
        77.1709157529153,
        28.819831720688004
       ],
       [
        77.1709082666871,
        28.819470932421936
       ],
       [
        77.16967924953708,
        28.81949070546554
       ],
       [
        77.16968673153521,
        28.81985149402501
       ],
       [
        77.16886738326241,
        28.819864670038662
       ],
       [
        77.16885990408433,
        28.819503881283683
       ],
       [
        77.16804055808295,
        28.819517052133076
       ],
       [
        77.16804803444097,
        28.81987784108348
       ],
       [
        77.16763835982456,
        28.819884424742575
       ],
       [
        77.16764583490964,
        28.8202452137696
       ],
       [
        77.16805551093607,
        28.820238630012817
       ],
       [
        77.1680629875683,
        28.82059941892107
       ],
       [
        77.16847266486772,
        28.82059283382435
       ],
       [
        77.16848014304718,
        28.820953622613825
       ],
       [
        77.16807046433763,
        28.820960207808245
       ],
       [
        77.16807794124408,
        28.821320996674352
       ],
       [
        77.16684890006246,
        28.82134074509705
       ],
       [
        77.16681153805268,
        28.819536799090706
       ],
       [
        77.16640186443517,
        28.819543378925523
       ],
       [
        77.16640933515303,
        28.819904168266575
       ],
       [
        77.16599965998849,
        28.81991074695681
       ],
       [
        77.16601459901503,
        28.820632325770923
       ],
       [
        77.16642427699973,
        28.820625746885455
       ],
       [
        77.16644669079737,
        28.821708114655724
       ],
       [
        77.16685637287551,
        28.8217015342351
       ],
       [
        77.1668638458256,
        28.822062323352082
       ],
       [
        77.16727352917691,
        28.82205574159149
       ],
       [
        77.16726605481664,
        28.821694952572173
       ],
       [
        77.16767573662068,
        28.821688369666923
       ],
       [
        77.16768321239115,
        28.822049158588573
       ],
       [
        77.16809289546829,
        28.822042574343346
       ],
       [
        77.16808541828763,
        28.821681785519388
       ],
       [
        77.16849509981748,
        28.821675200129537
       ],
       [
        77.16848762136375,
        28.82131441138221
       ]
      ]
     ],
     [
      [
       [
        77.16859233219635,
        28.826365451926616
       ],
       [
        77.16900203192351,
        28.82635886402394
       ],
       [
        77.1690169956295,
        28.82708044071183
       ],
       [
        77.16860729308128,
        28.82708702880998
       ],
       [
        77.16861477372949,
        28.82744781722004
       ],
       [
        77.16902447768828,
        28.82744122902415
       ],
       [
        77.16903195988428,
        28.827802017315403
       ],
       [
        77.16985137021145,
        28.827788837000305
       ],
       [
        77.16986634065756,
        28.828510413128473
       ],
       [
        77.17027604843655,
        28.82850382091143
       ],
       [
        77.17026856173422,
        28.828143032955673
       ],
       [
        77.17067826796527,
        28.82813643959379
       ],
       [
        77.17068575607824,
        28.82849722745173
       ],
       [
        77.17232458527172,
        28.828470841186512
       ],
       [
        77.17233207916468,
        28.828831628631928
       ],
       [
        77.17274178753024,
        28.828825028861115
       ],
       [
        77.17275677854978,
        28.829546603492847
       ],
       [
        77.1731664895993,
        28.82954000228353
       ],
       [
        77.17315149575836,
        28.82881842784765
       ],
       [
        77.17356120384903,
        28.82881182559154
       ],
       [
        77.17356870211144,
        28.82917261272207
       ],
       [
        77.17397841147529,
        28.82916600912534
       ],
       [
        77.1740009113197,
        28.830248370096538
       ],
       [
        77.17277177011908,
        28.830268178040235
       ],
       [
        77.1727792661099,
        28.830628965282294
       ],
       [
        77.17482784114392,
        28.830595945339354
       ],
       [
        77.17481283519201,
        28.8298743718138
       ],
       [
        77.17522254696465,
        28.82986776429303
       ],
       [
        77.17523005128257,
        28.83022855096834
       ],
       [
        77.17563976432837,
        28.83022194210683
       ],
       [
        77.17563225859969,
        28.82986115552956
       ],
       [
        77.17604197009712,
        28.829854545523393
       ],
       [
        77.17601194291598,
        28.82841139939563
       ],
       [
        77.1768313542124,
        28.828398176439865
       ],
       [
        77.17682384493999,
        28.828037390051357
       ],
       [
        77.17600443646481,
        28.828050612810955
       ],
       [
        77.17598191793714,
        28.82696825293039
       ],
       [
        77.17721101774832,
        28.826948417809888
       ],
       [
        77.17721852801819,
        28.82730920416358
       ],
       [
        77.17762822909039,
        28.82730258987353
       ],
       [
        77.17763574090851,
        28.827663376107985
       ],
       [
        77.17804544325354,
        28.827656760477222
       ],
       [
        77.17806047012422,
        28.828378332686565
       ],
       [
        77.17969928941106,
        28.828351856952228
       ],
       [
        77.17967673238475,
        28.827269499784855
       ],
       [
        77.17926703200152,
        28.827276120287713
       ],
       [
        77.17925951467902,
        28.82691533442484
       ],
       [
        77.17884981556846,
        28.82692195358693
       ],
       [
        77.17881223807576,
        28.825118023465137
       ],
       [
        77.17840254587965,
        28.825124640893797
       ],
       [
        77.1783950322049,
        28.824763854707978
       ],
       [
        77.17880472299066,
        28.8247572373775
       ],
       [
        77.17879720804336,
        28.82439645126875
       ],
       [
        77.17920689728098,
        28.82438983279403
       ],
       [
        77.17919938106114,
        28.824029046762387
       ],
       [
        77.17878969323385,
        28.82403566513891
       ],
       [
        77.17878217856216,
        28.823674878988
       ],
       [
        77.17919186497915,
        28.823668260709667
       ],
       [
        77.17918434903498,
        28.82330747463583
       ],
       [
        77.1795940339039,
        28.823300855213347
       ],
       [
        77.17957899960857,
        28.82257928319881
       ],
       [
        77.17875963537384,
        28.82259252040863
       ],
       [
        77.1787446072706,
        28.82187094791693
       ],
       [
        77.17833492776688,
        28.821877564462014
       ],
       [
        77.17832741533208,
        28.82151677808635
       ],
       [
        77.17873709342565,
        28.821510161639427
       ],
       [
        77.1787295797185,
        28.821149375340834
       ],
       [
        77.17750054925487,
        28.821169220660344
       ],
       [
        77.17748553071438,
        28.820447647410983
       ],
       [
        77.1766661820237,
        28.82046087102033
       ],
       [
        77.17665867578009,
        28.8201000841678
       ],
       [
        77.1762490026383,
        28.820106694011084
       ],
       [
        77.17622648896337,
        28.819024333032736
       ],
       [
        77.17499748140237,
        28.81904415422702
       ],
       [
        77.17498998134911,
        28.818683366897954
       ],
       [
        77.17376097678013,
        28.81870317661896
       ],
       [
        77.17378346466266,
        28.819785539424736
       ],
       [
        77.17419313721976,
        28.819778937132646
       ],
       [
        77.17420063486556,
        28.820139724594437
       ],
       [
        77.17379096089843,
        28.820146326984492
       ],
       [
        77.17379845727167,
        28.820507114523163
       ],
       [
        77.173388781757,
        28.82051371576897
       ],
       [
        77.17339627685763,
        28.820874503384502
       ],
       [
        77.17380595378239,
        28.820867902040753
       ],
       [
        77.17382094721623,
        28.82158947701267
       ],
       [
        77.17341126747124,
        28.821596078552304
       ],
       [
        77.1734187629842,
        28.8219568661046
       ],
       [
        77.1721897186941,
        28.82197666356357
       ],
       [
        77.17220470167119,
        28.822698239192352
       ],
       [
        77.17056596274621,
        28.82272461919481
       ],
       [
        77.1705584768299,
        28.822363830999556
       ],
       [
        77.16932942542537,
        28.8223836026634
       ],
       [
        77.16932194387695,
        28.822022814153705
       ],
       [
        77.16809289546829,
        28.822042574343346
       ],
       [
        77.16810037278609,
        28.822403363146222
       ],
       [
        77.16891974134944,
        28.82239019073334
       ],
       [
        77.16897210615784,
        28.824915710395196
       ],
       [
        77.16856241207252,
        28.82492229790693
       ],
       [
        77.16856989189773,
        28.82528308644347
       ],
       [
        77.16693110854344,
        28.825309424456467
       ],
       [
        77.16694605732164,
        28.826031002247813
       ],
       [
        77.16776545491487,
        28.826017835335616
       ],
       [
        77.16775797763628,
        28.825657046645823
       ],
       [
        77.16816767481677,
        28.82565046142362
       ],
       [
        77.16818263233203,
        28.82637203858675
       ],
       [
        77.16777293233058,
        28.826378624004338
       ],
       [
        77.16778788757334,
        28.82710020127855
       ],
       [
        77.16819759039589,
        28.82709361566555
       ],
       [
        77.1681901112954,
        28.826732827136684
       ],
       [
        77.16859981257024,
        28.82672624037883
       ],
       [
        77.16859233219635,
        28.826365451926616
       ]
      ],
      [
       [
        77.17762071740998,
        28.82694180361797
       ],
       [
        77.17844011632009,
        28.826928571506482
       ],
       [
        77.17844763082154,
        28.82728935756573
       ],
       [
        77.17762822909039,
        28.82730258987353
       ],
       [
        77.17762071740998,
        28.82694180361797
       ]
      ],
      [
       [
        77.17668870158043,
        28.821543231451372
       ],
       [
        77.17627902279831,
        28.82154984168695
       ],
       [
        77.17628652818237,
        28.821910628553198
       ],
       [
        77.17464780603723,
        28.821937057464915
       ],
       [
        77.17463280668784,
        28.821215482927073
       ],
       [
        77.17422312862796,
        28.82122208685329
       ],
       [
        77.17420813264887,
        28.82050051203513
       ],
       [
        77.17502748299074,
        28.82048730333242
       ],
       [
        77.17500498159315,
        28.81940494153501
       ],
       [
        77.17541465232769,
        28.81939833561437
       ],
       [
        77.17543715795536,
        28.820480697117727
       ],
       [
        77.17584683278241,
        28.82047408966081
       ],
       [
        77.17585433634353,
        28.820834876688377
       ],
       [
        77.17626401244306,
        28.820828267891194
       ],
       [
        77.17625650747188,
        28.820467480961682
       ],
       [
        77.1766661820237,
        28.82046087102033
       ],
       [
        77.17668870158043,
        28.821543231451372
       ]
      ],
      [
       [
        77.17465530591822,
        28.82229784470221
       ],
       [
        77.17506498807104,
        28.822291239239714
       ],
       [
        77.17507248949978,
        28.822652026357897
       ],
       [
        77.17425312223617,
        28.822665236236567
       ],
       [
        77.17426062098198,
        28.823026023529668
       ],
       [
        77.17385093573365,
        28.823032626703473
       ],
       [
        77.17384343839808,
        28.8226718393124
       ],
       [
        77.17343375442252,
        28.82267844114589
       ],
       [
        77.17342625863463,
        28.82231765363579
       ],
       [
        77.1738359412,
        28.82231105190025
       ],
       [
        77.17382844413936,
        28.821950264467002
       ],
       [
        77.17464780603723,
        28.821937057464915
       ],
       [
        77.17465530591822,
        28.82229784470221
       ]
      ],
      [
       [
        77.17467030609279,
        28.823019419113514
       ],
       [
        77.17467780638638,
        28.823380206287553
       ],
       [
        77.17508749276992,
        28.82337360053103
       ],
       [
        77.17507999106607,
        28.823012813455005
       ],
       [
        77.1758993605999,
        28.822999598410938
       ],
       [
        77.17590686512428,
        28.823360385290897
       ],
       [
        77.17672623692816,
        28.823347165081294
       ],
       [
        77.17673374441071,
        28.823707951744
       ],
       [
        77.1763240571673,
        28.82371456256807
       ],
       [
        77.1763315633772,
        28.824075349307765
       ],
       [
        77.17551218565688,
        28.824088567424855
       ],
       [
        77.17551968918377,
        28.824449354339578
       ],
       [
        77.17633906972475,
        28.824436136026378
       ],
       [
        77.17634657620997,
        28.824796922723902
       ],
       [
        77.17757565022008,
        28.82477708564165
       ],
       [
        77.17758316107407,
        28.825137872023774
       ],
       [
        77.17717346846467,
        28.825144485725087
       ],
       [
        77.17718848776501,
        28.825866058622275
       ],
       [
        77.1759594006482,
        28.825885892859986
       ],
       [
        77.17594438981038,
        28.825164319374274
       ],
       [
        77.17553469665033,
        28.825170928105766
       ],
       [
        77.17554220059002,
        28.82553171495722
       ],
       [
        77.17431311605311,
        28.825551533990943
       ],
       [
        77.17429811677377,
        28.824829959678883
       ],
       [
        77.17470780893615,
        28.82482335477277
       ],
       [
        77.1747003080924,
        28.82446256768309
       ],
       [
        77.17429061734039,
        28.824469172491206
       ],
       [
        77.17427561888616,
        28.823747598052616
       ],
       [
        77.17345624261091,
        28.82376080354972
       ],
       [
        77.17344874641066,
        28.823400016102873
       ],
       [
        77.17426811986532,
        28.823386810801694
       ],
       [
        77.17426062098198,
        28.823026023529668
       ],
       [
        77.17467030609279,
        28.823019419113514
       ]
      ],
      [
       [
        77.17418563971144,
        28.81941814964977
       ],
       [
        77.17459531072106,
        28.819411546213463
       ],
       [
        77.17460280963937,
        28.819772333598365
       ],
       [
        77.17419313721976,
        28.819778937132646
       ],
       [
        77.17418563971144,
        28.81941814964977
       ]
      ],
      [
       [
        77.17519253106899,
        28.828424617380893
       ],
       [
        77.17520753874163,
        28.829146190879154
       ],
       [
        77.17438812070162,
        28.829159404285942
       ],
       [
        77.17438061961785,
        28.828798617351357
       ],
       [
        77.17479032729597,
        28.828792011367284
       ],
       [
        77.17478282493909,
        28.82843122450959
       ],
       [
        77.17519253106899,
        28.828424617380893
       ]
      ],
      [
       [
        77.1731439990441,
        28.828457640598074
       ],
       [
        77.1731365024673,
        28.828096853327413
       ],
       [
        77.17354620773668,
        28.828090251267184
       ],
       [
        77.1735537057241,
        28.828451038439905
       ],
       [
        77.1731439990441,
        28.828457640598074
       ]
      ],
      [
       [
        77.17230959789808,
        28.827749266232438
       ],
       [
        77.17231709151619,
        28.828110053720014
       ],
       [
        77.17149768001545,
        28.828123249142152
       ],
       [
        77.17147520803681,
        28.827040886028893
       ],
       [
        77.17188490962411,
        28.827034289232742
       ],
       [
        77.17189240155687,
        28.827395076860373
       ],
       [
        77.17271180714043,
        28.82738187934459
       ],
       [
        77.17271930203172,
        28.82774266675535
       ],
       [
        77.17230959789808,
        28.827749266232438
       ]
      ],
      [
       [
        77.17187741782874,
        28.826673501584008
       ],
       [
        77.17228711786814,
        28.826666903643183
       ],
       [
        77.17227962479963,
        28.826306116071258
       ],
       [
        77.17350871986179,
        28.82628631508727
       ],
       [
        77.1735162171618,
        28.826647102365428
       ],
       [
        77.17310651753469,
        28.82665370403389
       ],
       [
        77.17311401356166,
        28.827014491388898
       ],
       [
        77.17188490962411,
        28.827034289232742
       ],
       [
        77.17187741782874,
        28.826673501584008
       ]
      ],
      [
       [
        77.16983640031432,
        28.827067260787807
       ],
       [
        77.16982891557164,
        28.82670647264994
       ],
       [
        77.17023861629767,
        28.82669988092185
       ],
       [
        77.17024610245089,
        28.82706066896193
       ],
       [
        77.16983640031432,
        28.827067260787807
       ]
      ],
      [
       [
        77.16940424845578,
        28.825991486600913
       ],
       [
        77.16939676553528,
        28.825630698302017
       ],
       [
        77.16980646216707,
        28.82562410810982
       ],
       [
        77.16981394649802,
        28.82598489631093
       ],
       [
        77.16940424845578,
        28.825991486600913
       ]
      ],
      [
       [
        77.17185494326687,
        28.82559113851134
       ],
       [
        77.17186243465012,
        28.825951926223304
       ],
       [
        77.17022364440302,
        28.825978304778435
       ],
       [
        77.17020867305747,
        28.825256728550706
       ],
       [
        77.17061836800431,
        28.825250135971306
       ],
       [
        77.17062585501888,
        28.82561092399791
       ],
       [
        77.17185494326687,
        28.82559113851134
       ]
      ],
      [
       [
        77.17800787848773,
        28.82585282958468
       ],
       [
        77.17800036594785,
        28.825492043342894
       ],
       [
        77.17841005969215,
        28.825485427058528
       ],
       [
        77.17841757364246,
        28.825846213202155
       ],
       [
        77.17800787848773,
        28.82585282958468
       ]
      ],
      [
       [
        77.17020118759058,
        28.824895940405213
       ],
       [
        77.17019370226096,
        28.82453515223864
       ],
       [
        77.17101308637575,
        28.82452196622864
       ],
       [
        77.17102057452614,
        28.82488275419959
       ],
       [
        77.17020118759058,
        28.824895940405213
       ]
      ],
      [
       [
        77.17347873203647,
        28.824843165763763
       ],
       [
        77.1734712354238,
        28.82448237838016
       ],
       [
        77.17388092645085,
        28.824475776056893
       ],
       [
        77.17388842447386,
        28.82483656334255
       ],
       [
        77.17347873203647,
        28.824843165763763
       ]
      ],
      [
       [
        77.17797782915477,
        28.824409684490945
       ],
       [
        77.1779703171659,
        28.82404889816478
       ],
       [
        77.17838000526876,
        28.824042282273048
       ],
       [
        77.17838751866796,
        28.824403068501056
       ],
       [
        77.17797782915477,
        28.824409684490945
       ]
      ],
      [
       [
        77.17262187916388,
        28.823052428770744
       ],
       [
        77.17261438605904,
        28.822691641085875
       ],
       [
        77.1730240703095,
        28.822685041737053
       ],
       [
        77.17303156482458,
        28.82304582932401
       ],
       [
        77.17262187916388,
        28.823052428770744
       ]
      ]
     ],
     [
      [
       [
        77.16778788757334,
        28.82710020127855
       ],
       [
        77.16737818461368,
        28.827106785648958
       ],
       [
        77.16738566103017,
        28.827467574352124
       ],
       [
        77.1677953654004,
        28.827460989884035
       ],
       [
        77.16778788757334,
        28.82710020127855
       ]
      ]
     ],
     [
      [
       [
        77.17510999870687,
        28.82445596163254
       ],
       [
        77.175117500961,
        28.824816748624215
       ],
       [
        77.17552719284826,
        28.82481014123321
       ],
       [
        77.17551968918377,
        28.824449354339578
       ],
       [
        77.17510999870687,
        28.82445596163254
       ]
      ]
     ],
     [
      [
       [
        77.17682384493999,
        28.828037390051357
       ],
       [
        77.17723354897105,
        28.828030776807655
       ],
       [
        77.17722603842574,
        28.827669990496165
       ],
       [
        77.17681633580528,
        28.827676603641756
       ],
       [
        77.17682384493999,
        28.828037390051357
       ]
      ]
     ],
     [
      [
       [
        77.17683886362249,
        28.828758962807292
       ],
       [
        77.1772485704748,
        28.82875234936737
       ],
       [
        77.17724105965407,
        28.82839156309805
       ],
       [
        77.1768313542124,
        28.828398176439865
       ],
       [
        77.17683886362249,
        28.828758962807292
       ]
      ]
     ],
     [
      [
       [
        77.18011651458329,
        28.828706020494145
       ],
       [
        77.18010899388814,
        28.828345234912106
       ],
       [
        77.17969928941106,
        28.828351856952228
       ],
       [
        77.17970680869558,
        28.828712642632496
       ],
       [
        77.18011651458329,
        28.828706020494145
       ]
      ]
     ],
     [
      [
       [
        77.18092087905015,
        28.82797120169747
       ],
       [
        77.1801014733309,
        28.82798444930899
       ],
       [
        77.18010899388814,
        28.828345234912106
       ],
       [
        77.18051869822733,
        28.828338611629388
       ],
       [
        77.18052622033309,
        28.82869939711316
       ],
       [
        77.18011651458329,
        28.828706020494145
       ],
       [
        77.18012403541633,
        28.82906680605505
       ],
       [
        77.17971432811798,
        28.829073428291647
       ],
       [
        77.17970680869558,
        28.828712642632496
       ],
       [
        77.17929710267,
        28.828719263528217
       ],
       [
        77.17931213883134,
        28.829440835021877
       ],
       [
        77.17890242984657,
        28.82944745487138
       ],
       [
        77.17890994672332,
        28.829808240684773
       ],
       [
        77.17931965711881,
        28.829801620737065
       ],
       [
        77.17934221280834,
        28.830883977756024
       ],
       [
        77.17975192729821,
        28.83087735627096
       ],
       [
        77.17974440718639,
        28.8305165707173
       ],
       [
        77.1805638329309,
        28.830503324215464
       ],
       [
        77.18055631013547,
        28.83014253883721
       ],
       [
        77.18014659874292,
        28.83014916261123
       ],
       [
        77.18013907749615,
        28.8297883771136
       ],
       [
        77.17972936737641,
        28.829794999546667
       ],
       [
        77.17972184767825,
        28.82943421392971
       ],
       [
        77.1805412649584,
        28.82942096801738
       ],
       [
        77.18053374257678,
        28.82906018257581
       ],
       [
        77.1809434495993,
        28.829053557853932
       ],
       [
        77.1809509733916,
        28.829414343197218
       ],
       [
        77.18136068168683,
        28.829407717134405
       ],
       [
        77.18133810649188,
        28.828325361336123
       ],
       [
        77.18092840242858,
        28.82833198710406
       ],
       [
        77.18092087905015,
        28.82797120169747
       ]
      ]
     ],
     [
      [
       [
        77.1805412649584,
        28.82942096801738
       ],
       [
        77.18055631013547,
        28.83014253883721
       ],
       [
        77.18096602139008,
        28.830135913820495
       ],
       [
        77.1809509733916,
        28.829414343197218
       ],
       [
        77.1805412649584,
        28.82942096801738
       ]
      ]
     ]
    ]
   }
  }
 ]
}