Reference, Reference URL, Secondary, Secondary URL, Pair Perpendicular Baseline (meters), Pair Temporal Baseline (days)
S1A_IW_SLC__1SDV_20211006T125513_20211006T125543_039999_04BC10_4BD1,https://datapool.asf.alaska.edu/SLC/SA/S1A_IW_SLC__1SDV_20211006T125513_20211006T125543_039999_04BC10_4BD1.zip,S1A_IW_SLC__1SDV_20211018T125513_20211018T125543_040174_04C225_F83A,https://datapool.asf.alaska.edu/SLC/SA/S1A_IW_SLC__1SDV_20211018T125513_20211018T125543_040174_04C225_F83A.zip,56,12
S1A_IW_SLC__1SDV_20211006T125513_20211006T125543_039999_04BC10_4BD1,https://datapool.asf.alaska.edu/SLC/SA/S1A_IW_SLC__1SDV_20211006T125513_20211006T125543_039999_04BC10_4BD1.zip,S1A_IW_SLC__1SDV_20211030T125513_20211030T125543_040349_04C839_6B5A,https://datapool.asf.alaska.edu/SLC/SA/S1A_IW_SLC__1SDV_20211030T125513_20211030T125543_040349_04C839_6B5A.zip,100,24
S1A_IW_SLC__1SDV_20211006T125513_20211006T125543_039999_04BC10_4BD1,https://datapool.asf.alaska.edu/SLC/SA/S1A_IW_SLC__1SDV_20211006T125513_20211006T125543_039999_04BC10_4BD1.zip,S1A_IW_SLC__1SDV_20211111T125513_20211111T125543_040524_04CE50_B09E,https://datapool.asf.alaska.edu/SLC/SA/S1A_IW_SLC__1SDV_20211111T125513_20211111T125543_040524_04CE50_B09E.zip,104,36
S1A_IW_SLC__1SDV_20211018T125513_20211018T125543_040174_04C225_F83A,https://datapool.asf.alaska.edu/SLC/SA/S1A_IW_SLC__1SDV_20211018T125513_20211018T125543_040174_04C225_F83A.zip,S1A_IW_SLC__1SDV_20211030T125513_20211030T125543_040349_04C839_6B5A,https://datapool.asf.alaska.edu/SLC/SA/S1A_IW_SLC__1SDV_20211030T125513_20211030T125543_040349_04C839_6B5A.zip,44,12
S1A_IW_SLC__1SDV_20211018T125513_20211018T125543_040174_04C225_F83A,https://datapool.asf.alaska.edu/SLC/SA/S1A_IW_SLC__1SDV_20211018T125513_20211018T125543_040174_04C225_F83A.zip,S1A_IW_SLC__1SDV_20211111T125513_20211111T125543_040524_04CE50_B09E,https://datapool.asf.alaska.edu/SLC/SA/S1A_IW_SLC__1SDV_20211111T125513_20211111T125543_040524_04CE50_B09E.zip,48,24
S1A_IW_SLC__1SDV_20211018T125513_20211018T125543_040174_04C225_F83A,https://datapool.asf.alaska.edu/SLC/SA/S1A_IW_SLC__1SDV_20211018T125513_20211018T125543_040174_04C225_F83A.zip,S1A_IW_SLC__1SDV_20211123T125512_20211123T125542_040699_04D45B_75A3,https://datapool.asf.alaska.edu/SLC/SA/S1A_IW_SLC__1SDV_20211123T125512_20211123T125542_040699_04D45B_75A3.zip,41,36
S1A_IW_SLC__1SDV_20211030T125513_20211030T125543_040349_04C839_6B5A,https://datapool.asf.alaska.edu/SLC/SA/S1A_IW_SLC__1SDV_20211030T125513_20211030T125543_040349_04C839_6B5A.zip,S1A_IW_SLC__1SDV_20211111T125513_20211111T125543_040524_04CE50_B09E,https://datapool.asf.alaska.edu/SLC/SA/S1A_IW_SLC__1SDV_20211111T125513_20211111T125543_040524_04CE50_B09E.zip,4,12
S1A_IW_SLC__1SDV_20211030T125513_20211030T125543_040349_04C839_6B5A,https://datapool.asf.alaska.edu/SLC/SA/S1A_IW_SLC__1SDV_20211030T125513_20211030T125543_040349_04C839_6B5A.zip,S1A_IW_SLC__1SDV_20211123T125512_20211123T125542_040699_04D45B_75A3,https://datapool.asf.alaska.edu/SLC/SA/S1A_IW_SLC__1SDV_20211123T125512_20211123T125542_040699_04D45B_75A3.zip,3,24
S1A_IW_SLC__1SDV_20211030T125513_20211030T125543_040349_04C839_6B5A,https://datapool.asf.alaska.edu/SLC/SA/S1A_IW_SLC__1SDV_20211030T125513_20211030T125543_040349_04C839_6B5A.zip,S1A_IW_SLC__1SDV_20211205T125512_20211205T125542_040874_04DA78_6B05,https://datapool.asf.alaska.edu/SLC/SA/S1A_IW_SLC__1SDV_20211205T125512_20211205T125542_040874_04DA78_6B05.zip,55,36
S1A_IW_SLC__1SDV_20211111T125513_20211111T125543_040524_04CE50_B09E,https://datapool.asf.alaska.edu/SLC/SA/S1A_IW_SLC__1SDV_20211111T125513_20211111T125543_040524_04CE50_B09E.zip,S1A_IW_SLC__1SDV_20211123T125512_20211123T125542_040699_04D45B_75A3,https://datapool.asf.alaska.edu/SLC/SA/S1A_IW_SLC__1SDV_20211123T125512_20211123T125542_040699_04D45B_75A3.zip,7,12
S1A_IW_SLC__1SDV_20211111T125513_20211111T125543_040524_04CE50_B09E,https://datapool.asf.alaska.edu/SLC/SA/S1A_IW_SLC__1SDV_20211111T125513_20211111T125543_040524_04CE50_B09E.zip,S1A_IW_SLC__1SDV_20211205T125512_20211205T125542_040874_04DA78_6B05,https://datapool.asf.alaska.edu/SLC/SA/S1A_IW_SLC__1SDV_20211205T125512_20211205T125542_040874_04DA78_6B05.zip,59,24
S1A_IW_SLC__1SDV_20211111T125513_20211111T125543_040524_04CE50_B09E,https://datapool.asf.alaska.edu/SLC/SA/S1A_IW_SLC__1SDV_20211111T125513_20211111T125543_040524_04CE50_B09E.zip,S1A_IW_SLC__1SDV_20211217T125511_20211217T125541_041049_04E069_9F5A,https://datapool.asf.alaska.edu/SLC/SA/S1A_IW_SLC__1SDV_20211217T125511_20211217T125541_041049_04E069_9F5A.zip,81,36
S1A_IW_SLC__1SDV_20211123T125512_20211123T125542_040699_04D45B_75A3,https://datapool.asf.alaska.edu/SLC/SA/S1A_IW_SLC__1SDV_20211123T125512_20211123T125542_040699_04D45B_75A3.zip,S1A_IW_SLC__1SDV_20211205T125512_20211205T125542_040874_04DA78_6B05,https://datapool.asf.alaska.edu/SLC/SA/S1A_IW_SLC__1SDV_20211205T125512_20211205T125542_040874_04DA78_6B05.zip,52,12
S1A_IW_SLC__1SDV_20211123T125512_20211123T125542_040699_04D45B_75A3,https://datapool.asf.alaska.edu/SLC/SA/S1A_IW_SLC__1SDV_20211123T125512_20211123T125542_040699_04D45B_75A3.zip,S1A_IW_SLC__1SDV_20211217T125511_20211217T125541_041049_04E069_9F5A,https://datapool.asf.alaska.edu/SLC/SA/S1A_IW_SLC__1SDV_20211217T125511_20211217T125541_041049_04E069_9F5A.zip,74,24
S1A_IW_SLC__1SDV_20211123T125512_20211123T125542_040699_04D45B_75A3,https://datapool.asf.alaska.edu/SLC/SA/S1A_IW_SLC__1SDV_20211123T125512_20211123T125542_040699_04D45B_75A3.zip,S1A_IW_SLC__1SDV_20211229T125511_20211229T125541_041224_04E63A_F2C2,https://datapool.asf.alaska.edu/SLC/SA/S1A_IW_SLC__1SDV_20211229T125511_20211229T125541_041224_04E63A_F2C2.zip,118,36
S1A_IW_SLC__1SDV_20211205T125512_20211205T125542_040874_04DA78_6B05,https://datapool.asf.alaska.edu/SLC/SA/S1A_IW_SLC__1SDV_20211205T125512_20211205T125542_040874_04DA78_6B05.zip,S1A_IW_SLC__1SDV_20211217T125511_20211217T125541_041049_04E069_9F5A,https://datapool.asf.alaska.edu/SLC/SA/S1A_IW_SLC__1SDV_20211217T125511_20211217T125541_041049_04E069_9F5A.zip,22,12
S1A_IW_SLC__1SDV_20211205T125512_20211205T125542_040874_04DA78_6B05,https://datapool.asf.alaska.edu/SLC/SA/S1A_IW_SLC__1SDV_20211205T125512_20211205T125542_040874_04DA78_6B05.zip,S1A_IW_SLC__1SDV_20211229T125511_20211229T125541_041224_04E63A_F2C2,https://datapool.asf.alaska.edu/SLC/SA/S1A_IW_SLC__1SDV_20211229T125511_20211229T125541_041224_04E63A_F2C2.zip,66,24
S1A_IW_SLC__1SDV_20211205T125512_20211205T125542_040874_04DA78_6B05,https://datapool.asf.alaska.edu/SLC/SA/S1A_IW_SLC__1SDV_20211205T125512_20211205T125542_040874_04DA78_6B05.zip,S1A_IW_SLC__1SDV_20220110T125510_20220110T125540_041399_04EC23_C5F0,https://datapool.asf.alaska.edu/SLC/SA/S1A_IW_SLC__1SDV_20220110T125510_20220110T125540_041399_04EC23_C5F0.zip,50,36
S1A_IW_SLC__1SDV_20211217T125511_20211217T125541_041049_04E069_9F5A,https://datapool.asf.alaska.edu/SLC/SA/S1A_IW_SLC__1SDV_20211217T125511_20211217T125541_041049_04E069_9F5A.zip,S1A_IW_SLC__1SDV_20211229T125511_20211229T125541_041224_04E63A_F2C2,https://datapool.asf.alaska.edu/SLC/SA/S1A_IW_SLC__1SDV_20211229T125511_20211229T125541_041224_04E63A_F2C2.zip,44,12
S1A_IW_SLC__1SDV_20211217T125511_20211217T125541_041049_04E069_9F5A,https://datapool.asf.alaska.edu/SLC/SA/S1A_IW_SLC__1SDV_20211217T125511_20211217T125541_041049_04E069_9F5A.zip,S1A_IW_SLC__1SDV_20220110T125510_20220110T125540_041399_04EC23_C5F0,https://datapool.asf.alaska.edu/SLC/SA/S1A_IW_SLC__1SDV_20220110T125510_20220110T125540_041399_04EC23_C5F0.zip,72,24
S1A_IW_SLC__1SDV_20211217T125511_20211217T125541_041049_04E069_9F5A,https://datapool.asf.alaska.edu/SLC/SA/S1A_IW_SLC__1SDV_20211217T125511_20211217T125541_041049_04E069_9F5A.zip,S1A_IW_SLC__1SDV_20220122T125510_20220122T125539_041574_04F1E1_7B5A,https://datapool.asf.alaska.edu/SLC/SA/S1A_IW_SLC__1SDV_20220122T125510_20220122T125539_041574_04F1E1_7B5A.zip,7,36
S1A_IW_SLC__1SDV_20211229T125511_20211229T125541_041224_04E63A_F2C2,https://datapool.asf.alaska.edu/SLC/SA/S1A_IW_SLC__1SDV_20211229T125511_20211229T125541_041224_04E63A_F2C2.zip,S1A_IW_SLC__1SDV_20220110T125510_20220110T125540_041399_04EC23_C5F0,https://datapool.asf.alaska.edu/SLC/SA/S1A_IW_SLC__1SDV_20220110T125510_20220110T125540_041399_04EC23_C5F0.zip,116,12
S1A_IW_SLC__1SDV_20211229T125511_20211229T125541_041224_04E63A_F2C2,https://datapool.asf.alaska.edu/SLC/SA/S1A_IW_SLC__1SDV_20211229T125511_20211229T125541_041224_04E63A_F2C2.zip,S1A_IW_SLC__1SDV_20220122T125510_20220122T125539_041574_04F1E1_7B5A,https://datapool.asf.alaska.edu/SLC/SA/S1A_IW_SLC__1SDV_20220122T125510_20220122T125539_041574_04F1E1_7B5A.zip,51,24
S1A_IW_SLC__1SDV_20211229T125511_20211229T125541_041224_04E63A_F2C2,https://datapool.asf.alaska.edu/SLC/SA/S1A_IW_SLC__1SDV_20211229T125511_20211229T125541_041224_04E63A_F2C2.zip,S1A_IW_SLC__1SDV_20220203T125509_20220203T125539_041749_04F7D1_04F6,https://datapool.asf.alaska.edu/SLC/SA/S1A_IW_SLC__1SDV_20220203T125509_20220203T125539_041749_04F7D1_04F6.zip,17,36
S1A_IW_SLC__1SDV_20220110T125510_20220110T125540_041399_04EC23_C5F0,https://datapool.asf.alaska.edu/SLC/SA/S1A_IW_SLC__1SDV_20220110T125510_20220110T125540_041399_04EC23_C5F0.zip,S1A_IW_SLC__1SDV_20220122T125510_20220122T125539_041574_04F1E1_7B5A,https://datapool.asf.alaska.edu/SLC/SA/S1A_IW_SLC__1SDV_20220122T125510_20220122T125539_041574_04F1E1_7B5A.zip,65,12
S1A_IW_SLC__1SDV_20220110T125510_20220110T125540_041399_04EC23_C5F0,https://datapool.asf.alaska.edu/SLC/SA/S1A_IW_SLC__1SDV_20220110T125510_20220110T125540_041399_04EC23_C5F0.zip,S1A_IW_SLC__1SDV_20220203T125509_20220203T125539_041749_04F7D1_04F6,https://datapool.asf.alaska.edu/SLC/SA/S1A_IW_SLC__1SDV_20220203T125509_20220203T125539_041749_04F7D1_04F6.zip,133,24
S1A_IW_SLC__1SDV_20220110T125510_20220110T125540_041399_04EC23_C5F0,https://datapool.asf.alaska.edu/SLC/SA/S1A_IW_SLC__1SDV_20220110T125510_20220110T125540_041399_04EC23_C5F0.zip,S1A_IW_SLC__1SDV_20220215T125509_20220215T125539_041924_04FDF9_3B5F,https://datapool.asf.alaska.edu/SLC/SA/S1A_IW_SLC__1SDV_20220215T125509_20220215T125539_041924_04FDF9_3B5F.zip,52,36
S1A_IW_SLC__1SDV_20220122T125510_20220122T125539_041574_04F1E1_7B5A,https://datapool.asf.alaska.edu/SLC/SA/S1A_IW_SLC__1SDV_20220122T125510_20220122T125539_041574_04F1E1_7B5A.zip,S1A_IW_SLC__1SDV_20220203T125509_20220203T125539_041749_04F7D1_04F6,https://datapool.asf.alaska.edu/SLC/SA/S1A_IW_SLC__1SDV_20220203T125509_20220203T125539_041749_04F7D1_04F6.zip,68,12
S1A_IW_SLC__1SDV_20220122T125510_20220122T125539_041574_04F1E1_7B5A,https://datapool.asf.alaska.edu/SLC/SA/S1A_IW_SLC__1SDV_20220122T125510_20220122T125539_041574_04F1E1_7B5A.zip,S1A_IW_SLC__1SDV_20220215T125509_20220215T125539_041924_04FDF9_3B5F,https://datapool.asf.alaska.edu/SLC/SA/S1A_IW_SLC__1SDV_20220215T125509_20220215T125539_041924_04FDF9_3B5F.zip,13,24
S1A_IW_SLC__1SDV_20220122T125510_20220122T125539_041574_04F1E1_7B5A,https://datapool.asf.alaska.edu/SLC/SA/S1A_IW_SLC__1SDV_20220122T125510_20220122T125539_041574_04F1E1_7B5A.zip,S1A_IW_SLC__1SDV_20220227T125509_20220227T125539_042099_0503FF_D031,https://datapool.asf.alaska.edu/SLC/SA/S1A_IW_SLC__1SDV_20220227T125509_20220227T125539_042099_0503FF_D031.zip,31,36
S1A_IW_SLC__1SDV_20220203T125509_20220203T125539_041749_04F7D1_04F6,https://datapool.asf.alaska.edu/SLC/SA/S1A_IW_SLC__1SDV_20220203T125509_20220203T125539_041749_04F7D1_04F6.zip,S1A_IW_SLC__1SDV_20220215T125509_20220215T125539_041924_04FDF9_3B5F,https://datapool.asf.alaska.edu/SLC/SA/S1A_IW_SLC__1SDV_20220215T125509_20220215T125539_041924_04FDF9_3B5F.zip,81,12
S1A_IW_SLC__1SDV_20220203T125509_20220203T125539_041749_04F7D1_04F6,https://datapool.asf.alaska.edu/SLC/SA/S1A_IW_SLC__1SDV_20220203T125509_20220203T125539_041749_04F7D1_04F6.zip,S1A_IW_SLC__1SDV_20220227T125509_20220227T125539_042099_0503FF_D031,https://datapool.asf.alaska.edu/SLC/SA/S1A_IW_SLC__1SDV_20220227T125509_20220227T125539_042099_0503FF_D031.zip,99,24
S1A_IW_SLC__1SDV_20220203T125509_20220203T125539_041749_04F7D1_04F6,https://datapool.asf.alaska.edu/SLC/SA/S1A_IW_SLC__1SDV_20220203T125509_20220203T125539_041749_04F7D1_04F6.zip,S1A_IW_SLC__1SDV_20220311T125509_20220311T125539_042274_0509EE_236F,https://datapool.asf.alaska.edu/SLC/SA/S1A_IW_SLC__1SDV_20220311T125509_20220311T125539_042274_0509EE_236F.zip,123,36
S1A_IW_SLC__1SDV_20220215T125509_20220215T125539_041924_04FDF9_3B5F,https://datapool.asf.alaska.edu/SLC/SA/S1A_IW_SLC__1SDV_20220215T125509_20220215T125539_041924_04FDF9_3B5F.zip,S1A_IW_SLC__1SDV_20220227T125509_20220227T125539_042099_0503FF_D031,https://datapool.asf.alaska.edu/SLC/SA/S1A_IW_SLC__1SDV_20220227T125509_20220227T125539_042099_0503FF_D031.zip,18,12
S1A_IW_SLC__1SDV_20220215T125509_20220215T125539_041924_04FDF9_3B5F,https://datapool.asf.alaska.edu/SLC/SA/S1A_IW_SLC__1SDV_20220215T125509_20220215T125539_041924_04FDF9_3B5F.zip,S1A_IW_SLC__1SDV_20220311T125509_20220311T125539_042274_0509EE_236F,https://datapool.asf.alaska.edu/SLC/SA/S1A_IW_SLC__1SDV_20220311T125509_20220311T125539_042274_0509EE_236F.zip,42,24
S1A_IW_SLC__1SDV_20220215T125509_20220215T125539_041924_04FDF9_3B5F,https://datapool.asf.alaska.edu/SLC/SA/S1A_IW_SLC__1SDV_20220215T125509_20220215T125539_041924_04FDF9_3B5F.zip,S1A_IW_SLC__1SDV_20220323T125509_20220323T125539_042449_050FE4_4807,https://datapool.asf.alaska.edu/SLC/SA/S1A_IW_SLC__1SDV_20220323T125509_20220323T125539_042449_050FE4_4807.zip,120,36
S1A_IW_SLC__1SDV_20220227T125509_20220227T125539_042099_0503FF_D031,https://datapool.asf.alaska.edu/SLC/SA/S1A_IW_SLC__1SDV_20220227T125509_20220227T125539_042099_0503FF_D031.zip,S1A_IW_SLC__1SDV_20220311T125509_20220311T125539_042274_0509EE_236F,https://datapool.asf.alaska.edu/SLC/SA/S1A_IW_SLC__1SDV_20220311T125509_20220311T125539_042274_0509EE_236F.zip,24,12
S1A_IW_SLC__1SDV_20220227T125509_20220227T125539_042099_0503FF_D031,https://datapool.asf.alaska.edu/SLC/SA/S1A_IW_SLC__1SDV_20220227T125509_20220227T125539_042099_0503FF_D031.zip,S1A_IW_SLC__1SDV_20220323T125509_20220323T125539_042449_050FE4_4807,https://datapool.asf.alaska.edu/SLC/SA/S1A_IW_SLC__1SDV_20220323T125509_20220323T125539_042449_050FE4_4807.zip,102,24
S1A_IW_SLC__1SDV_20220227T125509_20220227T125539_042099_0503FF_D031,https://datapool.asf.alaska.edu/SLC/SA/S1A_IW_SLC__1SDV_20220227T125509_20220227T125539_042099_0503FF_D031.zip,S1A_IW_SLC__1SDV_20220404T125510_20220404T125539_042624_0515D9_FA07,https://datapool.asf.alaska.edu/SLC/SA/S1A_IW_SLC__1SDV_20220404T125510_20220404T125539_042624_0515D9_FA07.zip,45,36
S1A_IW_SLC__1SDV_20220311T125509_20220311T125539_042274_0509EE_236F,https://datapool.asf.alaska.edu/SLC/SA/S1A_IW_SLC__1SDV_20220311T125509_20220311T125539_042274_0509EE_236F.zip,S1A_IW_SLC__1SDV_20220323T125509_20220323T125539_042449_050FE4_4807,https://datapool.asf.alaska.edu/SLC/SA/S1A_IW_SLC__1SDV_20220323T125509_20220323T125539_042449_050FE4_4807.zip,78,12
S1A_IW_SLC__1SDV_20220311T125509_20220311T125539_042274_0509EE_236F,https://datapool.asf.alaska.edu/SLC/SA/S1A_IW_SLC__1SDV_20220311T125509_20220311T125539_042274_0509EE_236F.zip,S1A_IW_SLC__1SDV_20220404T125510_20220404T125539_042624_0515D9_FA07,https://datapool.asf.alaska.edu/SLC/SA/S1A_IW_SLC__1SDV_20220404T125510_20220404T125539_042624_0515D9_FA07.zip,21,24
S1A_IW_SLC__1SDV_20220311T125509_20220311T125539_042274_0509EE_236F,https://datapool.asf.alaska.edu/SLC/SA/S1A_IW_SLC__1SDV_20220311T125509_20220311T125539_042274_0509EE_236F.zip,S1A_IW_SLC__1SDV_20220416T125510_20220416T125540_042799_051BBC_064F,https://datapool.asf.alaska.edu/SLC/SA/S1A_IW_SLC__1SDV_20220416T125510_20220416T125540_042799_051BBC_064F.zip,4,36
S1A_IW_SLC__1SDV_20220323T125509_20220323T125539_042449_050FE4_4807,https://datapool.asf.alaska.edu/SLC/SA/S1A_IW_SLC__1SDV_20220323T125509_20220323T125539_042449_050FE4_4807.zip,S1A_IW_SLC__1SDV_20220404T125510_20220404T125539_042624_0515D9_FA07,https://datapool.asf.alaska.edu/SLC/SA/S1A_IW_SLC__1SDV_20220404T125510_20220404T125539_042624_0515D9_FA07.zip,57,12
S1A_IW_SLC__1SDV_20220323T125509_20220323T125539_042449_050FE4_4807,https://datapool.asf.alaska.edu/SLC/SA/S1A_IW_SLC__1SDV_20220323T125509_20220323T125539_042449_050FE4_4807.zip,S1A_IW_SLC__1SDV_20220416T125510_20220416T125540_042799_051BBC_064F,https://datapool.asf.alaska.edu/SLC/SA/S1A_IW_SLC__1SDV_20220416T125510_20220416T125540_042799_051BBC_064F.zip,82,24
S1A_IW_SLC__1SDV_20220323T125509_20220323T125539_042449_050FE4_4807,https://datapool.asf.alaska.edu/SLC/SA/S1A_IW_SLC__1SDV_20220323T125509_20220323T125539_042449_050FE4_4807.zip,S1A_IW_SLC__1SDV_20220428T125510_20220428T125540_042974_052174_880C,https://datapool.asf.alaska.edu/SLC/SA/S1A_IW_SLC__1SDV_20220428T125510_20220428T125540_042974_052174_880C.zip,32,36
S1A_IW_SLC__1SDV_20220404T125510_20220404T125539_042624_0515D9_FA07,https://datapool.asf.alaska.edu/SLC/SA/S1A_IW_SLC__1SDV_20220404T125510_20220404T125539_042624_0515D9_FA07.zip,S1A_IW_SLC__1SDV_20220416T125510_20220416T125540_042799_051BBC_064F,https://datapool.asf.alaska.edu/SLC/SA/S1A_IW_SLC__1SDV_20220416T125510_20220416T125540_042799_051BBC_064F.zip,25,12
S1A_IW_SLC__1SDV_20220404T125510_20220404T125539_042624_0515D9_FA07,https://datapool.asf.alaska.edu/SLC/SA/S1A_IW_SLC__1SDV_20220404T125510_20220404T125539_042624_0515D9_FA07.zip,S1A_IW_SLC__1SDV_20220428T125510_20220428T125540_042974_052174_880C,https://datapool.asf.alaska.edu/SLC/SA/S1A_IW_SLC__1SDV_20220428T125510_20220428T125540_042974_052174_880C.zip,25,24
S1A_IW_SLC__1SDV_20220404T125510_20220404T125539_042624_0515D9_FA07,https://datapool.asf.alaska.edu/SLC/SA/S1A_IW_SLC__1SDV_20220404T125510_20220404T125539_042624_0515D9_FA07.zip,S1A_IW_SLC__1SDV_20220510T125511_20220510T125541_043149_052740_CE2D,https://datapool.asf.alaska.edu/SLC/SA/S1A_IW_SLC__1SDV_20220510T125511_20220510T125541_043149_052740_CE2D.zip,33,36
S1A_IW_SLC__1SDV_20220416T125510_20220416T125540_042799_051BBC_064F,https://datapool.asf.alaska.edu/SLC/SA/S1A_IW_SLC__1SDV_20220416T125510_20220416T125540_042799_051BBC_064F.zip,S1A_IW_SLC__1SDV_20220428T125510_20220428T125540_042974_052174_880C,https://datapool.asf.alaska.edu/SLC/SA/S1A_IW_SLC__1SDV_20220428T125510_20220428T125540_042974_052174_880C.zip,50,12
S1A_IW_SLC__1SDV_20220416T125510_20220416T125540_042799_051BBC_064F,https://datapool.asf.alaska.edu/SLC/SA/S1A_IW_SLC__1SDV_20220416T125510_20220416T125540_042799_051BBC_064F.zip,S1A_IW_SLC__1SDV_20220510T125511_20220510T125541_043149_052740_CE2D,https://datapool.asf.alaska.edu/SLC/SA/S1A_IW_SLC__1SDV_20220510T125511_20220510T125541_043149_052740_CE2D.zip,8,24
S1A_IW_SLC__1SDV_20220416T125510_20220416T125540_042799_051BBC_064F,https://datapool.asf.alaska.edu/SLC/SA/S1A_IW_SLC__1SDV_20220416T125510_20220416T125540_042799_051BBC_064F.zip,S1A_IW_SLC__1SDV_20220522T125512_20220522T125542_043324_052C76_FB43,https://datapool.asf.alaska.edu/SLC/SA/S1A_IW_SLC__1SDV_20220522T125512_20220522T125542_043324_052C76_FB43.zip,28,36
S1A_IW_SLC__1SDV_20220428T125510_20220428T125540_042974_052174_880C,https://datapool.asf.alaska.edu/SLC/SA/S1A_IW_SLC__1SDV_20220428T125510_20220428T125540_042974_052174_880C.zip,S1A_IW_SLC__1SDV_20220510T125511_20220510T125541_043149_052740_CE2D,https://datapool.asf.alaska.edu/SLC/SA/S1A_IW_SLC__1SDV_20220510T125511_20220510T125541_043149_052740_CE2D.zip,58,12
S1A_IW_SLC__1SDV_20220428T125510_20220428T125540_042974_052174_880C,https://datapool.asf.alaska.edu/SLC/SA/S1A_IW_SLC__1SDV_20220428T125510_20220428T125540_042974_052174_880C.zip,S1A_IW_SLC__1SDV_20220522T125512_20220522T125542_043324_052C76_FB43,https://datapool.asf.alaska.edu/SLC/SA/S1A_IW_SLC__1SDV_20220522T125512_20220522T125542_043324_052C76_FB43.zip,78,24
S1A_IW_SLC__1SDV_20220428T125510_20220428T125540_042974_052174_880C,https://datapool.asf.alaska.edu/SLC/SA/S1A_IW_SLC__1SDV_20220428T125510_20220428T125540_042974_052174_880C.zip,S1A_IW_SLC__1SDV_20220603T125513_20220603T125543_043499_05319C_798B,https://datapool.asf.alaska.edu/SLC/SA/S1A_IW_SLC__1SDV_20220603T125513_20220603T125543_043499_05319C_798B.zip,29,36
S1A_IW_SLC__1SDV_20220510T125511_20220510T125541_043149_052740_CE2D,https://datapool.asf.alaska.edu/SLC/SA/S1A_IW_SLC__1SDV_20220510T125511_20220510T125541_043149_052740_CE2D.zip,S1A_IW_SLC__1SDV_20220522T125512_20220522T125542_043324_052C76_FB43,https://datapool.asf.alaska.edu/SLC/SA/S1A_IW_SLC__1SDV_20220522T125512_20220522T125542_043324_052C76_FB43.zip,20,12
S1A_IW_SLC__1SDV_20220510T125511_20220510T125541_043149_052740_CE2D,https://datapool.asf.alaska.edu/SLC/SA/S1A_IW_SLC__1SDV_20220510T125511_20220510T125541_043149_052740_CE2D.zip,S1A_IW_SLC__1SDV_20220603T125513_20220603T125543_043499_05319C_798B,https://datapool.asf.alaska.edu/SLC/SA/S1A_IW_SLC__1SDV_20220603T125513_20220603T125543_043499_05319C_798B.zip,87,24
S1A_IW_SLC__1SDV_20220510T125511_20220510T125541_043149_052740_CE2D,https://datapool.asf.alaska.edu/SLC/SA/S1A_IW_SLC__1SDV_20220510T125511_20220510T125541_043149_052740_CE2D.zip,S1A_IW_SLC__1SDV_20220615T125513_20220615T125543_043674_0536DA_E905,https://datapool.asf.alaska.edu/SLC/SA/S1A_IW_SLC__1SDV_20220615T125513_20220615T125543_043674_0536DA_E905.zip,92,36
S1A_IW_SLC__1SDV_20220522T125512_20220522T125542_043324_052C76_FB43,https://datapool.asf.alaska.edu/SLC/SA/S1A_IW_SLC__1SDV_20220522T125512_20220522T125542_043324_052C76_FB43.zip,S1A_IW_SLC__1SDV_20220603T125513_20220603T125543_043499_05319C_798B,https://datapool.asf.alaska.edu/SLC/SA/S1A_IW_SLC__1SDV_20220603T125513_20220603T125543_043499_05319C_798B.zip,107,12
S1A_IW_SLC__1SDV_20220522T125512_20220522T125542_043324_052C76_FB43,https://datapool.asf.alaska.edu/SLC/SA/S1A_IW_SLC__1SDV_20220522T125512_20220522T125542_043324_052C76_FB43.zip,S1A_IW_SLC__1SDV_20220615T125513_20220615T125543_043674_0536DA_E905,https://datapool.asf.alaska.edu/SLC/SA/S1A_IW_SLC__1SDV_20220615T125513_20220615T125543_043674_0536DA_E905.zip,72,24
S1A_IW_SLC__1SDV_20220522T125512_20220522T125542_043324_052C76_FB43,https://datapool.asf.alaska.edu/SLC/SA/S1A_IW_SLC__1SDV_20220522T125512_20220522T125542_043324_052C76_FB43.zip,S1A_IW_SLC__1SDV_20220627T125514_20220627T125544_043849_053C18_5A82,https://datapool.asf.alaska.edu/SLC/SA/S1A_IW_SLC__1SDV_20220627T125514_20220627T125544_043849_053C18_5A82.zip,45,36
S1A_IW_SLC__1SDV_20220603T125513_20220603T125543_043499_05319C_798B,https://datapool.asf.alaska.edu/SLC/SA/S1A_IW_SLC__1SDV_20220603T125513_20220603T125543_043499_05319C_798B.zip,S1A_IW_SLC__1SDV_20220615T125513_20220615T125543_043674_0536DA_E905,https://datapool.asf.alaska.edu/SLC/SA/S1A_IW_SLC__1SDV_20220615T125513_20220615T125543_043674_0536DA_E905.zip,179,12
S1A_IW_SLC__1SDV_20220603T125513_20220603T125543_043499_05319C_798B,https://datapool.asf.alaska.edu/SLC/SA/S1A_IW_SLC__1SDV_20220603T125513_20220603T125543_043499_05319C_798B.zip,S1A_IW_SLC__1SDV_20220627T125514_20220627T125544_043849_053C18_5A82,https://datapool.asf.alaska.edu/SLC/SA/S1A_IW_SLC__1SDV_20220627T125514_20220627T125544_043849_053C18_5A82.zip,62,24
S1A_IW_SLC__1SDV_20220603T125513_20220603T125543_043499_05319C_798B,https://datapool.asf.alaska.edu/SLC/SA/S1A_IW_SLC__1SDV_20220603T125513_20220603T125543_043499_05319C_798B.zip,S1A_IW_SLC__1SDV_20220709T125515_20220709T125545_044024_054146_E938,https://datapool.asf.alaska.edu/SLC/SA/S1A_IW_SLC__1SDV_20220709T125515_20220709T125545_044024_054146_E938.zip,15,36
S1A_IW_SLC__1SDV_20220615T125513_20220615T125543_043674_0536DA_E905,https://datapool.asf.alaska.edu/SLC/SA/S1A_IW_SLC__1SDV_20220615T125513_20220615T125543_043674_0536DA_E905.zip,S1A_IW_SLC__1SDV_20220627T125514_20220627T125544_043849_053C18_5A82,https://datapool.asf.alaska.edu/SLC/SA/S1A_IW_SLC__1SDV_20220627T125514_20220627T125544_043849_053C18_5A82.zip,117,12
S1A_IW_SLC__1SDV_20220615T125513_20220615T125543_043674_0536DA_E905,https://datapool.asf.alaska.edu/SLC/SA/S1A_IW_SLC__1SDV_20220615T125513_20220615T125543_043674_0536DA_E905.zip,S1A_IW_SLC__1SDV_20220709T125515_20220709T125545_044024_054146_E938,https://datapool.asf.alaska.edu/SLC/SA/S1A_IW_SLC__1SDV_20220709T125515_20220709T125545_044024_054146_E938.zip,164,24
S1A_IW_SLC__1SDV_20220615T125513_20220615T125543_043674_0536DA_E905,https://datapool.asf.alaska.edu/SLC/SA/S1A_IW_SLC__1SDV_20220615T125513_20220615T125543_043674_0536DA_E905.zip,S1A_IW_SLC__1SDV_20220721T125516_20220721T125546_044199_054682_80CC,https://datapool.asf.alaska.edu/SLC/SA/S1A_IW_SLC__1SDV_20220721T125516_20220721T125546_044199_054682_80CC.zip,153,36
S1A_IW_SLC__1SDV_20220627T125514_20220627T125544_043849_053C18_5A82,https://datapool.asf.alaska.edu/SLC/SA/S1A_IW_SLC__1SDV_20220627T125514_20220627T125544_043849_053C18_5A82.zip,S1A_IW_SLC__1SDV_20220709T125515_20220709T125545_044024_054146_E938,https://datapool.asf.alaska.edu/SLC/SA/S1A_IW_SLC__1SDV_20220709T125515_20220709T125545_044024_054146_E938.zip,47,12
S1A_IW_SLC__1SDV_20220627T125514_20220627T125544_043849_053C18_5A82,https://datapool.asf.alaska.edu/SLC/SA/S1A_IW_SLC__1SDV_20220627T125514_20220627T125544_043849_053C18_5A82.zip,S1A_IW_SLC__1SDV_20220721T125516_20220721T125546_044199_054682_80CC,https://datapool.asf.alaska.edu/SLC/SA/S1A_IW_SLC__1SDV_20220721T125516_20220721T125546_044199_054682_80CC.zip,36,24
S1A_IW_SLC__1SDV_20220627T125514_20220627T125544_043849_053C18_5A82,https://datapool.asf.alaska.edu/SLC/SA/S1A_IW_SLC__1SDV_20220627T125514_20220627T125544_043849_053C18_5A82.zip,S1A_IW_SLC__1SDV_20220802T125517_20220802T125546_044374_054BAC_2F4E,https://datapool.asf.alaska.edu/SLC/SA/S1A_IW_SLC__1SDV_20220802T125517_20220802T125546_044374_054BAC_2F4E.zip,25,36
S1A_IW_SLC__1SDV_20220709T125515_20220709T125545_044024_054146_E938,https://datapool.asf.alaska.edu/SLC/SA/S1A_IW_SLC__1SDV_20220709T125515_20220709T125545_044024_054146_E938.zip,S1A_IW_SLC__1SDV_20220721T125516_20220721T125546_044199_054682_80CC,https://datapool.asf.alaska.edu/SLC/SA/S1A_IW_SLC__1SDV_20220721T125516_20220721T125546_044199_054682_80CC.zip,11,12
S1A_IW_SLC__1SDV_20220709T125515_20220709T125545_044024_054146_E938,https://datapool.asf.alaska.edu/SLC/SA/S1A_IW_SLC__1SDV_20220709T125515_20220709T125545_044024_054146_E938.zip,S1A_IW_SLC__1SDV_20220802T125517_20220802T125546_044374_054BAC_2F4E,https://datapool.asf.alaska.edu/SLC/SA/S1A_IW_SLC__1SDV_20220802T125517_20220802T125546_044374_054BAC_2F4E.zip,22,24
S1A_IW_SLC__1SDV_20220709T125515_20220709T125545_044024_054146_E938,https://datapool.asf.alaska.edu/SLC/SA/S1A_IW_SLC__1SDV_20220709T125515_20220709T125545_044024_054146_E938.zip,S1A_IW_SLC__1SDV_20220814T125517_20220814T125547_044549_055128_7CE5,https://datapool.asf.alaska.edu/SLC/SA/S1A_IW_SLC__1SDV_20220814T125517_20220814T125547_044549_055128_7CE5.zip,71,36
S1A_IW_SLC__1SDV_20220721T125516_20220721T125546_044199_054682_80CC,https://datapool.asf.alaska.edu/SLC/SA/S1A_IW_SLC__1SDV_20220721T125516_20220721T125546_044199_054682_80CC.zip,S1A_IW_SLC__1SDV_20220802T125517_20220802T125546_044374_054BAC_2F4E,https://datapool.asf.alaska.edu/SLC/SA/S1A_IW_SLC__1SDV_20220802T125517_20220802T125546_044374_054BAC_2F4E.zip,11,12
S1A_IW_SLC__1SDV_20220721T125516_20220721T125546_044199_054682_80CC,https://datapool.asf.alaska.edu/SLC/SA/S1A_IW_SLC__1SDV_20220721T125516_20220721T125546_044199_054682_80CC.zip,S1A_IW_SLC__1SDV_20220814T125517_20220814T125547_044549_055128_7CE5,https://datapool.asf.alaska.edu/SLC/SA/S1A_IW_SLC__1SDV_20220814T125517_20220814T125547_044549_055128_7CE5.zip,60,24
S1A_IW_SLC__1SDV_20220721T125516_20220721T125546_044199_054682_80CC,https://datapool.asf.alaska.edu/SLC/SA/S1A_IW_SLC__1SDV_20220721T125516_20220721T125546_044199_054682_80CC.zip,S1A_IW_SLC__1SDV_20220826T125518_20220826T125548_044724_05570E_B5B7,https://datapool.asf.alaska.edu/SLC/SA/S1A_IW_SLC__1SDV_20220826T125518_20220826T125548_044724_05570E_B5B7.zip,105,36
S1A_IW_SLC__1SDV_20220802T125517_20220802T125546_044374_054BAC_2F4E,https://datapool.asf.alaska.edu/SLC/SA/S1A_IW_SLC__1SDV_20220802T125517_20220802T125546_044374_054BAC_2F4E.zip,S1A_IW_SLC__1SDV_20220814T125517_20220814T125547_044549_055128_7CE5,https://datapool.asf.alaska.edu/SLC/SA/S1A_IW_SLC__1SDV_20220814T125517_20220814T125547_044549_055128_7CE5.zip,49,12
S1A_IW_SLC__1SDV_20220802T125517_20220802T125546_044374_054BAC_2F4E,https://datapool.asf.alaska.edu/SLC/SA/S1A_IW_SLC__1SDV_20220802T125517_20220802T125546_044374_054BAC_2F4E.zip,S1A_IW_SLC__1SDV_20220826T125518_20220826T125548_044724_05570E_B5B7,https://datapool.asf.alaska.edu/SLC/SA/S1A_IW_SLC__1SDV_20220826T125518_20220826T125548_044724_05570E_B5B7.zip,94,24
S1A_IW_SLC__1SDV_20220802T125517_20220802T125546_044374_054BAC_2F4E,https://datapool.asf.alaska.edu/SLC/SA/S1A_IW_SLC__1SDV_20220802T125517_20220802T125546_044374_054BAC_2F4E.zip,S1A_IW_SLC__1SDV_20220907T125519_20220907T125548_044899_055CF1_3B2E,https://datapool.asf.alaska.edu/SLC/SA/S1A_IW_SLC__1SDV_20220907T125519_20220907T125548_044899_055CF1_3B2E.zip,111,36
S1A_IW_SLC__1SDV_20220814T125517_20220814T125547_044549_055128_7CE5,https://datapool.asf.alaska.edu/SLC/SA/S1A_IW_SLC__1SDV_20220814T125517_20220814T125547_044549_055128_7CE5.zip,S1A_IW_SLC__1SDV_20220826T125518_20220826T125548_044724_05570E_B5B7,https://datapool.asf.alaska.edu/SLC/SA/S1A_IW_SLC__1SDV_20220826T125518_20220826T125548_044724_05570E_B5B7.zip,45,12
S1A_IW_SLC__1SDV_20220814T125517_20220814T125547_044549_055128_7CE5,https://datapool.asf.alaska.edu/SLC/SA/S1A_IW_SLC__1SDV_20220814T125517_20220814T125547_044549_055128_7CE5.zip,S1A_IW_SLC__1SDV_20220907T125519_20220907T125548_044899_055CF1_3B2E,https://datapool.asf.alaska.edu/SLC/SA/S1A_IW_SLC__1SDV_20220907T125519_20220907T125548_044899_055CF1_3B2E.zip,160,24
S1A_IW_SLC__1SDV_20220814T125517_20220814T125547_044549_055128_7CE5,https://datapool.asf.alaska.edu/SLC/SA/S1A_IW_SLC__1SDV_20220814T125517_20220814T125547_044549_055128_7CE5.zip,S1A_IW_SLC__1SDV_20220919T125518_20220919T125548_045074_0562DA_62CE,https://datapool.asf.alaska.edu/SLC/SA/S1A_IW_SLC__1SDV_20220919T125518_20220919T125548_045074_0562DA_62CE.zip,91,36
S1A_IW_SLC__1SDV_20220826T125518_20220826T125548_044724_05570E_B5B7,https://datapool.asf.alaska.edu/SLC/SA/S1A_IW_SLC__1SDV_20220826T125518_20220826T125548_044724_05570E_B5B7.zip,S1A_IW_SLC__1SDV_20220907T125519_20220907T125548_044899_055CF1_3B2E,https://datapool.asf.alaska.edu/SLC/SA/S1A_IW_SLC__1SDV_20220907T125519_20220907T125548_044899_055CF1_3B2E.zip,205,12
S1A_IW_SLC__1SDV_20220826T125518_20220826T125548_044724_05570E_B5B7,https://datapool.asf.alaska.edu/SLC/SA/S1A_IW_SLC__1SDV_20220826T125518_20220826T125548_044724_05570E_B5B7.zip,S1A_IW_SLC__1SDV_20220919T125518_20220919T125548_045074_0562DA_62CE,https://datapool.asf.alaska.edu/SLC/SA/S1A_IW_SLC__1SDV_20220919T125518_20220919T125548_045074_0562DA_62CE.zip,46,24
S1A_IW_SLC__1SDV_20220826T125518_20220826T125548_044724_05570E_B5B7,https://datapool.asf.alaska.edu/SLC/SA/S1A_IW_SLC__1SDV_20220826T125518_20220826T125548_044724_05570E_B5B7.zip,S1A_IW_SLC__1SDV_20221001T125519_20221001T125549_045249_0568B6_FF71,https://datapool.asf.alaska.edu/SLC/SA/S1A_IW_SLC__1SDV_20221001T125519_20221001T125549_045249_0568B6_FF71.zip,137,36
S1A_IW_SLC__1SDV_20220907T125519_20220907T125548_044899_055CF1_3B2E,https://datapool.asf.alaska.edu/SLC/SA/S1A_IW_SLC__1SDV_20220907T125519_20220907T125548_044899_055CF1_3B2E.zip,S1A_IW_SLC__1SDV_20221001T125519_20221001T125549_045249_0568B6_FF71,https://datapool.asf.alaska.edu/SLC/SA/S1A_IW_SLC__1SDV_20221001T125519_20221001T125549_045249_0568B6_FF71.zip,68,24
S1A_IW_SLC__1SDV_20220919T125518_20220919T125548_045074_0562DA_62CE,https://datapool.asf.alaska.edu/SLC/SA/S1A_IW_SLC__1SDV_20220919T125518_20220919T125548_045074_0562DA_62CE.zip,S1A_IW_SLC__1SDV_20221001T125519_20221001T125549_045249_0568B6_FF71,https://datapool.asf.alaska.edu/SLC/SA/S1A_IW_SLC__1SDV_20221001T125519_20221001T125549_045249_0568B6_FF71.zip,183,12
S1A_IW_SLC__1SDV_20220919T125518_20220919T125548_045074_0562DA_62CE,https://datapool.asf.alaska.edu/SLC/SA/S1A_IW_SLC__1SDV_20220919T125518_20220919T125548_045074_0562DA_62CE.zip,S1A_IW_SLC__1SDV_20221013T125519_20221013T125549_045424_056E94_E197,https://datapool.asf.alaska.edu/SLC/SA/S1A_IW_SLC__1SDV_20221013T125519_20221013T125549_045424_056E94_E197.zip,3,24
S1A_IW_SLC__1SDV_20220919T125518_20220919T125548_045074_0562DA_62CE,https://datapool.asf.alaska.edu/SLC/SA/S1A_IW_SLC__1SDV_20220919T125518_20220919T125548_045074_0562DA_62CE.zip,S1A_IW_SLC__1SDV_20221025T125519_20221025T125549_045599_0573C6_0DE5,https://datapool.asf.alaska.edu/SLC/SA/S1A_IW_SLC__1SDV_20221025T125519_20221025T125549_045599_0573C6_0DE5.zip,55,36
S1A_IW_SLC__1SDV_20221001T125519_20221001T125549_045249_0568B6_FF71,https://datapool.asf.alaska.edu/SLC/SA/S1A_IW_SLC__1SDV_20221001T125519_20221001T125549_045249_0568B6_FF71.zip,S1A_IW_SLC__1SDV_20221013T125519_20221013T125549_045424_056E94_E197,https://datapool.asf.alaska.edu/SLC/SA/S1A_IW_SLC__1SDV_20221013T125519_20221013T125549_045424_056E94_E197.zip,186,12
S1A_IW_SLC__1SDV_20221001T125519_20221001T125549_045249_0568B6_FF71,https://datapool.asf.alaska.edu/SLC/SA/S1A_IW_SLC__1SDV_20221001T125519_20221001T125549_045249_0568B6_FF71.zip,S1A_IW_SLC__1SDV_20221025T125519_20221025T125549_045599_0573C6_0DE5,https://datapool.asf.alaska.edu/SLC/SA/S1A_IW_SLC__1SDV_20221025T125519_20221025T125549_045599_0573C6_0DE5.zip,128,24
S1A_IW_SLC__1SDV_20221001T125519_20221001T125549_045249_0568B6_FF71,https://datapool.asf.alaska.edu/SLC/SA/S1A_IW_SLC__1SDV_20221001T125519_20221001T125549_045249_0568B6_FF71.zip,S1A_IW_SLC__1SDV_20221106T125519_20221106T125549_045774_0579B1_9598,https://datapool.asf.alaska.edu/SLC/SA/S1A_IW_SLC__1SDV_20221106T125519_20221106T125549_045774_0579B1_9598.zip,192,36
S1A_IW_SLC__1SDV_20221013T125519_20221013T125549_045424_056E94_E197,https://datapool.asf.alaska.edu/SLC/SA/S1A_IW_SLC__1SDV_20221013T125519_20221013T125549_045424_056E94_E197.zip,S1A_IW_SLC__1SDV_20221025T125519_20221025T125549_045599_0573C6_0DE5,https://datapool.asf.alaska.edu/SLC/SA/S1A_IW_SLC__1SDV_20221025T125519_20221025T125549_045599_0573C6_0DE5.zip,58,12
S1A_IW_SLC__1SDV_20221013T125519_20221013T125549_045424_056E94_E197,https://datapool.asf.alaska.edu/SLC/SA/S1A_IW_SLC__1SDV_20221013T125519_20221013T125549_045424_056E94_E197.zip,S1A_IW_SLC__1SDV_20221106T125519_20221106T125549_045774_0579B1_9598,https://datapool.asf.alaska.edu/SLC/SA/S1A_IW_SLC__1SDV_20221106T125519_20221106T125549_045774_0579B1_9598.zip,6,24
S1A_IW_SLC__1SDV_20221013T125519_20221013T125549_045424_056E94_E197,https://datapool.asf.alaska.edu/SLC/SA/S1A_IW_SLC__1SDV_20221013T125519_20221013T125549_045424_056E94_E197.zip,S1A_IW_SLC__1SDV_20221118T125519_20221118T125548_045949_057F96_F1C1,https://datapool.asf.alaska.edu/SLC/SA/S1A_IW_SLC__1SDV_20221118T125519_20221118T125548_045949_057F96_F1C1.zip,112,36
S1A_IW_SLC__1SDV_20221025T125519_20221025T125549_045599_0573C6_0DE5,https://datapool.asf.alaska.edu/SLC/SA/S1A_IW_SLC__1SDV_20221025T125519_20221025T125549_045599_0573C6_0DE5.zip,S1A_IW_SLC__1SDV_20221106T125519_20221106T125549_045774_0579B1_9598,https://datapool.asf.alaska.edu/SLC/SA/S1A_IW_SLC__1SDV_20221106T125519_20221106T125549_045774_0579B1_9598.zip,64,12
S1A_IW_SLC__1SDV_20221025T125519_20221025T125549_045599_0573C6_0DE5,https://datapool.asf.alaska.edu/SLC/SA/S1A_IW_SLC__1SDV_20221025T125519_20221025T125549_045599_0573C6_0DE5.zip,S1A_IW_SLC__1SDV_20221118T125519_20221118T125548_045949_057F96_F1C1,https://datapool.asf.alaska.edu/SLC/SA/S1A_IW_SLC__1SDV_20221118T125519_20221118T125548_045949_057F96_F1C1.zip,54,24
S1A_IW_SLC__1SDV_20221025T125519_20221025T125549_045599_0573C6_0DE5,https://datapool.asf.alaska.edu/SLC/SA/S1A_IW_SLC__1SDV_20221025T125519_20221025T125549_045599_0573C6_0DE5.zip,S1A_IW_SLC__1SDV_20221130T125518_20221130T125548_046124_058589_55A5,https://datapool.asf.alaska.edu/SLC/SA/S1A_IW_SLC__1SDV_20221130T125518_20221130T125548_046124_058589_55A5.zip,34,36
S1A_IW_SLC__1SDV_20221106T125519_20221106T125549_045774_0579B1_9598,https://datapool.asf.alaska.edu/SLC/SA/S1A_IW_SLC__1SDV_20221106T125519_20221106T125549_045774_0579B1_9598.zip,S1A_IW_SLC__1SDV_20221118T125519_20221118T125548_045949_057F96_F1C1,https://datapool.asf.alaska.edu/SLC/SA/S1A_IW_SLC__1SDV_20221118T125519_20221118T125548_045949_057F96_F1C1.zip,118,12
S1A_IW_SLC__1SDV_20221106T125519_20221106T125549_045774_0579B1_9598,https://datapool.asf.alaska.edu/SLC/SA/S1A_IW_SLC__1SDV_20221106T125519_20221106T125549_045774_0579B1_9598.zip,S1A_IW_SLC__1SDV_20221130T125518_20221130T125548_046124_058589_55A5,https://datapool.asf.alaska.edu/SLC/SA/S1A_IW_SLC__1SDV_20221130T125518_20221130T125548_046124_058589_55A5.zip,98,24
S1A_IW_SLC__1SDV_20221106T125519_20221106T125549_045774_0579B1_9598,https://datapool.asf.alaska.edu/SLC/SA/S1A_IW_SLC__1SDV_20221106T125519_20221106T125549_045774_0579B1_9598.zip,S1A_IW_SLC__1SDV_20221212T125518_20221212T125547_046299_058B7F_6083,https://datapool.asf.alaska.edu/SLC/SA/S1A_IW_SLC__1SDV_20221212T125518_20221212T125547_046299_058B7F_6083.zip,126,36
S1A_IW_SLC__1SDV_20221118T125519_20221118T125548_045949_057F96_F1C1,https://datapool.asf.alaska.edu/SLC/SA/S1A_IW_SLC__1SDV_20221118T125519_20221118T125548_045949_057F96_F1C1.zip,S1A_IW_SLC__1SDV_20221130T125518_20221130T125548_046124_058589_55A5,https://datapool.asf.alaska.edu/SLC/SA/S1A_IW_SLC__1SDV_20221130T125518_20221130T125548_046124_058589_55A5.zip,20,12
S1A_IW_SLC__1SDV_20221118T125519_20221118T125548_045949_057F96_F1C1,https://datapool.asf.alaska.edu/SLC/SA/S1A_IW_SLC__1SDV_20221118T125519_20221118T125548_045949_057F96_F1C1.zip,S1A_IW_SLC__1SDV_20221212T125518_20221212T125547_046299_058B7F_6083,https://datapool.asf.alaska.edu/SLC/SA/S1A_IW_SLC__1SDV_20221212T125518_20221212T125547_046299_058B7F_6083.zip,8,24
S1A_IW_SLC__1SDV_20221118T125519_20221118T125548_045949_057F96_F1C1,https://datapool.asf.alaska.edu/SLC/SA/S1A_IW_SLC__1SDV_20221118T125519_20221118T125548_045949_057F96_F1C1.zip,S1A_IW_SLC__1SDV_20221224T125517_20221224T125547_046474_05917B_964B,https://datapool.asf.alaska.edu/SLC/SA/S1A_IW_SLC__1SDV_20221224T125517_20221224T125547_046474_05917B_964B.zip,74,36
S1A_IW_SLC__1SDV_20221130T125518_20221130T125548_046124_058589_55A5,https://datapool.asf.alaska.edu/SLC/SA/S1A_IW_SLC__1SDV_20221130T125518_20221130T125548_046124_058589_55A5.zip,S1A_IW_SLC__1SDV_20221212T125518_20221212T125547_046299_058B7F_6083,https://datapool.asf.alaska.edu/SLC/SA/S1A_IW_SLC__1SDV_20221212T125518_20221212T125547_046299_058B7F_6083.zip,28,12
S1A_IW_SLC__1SDV_20221130T125518_20221130T125548_046124_058589_55A5,https://datapool.asf.alaska.edu/SLC/SA/S1A_IW_SLC__1SDV_20221130T125518_20221130T125548_046124_058589_55A5.zip,S1A_IW_SLC__1SDV_20221224T125517_20221224T125547_046474_05917B_964B,https://datapool.asf.alaska.edu/SLC/SA/S1A_IW_SLC__1SDV_20221224T125517_20221224T125547_046474_05917B_964B.zip,54,24
S1A_IW_SLC__1SDV_20221130T125518_20221130T125548_046124_058589_55A5,https://datapool.asf.alaska.edu/SLC/SA/S1A_IW_SLC__1SDV_20221130T125518_20221130T125548_046124_058589_55A5.zip,S1A_IW_SLC__1SDV_20230105T125516_20230105T125546_046649_059763_F306,https://datapool.asf.alaska.edu/SLC/SA/S1A_IW_SLC__1SDV_20230105T125516_20230105T125546_046649_059763_F306.zip,112,36
S1A_IW_SLC__1SDV_20221212T125518_20221212T125547_046299_058B7F_6083,https://datapool.asf.alaska.edu/SLC/SA/S1A_IW_SLC__1SDV_20221212T125518_20221212T125547_046299_058B7F_6083.zip,S1A_IW_SLC__1SDV_20221224T125517_20221224T125547_046474_05917B_964B,https://datapool.asf.alaska.edu/SLC/SA/S1A_IW_SLC__1SDV_20221224T125517_20221224T125547_046474_05917B_964B.zip,82,12
S1A_IW_SLC__1SDV_20221212T125518_20221212T125547_046299_058B7F_6083,https://datapool.asf.alaska.edu/SLC/SA/S1A_IW_SLC__1SDV_20221212T125518_20221212T125547_046299_058B7F_6083.zip,S1A_IW_SLC__1SDV_20230105T125516_20230105T125546_046649_059763_F306,https://datapool.asf.alaska.edu/SLC/SA/S1A_IW_SLC__1SDV_20230105T125516_20230105T125546_046649_059763_F306.zip,140,24
S1A_IW_SLC__1SDV_20221212T125518_20221212T125547_046299_058B7F_6083,https://datapool.asf.alaska.edu/SLC/SA/S1A_IW_SLC__1SDV_20221212T125518_20221212T125547_046299_058B7F_6083.zip,S1A_IW_SLC__1SDV_20230117T125515_20230117T125545_046824_059D4D_848E,https://datapool.asf.alaska.edu/SLC/SA/S1A_IW_SLC__1SDV_20230117T125515_20230117T125545_046824_059D4D_848E.zip,235,36
S1A_IW_SLC__1SDV_20221224T125517_20221224T125547_046474_05917B_964B,https://datapool.asf.alaska.edu/SLC/SA/S1A_IW_SLC__1SDV_20221224T125517_20221224T125547_046474_05917B_964B.zip,S1A_IW_SLC__1SDV_20230105T125516_20230105T125546_046649_059763_F306,https://datapool.asf.alaska.edu/SLC/SA/S1A_IW_SLC__1SDV_20230105T125516_20230105T125546_046649_059763_F306.zip,58,12
S1A_IW_SLC__1SDV_20221224T125517_20221224T125547_046474_05917B_964B,https://datapool.asf.alaska.edu/SLC/SA/S1A_IW_SLC__1SDV_20221224T125517_20221224T125547_046474_05917B_964B.zip,S1A_IW_SLC__1SDV_20230117T125515_20230117T125545_046824_059D4D_848E,https://datapool.asf.alaska.edu/SLC/SA/S1A_IW_SLC__1SDV_20230117T125515_20230117T125545_046824_059D4D_848E.zip,153,24
S1A_IW_SLC__1SDV_20221224T125517_20221224T125547_046474_05917B_964B,https://datapool.asf.alaska.edu/SLC/SA/S1A_IW_SLC__1SDV_20221224T125517_20221224T125547_046474_05917B_964B.zip,S1A_IW_SLC__1SDV_20230129T125516_20230129T125545_046999_05A335_B64A,https://datapool.asf.alaska.edu/SLC/SA/S1A_IW_SLC__1SDV_20230129T125516_20230129T125545_046999_05A335_B64A.zip,108,36
S1A_IW_SLC__1SDV_20230105T125516_20230105T125546_046649_059763_F306,https://datapool.asf.alaska.edu/SLC/SA/S1A_IW_SLC__1SDV_20230105T125516_20230105T125546_046649_059763_F306.zip,S1A_IW_SLC__1SDV_20230117T125515_20230117T125545_046824_059D4D_848E,https://datapool.asf.alaska.edu/SLC/SA/S1A_IW_SLC__1SDV_20230117T125515_20230117T125545_046824_059D4D_848E.zip,95,12
S1A_IW_SLC__1SDV_20230105T125516_20230105T125546_046649_059763_F306,https://datapool.asf.alaska.edu/SLC/SA/S1A_IW_SLC__1SDV_20230105T125516_20230105T125546_046649_059763_F306.zip,S1A_IW_SLC__1SDV_20230129T125516_20230129T125545_046999_05A335_B64A,https://datapool.asf.alaska.edu/SLC/SA/S1A_IW_SLC__1SDV_20230129T125516_20230129T125545_046999_05A335_B64A.zip,166,24
S1A_IW_SLC__1SDV_20230105T125516_20230105T125546_046649_059763_F306,https://datapool.asf.alaska.edu/SLC/SA/S1A_IW_SLC__1SDV_20230105T125516_20230105T125546_046649_059763_F306.zip,S1A_IW_SLC__1SDV_20230210T125515_20230210T125545_047174_05A903_DEB0,https://datapool.asf.alaska.edu/SLC/SA/S1A_IW_SLC__1SDV_20230210T125515_20230210T125545_047174_05A903_DEB0.zip,61,36
S1A_IW_SLC__1SDV_20230117T125515_20230117T125545_046824_059D4D_848E,https://datapool.asf.alaska.edu/SLC/SA/S1A_IW_SLC__1SDV_20230117T125515_20230117T125545_046824_059D4D_848E.zip,S1A_IW_SLC__1SDV_20230210T125515_20230210T125545_047174_05A903_DEB0,https://datapool.asf.alaska.edu/SLC/SA/S1A_IW_SLC__1SDV_20230210T125515_20230210T125545_047174_05A903_DEB0.zip,156,24
S1A_IW_SLC__1SDV_20230117T125515_20230117T125545_046824_059D4D_848E,https://datapool.asf.alaska.edu/SLC/SA/S1A_IW_SLC__1SDV_20230117T125515_20230117T125545_046824_059D4D_848E.zip,S1A_IW_SLC__1SDV_20230222T125514_20230222T125544_047349_05AEFD_8A86,https://datapool.asf.alaska.edu/SLC/SA/S1A_IW_SLC__1SDV_20230222T125514_20230222T125544_047349_05AEFD_8A86.zip,38,36
S1A_IW_SLC__1SDV_20230129T125516_20230129T125545_046999_05A335_B64A,https://datapool.asf.alaska.edu/SLC/SA/S1A_IW_SLC__1SDV_20230129T125516_20230129T125545_046999_05A335_B64A.zip,S1A_IW_SLC__1SDV_20230210T125515_20230210T125545_047174_05A903_DEB0,https://datapool.asf.alaska.edu/SLC/SA/S1A_IW_SLC__1SDV_20230210T125515_20230210T125545_047174_05A903_DEB0.zip,105,12
S1A_IW_SLC__1SDV_20230129T125516_20230129T125545_046999_05A335_B64A,https://datapool.asf.alaska.edu/SLC/SA/S1A_IW_SLC__1SDV_20230129T125516_20230129T125545_046999_05A335_B64A.zip,S1A_IW_SLC__1SDV_20230222T125514_20230222T125544_047349_05AEFD_8A86,https://datapool.asf.alaska.edu/SLC/SA/S1A_IW_SLC__1SDV_20230222T125514_20230222T125544_047349_05AEFD_8A86.zip,223,24
S1A_IW_SLC__1SDV_20230129T125516_20230129T125545_046999_05A335_B64A,https://datapool.asf.alaska.edu/SLC/SA/S1A_IW_SLC__1SDV_20230129T125516_20230129T125545_046999_05A335_B64A.zip,S1A_IW_SLC__1SDV_20230306T125515_20230306T125545_047524_05B4E7_71D7,https://datapool.asf.alaska.edu/SLC/SA/S1A_IW_SLC__1SDV_20230306T125515_20230306T125545_047524_05B4E7_71D7.zip,64,36
S1A_IW_SLC__1SDV_20230210T125515_20230210T125545_047174_05A903_DEB0,https://datapool.asf.alaska.edu/SLC/SA/S1A_IW_SLC__1SDV_20230210T125515_20230210T125545_047174_05A903_DEB0.zip,S1A_IW_SLC__1SDV_20230222T125514_20230222T125544_047349_05AEFD_8A86,https://datapool.asf.alaska.edu/SLC/SA/S1A_IW_SLC__1SDV_20230222T125514_20230222T125544_047349_05AEFD_8A86.zip,118,12
S1A_IW_SLC__1SDV_20230210T125515_20230210T125545_047174_05A903_DEB0,https://datapool.asf.alaska.edu/SLC/SA/S1A_IW_SLC__1SDV_20230210T125515_20230210T125545_047174_05A903_DEB0.zip,S1A_IW_SLC__1SDV_20230306T125515_20230306T125545_047524_05B4E7_71D7,https://datapool.asf.alaska.edu/SLC/SA/S1A_IW_SLC__1SDV_20230306T125515_20230306T125545_047524_05B4E7_71D7.zip,41,24
S1A_IW_SLC__1SDV_20230210T125515_20230210T125545_047174_05A903_DEB0,https://datapool.asf.alaska.edu/SLC/SA/S1A_IW_SLC__1SDV_20230210T125515_20230210T125545_047174_05A903_DEB0.zip,S1A_IW_SLC__1SDV_20230318T125515_20230318T125544_047699_05BAD5_B3D6,https://datapool.asf.alaska.edu/SLC/SA/S1A_IW_SLC__1SDV_20230318T125515_20230318T125544_047699_05BAD5_B3D6.zip,36,36
S1A_IW_SLC__1SDV_20230222T125514_20230222T125544_047349_05AEFD_8A86,https://datapool.asf.alaska.edu/SLC/SA/S1A_IW_SLC__1SDV_20230222T125514_20230222T125544_047349_05AEFD_8A86.zip,S1A_IW_SLC__1SDV_20230306T125515_20230306T125545_047524_05B4E7_71D7,https://datapool.asf.alaska.edu/SLC/SA/S1A_IW_SLC__1SDV_20230306T125515_20230306T125545_047524_05B4E7_71D7.zip,159,12
S1A_IW_SLC__1SDV_20230222T125514_20230222T125544_047349_05AEFD_8A86,https://datapool.asf.alaska.edu/SLC/SA/S1A_IW_SLC__1SDV_20230222T125514_20230222T125544_047349_05AEFD_8A86.zip,S1A_IW_SLC__1SDV_20230318T125515_20230318T125544_047699_05BAD5_B3D6,https://datapool.asf.alaska.edu/SLC/SA/S1A_IW_SLC__1SDV_20230318T125515_20230318T125544_047699_05BAD5_B3D6.zip,82,24
S1A_IW_SLC__1SDV_20230222T125514_20230222T125544_047349_05AEFD_8A86,https://datapool.asf.alaska.edu/SLC/SA/S1A_IW_SLC__1SDV_20230222T125514_20230222T125544_047349_05AEFD_8A86.zip,S1A_IW_SLC__1SDV_20230330T125515_20230330T125545_047874_05C0AC_34BA,https://datapool.asf.alaska.edu/SLC/SA/S1A_IW_SLC__1SDV_20230330T125515_20230330T125545_047874_05C0AC_34BA.zip,118,36
S1A_IW_SLC__1SDV_20230306T125515_20230306T125545_047524_05B4E7_71D7,https://datapool.asf.alaska.edu/SLC/SA/S1A_IW_SLC__1SDV_20230306T125515_20230306T125545_047524_05B4E7_71D7.zip,S1A_IW_SLC__1SDV_20230318T125515_20230318T125544_047699_05BAD5_B3D6,https://datapool.asf.alaska.edu/SLC/SA/S1A_IW_SLC__1SDV_20230318T125515_20230318T125544_047699_05BAD5_B3D6.zip,77,12
S1A_IW_SLC__1SDV_20230306T125515_20230306T125545_047524_05B4E7_71D7,https://datapool.asf.alaska.edu/SLC/SA/S1A_IW_SLC__1SDV_20230306T125515_20230306T125545_047524_05B4E7_71D7.zip,S1A_IW_SLC__1SDV_20230330T125515_20230330T125545_047874_05C0AC_34BA,https://datapool.asf.alaska.edu/SLC/SA/S1A_IW_SLC__1SDV_20230330T125515_20230330T125545_047874_05C0AC_34BA.zip,41,24
S1A_IW_SLC__1SDV_20230306T125515_20230306T125545_047524_05B4E7_71D7,https://datapool.asf.alaska.edu/SLC/SA/S1A_IW_SLC__1SDV_20230306T125515_20230306T125545_047524_05B4E7_71D7.zip,S1A_IW_SLC__1SDV_20230411T125516_20230411T125545_048049_05C6A2_ED06,https://datapool.asf.alaska.edu/SLC/SA/S1A_IW_SLC__1SDV_20230411T125516_20230411T125545_048049_05C6A2_ED06.zip,79,36
S1A_IW_SLC__1SDV_20230318T125515_20230318T125544_047699_05BAD5_B3D6,https://datapool.asf.alaska.edu/SLC/SA/S1A_IW_SLC__1SDV_20230318T125515_20230318T125544_047699_05BAD5_B3D6.zip,S1A_IW_SLC__1SDV_20230330T125515_20230330T125545_047874_05C0AC_34BA,https://datapool.asf.alaska.edu/SLC/SA/S1A_IW_SLC__1SDV_20230330T125515_20230330T125545_047874_05C0AC_34BA.zip,36,12
S1A_IW_SLC__1SDV_20230318T125515_20230318T125544_047699_05BAD5_B3D6,https://datapool.asf.alaska.edu/SLC/SA/S1A_IW_SLC__1SDV_20230318T125515_20230318T125544_047699_05BAD5_B3D6.zip,S1A_IW_SLC__1SDV_20230411T125516_20230411T125545_048049_05C6A2_ED06,https://datapool.asf.alaska.edu/SLC/SA/S1A_IW_SLC__1SDV_20230411T125516_20230411T125545_048049_05C6A2_ED06.zip,156,24
S1A_IW_SLC__1SDV_20230318T125515_20230318T125544_047699_05BAD5_B3D6,https://datapool.asf.alaska.edu/SLC/SA/S1A_IW_SLC__1SDV_20230318T125515_20230318T125544_047699_05BAD5_B3D6.zip,S1A_IW_SLC__1SDV_20230423T125516_20230423T125546_048224_05CC78_33BF,https://datapool.asf.alaska.edu/SLC/SA/S1A_IW_SLC__1SDV_20230423T125516_20230423T125546_048224_05CC78_33BF.zip,75,36
S1A_IW_SLC__1SDV_20230330T125515_20230330T125545_047874_05C0AC_34BA,https://datapool.asf.alaska.edu/SLC/SA/S1A_IW_SLC__1SDV_20230330T125515_20230330T125545_047874_05C0AC_34BA.zip,S1A_IW_SLC__1SDV_20230411T125516_20230411T125545_048049_05C6A2_ED06,https://datapool.asf.alaska.edu/SLC/SA/S1A_IW_SLC__1SDV_20230411T125516_20230411T125545_048049_05C6A2_ED06.zip,120,12
S1A_IW_SLC__1SDV_20230330T125515_20230330T125545_047874_05C0AC_34BA,https://datapool.asf.alaska.edu/SLC/SA/S1A_IW_SLC__1SDV_20230330T125515_20230330T125545_047874_05C0AC_34BA.zip,S1A_IW_SLC__1SDV_20230423T125516_20230423T125546_048224_05CC78_33BF,https://datapool.asf.alaska.edu/SLC/SA/S1A_IW_SLC__1SDV_20230423T125516_20230423T125546_048224_05CC78_33BF.zip,39,24
S1A_IW_SLC__1SDV_20230330T125515_20230330T125545_047874_05C0AC_34BA,https://datapool.asf.alaska.edu/SLC/SA/S1A_IW_SLC__1SDV_20230330T125515_20230330T125545_047874_05C0AC_34BA.zip,S1A_IW_SLC__1SDV_20230505T125516_20230505T125546_048399_05D258_EEBD,https://datapool.asf.alaska.edu/SLC/SA/S1A_IW_SLC__1SDV_20230505T125516_20230505T125546_048399_05D258_EEBD.zip,88,36
S1A_IW_SLC__1SDV_20230411T125516_20230411T125545_048049_05C6A2_ED06,https://datapool.asf.alaska.edu/SLC/SA/S1A_IW_SLC__1SDV_20230411T125516_20230411T125545_048049_05C6A2_ED06.zip,S1A_IW_SLC__1SDV_20230423T125516_20230423T125546_048224_05CC78_33BF,https://datapool.asf.alaska.edu/SLC/SA/S1A_IW_SLC__1SDV_20230423T125516_20230423T125546_048224_05CC78_33BF.zip,81,12
S1A_IW_SLC__1SDV_20230411T125516_20230411T125545_048049_05C6A2_ED06,https://datapool.asf.alaska.edu/SLC/SA/S1A_IW_SLC__1SDV_20230411T125516_20230411T125545_048049_05C6A2_ED06.zip,S1A_IW_SLC__1SDV_20230505T125516_20230505T125546_048399_05D258_EEBD,https://datapool.asf.alaska.edu/SLC/SA/S1A_IW_SLC__1SDV_20230505T125516_20230505T125546_048399_05D258_EEBD.zip,32,24
S1A_IW_SLC__1SDV_20230411T125516_20230411T125545_048049_05C6A2_ED06,https://datapool.asf.alaska.edu/SLC/SA/S1A_IW_SLC__1SDV_20230411T125516_20230411T125545_048049_05C6A2_ED06.zip,S1A_IW_SLC__1SDV_20230517T125517_20230517T125547_048574_05D7AA_960C,https://datapool.asf.alaska.edu/SLC/SA/S1A_IW_SLC__1SDV_20230517T125517_20230517T125547_048574_05D7AA_960C.zip,8,36
S1A_IW_SLC__1SDV_20230423T125516_20230423T125546_048224_05CC78_33BF,https://datapool.asf.alaska.edu/SLC/SA/S1A_IW_SLC__1SDV_20230423T125516_20230423T125546_048224_05CC78_33BF.zip,S1A_IW_SLC__1SDV_20230505T125516_20230505T125546_048399_05D258_EEBD,https://datapool.asf.alaska.edu/SLC/SA/S1A_IW_SLC__1SDV_20230505T125516_20230505T125546_048399_05D258_EEBD.zip,49,12
S1A_IW_SLC__1SDV_20230423T125516_20230423T125546_048224_05CC78_33BF,https://datapool.asf.alaska.edu/SLC/SA/S1A_IW_SLC__1SDV_20230423T125516_20230423T125546_048224_05CC78_33BF.zip,S1A_IW_SLC__1SDV_20230517T125517_20230517T125547_048574_05D7AA_960C,https://datapool.asf.alaska.edu/SLC/SA/S1A_IW_SLC__1SDV_20230517T125517_20230517T125547_048574_05D7AA_960C.zip,73,24
S1A_IW_SLC__1SDV_20230423T125516_20230423T125546_048224_05CC78_33BF,https://datapool.asf.alaska.edu/SLC/SA/S1A_IW_SLC__1SDV_20230423T125516_20230423T125546_048224_05CC78_33BF.zip,S1A_IW_SLC__1SDV_20230529T125518_20230529T125548_048749_05DCDD_EC04,https://datapool.asf.alaska.edu/SLC/SA/S1A_IW_SLC__1SDV_20230529T125518_20230529T125548_048749_05DCDD_EC04.zip,88,36
S1A_IW_SLC__1SDV_20230505T125516_20230505T125546_048399_05D258_EEBD,https://datapool.asf.alaska.edu/SLC/SA/S1A_IW_SLC__1SDV_20230505T125516_20230505T125546_048399_05D258_EEBD.zip,S1A_IW_SLC__1SDV_20230517T125517_20230517T125547_048574_05D7AA_960C,https://datapool.asf.alaska.edu/SLC/SA/S1A_IW_SLC__1SDV_20230517T125517_20230517T125547_048574_05D7AA_960C.zip,24,12
S1A_IW_SLC__1SDV_20230505T125516_20230505T125546_048399_05D258_EEBD,https://datapool.asf.alaska.edu/SLC/SA/S1A_IW_SLC__1SDV_20230505T125516_20230505T125546_048399_05D258_EEBD.zip,S1A_IW_SLC__1SDV_20230529T125518_20230529T125548_048749_05DCDD_EC04,https://datapool.asf.alaska.edu/SLC/SA/S1A_IW_SLC__1SDV_20230529T125518_20230529T125548_048749_05DCDD_EC04.zip,39,24
S1A_IW_SLC__1SDV_20230505T125516_20230505T125546_048399_05D258_EEBD,https://datapool.asf.alaska.edu/SLC/SA/S1A_IW_SLC__1SDV_20230505T125516_20230505T125546_048399_05D258_EEBD.zip,S1A_IW_SLC__1SDV_20230610T125518_20230610T125548_048924_05E228_B4A6,https://datapool.asf.alaska.edu/SLC/SA/S1A_IW_SLC__1SDV_20230610T125518_20230610T125548_048924_05E228_B4A6.zip,72,36
S1A_IW_SLC__1SDV_20230517T125517_20230517T125547_048574_05D7AA_960C,https://datapool.asf.alaska.edu/SLC/SA/S1A_IW_SLC__1SDV_20230517T125517_20230517T125547_048574_05D7AA_960C.zip,S1A_IW_SLC__1SDV_20230529T125518_20230529T125548_048749_05DCDD_EC04,https://datapool.asf.alaska.edu/SLC/SA/S1A_IW_SLC__1SDV_20230529T125518_20230529T125548_048749_05DCDD_EC04.zip,15,12
S1A_IW_SLC__1SDV_20230517T125517_20230517T125547_048574_05D7AA_960C,https://datapool.asf.alaska.edu/SLC/SA/S1A_IW_SLC__1SDV_20230517T125517_20230517T125547_048574_05D7AA_960C.zip,S1A_IW_SLC__1SDV_20230610T125518_20230610T125548_048924_05E228_B4A6,https://datapool.asf.alaska.edu/SLC/SA/S1A_IW_SLC__1SDV_20230610T125518_20230610T125548_048924_05E228_B4A6.zip,96,24
S1A_IW_SLC__1SDV_20230517T125517_20230517T125547_048574_05D7AA_960C,https://datapool.asf.alaska.edu/SLC/SA/S1A_IW_SLC__1SDV_20230517T125517_20230517T125547_048574_05D7AA_960C.zip,S1A_IW_SLC__1SDV_20230622T125519_20230622T125548_049099_05E777_F4E7,https://datapool.asf.alaska.edu/SLC/SA/S1A_IW_SLC__1SDV_20230622T125519_20230622T125548_049099_05E777_F4E7.zip,174,36
S1A_IW_SLC__1SDV_20230529T125518_20230529T125548_048749_05DCDD_EC04,https://datapool.asf.alaska.edu/SLC/SA/S1A_IW_SLC__1SDV_20230529T125518_20230529T125548_048749_05DCDD_EC04.zip,S1A_IW_SLC__1SDV_20230610T125518_20230610T125548_048924_05E228_B4A6,https://datapool.asf.alaska.edu/SLC/SA/S1A_IW_SLC__1SDV_20230610T125518_20230610T125548_048924_05E228_B4A6.zip,111,12
S1A_IW_SLC__1SDV_20230529T125518_20230529T125548_048749_05DCDD_EC04,https://datapool.asf.alaska.edu/SLC/SA/S1A_IW_SLC__1SDV_20230529T125518_20230529T125548_048749_05DCDD_EC04.zip,S1A_IW_SLC__1SDV_20230622T125519_20230622T125548_049099_05E777_F4E7,https://datapool.asf.alaska.edu/SLC/SA/S1A_IW_SLC__1SDV_20230622T125519_20230622T125548_049099_05E777_F4E7.zip,189,24
S1A_IW_SLC__1SDV_20230529T125518_20230529T125548_048749_05DCDD_EC04,https://datapool.asf.alaska.edu/SLC/SA/S1A_IW_SLC__1SDV_20230529T125518_20230529T125548_048749_05DCDD_EC04.zip,S1A_IW_SLC__1SDV_20230704T125520_20230704T125549_049274_05ECD4_A464,https://datapool.asf.alaska.edu/SLC/SA/S1A_IW_SLC__1SDV_20230704T125520_20230704T125549_049274_05ECD4_A464.zip,102,36
S1A_IW_SLC__1SDV_20230610T125518_20230610T125548_048924_05E228_B4A6,https://datapool.asf.alaska.edu/SLC/SA/S1A_IW_SLC__1SDV_20230610T125518_20230610T125548_048924_05E228_B4A6.zip,S1A_IW_SLC__1SDV_20230622T125519_20230622T125548_049099_05E777_F4E7,https://datapool.asf.alaska.edu/SLC/SA/S1A_IW_SLC__1SDV_20230622T125519_20230622T125548_049099_05E777_F4E7.zip,78,12
S1A_IW_SLC__1SDV_20230610T125518_20230610T125548_048924_05E228_B4A6,https://datapool.asf.alaska.edu/SLC/SA/S1A_IW_SLC__1SDV_20230610T125518_20230610T125548_048924_05E228_B4A6.zip,S1A_IW_SLC__1SDV_20230704T125520_20230704T125549_049274_05ECD4_A464,https://datapool.asf.alaska.edu/SLC/SA/S1A_IW_SLC__1SDV_20230704T125520_20230704T125549_049274_05ECD4_A464.zip,9,24
S1A_IW_SLC__1SDV_20230610T125518_20230610T125548_048924_05E228_B4A6,https://datapool.asf.alaska.edu/SLC/SA/S1A_IW_SLC__1SDV_20230610T125518_20230610T125548_048924_05E228_B4A6.zip,S1A_IW_SLC__1SDV_20230716T125521_20230716T125550_049449_05F23F_9FE5,https://datapool.asf.alaska.edu/SLC/SA/S1A_IW_SLC__1SDV_20230716T125521_20230716T125550_049449_05F23F_9FE5.zip,104,36
S1A_IW_SLC__1SDV_20230622T125519_20230622T125548_049099_05E777_F4E7,https://datapool.asf.alaska.edu/SLC/SA/S1A_IW_SLC__1SDV_20230622T125519_20230622T125548_049099_05E777_F4E7.zip,S1A_IW_SLC__1SDV_20230704T125520_20230704T125549_049274_05ECD4_A464,https://datapool.asf.alaska.edu/SLC/SA/S1A_IW_SLC__1SDV_20230704T125520_20230704T125549_049274_05ECD4_A464.zip,87,12
S1A_IW_SLC__1SDV_20230622T125519_20230622T125548_049099_05E777_F4E7,https://datapool.asf.alaska.edu/SLC/SA/S1A_IW_SLC__1SDV_20230622T125519_20230622T125548_049099_05E777_F4E7.zip,S1A_IW_SLC__1SDV_20230716T125521_20230716T125550_049449_05F23F_9FE5,https://datapool.asf.alaska.edu/SLC/SA/S1A_IW_SLC__1SDV_20230716T125521_20230716T125550_049449_05F23F_9FE5.zip,182,24
S1A_IW_SLC__1SDV_20230622T125519_20230622T125548_049099_05E777_F4E7,https://datapool.asf.alaska.edu/SLC/SA/S1A_IW_SLC__1SDV_20230622T125519_20230622T125548_049099_05E777_F4E7.zip,S1A_IW_SLC__1SDV_20230728T125521_20230728T125551_049624_05F79E_9C0B,https://datapool.asf.alaska.edu/SLC/SA/S1A_IW_SLC__1SDV_20230728T125521_20230728T125551_049624_05F79E_9C0B.zip,195,36
S1A_IW_SLC__1SDV_20230704T125520_20230704T125549_049274_05ECD4_A464,https://datapool.asf.alaska.edu/SLC/SA/S1A_IW_SLC__1SDV_20230704T125520_20230704T125549_049274_05ECD4_A464.zip,S1A_IW_SLC__1SDV_20230716T125521_20230716T125550_049449_05F23F_9FE5,https://datapool.asf.alaska.edu/SLC/SA/S1A_IW_SLC__1SDV_20230716T125521_20230716T125550_049449_05F23F_9FE5.zip,95,12
S1A_IW_SLC__1SDV_20230704T125520_20230704T125549_049274_05ECD4_A464,https://datapool.asf.alaska.edu/SLC/SA/S1A_IW_SLC__1SDV_20230704T125520_20230704T125549_049274_05ECD4_A464.zip,S1A_IW_SLC__1SDV_20230728T125521_20230728T125551_049624_05F79E_9C0B,https://datapool.asf.alaska.edu/SLC/SA/S1A_IW_SLC__1SDV_20230728T125521_20230728T125551_049624_05F79E_9C0B.zip,108,24
S1A_IW_SLC__1SDV_20230704T125520_20230704T125549_049274_05ECD4_A464,https://datapool.asf.alaska.edu/SLC/SA/S1A_IW_SLC__1SDV_20230704T125520_20230704T125549_049274_05ECD4_A464.zip,S1A_IW_SLC__1SDV_20230809T125521_20230809T125551_049799_05FD28_5670,https://datapool.asf.alaska.edu/SLC/SA/S1A_IW_SLC__1SDV_20230809T125521_20230809T125551_049799_05FD28_5670.zip,181,36
S1A_IW_SLC__1SDV_20230716T125521_20230716T125550_049449_05F23F_9FE5,https://datapool.asf.alaska.edu/SLC/SA/S1A_IW_SLC__1SDV_20230716T125521_20230716T125550_049449_05F23F_9FE5.zip,S1A_IW_SLC__1SDV_20230728T125521_20230728T125551_049624_05F79E_9C0B,https://datapool.asf.alaska.edu/SLC/SA/S1A_IW_SLC__1SDV_20230728T125521_20230728T125551_049624_05F79E_9C0B.zip,13,12
S1A_IW_SLC__1SDV_20230716T125521_20230716T125550_049449_05F23F_9FE5,https://datapool.asf.alaska.edu/SLC/SA/S1A_IW_SLC__1SDV_20230716T125521_20230716T125550_049449_05F23F_9FE5.zip,S1A_IW_SLC__1SDV_20230821T125522_20230821T125552_049974_060323_5E26,https://datapool.asf.alaska.edu/SLC/SA/S1A_IW_SLC__1SDV_20230821T125522_20230821T125552_049974_060323_5E26.zip,141,36
S1A_IW_SLC__1SDV_20230728T125521_20230728T125551_049624_05F79E_9C0B,https://datapool.asf.alaska.edu/SLC/SA/S1A_IW_SLC__1SDV_20230728T125521_20230728T125551_049624_05F79E_9C0B.zip,S1A_IW_SLC__1SDV_20230821T125522_20230821T125552_049974_060323_5E26,https://datapool.asf.alaska.edu/SLC/SA/S1A_IW_SLC__1SDV_20230821T125522_20230821T125552_049974_060323_5E26.zip,154,24
S1A_IW_SLC__1SDV_20230728T125521_20230728T125551_049624_05F79E_9C0B,https://datapool.asf.alaska.edu/SLC/SA/S1A_IW_SLC__1SDV_20230728T125521_20230728T125551_049624_05F79E_9C0B.zip,S1A_IW_SLC__1SDV_20230902T125523_20230902T125553_050149_060927_7981,https://datapool.asf.alaska.edu/SLC/SA/S1A_IW_SLC__1SDV_20230902T125523_20230902T125553_050149_060927_7981.zip,50,36
S1A_IW_SLC__1SDV_20230809T125521_20230809T125551_049799_05FD28_5670,https://datapool.asf.alaska.edu/SLC/SA/S1A_IW_SLC__1SDV_20230809T125521_20230809T125551_049799_05FD28_5670.zip,S1A_IW_SLC__1SDV_20230821T125522_20230821T125552_049974_060323_5E26,https://datapool.asf.alaska.edu/SLC/SA/S1A_IW_SLC__1SDV_20230821T125522_20230821T125552_049974_060323_5E26.zip,135,12
S1A_IW_SLC__1SDV_20230809T125521_20230809T125551_049799_05FD28_5670,https://datapool.asf.alaska.edu/SLC/SA/S1A_IW_SLC__1SDV_20230809T125521_20230809T125551_049799_05FD28_5670.zip,S1A_IW_SLC__1SDV_20230902T125523_20230902T125553_050149_060927_7981,https://datapool.asf.alaska.edu/SLC/SA/S1A_IW_SLC__1SDV_20230902T125523_20230902T125553_050149_060927_7981.zip,239,24
S1A_IW_SLC__1SDV_20230809T125521_20230809T125551_049799_05FD28_5670,https://datapool.asf.alaska.edu/SLC/SA/S1A_IW_SLC__1SDV_20230809T125521_20230809T125551_049799_05FD28_5670.zip,S1A_IW_SLC__1SDV_20230914T125524_20230914T125553_050324_060F12_557A,https://datapool.asf.alaska.edu/SLC/SA/S1A_IW_SLC__1SDV_20230914T125524_20230914T125553_050324_060F12_557A.zip,145,36
S1A_IW_SLC__1SDV_20230821T125522_20230821T125552_049974_060323_5E26,https://datapool.asf.alaska.edu/SLC/SA/S1A_IW_SLC__1SDV_20230821T125522_20230821T125552_049974_060323_5E26.zip,S1A_IW_SLC__1SDV_20230902T125523_20230902T125553_050149_060927_7981,https://datapool.asf.alaska.edu/SLC/SA/S1A_IW_SLC__1SDV_20230902T125523_20230902T125553_050149_060927_7981.zip,104,12
S1A_IW_SLC__1SDV_20230821T125522_20230821T125552_049974_060323_5E26,https://datapool.asf.alaska.edu/SLC/SA/S1A_IW_SLC__1SDV_20230821T125522_20230821T125552_049974_060323_5E26.zip,S1A_IW_SLC__1SDV_20230914T125524_20230914T125553_050324_060F12_557A,https://datapool.asf.alaska.edu/SLC/SA/S1A_IW_SLC__1SDV_20230914T125524_20230914T125553_050324_060F12_557A.zip,10,24
S1A_IW_SLC__1SDV_20230821T125522_20230821T125552_049974_060323_5E26,https://datapool.asf.alaska.edu/SLC/SA/S1A_IW_SLC__1SDV_20230821T125522_20230821T125552_049974_060323_5E26.zip,S1A_IW_SLC__1SDV_20230926T125524_20230926T125554_050499_061511_FA51,https://datapool.asf.alaska.edu/SLC/SA/S1A_IW_SLC__1SDV_20230926T125524_20230926T125554_050499_061511_FA51.zip,156,36
S1A_IW_SLC__1SDV_20230902T125523_20230902T125553_050149_060927_7981,https://datapool.asf.alaska.edu/SLC/SA/S1A_IW_SLC__1SDV_20230902T125523_20230902T125553_050149_060927_7981.zip,S1A_IW_SLC__1SDV_20230914T125524_20230914T125553_050324_060F12_557A,https://datapool.asf.alaska.edu/SLC/SA/S1A_IW_SLC__1SDV_20230914T125524_20230914T125553_050324_060F12_557A.zip,94,12
S1A_IW_SLC__1SDV_20230902T125523_20230902T125553_050149_060927_7981,https://datapool.asf.alaska.edu/SLC/SA/S1A_IW_SLC__1SDV_20230902T125523_20230902T125553_050149_060927_7981.zip,S1A_IW_SLC__1SDV_20230926T125524_20230926T125554_050499_061511_FA51,https://datapool.asf.alaska.edu/SLC/SA/S1A_IW_SLC__1SDV_20230926T125524_20230926T125554_050499_061511_FA51.zip,52,24
S1A_IW_SLC__1SDV_20230902T125523_20230902T125553_050149_060927_7981,https://datapool.asf.alaska.edu/SLC/SA/S1A_IW_SLC__1SDV_20230902T125523_20230902T125553_050149_060927_7981.zip,S1A_IW_SLC__1SDV_20231008T125524_20231008T125554_050674_061B12_A180,https://datapool.asf.alaska.edu/SLC/SA/S1A_IW_SLC__1SDV_20231008T125524_20231008T125554_050674_061B12_A180.zip,11,36
S1A_IW_SLC__1SDV_20230914T125524_20230914T125553_050324_060F12_557A,https://datapool.asf.alaska.edu/SLC/SA/S1A_IW_SLC__1SDV_20230914T125524_20230914T125553_050324_060F12_557A.zip,S1A_IW_SLC__1SDV_20230926T125524_20230926T125554_050499_061511_FA51,https://datapool.asf.alaska.edu/SLC/SA/S1A_IW_SLC__1SDV_20230926T125524_20230926T125554_050499_061511_FA51.zip,146,12
S1A_IW_SLC__1SDV_20230914T125524_20230914T125553_050324_060F12_557A,https://datapool.asf.alaska.edu/SLC/SA/S1A_IW_SLC__1SDV_20230914T125524_20230914T125553_050324_060F12_557A.zip,S1A_IW_SLC__1SDV_20231008T125524_20231008T125554_050674_061B12_A180,https://datapool.asf.alaska.edu/SLC/SA/S1A_IW_SLC__1SDV_20231008T125524_20231008T125554_050674_061B12_A180.zip,105,24
S1A_IW_SLC__1SDV_20230914T125524_20230914T125553_050324_060F12_557A,https://datapool.asf.alaska.edu/SLC/SA/S1A_IW_SLC__1SDV_20230914T125524_20230914T125553_050324_060F12_557A.zip,S1A_IW_SLC__1SDV_20231020T125524_20231020T125554_050849_062107_9875,https://datapool.asf.alaska.edu/SLC/SA/S1A_IW_SLC__1SDV_20231020T125524_20231020T125554_050849_062107_9875.zip,170,36
S1A_IW_SLC__1SDV_20230926T125524_20230926T125554_050499_061511_FA51,https://datapool.asf.alaska.edu/SLC/SA/S1A_IW_SLC__1SDV_20230926T125524_20230926T125554_050499_061511_FA51.zip,S1A_IW_SLC__1SDV_20231008T125524_20231008T125554_050674_061B12_A180,https://datapool.asf.alaska.edu/SLC/SA/S1A_IW_SLC__1SDV_20231008T125524_20231008T125554_050674_061B12_A180.zip,41,12
S1A_IW_SLC__1SDV_20230926T125524_20230926T125554_050499_061511_FA51,https://datapool.asf.alaska.edu/SLC/SA/S1A_IW_SLC__1SDV_20230926T125524_20230926T125554_050499_061511_FA51.zip,S1A_IW_SLC__1SDV_20231020T125524_20231020T125554_050849_062107_9875,https://datapool.asf.alaska.edu/SLC/SA/S1A_IW_SLC__1SDV_20231020T125524_20231020T125554_050849_062107_9875.zip,24,24
S1A_IW_SLC__1SDV_20230926T125524_20230926T125554_050499_061511_FA51,https://datapool.asf.alaska.edu/SLC/SA/S1A_IW_SLC__1SDV_20230926T125524_20230926T125554_050499_061511_FA51.zip,S1A_IW_SLC__1SDV_20231101T125523_20231101T125553_051024_06270A_CED9,https://datapool.asf.alaska.edu/SLC/SA/S1A_IW_SLC__1SDV_20231101T125523_20231101T125553_051024_06270A_CED9.zip,208,36
S1A_IW_SLC__1SDV_20231008T125524_20231008T125554_050674_061B12_A180,https://datapool.asf.alaska.edu/SLC/SA/S1A_IW_SLC__1SDV_20231008T125524_20231008T125554_050674_061B12_A180.zip,S1A_IW_SLC__1SDV_20231020T125524_20231020T125554_050849_062107_9875,https://datapool.asf.alaska.edu/SLC/SA/S1A_IW_SLC__1SDV_20231020T125524_20231020T125554_050849_062107_9875.zip,65,12
S1A_IW_SLC__1SDV_20231008T125524_20231008T125554_050674_061B12_A180,https://datapool.asf.alaska.edu/SLC/SA/S1A_IW_SLC__1SDV_20231008T125524_20231008T125554_050674_061B12_A180.zip,S1A_IW_SLC__1SDV_20231101T125523_20231101T125553_051024_06270A_CED9,https://datapool.asf.alaska.edu/SLC/SA/S1A_IW_SLC__1SDV_20231101T125523_20231101T125553_051024_06270A_CED9.zip,167,24
S1A_IW_SLC__1SDV_20231008T125524_20231008T125554_050674_061B12_A180,https://datapool.asf.alaska.edu/SLC/SA/S1A_IW_SLC__1SDV_20231008T125524_20231008T125554_050674_061B12_A180.zip,S1A_IW_SLC__1SDV_20231113T125524_20231113T125553_051199_062D0F_C755,https://datapool.asf.alaska.edu/SLC/SA/S1A_IW_SLC__1SDV_20231113T125524_20231113T125553_051199_062D0F_C755.zip,66,36
S1A_IW_SLC__1SDV_20231020T125524_20231020T125554_050849_062107_9875,https://datapool.asf.alaska.edu/SLC/SA/S1A_IW_SLC__1SDV_20231020T125524_20231020T125554_050849_062107_9875.zip,S1A_IW_SLC__1SDV_20231101T125523_20231101T125553_051024_06270A_CED9,https://datapool.asf.alaska.edu/SLC/SA/S1A_IW_SLC__1SDV_20231101T125523_20231101T125553_051024_06270A_CED9.zip,232,12
S1A_IW_SLC__1SDV_20231020T125524_20231020T125554_050849_062107_9875,https://datapool.asf.alaska.edu/SLC/SA/S1A_IW_SLC__1SDV_20231020T125524_20231020T125554_050849_062107_9875.zip,S1A_IW_SLC__1SDV_20231113T125524_20231113T125553_051199_062D0F_C755,https://datapool.asf.alaska.edu/SLC/SA/S1A_IW_SLC__1SDV_20231113T125524_20231113T125553_051199_062D0F_C755.zip,131,24
S1A_IW_SLC__1SDV_20231101T125523_20231101T125553_051024_06270A_CED9,https://datapool.asf.alaska.edu/SLC/SA/S1A_IW_SLC__1SDV_20231101T125523_20231101T125553_051024_06270A_CED9.zip,S1A_IW_SLC__1SDV_20231113T125524_20231113T125553_051199_062D0F_C755,https://datapool.asf.alaska.edu/SLC/SA/S1A_IW_SLC__1SDV_20231113T125524_20231113T125553_051199_062D0F_C755.zip,101,12
S1A_IW_SLC__1SDV_20231101T125523_20231101T125553_051024_06270A_CED9,https://datapool.asf.alaska.edu/SLC/SA/S1A_IW_SLC__1SDV_20231101T125523_20231101T125553_051024_06270A_CED9.zip,S1A_IW_SLC__1SDV_20231125T125523_20231125T125553_051374_063317_FF98,https://datapool.asf.alaska.edu/SLC/SA/S1A_IW_SLC__1SDV_20231125T125523_20231125T125553_051374_063317_FF98.zip,46,24
S1A_IW_SLC__1SDV_20231101T125523_20231101T125553_051024_06270A_CED9,https://datapool.asf.alaska.edu/SLC/SA/S1A_IW_SLC__1SDV_20231101T125523_20231101T125553_051024_06270A_CED9.zip,S1A_IW_SLC__1SDV_20231207T125523_20231207T125552_051549_063918_12CE,https://datapool.asf.alaska.edu/SLC/SA/S1A_IW_SLC__1SDV_20231207T125523_20231207T125552_051549_063918_12CE.zip,105,36
S1A_IW_SLC__1SDV_20231113T125524_20231113T125553_051199_062D0F_C755,https://datapool.asf.alaska.edu/SLC/SA/S1A_IW_SLC__1SDV_20231113T125524_20231113T125553_051199_062D0F_C755.zip,S1A_IW_SLC__1SDV_20231125T125523_20231125T125553_051374_063317_FF98,https://datapool.asf.alaska.edu/SLC/SA/S1A_IW_SLC__1SDV_20231125T125523_20231125T125553_051374_063317_FF98.zip,147,12
S1A_IW_SLC__1SDV_20231113T125524_20231113T125553_051199_062D0F_C755,https://datapool.asf.alaska.edu/SLC/SA/S1A_IW_SLC__1SDV_20231113T125524_20231113T125553_051199_062D0F_C755.zip,S1A_IW_SLC__1SDV_20231207T125523_20231207T125552_051549_063918_12CE,https://datapool.asf.alaska.edu/SLC/SA/S1A_IW_SLC__1SDV_20231207T125523_20231207T125552_051549_063918_12CE.zip,4,24
S1A_IW_SLC__1SDV_20231113T125524_20231113T125553_051199_062D0F_C755,https://datapool.asf.alaska.edu/SLC/SA/S1A_IW_SLC__1SDV_20231113T125524_20231113T125553_051199_062D0F_C755.zip,S1A_IW_SLC__1SDV_20231219T125522_20231219T125552_051724_063F3C_C994,https://datapool.asf.alaska.edu/SLC/SA/S1A_IW_SLC__1SDV_20231219T125522_20231219T125552_051724_063F3C_C994.zip,24,36
S1A_IW_SLC__1SDV_20231125T125523_20231125T125553_051374_063317_FF98,https://datapool.asf.alaska.edu/SLC/SA/S1A_IW_SLC__1SDV_20231125T125523_20231125T125553_051374_063317_FF98.zip,S1A_IW_SLC__1SDV_20231207T125523_20231207T125552_051549_063918_12CE,https://datapool.asf.alaska.edu/SLC/SA/S1A_IW_SLC__1SDV_20231207T125523_20231207T125552_051549_063918_12CE.zip,151,12
S1A_IW_SLC__1SDV_20231125T125523_20231125T125553_051374_063317_FF98,https://datapool.asf.alaska.edu/SLC/SA/S1A_IW_SLC__1SDV_20231125T125523_20231125T125553_051374_063317_FF98.zip,S1A_IW_SLC__1SDV_20231219T125522_20231219T125552_051724_063F3C_C994,https://datapool.asf.alaska.edu/SLC/SA/S1A_IW_SLC__1SDV_20231219T125522_20231219T125552_051724_063F3C_C994.zip,123,24
S1A_IW_SLC__1SDV_20231125T125523_20231125T125553_051374_063317_FF98,https://datapool.asf.alaska.edu/SLC/SA/S1A_IW_SLC__1SDV_20231125T125523_20231125T125553_051374_063317_FF98.zip,S1A_IW_SLC__1SDV_20231231T125521_20231231T125551_051899_06453F_C241,https://datapool.asf.alaska.edu/SLC/SA/S1A_IW_SLC__1SDV_20231231T125521_20231231T125551_051899_06453F_C241.zip,207,36
S1A_IW_SLC__1SDV_20231207T125523_20231207T125552_051549_063918_12CE,https://datapool.asf.alaska.edu/SLC/SA/S1A_IW_SLC__1SDV_20231207T125523_20231207T125552_051549_063918_12CE.zip,S1A_IW_SLC__1SDV_20231219T125522_20231219T125552_051724_063F3C_C994,https://datapool.asf.alaska.edu/SLC/SA/S1A_IW_SLC__1SDV_20231219T125522_20231219T125552_051724_063F3C_C994.zip,28,12
S1A_IW_SLC__1SDV_20231207T125523_20231207T125552_051549_063918_12CE,https://datapool.asf.alaska.edu/SLC/SA/S1A_IW_SLC__1SDV_20231207T125523_20231207T125552_051549_063918_12CE.zip,S1A_IW_SLC__1SDV_20231231T125521_20231231T125551_051899_06453F_C241,https://datapool.asf.alaska.edu/SLC/SA/S1A_IW_SLC__1SDV_20231231T125521_20231231T125551_051899_06453F_C241.zip,56,24
S1A_IW_SLC__1SDV_20231207T125523_20231207T125552_051549_063918_12CE,https://datapool.asf.alaska.edu/SLC/SA/S1A_IW_SLC__1SDV_20231207T125523_20231207T125552_051549_063918_12CE.zip,S1A_IW_SLC__1SDV_20240112T125521_20240112T125550_052074_064B35_7379,https://datapool.asf.alaska.edu/SLC/SA/S1A_IW_SLC__1SDV_20240112T125521_20240112T125550_052074_064B35_7379.zip,42,36
S1A_IW_SLC__1SDV_20231219T125522_20231219T125552_051724_063F3C_C994,https://datapool.asf.alaska.edu/SLC/SA/S1A_IW_SLC__1SDV_20231219T125522_20231219T125552_051724_063F3C_C994.zip,S1A_IW_SLC__1SDV_20231231T125521_20231231T125551_051899_06453F_C241,https://datapool.asf.alaska.edu/SLC/SA/S1A_IW_SLC__1SDV_20231231T125521_20231231T125551_051899_06453F_C241.zip,84,12
S1A_IW_SLC__1SDV_20231219T125522_20231219T125552_051724_063F3C_C994,https://datapool.asf.alaska.edu/SLC/SA/S1A_IW_SLC__1SDV_20231219T125522_20231219T125552_051724_063F3C_C994.zip,S1A_IW_SLC__1SDV_20240112T125521_20240112T125550_052074_064B35_7379,https://datapool.asf.alaska.edu/SLC/SA/S1A_IW_SLC__1SDV_20240112T125521_20240112T125550_052074_064B35_7379.zip,14,24
S1A_IW_SLC__1SDV_20231219T125522_20231219T125552_051724_063F3C_C994,https://datapool.asf.alaska.edu/SLC/SA/S1A_IW_SLC__1SDV_20231219T125522_20231219T125552_051724_063F3C_C994.zip,S1A_IW_SLC__1SDV_20240124T125520_20240124T125550_052249_065114_021D,https://datapool.asf.alaska.edu/SLC/SA/S1A_IW_SLC__1SDV_20240124T125520_20240124T125550_052249_065114_021D.zip,0,36
S1A_IW_SLC__1SDV_20231231T125521_20231231T125551_051899_06453F_C241,https://datapool.asf.alaska.edu/SLC/SA/S1A_IW_SLC__1SDV_20231231T125521_20231231T125551_051899_06453F_C241.zip,S1A_IW_SLC__1SDV_20240112T125521_20240112T125550_052074_064B35_7379,https://datapool.asf.alaska.edu/SLC/SA/S1A_IW_SLC__1SDV_20240112T125521_20240112T125550_052074_064B35_7379.zip,98,12
S1A_IW_SLC__1SDV_20231231T125521_20231231T125551_051899_06453F_C241,https://datapool.asf.alaska.edu/SLC/SA/S1A_IW_SLC__1SDV_20231231T125521_20231231T125551_051899_06453F_C241.zip,S1A_IW_SLC__1SDV_20240124T125520_20240124T125550_052249_065114_021D,https://datapool.asf.alaska.edu/SLC/SA/S1A_IW_SLC__1SDV_20240124T125520_20240124T125550_052249_065114_021D.zip,84,24
S1A_IW_SLC__1SDV_20231231T125521_20231231T125551_051899_06453F_C241,https://datapool.asf.alaska.edu/SLC/SA/S1A_IW_SLC__1SDV_20231231T125521_20231231T125551_051899_06453F_C241.zip,S1A_IW_SLC__1SDV_20240205T125520_20240205T125550_052424_06570A_8D90,https://datapool.asf.alaska.edu/SLC/SA/S1A_IW_SLC__1SDV_20240205T125520_20240205T125550_052424_06570A_8D90.zip,82,36
S1A_IW_SLC__1SDV_20240112T125521_20240112T125550_052074_064B35_7379,https://datapool.asf.alaska.edu/SLC/SA/S1A_IW_SLC__1SDV_20240112T125521_20240112T125550_052074_064B35_7379.zip,S1A_IW_SLC__1SDV_20240124T125520_20240124T125550_052249_065114_021D,https://datapool.asf.alaska.edu/SLC/SA/S1A_IW_SLC__1SDV_20240124T125520_20240124T125550_052249_065114_021D.zip,14,12
S1A_IW_SLC__1SDV_20240112T125521_20240112T125550_052074_064B35_7379,https://datapool.asf.alaska.edu/SLC/SA/S1A_IW_SLC__1SDV_20240112T125521_20240112T125550_052074_064B35_7379.zip,S1A_IW_SLC__1SDV_20240205T125520_20240205T125550_052424_06570A_8D90,https://datapool.asf.alaska.edu/SLC/SA/S1A_IW_SLC__1SDV_20240205T125520_20240205T125550_052424_06570A_8D90.zip,16,24
S1A_IW_SLC__1SDV_20240112T125521_20240112T125550_052074_064B35_7379,https://datapool.asf.alaska.edu/SLC/SA/S1A_IW_SLC__1SDV_20240112T125521_20240112T125550_052074_064B35_7379.zip,S1A_IW_SLC__1SDV_20240217T125520_20240217T125550_052599_065CEE_64BC,https://datapool.asf.alaska.edu/SLC/SA/S1A_IW_SLC__1SDV_20240217T125520_20240217T125550_052599_065CEE_64BC.zip,85,36
S1A_IW_SLC__1SDV_20240124T125520_20240124T125550_052249_065114_021D,https://datapool.asf.alaska.edu/SLC/SA/S1A_IW_SLC__1SDV_20240124T125520_20240124T125550_052249_065114_021D.zip,S1A_IW_SLC__1SDV_20240205T125520_20240205T125550_052424_06570A_8D90,https://datapool.asf.alaska.edu/SLC/SA/S1A_IW_SLC__1SDV_20240205T125520_20240205T125550_052424_06570A_8D90.zip,2,12
S1A_IW_SLC__1SDV_20240124T125520_20240124T125550_052249_065114_021D,https://datapool.asf.alaska.edu/SLC/SA/S1A_IW_SLC__1SDV_20240124T125520_20240124T125550_052249_065114_021D.zip,S1A_IW_SLC__1SDV_20240217T125520_20240217T125550_052599_065CEE_64BC,https://datapool.asf.alaska.edu/SLC/SA/S1A_IW_SLC__1SDV_20240217T125520_20240217T125550_052599_065CEE_64BC.zip,71,24
S1A_IW_SLC__1SDV_20240124T125520_20240124T125550_052249_065114_021D,https://datapool.asf.alaska.edu/SLC/SA/S1A_IW_SLC__1SDV_20240124T125520_20240124T125550_052249_065114_021D.zip,S1A_IW_SLC__1SDV_20240229T125520_20240229T125550_052774_0662E9_61AC,https://datapool.asf.alaska.edu/SLC/SA/S1A_IW_SLC__1SDV_20240229T125520_20240229T125550_052774_0662E9_61AC.zip,129,36
S1A_IW_SLC__1SDV_20240205T125520_20240205T125550_052424_06570A_8D90,https://datapool.asf.alaska.edu/SLC/SA/S1A_IW_SLC__1SDV_20240205T125520_20240205T125550_052424_06570A_8D90.zip,S1A_IW_SLC__1SDV_20240217T125520_20240217T125550_052599_065CEE_64BC,https://datapool.asf.alaska.edu/SLC/SA/S1A_IW_SLC__1SDV_20240217T125520_20240217T125550_052599_065CEE_64BC.zip,69,12
S1A_IW_SLC__1SDV_20240205T125520_20240205T125550_052424_06570A_8D90,https://datapool.asf.alaska.edu/SLC/SA/S1A_IW_SLC__1SDV_20240205T125520_20240205T125550_052424_06570A_8D90.zip,S1A_IW_SLC__1SDV_20240229T125520_20240229T125550_052774_0662E9_61AC,https://datapool.asf.alaska.edu/SLC/SA/S1A_IW_SLC__1SDV_20240229T125520_20240229T125550_052774_0662E9_61AC.zip,127,24
S1A_IW_SLC__1SDV_20240205T125520_20240205T125550_052424_06570A_8D90,https://datapool.asf.alaska.edu/SLC/SA/S1A_IW_SLC__1SDV_20240205T125520_20240205T125550_052424_06570A_8D90.zip,S1A_IW_SLC__1SDV_20240312T125520_20240312T125550_052949_0668DE_3C20,https://datapool.asf.alaska.edu/SLC/SA/S1A_IW_SLC__1SDV_20240312T125520_20240312T125550_052949_0668DE_3C20.zip,77,36
S1A_IW_SLC__1SDV_20240217T125520_20240217T125550_052599_065CEE_64BC,https://datapool.asf.alaska.edu/SLC/SA/S1A_IW_SLC__1SDV_20240217T125520_20240217T125550_052599_065CEE_64BC.zip,S1A_IW_SLC__1SDV_20240229T125520_20240229T125550_052774_0662E9_61AC,https://datapool.asf.alaska.edu/SLC/SA/S1A_IW_SLC__1SDV_20240229T125520_20240229T125550_052774_0662E9_61AC.zip,58,12
S1A_IW_SLC__1SDV_20240217T125520_20240217T125550_052599_065CEE_64BC,https://datapool.asf.alaska.edu/SLC/SA/S1A_IW_SLC__1SDV_20240217T125520_20240217T125550_052599_065CEE_64BC.zip,S1A_IW_SLC__1SDV_20240312T125520_20240312T125550_052949_0668DE_3C20,https://datapool.asf.alaska.edu/SLC/SA/S1A_IW_SLC__1SDV_20240312T125520_20240312T125550_052949_0668DE_3C20.zip,8,24
S1A_IW_SLC__1SDV_20240217T125520_20240217T125550_052599_065CEE_64BC,https://datapool.asf.alaska.edu/SLC/SA/S1A_IW_SLC__1SDV_20240217T125520_20240217T125550_052599_065CEE_64BC.zip,S1A_IW_SLC__1SDV_20240324T125520_20240324T125550_053124_066F69_5AC4,https://datapool.asf.alaska.edu/SLC/SA/S1A_IW_SLC__1SDV_20240324T125520_20240324T125550_053124_066F69_5AC4.zip,39,36
S1A_IW_SLC__1SDV_20240229T125520_20240229T125550_052774_0662E9_61AC,https://datapool.asf.alaska.edu/SLC/SA/S1A_IW_SLC__1SDV_20240229T125520_20240229T125550_052774_0662E9_61AC.zip,S1A_IW_SLC__1SDV_20240312T125520_20240312T125550_052949_0668DE_3C20,https://datapool.asf.alaska.edu/SLC/SA/S1A_IW_SLC__1SDV_20240312T125520_20240312T125550_052949_0668DE_3C20.zip,50,12
S1A_IW_SLC__1SDV_20240229T125520_20240229T125550_052774_0662E9_61AC,https://datapool.asf.alaska.edu/SLC/SA/S1A_IW_SLC__1SDV_20240229T125520_20240229T125550_052774_0662E9_61AC.zip,S1A_IW_SLC__1SDV_20240324T125520_20240324T125550_053124_066F69_5AC4,https://datapool.asf.alaska.edu/SLC/SA/S1A_IW_SLC__1SDV_20240324T125520_20240324T125550_053124_066F69_5AC4.zip,97,24
S1A_IW_SLC__1SDV_20240229T125520_20240229T125550_052774_0662E9_61AC,https://datapool.asf.alaska.edu/SLC/SA/S1A_IW_SLC__1SDV_20240229T125520_20240229T125550_052774_0662E9_61AC.zip,S1A_IW_SLC__1SDV_20240405T125521_20240405T125551_053299_067618_2A79,https://datapool.asf.alaska.edu/SLC/SA/S1A_IW_SLC__1SDV_20240405T125521_20240405T125551_053299_067618_2A79.zip,39,36
S1A_IW_SLC__1SDV_20240312T125520_20240312T125550_052949_0668DE_3C20,https://datapool.asf.alaska.edu/SLC/SA/S1A_IW_SLC__1SDV_20240312T125520_20240312T125550_052949_0668DE_3C20.zip,S1A_IW_SLC__1SDV_20240324T125520_20240324T125550_053124_066F69_5AC4,https://datapool.asf.alaska.edu/SLC/SA/S1A_IW_SLC__1SDV_20240324T125520_20240324T125550_053124_066F69_5AC4.zip,47,12
S1A_IW_SLC__1SDV_20240312T125520_20240312T125550_052949_0668DE_3C20,https://datapool.asf.alaska.edu/SLC/SA/S1A_IW_SLC__1SDV_20240312T125520_20240312T125550_052949_0668DE_3C20.zip,S1A_IW_SLC__1SDV_20240405T125521_20240405T125551_053299_067618_2A79,https://datapool.asf.alaska.edu/SLC/SA/S1A_IW_SLC__1SDV_20240405T125521_20240405T125551_053299_067618_2A79.zip,11,24
S1A_IW_SLC__1SDV_20240312T125520_20240312T125550_052949_0668DE_3C20,https://datapool.asf.alaska.edu/SLC/SA/S1A_IW_SLC__1SDV_20240312T125520_20240312T125550_052949_0668DE_3C20.zip,S1A_IW_SLC__1SDV_20240417T125521_20240417T125551_053474_067D06_A892,https://datapool.asf.alaska.edu/SLC/SA/S1A_IW_SLC__1SDV_20240417T125521_20240417T125551_053474_067D06_A892.zip,47,36
S1A_IW_SLC__1SDV_20240324T125520_20240324T125550_053124_066F69_5AC4,https://datapool.asf.alaska.edu/SLC/SA/S1A_IW_SLC__1SDV_20240324T125520_20240324T125550_053124_066F69_5AC4.zip,S1A_IW_SLC__1SDV_20240405T125521_20240405T125551_053299_067618_2A79,https://datapool.asf.alaska.edu/SLC/SA/S1A_IW_SLC__1SDV_20240405T125521_20240405T125551_053299_067618_2A79.zip,58,12
S1A_IW_SLC__1SDV_20240324T125520_20240324T125550_053124_066F69_5AC4,https://datapool.asf.alaska.edu/SLC/SA/S1A_IW_SLC__1SDV_20240324T125520_20240324T125550_053124_066F69_5AC4.zip,S1A_IW_SLC__1SDV_20240417T125521_20240417T125551_053474_067D06_A892,https://datapool.asf.alaska.edu/SLC/SA/S1A_IW_SLC__1SDV_20240417T125521_20240417T125551_053474_067D06_A892.zip,0,24
S1A_IW_SLC__1SDV_20240324T125520_20240324T125550_053124_066F69_5AC4,https://datapool.asf.alaska.edu/SLC/SA/S1A_IW_SLC__1SDV_20240324T125520_20240324T125550_053124_066F69_5AC4.zip,S1A_IW_SLC__1SDV_20240429T125521_20240429T125551_053649_0683E9_E520,https://datapool.asf.alaska.edu/SLC/SA/S1A_IW_SLC__1SDV_20240429T125521_20240429T125551_053649_0683E9_E520.zip,30,36
S1A_IW_SLC__1SDV_20240405T125521_20240405T125551_053299_067618_2A79,https://datapool.asf.alaska.edu/SLC/SA/S1A_IW_SLC__1SDV_20240405T125521_20240405T125551_053299_067618_2A79.zip,S1A_IW_SLC__1SDV_20240417T125521_20240417T125551_053474_067D06_A892,https://datapool.asf.alaska.edu/SLC/SA/S1A_IW_SLC__1SDV_20240417T125521_20240417T125551_053474_067D06_A892.zip,58,12
S1A_IW_SLC__1SDV_20240405T125521_20240405T125551_053299_067618_2A79,https://datapool.asf.alaska.edu/SLC/SA/S1A_IW_SLC__1SDV_20240405T125521_20240405T125551_053299_067618_2A79.zip,S1A_IW_SLC__1SDV_20240429T125521_20240429T125551_053649_0683E9_E520,https://datapool.asf.alaska.edu/SLC/SA/S1A_IW_SLC__1SDV_20240429T125521_20240429T125551_053649_0683E9_E520.zip,28,24
S1A_IW_SLC__1SDV_20240405T125521_20240405T125551_053299_067618_2A79,https://datapool.asf.alaska.edu/SLC/SA/S1A_IW_SLC__1SDV_20240405T125521_20240405T125551_053299_067618_2A79.zip,S1A_IW_SLC__1SDV_20240511T125521_20240511T125551_053824_068A89_4321,https://datapool.asf.alaska.edu/SLC/SA/S1A_IW_SLC__1SDV_20240511T125521_20240511T125551_053824_068A89_4321.zip,83,36
S1A_IW_SLC__1SDV_20240417T125521_20240417T125551_053474_067D06_A892,https://datapool.asf.alaska.edu/SLC/SA/S1A_IW_SLC__1SDV_20240417T125521_20240417T125551_053474_067D06_A892.zip,S1A_IW_SLC__1SDV_20240429T125521_20240429T125551_053649_0683E9_E520,https://datapool.asf.alaska.edu/SLC/SA/S1A_IW_SLC__1SDV_20240429T125521_20240429T125551_053649_0683E9_E520.zip,30,12
S1A_IW_SLC__1SDV_20240417T125521_20240417T125551_053474_067D06_A892,https://datapool.asf.alaska.edu/SLC/SA/S1A_IW_SLC__1SDV_20240417T125521_20240417T125551_053474_067D06_A892.zip,S1A_IW_SLC__1SDV_20240511T125521_20240511T125551_053824_068A89_4321,https://datapool.asf.alaska.edu/SLC/SA/S1A_IW_SLC__1SDV_20240511T125521_20240511T125551_053824_068A89_4321.zip,25,24
S1A_IW_SLC__1SDV_20240417T125521_20240417T125551_053474_067D06_A892,https://datapool.asf.alaska.edu/SLC/SA/S1A_IW_SLC__1SDV_20240417T125521_20240417T125551_053474_067D06_A892.zip,S1A_IW_SLC__1SDV_20240523T125521_20240523T125551_053999_06908E_39C1,https://datapool.asf.alaska.edu/SLC/SA/S1A_IW_SLC__1SDV_20240523T125521_20240523T125551_053999_06908E_39C1.zip,153,36
S1A_IW_SLC__1SDV_20240429T125521_20240429T125551_053649_0683E9_E520,https://datapool.asf.alaska.edu/SLC/SA/S1A_IW_SLC__1SDV_20240429T125521_20240429T125551_053649_0683E9_E520.zip,S1A_IW_SLC__1SDV_20240511T125521_20240511T125551_053824_068A89_4321,https://datapool.asf.alaska.edu/SLC/SA/S1A_IW_SLC__1SDV_20240511T125521_20240511T125551_053824_068A89_4321.zip,55,12
S1A_IW_SLC__1SDV_20240429T125521_20240429T125551_053649_0683E9_E520,https://datapool.asf.alaska.edu/SLC/SA/S1A_IW_SLC__1SDV_20240429T125521_20240429T125551_053649_0683E9_E520.zip,S1A_IW_SLC__1SDV_20240523T125521_20240523T125551_053999_06908E_39C1,https://datapool.asf.alaska.edu/SLC/SA/S1A_IW_SLC__1SDV_20240523T125521_20240523T125551_053999_06908E_39C1.zip,183,24
S1A_IW_SLC__1SDV_20240429T125521_20240429T125551_053649_0683E9_E520,https://datapool.asf.alaska.edu/SLC/SA/S1A_IW_SLC__1SDV_20240429T125521_20240429T125551_053649_0683E9_E520.zip,S1A_IW_SLC__1SDV_20240604T125521_20240604T125551_054174_06969B_14FF,https://datapool.asf.alaska.edu/SLC/SA/S1A_IW_SLC__1SDV_20240604T125521_20240604T125551_054174_06969B_14FF.zip,177,36
S1A_IW_SLC__1SDV_20240511T125521_20240511T125551_053824_068A89_4321,https://datapool.asf.alaska.edu/SLC/SA/S1A_IW_SLC__1SDV_20240511T125521_20240511T125551_053824_068A89_4321.zip,S1A_IW_SLC__1SDV_20240523T125521_20240523T125551_053999_06908E_39C1,https://datapool.asf.alaska.edu/SLC/SA/S1A_IW_SLC__1SDV_20240523T125521_20240523T125551_053999_06908E_39C1.zip,128,12
S1A_IW_SLC__1SDV_20240511T125521_20240511T125551_053824_068A89_4321,https://datapool.asf.alaska.edu/SLC/SA/S1A_IW_SLC__1SDV_20240511T125521_20240511T125551_053824_068A89_4321.zip,S1A_IW_SLC__1SDV_20240604T125521_20240604T125551_054174_06969B_14FF,https://datapool.asf.alaska.edu/SLC/SA/S1A_IW_SLC__1SDV_20240604T125521_20240604T125551_054174_06969B_14FF.zip,122,24
S1A_IW_SLC__1SDV_20240511T125521_20240511T125551_053824_068A89_4321,https://datapool.asf.alaska.edu/SLC/SA/S1A_IW_SLC__1SDV_20240511T125521_20240511T125551_053824_068A89_4321.zip,S1A_IW_SLC__1SDV_20240616T125520_20240616T125550_054349_069CA9_1515,https://datapool.asf.alaska.edu/SLC/SA/S1A_IW_SLC__1SDV_20240616T125520_20240616T125550_054349_069CA9_1515.zip,48,36
S1A_IW_SLC__1SDV_20240523T125521_20240523T125551_053999_06908E_39C1,https://datapool.asf.alaska.edu/SLC/SA/S1A_IW_SLC__1SDV_20240523T125521_20240523T125551_053999_06908E_39C1.zip,S1A_IW_SLC__1SDV_20240604T125521_20240604T125551_054174_06969B_14FF,https://datapool.asf.alaska.edu/SLC/SA/S1A_IW_SLC__1SDV_20240604T125521_20240604T125551_054174_06969B_14FF.zip,6,12
S1A_IW_SLC__1SDV_20240523T125521_20240523T125551_053999_06908E_39C1,https://datapool.asf.alaska.edu/SLC/SA/S1A_IW_SLC__1SDV_20240523T125521_20240523T125551_053999_06908E_39C1.zip,S1A_IW_SLC__1SDV_20240616T125520_20240616T125550_054349_069CA9_1515,https://datapool.asf.alaska.edu/SLC/SA/S1A_IW_SLC__1SDV_20240616T125520_20240616T125550_054349_069CA9_1515.zip,80,24
S1A_IW_SLC__1SDV_20240604T125521_20240604T125551_054174_06969B_14FF,https://datapool.asf.alaska.edu/SLC/SA/S1A_IW_SLC__1SDV_20240604T125521_20240604T125551_054174_06969B_14FF.zip,S1A_IW_SLC__1SDV_20240616T125520_20240616T125550_054349_069CA9_1515,https://datapool.asf.alaska.edu/SLC/SA/S1A_IW_SLC__1SDV_20240616T125520_20240616T125550_054349_069CA9_1515.zip,74,12
S1A_IW_SLC__1SDV_20240604T125521_20240604T125551_054174_06969B_14FF,https://datapool.asf.alaska.edu/SLC/SA/S1A_IW_SLC__1SDV_20240604T125521_20240604T125551_054174_06969B_14FF.zip,S1A_IW_SLC__1SDV_20240710T125519_20240710T125549_054699_06A8D5_2262,https://datapool.asf.alaska.edu/SLC/SA/S1A_IW_SLC__1SDV_20240710T125519_20240710T125549_054699_06A8D5_2262.zip,30,36
S1A_IW_SLC__1SDV_20240616T125520_20240616T125550_054349_069CA9_1515,https://datapool.asf.alaska.edu/SLC/SA/S1A_IW_SLC__1SDV_20240616T125520_20240616T125550_054349_069CA9_1515.zip,S1A_IW_SLC__1SDV_20240710T125519_20240710T125549_054699_06A8D5_2262,https://datapool.asf.alaska.edu/SLC/SA/S1A_IW_SLC__1SDV_20240710T125519_20240710T125549_054699_06A8D5_2262.zip,104,24
S1A_IW_SLC__1SDV_20240616T125520_20240616T125550_054349_069CA9_1515,https://datapool.asf.alaska.edu/SLC/SA/S1A_IW_SLC__1SDV_20240616T125520_20240616T125550_054349_069CA9_1515.zip,S1A_IW_SLC__1SDV_20240722T125519_20240722T125549_054874_06AEE3_C137,https://datapool.asf.alaska.edu/SLC/SA/S1A_IW_SLC__1SDV_20240722T125519_20240722T125549_054874_06AEE3_C137.zip,107,36
S1A_IW_SLC__1SDV_20240710T125519_20240710T125549_054699_06A8D5_2262,https://datapool.asf.alaska.edu/SLC/SA/S1A_IW_SLC__1SDV_20240710T125519_20240710T125549_054699_06A8D5_2262.zip,S1A_IW_SLC__1SDV_20240722T125519_20240722T125549_054874_06AEE3_C137,https://datapool.asf.alaska.edu/SLC/SA/S1A_IW_SLC__1SDV_20240722T125519_20240722T125549_054874_06AEE3_C137.zip,3,12
S1A_IW_SLC__1SDV_20240710T125519_20240710T125549_054699_06A8D5_2262,https://datapool.asf.alaska.edu/SLC/SA/S1A_IW_SLC__1SDV_20240710T125519_20240710T125549_054699_06A8D5_2262.zip,S1A_IW_SLC__1SDV_20240803T125519_20240803T125549_055049_06B4EE_B036,https://datapool.asf.alaska.edu/SLC/SA/S1A_IW_SLC__1SDV_20240803T125519_20240803T125549_055049_06B4EE_B036.zip,126,24
S1A_IW_SLC__1SDV_20240710T125519_20240710T125549_054699_06A8D5_2262,https://datapool.asf.alaska.edu/SLC/SA/S1A_IW_SLC__1SDV_20240710T125519_20240710T125549_054699_06A8D5_2262.zip,S1A_IW_SLC__1SDV_20240815T125519_20240815T125548_055224_06BB4D_C805,https://datapool.asf.alaska.edu/SLC/SA/S1A_IW_SLC__1SDV_20240815T125519_20240815T125548_055224_06BB4D_C805.zip,106,36
S1A_IW_SLC__1SDV_20240722T125519_20240722T125549_054874_06AEE3_C137,https://datapool.asf.alaska.edu/SLC/SA/S1A_IW_SLC__1SDV_20240722T125519_20240722T125549_054874_06AEE3_C137.zip,S1A_IW_SLC__1SDV_20240803T125519_20240803T125549_055049_06B4EE_B036,https://datapool.asf.alaska.edu/SLC/SA/S1A_IW_SLC__1SDV_20240803T125519_20240803T125549_055049_06B4EE_B036.zip,129,12
S1A_IW_SLC__1SDV_20240722T125519_20240722T125549_054874_06AEE3_C137,https://datapool.asf.alaska.edu/SLC/SA/S1A_IW_SLC__1SDV_20240722T125519_20240722T125549_054874_06AEE3_C137.zip,S1A_IW_SLC__1SDV_20240815T125519_20240815T125548_055224_06BB4D_C805,https://datapool.asf.alaska.edu/SLC/SA/S1A_IW_SLC__1SDV_20240815T125519_20240815T125548_055224_06BB4D_C805.zip,109,24
S1A_IW_SLC__1SDV_20240803T125519_20240803T125549_055049_06B4EE_B036,https://datapool.asf.alaska.edu/SLC/SA/S1A_IW_SLC__1SDV_20240803T125519_20240803T125549_055049_06B4EE_B036.zip,S1A_IW_SLC__1SDV_20240815T125519_20240815T125548_055224_06BB4D_C805,https://datapool.asf.alaska.edu/SLC/SA/S1A_IW_SLC__1SDV_20240815T125519_20240815T125548_055224_06BB4D_C805.zip,20,12
S1A_IW_SLC__1SDV_20240803T125519_20240803T125549_055049_06B4EE_B036,https://datapool.asf.alaska.edu/SLC/SA/S1A_IW_SLC__1SDV_20240803T125519_20240803T125549_055049_06B4EE_B036.zip,S1A_IW_SLC__1SDV_20240827T125519_20240827T125549_055399_06C1CC_1FE1,https://datapool.asf.alaska.edu/SLC/SA/S1A_IW_SLC__1SDV_20240827T125519_20240827T125549_055399_06C1CC_1FE1.zip,125,24
S1A_IW_SLC__1SDV_20240803T125519_20240803T125549_055049_06B4EE_B036,https://datapool.asf.alaska.edu/SLC/SA/S1A_IW_SLC__1SDV_20240803T125519_20240803T125549_055049_06B4EE_B036.zip,S1A_IW_SLC__1SDV_20240908T125519_20240908T125549_055574_06C878_6F1B,https://datapool.asf.alaska.edu/SLC/SA/S1A_IW_SLC__1SDV_20240908T125519_20240908T125549_055574_06C878_6F1B.zip,104,36
S1A_IW_SLC__1SDV_20240815T125519_20240815T125548_055224_06BB4D_C805,https://datapool.asf.alaska.edu/SLC/SA/S1A_IW_SLC__1SDV_20240815T125519_20240815T125548_055224_06BB4D_C805.zip,S1A_IW_SLC__1SDV_20240827T125519_20240827T125549_055399_06C1CC_1FE1,https://datapool.asf.alaska.edu/SLC/SA/S1A_IW_SLC__1SDV_20240827T125519_20240827T125549_055399_06C1CC_1FE1.zip,145,12
S1A_IW_SLC__1SDV_20240815T125519_20240815T125548_055224_06BB4D_C805,https://datapool.asf.alaska.edu/SLC/SA/S1A_IW_SLC__1SDV_20240815T125519_20240815T125548_055224_06BB4D_C805.zip,S1A_IW_SLC__1SDV_20240908T125519_20240908T125549_055574_06C878_6F1B,https://datapool.asf.alaska.edu/SLC/SA/S1A_IW_SLC__1SDV_20240908T125519_20240908T125549_055574_06C878_6F1B.zip,124,24
S1A_IW_SLC__1SDV_20240815T125519_20240815T125548_055224_06BB4D_C805,https://datapool.asf.alaska.edu/SLC/SA/S1A_IW_SLC__1SDV_20240815T125519_20240815T125548_055224_06BB4D_C805.zip,S1A_IW_SLC__1SDV_20240920T125520_20240920T125549_055749_06CF5F_F381,https://datapool.asf.alaska.edu/SLC/SA/S1A_IW_SLC__1SDV_20240920T125520_20240920T125549_055749_06CF5F_F381.zip,67,36
S1A_IW_SLC__1SDV_20240827T125519_20240827T125549_055399_06C1CC_1FE1,https://datapool.asf.alaska.edu/SLC/SA/S1A_IW_SLC__1SDV_20240827T125519_20240827T125549_055399_06C1CC_1FE1.zip,S1A_IW_SLC__1SDV_20240908T125519_20240908T125549_055574_06C878_6F1B,https://datapool.asf.alaska.edu/SLC/SA/S1A_IW_SLC__1SDV_20240908T125519_20240908T125549_055574_06C878_6F1B.zip,21,12
S1A_IW_SLC__1SDV_20240827T125519_20240827T125549_055399_06C1CC_1FE1,https://datapool.asf.alaska.edu/SLC/SA/S1A_IW_SLC__1SDV_20240827T125519_20240827T125549_055399_06C1CC_1FE1.zip,S1A_IW_SLC__1SDV_20240920T125520_20240920T125549_055749_06CF5F_F381,https://datapool.asf.alaska.edu/SLC/SA/S1A_IW_SLC__1SDV_20240920T125520_20240920T125549_055749_06CF5F_F381.zip,78,24
S1A_IW_SLC__1SDV_20240827T125519_20240827T125549_055399_06C1CC_1FE1,https://datapool.asf.alaska.edu/SLC/SA/S1A_IW_SLC__1SDV_20240827T125519_20240827T125549_055399_06C1CC_1FE1.zip,S1A_IW_SLC__1SDV_20241002T125520_20241002T125550_055924_06D64E_CA28,https://datapool.asf.alaska.edu/SLC/SA/S1A_IW_SLC__1SDV_20241002T125520_20241002T125550_055924_06D64E_CA28.zip,147,36
S1A_IW_SLC__1SDV_20240908T125519_20240908T125549_055574_06C878_6F1B,https://datapool.asf.alaska.edu/SLC/SA/S1A_IW_SLC__1SDV_20240908T125519_20240908T125549_055574_06C878_6F1B.zip,S1A_IW_SLC__1SDV_20240920T125520_20240920T125549_055749_06CF5F_F381,https://datapool.asf.alaska.edu/SLC/SA/S1A_IW_SLC__1SDV_20240920T125520_20240920T125549_055749_06CF5F_F381.zip,57,12
S1A_IW_SLC__1SDV_20240908T125519_20240908T125549_055574_06C878_6F1B,https://datapool.asf.alaska.edu/SLC/SA/S1A_IW_SLC__1SDV_20240908T125519_20240908T125549_055574_06C878_6F1B.zip,S1A_IW_SLC__1SDV_20241002T125520_20241002T125550_055924_06D64E_CA28,https://datapool.asf.alaska.edu/SLC/SA/S1A_IW_SLC__1SDV_20241002T125520_20241002T125550_055924_06D64E_CA28.zip,126,24
S1A_IW_SLC__1SDV_20240908T125519_20240908T125549_055574_06C878_6F1B,https://datapool.asf.alaska.edu/SLC/SA/S1A_IW_SLC__1SDV_20240908T125519_20240908T125549_055574_06C878_6F1B.zip,S1A_IW_SLC__1SDV_20241014T125520_20241014T125550_056099_06DD30_897C,https://datapool.asf.alaska.edu/SLC/SA/S1A_IW_SLC__1SDV_20241014T125520_20241014T125550_056099_06DD30_897C.zip,5,36
S1A_IW_SLC__1SDV_20240920T125520_20240920T125549_055749_06CF5F_F381,https://datapool.asf.alaska.edu/SLC/SA/S1A_IW_SLC__1SDV_20240920T125520_20240920T125549_055749_06CF5F_F381.zip,S1A_IW_SLC__1SDV_20241002T125520_20241002T125550_055924_06D64E_CA28,https://datapool.asf.alaska.edu/SLC/SA/S1A_IW_SLC__1SDV_20241002T125520_20241002T125550_055924_06D64E_CA28.zip,69,12
S1A_IW_SLC__1SDV_20240920T125520_20240920T125549_055749_06CF5F_F381,https://datapool.asf.alaska.edu/SLC/SA/S1A_IW_SLC__1SDV_20240920T125520_20240920T125549_055749_06CF5F_F381.zip,S1A_IW_SLC__1SDV_20241014T125520_20241014T125550_056099_06DD30_897C,https://datapool.asf.alaska.edu/SLC/SA/S1A_IW_SLC__1SDV_20241014T125520_20241014T125550_056099_06DD30_897C.zip,52,24
S1A_IW_SLC__1SDV_20240920T125520_20240920T125549_055749_06CF5F_F381,https://datapool.asf.alaska.edu/SLC/SA/S1A_IW_SLC__1SDV_20240920T125520_20240920T125549_055749_06CF5F_F381.zip,S1A_IW_SLC__1SDV_20241026T125520_20241026T125550_056274_06E424_3FFB,https://datapool.asf.alaska.edu/SLC/SA/S1A_IW_SLC__1SDV_20241026T125520_20241026T125550_056274_06E424_3FFB.zip,51,36
S1A_IW_SLC__1SDV_20241002T125520_20241002T125550_055924_06D64E_CA28,https://datapool.asf.alaska.edu/SLC/SA/S1A_IW_SLC__1SDV_20241002T125520_20241002T125550_055924_06D64E_CA28.zip,S1A_IW_SLC__1SDV_20241014T125520_20241014T125550_056099_06DD30_897C,https://datapool.asf.alaska.edu/SLC/SA/S1A_IW_SLC__1SDV_20241014T125520_20241014T125550_056099_06DD30_897C.zip,121,12
S1A_IW_SLC__1SDV_20241002T125520_20241002T125550_055924_06D64E_CA28,https://datapool.asf.alaska.edu/SLC/SA/S1A_IW_SLC__1SDV_20241002T125520_20241002T125550_055924_06D64E_CA28.zip,S1A_IW_SLC__1SDV_20241026T125520_20241026T125550_056274_06E424_3FFB,https://datapool.asf.alaska.edu/SLC/SA/S1A_IW_SLC__1SDV_20241026T125520_20241026T125550_056274_06E424_3FFB.zip,18,24
S1A_IW_SLC__1SDV_20241002T125520_20241002T125550_055924_06D64E_CA28,https://datapool.asf.alaska.edu/SLC/SA/S1A_IW_SLC__1SDV_20241002T125520_20241002T125550_055924_06D64E_CA28.zip,S1A_IW_SLC__1SDV_20241107T125520_20241107T125550_056449_06EB11_7F06,https://datapool.asf.alaska.edu/SLC/SA/S1A_IW_SLC__1SDV_20241107T125520_20241107T125550_056449_06EB11_7F06.zip,88,36
S1A_IW_SLC__1SDV_20241014T125520_20241014T125550_056099_06DD30_897C,https://datapool.asf.alaska.edu/SLC/SA/S1A_IW_SLC__1SDV_20241014T125520_20241014T125550_056099_06DD30_897C.zip,S1A_IW_SLC__1SDV_20241026T125520_20241026T125550_056274_06E424_3FFB,https://datapool.asf.alaska.edu/SLC/SA/S1A_IW_SLC__1SDV_20241026T125520_20241026T125550_056274_06E424_3FFB.zip,103,12
S1A_IW_SLC__1SDV_20241014T125520_20241014T125550_056099_06DD30_897C,https://datapool.asf.alaska.edu/SLC/SA/S1A_IW_SLC__1SDV_20241014T125520_20241014T125550_056099_06DD30_897C.zip,S1A_IW_SLC__1SDV_20241107T125520_20241107T125550_056449_06EB11_7F06,https://datapool.asf.alaska.edu/SLC/SA/S1A_IW_SLC__1SDV_20241107T125520_20241107T125550_056449_06EB11_7F06.zip,33,24
S1A_IW_SLC__1SDV_20241014T125520_20241014T125550_056099_06DD30_897C,https://datapool.asf.alaska.edu/SLC/SA/S1A_IW_SLC__1SDV_20241014T125520_20241014T125550_056099_06DD30_897C.zip,S1A_IW_SLC__1SDV_20241119T125519_20241119T125549_056624_06F215_9DBC,https://datapool.asf.alaska.edu/SLC/SA/S1A_IW_SLC__1SDV_20241119T125519_20241119T125549_056624_06F215_9DBC.zip,38,36
S1A_IW_SLC__1SDV_20241026T125520_20241026T125550_056274_06E424_3FFB,https://datapool.asf.alaska.edu/SLC/SA/S1A_IW_SLC__1SDV_20241026T125520_20241026T125550_056274_06E424_3FFB.zip,S1A_IW_SLC__1SDV_20241107T125520_20241107T125550_056449_06EB11_7F06,https://datapool.asf.alaska.edu/SLC/SA/S1A_IW_SLC__1SDV_20241107T125520_20241107T125550_056449_06EB11_7F06.zip,70,12
S1A_IW_SLC__1SDV_20241026T125520_20241026T125550_056274_06E424_3FFB,https://datapool.asf.alaska.edu/SLC/SA/S1A_IW_SLC__1SDV_20241026T125520_20241026T125550_056274_06E424_3FFB.zip,S1A_IW_SLC__1SDV_20241119T125519_20241119T125549_056624_06F215_9DBC,https://datapool.asf.alaska.edu/SLC/SA/S1A_IW_SLC__1SDV_20241119T125519_20241119T125549_056624_06F215_9DBC.zip,65,24
S1A_IW_SLC__1SDV_20241107T125520_20241107T125550_056449_06EB11_7F06,https://datapool.asf.alaska.edu/SLC/SA/S1A_IW_SLC__1SDV_20241107T125520_20241107T125550_056449_06EB11_7F06.zip,S1A_IW_SLC__1SDV_20241119T125519_20241119T125549_056624_06F215_9DBC,https://datapool.asf.alaska.edu/SLC/SA/S1A_IW_SLC__1SDV_20241119T125519_20241119T125549_056624_06F215_9DBC.zip,5,12
S1A_IW_SLC__1SDV_20241107T125520_20241107T125550_056449_06EB11_7F06,https://datapool.asf.alaska.edu/SLC/SA/S1A_IW_SLC__1SDV_20241107T125520_20241107T125550_056449_06EB11_7F06.zip,S1A_IW_SLC__1SDV_20241213T125518_20241213T125548_056974_06FFE6_755F,https://datapool.asf.alaska.edu/SLC/SA/S1A_IW_SLC__1SDV_20241213T125518_20241213T125548_056974_06FFE6_755F.zip,30,36
S1A_IW_SLC__1SDV_20241119T125519_20241119T125549_056624_06F215_9DBC,https://datapool.asf.alaska.edu/SLC/SA/S1A_IW_SLC__1SDV_20241119T125519_20241119T125549_056624_06F215_9DBC.zip,S1A_IW_SLC__1SDV_20241213T125518_20241213T125548_056974_06FFE6_755F,https://datapool.asf.alaska.edu/SLC/SA/S1A_IW_SLC__1SDV_20241213T125518_20241213T125548_056974_06FFE6_755F.zip,25,24
S1A_IW_SLC__1SDV_20241119T125519_20241119T125549_056624_06F215_9DBC,https://datapool.asf.alaska.edu/SLC/SA/S1A_IW_SLC__1SDV_20241119T125519_20241119T125549_056624_06F215_9DBC.zip,S1A_IW_SLC__1SDV_20241225T125516_20241225T125546_057149_0706ED_77A5,https://datapool.asf.alaska.edu/SLC/SA/S1A_IW_SLC__1SDV_20241225T125516_20241225T125546_057149_0706ED_77A5.zip,141,36
S1A_IW_SLC__1SDV_20241213T125518_20241213T125548_056974_06FFE6_755F,https://datapool.asf.alaska.edu/SLC/SA/S1A_IW_SLC__1SDV_20241213T125518_20241213T125548_056974_06FFE6_755F.zip,S1A_IW_SLC__1SDV_20241225T125516_20241225T125546_057149_0706ED_77A5,https://datapool.asf.alaska.edu/SLC/SA/S1A_IW_SLC__1SDV_20241225T125516_20241225T125546_057149_0706ED_77A5.zip,116,12
S1A_IW_SLC__1SDV_20241213T125518_20241213T125548_056974_06FFE6_755F,https://datapool.asf.alaska.edu/SLC/SA/S1A_IW_SLC__1SDV_20241213T125518_20241213T125548_056974_06FFE6_755F.zip,S1A_IW_SLC__1SDV_20250106T125515_20250106T125545_057324_070DCA_4C4D,https://datapool.asf.alaska.edu/SLC/SA/S1A_IW_SLC__1SDV_20250106T125515_20250106T125545_057324_070DCA_4C4D.zip,20,24
S1A_IW_SLC__1SDV_20241213T125518_20241213T125548_056974_06FFE6_755F,https://datapool.asf.alaska.edu/SLC/SA/S1A_IW_SLC__1SDV_20241213T125518_20241213T125548_056974_06FFE6_755F.zip,S1A_IW_SLC__1SDV_20250118T125514_20250118T125544_057499_0714B9_5061,https://datapool.asf.alaska.edu/SLC/SA/S1A_IW_SLC__1SDV_20250118T125514_20250118T125544_057499_0714B9_5061.zip,79,36
S1A_IW_SLC__1SDV_20241225T125516_20241225T125546_057149_0706ED_77A5,https://datapool.asf.alaska.edu/SLC/SA/S1A_IW_SLC__1SDV_20241225T125516_20241225T125546_057149_0706ED_77A5.zip,S1A_IW_SLC__1SDV_20250106T125515_20250106T125545_057324_070DCA_4C4D,https://datapool.asf.alaska.edu/SLC/SA/S1A_IW_SLC__1SDV_20250106T125515_20250106T125545_057324_070DCA_4C4D.zip,96,12
S1A_IW_SLC__1SDV_20241225T125516_20241225T125546_057149_0706ED_77A5,https://datapool.asf.alaska.edu/SLC/SA/S1A_IW_SLC__1SDV_20241225T125516_20241225T125546_057149_0706ED_77A5.zip,S1A_IW_SLC__1SDV_20250118T125514_20250118T125544_057499_0714B9_5061,https://datapool.asf.alaska.edu/SLC/SA/S1A_IW_SLC__1SDV_20250118T125514_20250118T125544_057499_0714B9_5061.zip,37,24
S1A_IW_SLC__1SDV_20241225T125516_20241225T125546_057149_0706ED_77A5,https://datapool.asf.alaska.edu/SLC/SA/S1A_IW_SLC__1SDV_20241225T125516_20241225T125546_057149_0706ED_77A5.zip,S1A_IW_SLC__1SDV_20250130T125514_20250130T125543_057674_071BA5_95EE,https://datapool.asf.alaska.edu/SLC/SA/S1A_IW_SLC__1SDV_20250130T125514_20250130T125543_057674_071BA5_95EE.zip,64,36
S1A_IW_SLC__1SDV_20250106T125515_20250106T125545_057324_070DCA_4C4D,https://datapool.asf.alaska.edu/SLC/SA/S1A_IW_SLC__1SDV_20250106T125515_20250106T125545_057324_070DCA_4C4D.zip,S1A_IW_SLC__1SDV_20250118T125514_20250118T125544_057499_0714B9_5061,https://datapool.asf.alaska.edu/SLC/SA/S1A_IW_SLC__1SDV_20250118T125514_20250118T125544_057499_0714B9_5061.zip,59,12
S1A_IW_SLC__1SDV_20250106T125515_20250106T125545_057324_070DCA_4C4D,https://datapool.asf.alaska.edu/SLC/SA/S1A_IW_SLC__1SDV_20250106T125515_20250106T125545_057324_070DCA_4C4D.zip,S1A_IW_SLC__1SDV_20250130T125514_20250130T125543_057674_071BA5_95EE,https://datapool.asf.alaska.edu/SLC/SA/S1A_IW_SLC__1SDV_20250130T125514_20250130T125543_057674_071BA5_95EE.zip,32,24
S1A_IW_SLC__1SDV_20250106T125515_20250106T125545_057324_070DCA_4C4D,https://datapool.asf.alaska.edu/SLC/SA/S1A_IW_SLC__1SDV_20250106T125515_20250106T125545_057324_070DCA_4C4D.zip,S1A_IW_SLC__1SDV_20250211T125513_20250211T125543_057849_0722A5_93A3,https://datapool.asf.alaska.edu/SLC/SA/S1A_IW_SLC__1SDV_20250211T125513_20250211T125543_057849_0722A5_93A3.zip,18,36
S1A_IW_SLC__1SDV_20250118T125514_20250118T125544_057499_0714B9_5061,https://datapool.asf.alaska.edu/SLC/SA/S1A_IW_SLC__1SDV_20250118T125514_20250118T125544_057499_0714B9_5061.zip,S1A_IW_SLC__1SDV_20250130T125514_20250130T125543_057674_071BA5_95EE,https://datapool.asf.alaska.edu/SLC/SA/S1A_IW_SLC__1SDV_20250130T125514_20250130T125543_057674_071BA5_95EE.zip,27,12
S1A_IW_SLC__1SDV_20250118T125514_20250118T125544_057499_0714B9_5061,https://datapool.asf.alaska.edu/SLC/SA/S1A_IW_SLC__1SDV_20250118T125514_20250118T125544_057499_0714B9_5061.zip,S1A_IW_SLC__1SDV_20250211T125513_20250211T125543_057849_0722A5_93A3,https://datapool.asf.alaska.edu/SLC/SA/S1A_IW_SLC__1SDV_20250211T125513_20250211T125543_057849_0722A5_93A3.zip,77,24
S1A_IW_SLC__1SDV_20250118T125514_20250118T125544_057499_0714B9_5061,https://datapool.asf.alaska.edu/SLC/SA/S1A_IW_SLC__1SDV_20250118T125514_20250118T125544_057499_0714B9_5061.zip,S1A_IW_SLC__1SDV_20250223T125513_20250223T125543_058024_0729C2_96BF,https://datapool.asf.alaska.edu/SLC/SA/S1A_IW_SLC__1SDV_20250223T125513_20250223T125543_058024_0729C2_96BF.zip,78,36
S1A_IW_SLC__1SDV_20250130T125514_20250130T125543_057674_071BA5_95EE,https://datapool.asf.alaska.edu/SLC/SA/S1A_IW_SLC__1SDV_20250130T125514_20250130T125543_057674_071BA5_95EE.zip,S1A_IW_SLC__1SDV_20250211T125513_20250211T125543_057849_0722A5_93A3,https://datapool.asf.alaska.edu/SLC/SA/S1A_IW_SLC__1SDV_20250211T125513_20250211T125543_057849_0722A5_93A3.zip,50,12
S1A_IW_SLC__1SDV_20250130T125514_20250130T125543_057674_071BA5_95EE,https://datapool.asf.alaska.edu/SLC/SA/S1A_IW_SLC__1SDV_20250130T125514_20250130T125543_057674_071BA5_95EE.zip,S1A_IW_SLC__1SDV_20250223T125513_20250223T125543_058024_0729C2_96BF,https://datapool.asf.alaska.edu/SLC/SA/S1A_IW_SLC__1SDV_20250223T125513_20250223T125543_058024_0729C2_96BF.zip,51,24
S1A_IW_SLC__1SDV_20250130T125514_20250130T125543_057674_071BA5_95EE,https://datapool.asf.alaska.edu/SLC/SA/S1A_IW_SLC__1SDV_20250130T125514_20250130T125543_057674_071BA5_95EE.zip,S1A_IW_SLC__1SDV_20250307T125513_20250307T125543_058199_0730ED_B7C9,https://datapool.asf.alaska.edu/SLC/SA/S1A_IW_SLC__1SDV_20250307T125513_20250307T125543_058199_0730ED_B7C9.zip,119,36
S1A_IW_SLC__1SDV_20250211T125513_20250211T125543_057849_0722A5_93A3,https://datapool.asf.alaska.edu/SLC/SA/S1A_IW_SLC__1SDV_20250211T125513_20250211T125543_057849_0722A5_93A3.zip,S1A_IW_SLC__1SDV_20250223T125513_20250223T125543_058024_0729C2_96BF,https://datapool.asf.alaska.edu/SLC/SA/S1A_IW_SLC__1SDV_20250223T125513_20250223T125543_058024_0729C2_96BF.zip,1,12
S1A_IW_SLC__1SDV_20250211T125513_20250211T125543_057849_0722A5_93A3,https://datapool.asf.alaska.edu/SLC/SA/S1A_IW_SLC__1SDV_20250211T125513_20250211T125543_057849_0722A5_93A3.zip,S1A_IW_SLC__1SDV_20250307T125513_20250307T125543_058199_0730ED_B7C9,https://datapool.asf.alaska.edu/SLC/SA/S1A_IW_SLC__1SDV_20250307T125513_20250307T125543_058199_0730ED_B7C9.zip,69,24
S1A_IW_SLC__1SDV_20250211T125513_20250211T125543_057849_0722A5_93A3,https://datapool.asf.alaska.edu/SLC/SA/S1A_IW_SLC__1SDV_20250211T125513_20250211T125543_057849_0722A5_93A3.zip,S1A_IW_SLC__1SDV_20250319T125513_20250319T125543_058374_0737D0_6841,https://datapool.asf.alaska.edu/SLC/SA/S1A_IW_SLC__1SDV_20250319T125513_20250319T125543_058374_0737D0_6841.zip,71,36
S1A_IW_SLC__1SDV_20250223T125513_20250223T125543_058024_0729C2_96BF,https://datapool.asf.alaska.edu/SLC/SA/S1A_IW_SLC__1SDV_20250223T125513_20250223T125543_058024_0729C2_96BF.zip,S1A_IW_SLC__1SDV_20250307T125513_20250307T125543_058199_0730ED_B7C9,https://datapool.asf.alaska.edu/SLC/SA/S1A_IW_SLC__1SDV_20250307T125513_20250307T125543_058199_0730ED_B7C9.zip,68,12
S1A_IW_SLC__1SDV_20250223T125513_20250223T125543_058024_0729C2_96BF,https://datapool.asf.alaska.edu/SLC/SA/S1A_IW_SLC__1SDV_20250223T125513_20250223T125543_058024_0729C2_96BF.zip,S1A_IW_SLC__1SDV_20250319T125513_20250319T125543_058374_0737D0_6841,https://datapool.asf.alaska.edu/SLC/SA/S1A_IW_SLC__1SDV_20250319T125513_20250319T125543_058374_0737D0_6841.zip,70,24
S1A_IW_SLC__1SDV_20250223T125513_20250223T125543_058024_0729C2_96BF,https://datapool.asf.alaska.edu/SLC/SA/S1A_IW_SLC__1SDV_20250223T125513_20250223T125543_058024_0729C2_96BF.zip,S1A_IW_SLC__1SDV_20250331T125514_20250331T125543_058549_073ED5_BB04,https://datapool.asf.alaska.edu/SLC/SA/S1A_IW_SLC__1SDV_20250331T125514_20250331T125543_058549_073ED5_BB04.zip,109,36
S1A_IW_SLC__1SDV_20250307T125513_20250307T125543_058199_0730ED_B7C9,https://datapool.asf.alaska.edu/SLC/SA/S1A_IW_SLC__1SDV_20250307T125513_20250307T125543_058199_0730ED_B7C9.zip,S1A_IW_SLC__1SDV_20250319T125513_20250319T125543_058374_0737D0_6841,https://datapool.asf.alaska.edu/SLC/SA/S1A_IW_SLC__1SDV_20250319T125513_20250319T125543_058374_0737D0_6841.zip,2,12
S1A_IW_SLC__1SDV_20250307T125513_20250307T125543_058199_0730ED_B7C9,https://datapool.asf.alaska.edu/SLC/SA/S1A_IW_SLC__1SDV_20250307T125513_20250307T125543_058199_0730ED_B7C9.zip,S1A_IW_SLC__1SDV_20250331T125514_20250331T125543_058549_073ED5_BB04,https://datapool.asf.alaska.edu/SLC/SA/S1A_IW_SLC__1SDV_20250331T125514_20250331T125543_058549_073ED5_BB04.zip,41,24
S1A_IW_SLC__1SDV_20250307T125513_20250307T125543_058199_0730ED_B7C9,https://datapool.asf.alaska.edu/SLC/SA/S1A_IW_SLC__1SDV_20250307T125513_20250307T125543_058199_0730ED_B7C9.zip,S1A_IW_SLC__1SDV_20250412T125513_20250412T125543_058724_0745FF_A4A5,https://datapool.asf.alaska.edu/SLC/SA/S1A_IW_SLC__1SDV_20250412T125513_20250412T125543_058724_0745FF_A4A5.zip,183,36
S1A_IW_SLC__1SDV_20250319T125513_20250319T125543_058374_0737D0_6841,https://datapool.asf.alaska.edu/SLC/SA/S1A_IW_SLC__1SDV_20250319T125513_20250319T125543_058374_0737D0_6841.zip,S1A_IW_SLC__1SDV_20250331T125514_20250331T125543_058549_073ED5_BB04,https://datapool.asf.alaska.edu/SLC/SA/S1A_IW_SLC__1SDV_20250331T125514_20250331T125543_058549_073ED5_BB04.zip,39,12
S1A_IW_SLC__1SDV_20250319T125513_20250319T125543_058374_0737D0_6841,https://datapool.asf.alaska.edu/SLC/SA/S1A_IW_SLC__1SDV_20250319T125513_20250319T125543_058374_0737D0_6841.zip,S1A_IW_SLC__1SDV_20250412T125513_20250412T125543_058724_0745FF_A4A5,https://datapool.asf.alaska.edu/SLC/SA/S1A_IW_SLC__1SDV_20250412T125513_20250412T125543_058724_0745FF_A4A5.zip,185,24
S1A_IW_SLC__1SDV_20250319T125513_20250319T125543_058374_0737D0_6841,https://datapool.asf.alaska.edu/SLC/SA/S1A_IW_SLC__1SDV_20250319T125513_20250319T125543_058374_0737D0_6841.zip,S1A_IW_SLC__1SDV_20250424T125514_20250424T125543_058899_074D29_629F,https://datapool.asf.alaska.edu/SLC/SA/S1A_IW_SLC__1SDV_20250424T125514_20250424T125543_058899_074D29_629F.zip,97,36
S1A_IW_SLC__1SDV_20250331T125514_20250331T125543_058549_073ED5_BB04,https://datapool.asf.alaska.edu/SLC/SA/S1A_IW_SLC__1SDV_20250331T125514_20250331T125543_058549_073ED5_BB04.zip,S1A_IW_SLC__1SDV_20250412T125513_20250412T125543_058724_0745FF_A4A5,https://datapool.asf.alaska.edu/SLC/SA/S1A_IW_SLC__1SDV_20250412T125513_20250412T125543_058724_0745FF_A4A5.zip,224,12
S1A_IW_SLC__1SDV_20250331T125514_20250331T125543_058549_073ED5_BB04,https://datapool.asf.alaska.edu/SLC/SA/S1A_IW_SLC__1SDV_20250331T125514_20250331T125543_058549_073ED5_BB04.zip,S1A_IW_SLC__1SDV_20250424T125514_20250424T125543_058899_074D29_629F,https://datapool.asf.alaska.edu/SLC/SA/S1A_IW_SLC__1SDV_20250424T125514_20250424T125543_058899_074D29_629F.zip,136,24
S1A_IW_SLC__1SDV_20250331T125514_20250331T125543_058549_073ED5_BB04,https://datapool.asf.alaska.edu/SLC/SA/S1A_IW_SLC__1SDV_20250331T125514_20250331T125543_058549_073ED5_BB04.zip,S1A_IW_SLC__1SDV_20250506T125514_20250506T125543_059074_075420_DE01,https://datapool.asf.alaska.edu/SLC/SA/S1A_IW_SLC__1SDV_20250506T125514_20250506T125543_059074_075420_DE01.zip,168,36
S1A_IW_SLC__1SDV_20250412T125513_20250412T125543_058724_0745FF_A4A5,https://datapool.asf.alaska.edu/SLC/SA/S1A_IW_SLC__1SDV_20250412T125513_20250412T125543_058724_0745FF_A4A5.zip,S1A_IW_SLC__1SDV_20250424T125514_20250424T125543_058899_074D29_629F,https://datapool.asf.alaska.edu/SLC/SA/S1A_IW_SLC__1SDV_20250424T125514_20250424T125543_058899_074D29_629F.zip,88,12
S1A_IW_SLC__1SDV_20250412T125513_20250412T125543_058724_0745FF_A4A5,https://datapool.asf.alaska.edu/SLC/SA/S1A_IW_SLC__1SDV_20250412T125513_20250412T125543_058724_0745FF_A4A5.zip,S1A_IW_SLC__1SDV_20250506T125514_20250506T125543_059074_075420_DE01,https://datapool.asf.alaska.edu/SLC/SA/S1A_IW_SLC__1SDV_20250506T125514_20250506T125543_059074_075420_DE01.zip,56,24
S1A_IW_SLC__1SDV_20250412T125513_20250412T125543_058724_0745FF_A4A5,https://datapool.asf.alaska.edu/SLC/SA/S1A_IW_SLC__1SDV_20250412T125513_20250412T125543_058724_0745FF_A4A5.zip,S1A_IW_SLC__1SDV_20250518T125513_20250518T125543_059249_075A3B_6366,https://datapool.asf.alaska.edu/SLC/SA/S1A_IW_SLC__1SDV_20250518T125513_20250518T125543_059249_075A3B_6366.zip,24,36
S1A_IW_SLC__1SDV_20250424T125514_20250424T125543_058899_074D29_629F,https://datapool.asf.alaska.edu/SLC/SA/S1A_IW_SLC__1SDV_20250424T125514_20250424T125543_058899_074D29_629F.zip,S1A_IW_SLC__1SDV_20250506T125514_20250506T125543_059074_075420_DE01,https://datapool.asf.alaska.edu/SLC/SA/S1A_IW_SLC__1SDV_20250506T125514_20250506T125543_059074_075420_DE01.zip,32,12
S1A_IW_SLC__1SDV_20250424T125514_20250424T125543_058899_074D29_629F,https://datapool.asf.alaska.edu/SLC/SA/S1A_IW_SLC__1SDV_20250424T125514_20250424T125543_058899_074D29_629F.zip,S1A_IW_SLC__1SDV_20250518T125513_20250518T125543_059249_075A3B_6366,https://datapool.asf.alaska.edu/SLC/SA/S1A_IW_SLC__1SDV_20250518T125513_20250518T125543_059249_075A3B_6366.zip,64,24
S1A_IW_SLC__1SDV_20250424T125514_20250424T125543_058899_074D29_629F,https://datapool.asf.alaska.edu/SLC/SA/S1A_IW_SLC__1SDV_20250424T125514_20250424T125543_058899_074D29_629F.zip,S1A_IW_SLC__1SDV_20250530T125513_20250530T125543_059424_076051_FD27,https://datapool.asf.alaska.edu/SLC/SA/S1A_IW_SLC__1SDV_20250530T125513_20250530T125543_059424_076051_FD27.zip,120,36
S1A_IW_SLC__1SDV_20250506T125514_20250506T125543_059074_075420_DE01,https://datapool.asf.alaska.edu/SLC/SA/S1A_IW_SLC__1SDV_20250506T125514_20250506T125543_059074_075420_DE01.zip,S1A_IW_SLC__1SDV_20250518T125513_20250518T125543_059249_075A3B_6366,https://datapool.asf.alaska.edu/SLC/SA/S1A_IW_SLC__1SDV_20250518T125513_20250518T125543_059249_075A3B_6366.zip,32,12
S1A_IW_SLC__1SDV_20250506T125514_20250506T125543_059074_075420_DE01,https://datapool.asf.alaska.edu/SLC/SA/S1A_IW_SLC__1SDV_20250506T125514_20250506T125543_059074_075420_DE01.zip,S1A_IW_SLC__1SDV_20250530T125513_20250530T125543_059424_076051_FD27,https://datapool.asf.alaska.edu/SLC/SA/S1A_IW_SLC__1SDV_20250530T125513_20250530T125543_059424_076051_FD27.zip,88,24
S1A_IW_SLC__1SDV_20250506T125514_20250506T125543_059074_075420_DE01,https://datapool.asf.alaska.edu/SLC/SA/S1A_IW_SLC__1SDV_20250506T125514_20250506T125543_059074_075420_DE01.zip,S1A_IW_SLC__1SDV_20250611T125512_20250611T125542_059599_076647_69BA,https://datapool.asf.alaska.edu/SLC/SA/S1A_IW_SLC__1SDV_20250611T125512_20250611T125542_059599_076647_69BA.zip,127,36
S1A_IW_SLC__1SDV_20250518T125513_20250518T125543_059249_075A3B_6366,https://datapool.asf.alaska.edu/SLC/SA/S1A_IW_SLC__1SDV_20250518T125513_20250518T125543_059249_075A3B_6366.zip,S1A_IW_SLC__1SDV_20250530T125513_20250530T125543_059424_076051_FD27,https://datapool.asf.alaska.edu/SLC/SA/S1A_IW_SLC__1SDV_20250530T125513_20250530T125543_059424_076051_FD27.zip,56,12
S1A_IW_SLC__1SDV_20250518T125513_20250518T125543_059249_075A3B_6366,https://datapool.asf.alaska.edu/SLC/SA/S1A_IW_SLC__1SDV_20250518T125513_20250518T125543_059249_075A3B_6366.zip,S1A_IW_SLC__1SDV_20250611T125512_20250611T125542_059599_076647_69BA,https://datapool.asf.alaska.edu/SLC/SA/S1A_IW_SLC__1SDV_20250611T125512_20250611T125542_059599_076647_69BA.zip,95,24
S1A_IW_SLC__1SDV_20250518T125513_20250518T125543_059249_075A3B_6366,https://datapool.asf.alaska.edu/SLC/SA/S1A_IW_SLC__1SDV_20250518T125513_20250518T125543_059249_075A3B_6366.zip,S1A_IW_SLC__1SDV_20250623T125512_20250623T125541_059774_076C55_4FB8,https://datapool.asf.alaska.edu/SLC/SA/S1A_IW_SLC__1SDV_20250623T125512_20250623T125541_059774_076C55_4FB8.zip,60,36
S1A_IW_SLC__1SDV_20250530T125513_20250530T125543_059424_076051_FD27,https://datapool.asf.alaska.edu/SLC/SA/S1A_IW_SLC__1SDV_20250530T125513_20250530T125543_059424_076051_FD27.zip,S1A_IW_SLC__1SDV_20250611T125512_20250611T125542_059599_076647_69BA,https://datapool.asf.alaska.edu/SLC/SA/S1A_IW_SLC__1SDV_20250611T125512_20250611T125542_059599_076647_69BA.zip,39,12
S1A_IW_SLC__1SDV_20250530T125513_20250530T125543_059424_076051_FD27,https://datapool.asf.alaska.edu/SLC/SA/S1A_IW_SLC__1SDV_20250530T125513_20250530T125543_059424_076051_FD27.zip,S1A_IW_SLC__1SDV_20250623T125512_20250623T125541_059774_076C55_4FB8,https://datapool.asf.alaska.edu/SLC/SA/S1A_IW_SLC__1SDV_20250623T125512_20250623T125541_059774_076C55_4FB8.zip,4,24
S1A_IW_SLC__1SDV_20250530T125513_20250530T125543_059424_076051_FD27,https://datapool.asf.alaska.edu/SLC/SA/S1A_IW_SLC__1SDV_20250530T125513_20250530T125543_059424_076051_FD27.zip,S1A_IW_SLC__1SDV_20250705T125511_20250705T125541_059949_07726A_D4EB,https://datapool.asf.alaska.edu/SLC/SA/S1A_IW_SLC__1SDV_20250705T125511_20250705T125541_059949_07726A_D4EB.zip,1,36
S1A_IW_SLC__1SDV_20250611T125512_20250611T125542_059599_076647_69BA,https://datapool.asf.alaska.edu/SLC/SA/S1A_IW_SLC__1SDV_20250611T125512_20250611T125542_059599_076647_69BA.zip,S1A_IW_SLC__1SDV_20250623T125512_20250623T125541_059774_076C55_4FB8,https://datapool.asf.alaska.edu/SLC/SA/S1A_IW_SLC__1SDV_20250623T125512_20250623T125541_059774_076C55_4FB8.zip,35,12
S1A_IW_SLC__1SDV_20250611T125512_20250611T125542_059599_076647_69BA,https://datapool.asf.alaska.edu/SLC/SA/S1A_IW_SLC__1SDV_20250611T125512_20250611T125542_059599_076647_69BA.zip,S1A_IW_SLC__1SDV_20250705T125511_20250705T125541_059949_07726A_D4EB,https://datapool.asf.alaska.edu/SLC/SA/S1A_IW_SLC__1SDV_20250705T125511_20250705T125541_059949_07726A_D4EB.zip,40,24
S1A_IW_SLC__1SDV_20250611T125512_20250611T125542_059599_076647_69BA,https://datapool.asf.alaska.edu/SLC/SA/S1A_IW_SLC__1SDV_20250611T125512_20250611T125542_059599_076647_69BA.zip,S1A_IW_SLC__1SDV_20250717T125510_20250717T125540_060124_07786D_DF08,https://datapool.asf.alaska.edu/SLC/SA/S1A_IW_SLC__1SDV_20250717T125510_20250717T125540_060124_07786D_DF08.zip,82,36
S1A_IW_SLC__1SDV_20250623T125512_20250623T125541_059774_076C55_4FB8,https://datapool.asf.alaska.edu/SLC/SA/S1A_IW_SLC__1SDV_20250623T125512_20250623T125541_059774_076C55_4FB8.zip,S1A_IW_SLC__1SDV_20250705T125511_20250705T125541_059949_07726A_D4EB,https://datapool.asf.alaska.edu/SLC/SA/S1A_IW_SLC__1SDV_20250705T125511_20250705T125541_059949_07726A_D4EB.zip,5,12
S1A_IW_SLC__1SDV_20250623T125512_20250623T125541_059774_076C55_4FB8,https://datapool.asf.alaska.edu/SLC/SA/S1A_IW_SLC__1SDV_20250623T125512_20250623T125541_059774_076C55_4FB8.zip,S1A_IW_SLC__1SDV_20250717T125510_20250717T125540_060124_07786D_DF08,https://datapool.asf.alaska.edu/SLC/SA/S1A_IW_SLC__1SDV_20250717T125510_20250717T125540_060124_07786D_DF08.zip,47,24
S1A_IW_SLC__1SDV_20250623T125512_20250623T125541_059774_076C55_4FB8,https://datapool.asf.alaska.edu/SLC/SA/S1A_IW_SLC__1SDV_20250623T125512_20250623T125541_059774_076C55_4FB8.zip,S1A_IW_SLC__1SDV_20250729T125510_20250729T125540_060299_077E6E_48BF,https://datapool.asf.alaska.edu/SLC/SA/S1A_IW_SLC__1SDV_20250729T125510_20250729T125540_060299_077E6E_48BF.zip,56,36
S1A_IW_SLC__1SDV_20250705T125511_20250705T125541_059949_07726A_D4EB,https://datapool.asf.alaska.edu/SLC/SA/S1A_IW_SLC__1SDV_20250705T125511_20250705T125541_059949_07726A_D4EB.zip,S1A_IW_SLC__1SDV_20250717T125510_20250717T125540_060124_07786D_DF08,https://datapool.asf.alaska.edu/SLC/SA/S1A_IW_SLC__1SDV_20250717T125510_20250717T125540_060124_07786D_DF08.zip,42,12
S1A_IW_SLC__1SDV_20250705T125511_20250705T125541_059949_07726A_D4EB,https://datapool.asf.alaska.edu/SLC/SA/S1A_IW_SLC__1SDV_20250705T125511_20250705T125541_059949_07726A_D4EB.zip,S1A_IW_SLC__1SDV_20250729T125510_20250729T125540_060299_077E6E_48BF,https://datapool.asf.alaska.edu/SLC/SA/S1A_IW_SLC__1SDV_20250729T125510_20250729T125540_060299_077E6E_48BF.zip,51,24
S1A_IW_SLC__1SDV_20250705T125511_20250705T125541_059949_07726A_D4EB,https://datapool.asf.alaska.edu/SLC/SA/S1A_IW_SLC__1SDV_20250705T125511_20250705T125541_059949_07726A_D4EB.zip,S1A_IW_SLC__1SDV_20250810T125510_20250810T125540_060474_0784D2_EB06,https://datapool.asf.alaska.edu/SLC/SA/S1A_IW_SLC__1SDV_20250810T125510_20250810T125540_060474_0784D2_EB06.zip,70,36
S1A_IW_SLC__1SDV_20250717T125510_20250717T125540_060124_07786D_DF08,https://datapool.asf.alaska.edu/SLC/SA/S1A_IW_SLC__1SDV_20250717T125510_20250717T125540_060124_07786D_DF08.zip,S1A_IW_SLC__1SDV_20250729T125510_20250729T125540_060299_077E6E_48BF,https://datapool.asf.alaska.edu/SLC/SA/S1A_IW_SLC__1SDV_20250729T125510_20250729T125540_060299_077E6E_48BF.zip,9,12
S1A_IW_SLC__1SDV_20250717T125510_20250717T125540_060124_07786D_DF08,https://datapool.asf.alaska.edu/SLC/SA/S1A_IW_SLC__1SDV_20250717T125510_20250717T125540_060124_07786D_DF08.zip,S1A_IW_SLC__1SDV_20250810T125510_20250810T125540_060474_0784D2_EB06,https://datapool.asf.alaska.edu/SLC/SA/S1A_IW_SLC__1SDV_20250810T125510_20250810T125540_060474_0784D2_EB06.zip,28,24
S1A_IW_SLC__1SDV_20250717T125510_20250717T125540_060124_07786D_DF08,https://datapool.asf.alaska.edu/SLC/SA/S1A_IW_SLC__1SDV_20250717T125510_20250717T125540_060124_07786D_DF08.zip,S1A_IW_SLC__1SDV_20250822T125510_20250822T125540_060649_078BB6_6D36,https://datapool.asf.alaska.edu/SLC/SA/S1A_IW_SLC__1SDV_20250822T125510_20250822T125540_060649_078BB6_6D36.zip,59,36
S1A_IW_SLC__1SDV_20250729T125510_20250729T125540_060299_077E6E_48BF,https://datapool.asf.alaska.edu/SLC/SA/S1A_IW_SLC__1SDV_20250729T125510_20250729T125540_060299_077E6E_48BF.zip,S1A_IW_SLC__1SDV_20250810T125510_20250810T125540_060474_0784D2_EB06,https://datapool.asf.alaska.edu/SLC/SA/S1A_IW_SLC__1SDV_20250810T125510_20250810T125540_060474_0784D2_EB06.zip,19,12
S1A_IW_SLC__1SDV_20250729T125510_20250729T125540_060299_077E6E_48BF,https://datapool.asf.alaska.edu/SLC/SA/S1A_IW_SLC__1SDV_20250729T125510_20250729T125540_060299_077E6E_48BF.zip,S1A_IW_SLC__1SDV_20250822T125510_20250822T125540_060649_078BB6_6D36,https://datapool.asf.alaska.edu/SLC/SA/S1A_IW_SLC__1SDV_20250822T125510_20250822T125540_060649_078BB6_6D36.zip,50,24
S1A_IW_SLC__1SDV_20250729T125510_20250729T125540_060299_077E6E_48BF,https://datapool.asf.alaska.edu/SLC/SA/S1A_IW_SLC__1SDV_20250729T125510_20250729T125540_060299_077E6E_48BF.zip,S1A_IW_SLC__1SDV_20250903T125510_20250903T125540_060824_07929E_EAFA,https://datapool.asf.alaska.edu/SLC/SA/S1A_IW_SLC__1SDV_20250903T125510_20250903T125540_060824_07929E_EAFA.zip,98,36
S1A_IW_SLC__1SDV_20250810T125510_20250810T125540_060474_0784D2_EB06,https://datapool.asf.alaska.edu/SLC/SA/S1A_IW_SLC__1SDV_20250810T125510_20250810T125540_060474_0784D2_EB06.zip,S1A_IW_SLC__1SDV_20250822T125510_20250822T125540_060649_078BB6_6D36,https://datapool.asf.alaska.edu/SLC/SA/S1A_IW_SLC__1SDV_20250822T125510_20250822T125540_060649_078BB6_6D36.zip,31,12
S1A_IW_SLC__1SDV_20250810T125510_20250810T125540_060474_0784D2_EB06,https://datapool.asf.alaska.edu/SLC/SA/S1A_IW_SLC__1SDV_20250810T125510_20250810T125540_060474_0784D2_EB06.zip,S1A_IW_SLC__1SDV_20250903T125510_20250903T125540_060824_07929E_EAFA,https://datapool.asf.alaska.edu/SLC/SA/S1A_IW_SLC__1SDV_20250903T125510_20250903T125540_060824_07929E_EAFA.zip,79,24
S1A_IW_SLC__1SDV_20250810T125510_20250810T125540_060474_0784D2_EB06,https://datapool.asf.alaska.edu/SLC/SA/S1A_IW_SLC__1SDV_20250810T125510_20250810T125540_060474_0784D2_EB06.zip,S1A_IW_SLC__1SDV_20250915T125510_20250915T125540_060999_0799A3_74F8,https://datapool.asf.alaska.edu/SLC/SA/S1A_IW_SLC__1SDV_20250915T125510_20250915T125540_060999_0799A3_74F8.zip,177,36
S1A_IW_SLC__1SDV_20250822T125510_20250822T125540_060649_078BB6_6D36,https://datapool.asf.alaska.edu/SLC/SA/S1A_IW_SLC__1SDV_20250822T125510_20250822T125540_060649_078BB6_6D36.zip,S1A_IW_SLC__1SDV_20250903T125510_20250903T125540_060824_07929E_EAFA,https://datapool.asf.alaska.edu/SLC/SA/S1A_IW_SLC__1SDV_20250903T125510_20250903T125540_060824_07929E_EAFA.zip,48,12
S1A_IW_SLC__1SDV_20250822T125510_20250822T125540_060649_078BB6_6D36,https://datapool.asf.alaska.edu/SLC/SA/S1A_IW_SLC__1SDV_20250822T125510_20250822T125540_060649_078BB6_6D36.zip,S1A_IW_SLC__1SDV_20250915T125510_20250915T125540_060999_0799A3_74F8,https://datapool.asf.alaska.edu/SLC/SA/S1A_IW_SLC__1SDV_20250915T125510_20250915T125540_060999_0799A3_74F8.zip,146,24
S1A_IW_SLC__1SDV_20250822T125510_20250822T125540_060649_078BB6_6D36,https://datapool.asf.alaska.edu/SLC/SA/S1A_IW_SLC__1SDV_20250822T125510_20250822T125540_060649_078BB6_6D36.zip,S1A_IW_SLC__1SDV_20250927T125510_20250927T125540_061174_07A0A8_01C8,https://datapool.asf.alaska.edu/SLC/SA/S1A_IW_SLC__1SDV_20250927T125510_20250927T125540_061174_07A0A8_01C8.zip,54,36
S1A_IW_SLC__1SDV_20250903T125510_20250903T125540_060824_07929E_EAFA,https://datapool.asf.alaska.edu/SLC/SA/S1A_IW_SLC__1SDV_20250903T125510_20250903T125540_060824_07929E_EAFA.zip,S1A_IW_SLC__1SDV_20250915T125510_20250915T125540_060999_0799A3_74F8,https://datapool.asf.alaska.edu/SLC/SA/S1A_IW_SLC__1SDV_20250915T125510_20250915T125540_060999_0799A3_74F8.zip,98,12
S1A_IW_SLC__1SDV_20250903T125510_20250903T125540_060824_07929E_EAFA,https://datapool.asf.alaska.edu/SLC/SA/S1A_IW_SLC__1SDV_20250903T125510_20250903T125540_060824_07929E_EAFA.zip,S1A_IW_SLC__1SDV_20250927T125510_20250927T125540_061174_07A0A8_01C8,https://datapool.asf.alaska.edu/SLC/SA/S1A_IW_SLC__1SDV_20250927T125510_20250927T125540_061174_07A0A8_01C8.zip,6,24
S1A_IW_SLC__1SDV_20250915T125510_20250915T125540_060999_0799A3_74F8,https://datapool.asf.alaska.edu/SLC/SA/S1A_IW_SLC__1SDV_20250915T125510_20250915T125540_060999_0799A3_74F8.zip,S1A_IW_SLC__1SDV_20250927T125510_20250927T125540_061174_07A0A8_01C8,https://datapool.asf.alaska.edu/SLC/SA/S1A_IW_SLC__1SDV_20250927T125510_20250927T125540_061174_07A0A8_01C8.zip,92,12