date,start_time,scene_name,full_burst_id,relative_burst_id,absolute_burst_id,burst_index,subswath,azimuth_time,azimuth_anx_time,path,direction,polarization,platform,absolute_orbit,group_id,bytes,url,query_method
2021-10-02,2021-10-02T00:52:32.867972+00:00,S1_290874_IW1_20211002T005231_VV_BC6A-BURST,136_290874_IW1,290874,85771959,3,IW1,2021-10-02T00:52:31.741831,2491.0755242167,136,DESCENDING,VV,SENTINEL-1A,39933,S1A_IWDV_0495_0502_039933_136,125489636,https://sentinel1-burst.asf.alaska.edu/S1A_IW_SLC__1SDV_20211002T005221_20211002T005248_039933_04B9C5_BC6A/IW1/VV/3.tiff,cmr_umm
2021-10-14,2021-10-14T00:52:32.898825+00:00,S1_290874_IW1_20211014T005231_VV_37A1-BURST,136_290874_IW1,290874,86147846,3,IW1,2021-10-14T00:52:31.774753,2491.0884652167,136,DESCENDING,VV,SENTINEL-1A,40108,S1A_IWDV_0495_0502_040108_136,125489636,https://sentinel1-burst.asf.alaska.edu/S1A_IW_SLC__1SDV_20211014T005221_20211014T005248_040108_04BFD3_37A1/IW1/VV/3.tiff,cmr_umm
2021-10-26,2021-10-26T00:52:32.981345+00:00,S1_290874_IW1_20211026T005231_VV_BF6F-BURST,136_290874_IW1,290874,86523734,3,IW1,2021-10-26T00:52:31.863440,2491.100628773,136,DESCENDING,VV,SENTINEL-1A,40283,S1A_IWDV_0496_0501_040283_136,125489636,https://sentinel1-burst.asf.alaska.edu/S1A_IW_SLC__1SDV_20211026T005221_20211026T005248_040283_04C5EA_BF6F/IW1/VV/3.tiff,cmr_umm
2021-11-07,2021-11-07T00:52:32.701865+00:00,S1_290874_IW1_20211107T005231_VV_E448-BURST,136_290874_IW1,290874,86899621,3,IW1,2021-11-07T00:52:31.588054,2491.1078302167,136,DESCENDING,VV,SENTINEL-1A,40458,S1A_IWDV_0495_0502_040458_136,125489636,https://sentinel1-burst.asf.alaska.edu/S1A_IW_SLC__1SDV_20211107T005221_20211107T005248_040458_04CC07_E448/IW1/VV/3.tiff,cmr_umm
2021-11-19,2021-11-19T00:52:32.600088+00:00,S1_290874_IW1_20211119T005231_VV_DA0A-BURST,136_290874_IW1,290874,87275509,3,IW1,2021-11-19T00:52:31.482182,2491.107840773,136,DESCENDING,VV,SENTINEL-1A,40633,S1A_IWDV_0495_0502_040633_136,125489636,https://sentinel1-burst.asf.alaska.edu/S1A_IW_SLC__1SDV_20211119T005221_20211119T005248_040633_04D20B_DA0A/IW1/VV/3.tiff,cmr_umm
2021-12-01,2021-12-01T00:52:32.018210+00:00,S1_290874_IW1_20211201T005230_VV_3579-BURST,136_290874_IW1,290874,87651396,3,IW1,2021-12-01T00:52:30.908525,2491.122079773,136,DESCENDING,VV,SENTINEL-1A,40808,S1A_IWDV_0495_0502_040808_136,125483664,https://sentinel1-burst.asf.alaska.edu/S1A_IW_SLC__1SDV_20211201T005220_20211201T005247_040808_04D828_3579/IW1/VV/3.tiff,cmr_umm
2021-12-13,2021-12-13T00:52:31.583426+00:00,S1_290874_IW1_20211213T005230_VV_B3F5-BURST,136_290874_IW1,290874,88027283,3,IW1,2021-12-13T00:52:30.463447,2491.1141712167,136,DESCENDING,VV,SENTINEL-1A,40983,S1A_IWDV_0496_0501_040983_136,125489636,https://sentinel1-burst.asf.alaska.edu/S1A_IW_SLC__1SDV_20211213T005220_20211213T005247_040983_04DE32_B3F5/IW1/VV/3.tiff,cmr_umm
2022-01-06,2022-01-06T00:52:30.267737+00:00,S1_290874_IW1_20220106T005229_VV_5318-BURST,136_290874_IW1,290874,88779058,3,IW1,2022-01-06T00:52:29.143662,2491.0819606604,136,DESCENDING,VV,SENTINEL-1A,41333,S1A_IWDV_0495_0502_041333_136,125489636,https://sentinel1-burst.asf.alaska.edu/S1A_IW_SLC__1SDV_20220106T005219_20220106T005246_041333_04E9EF_5318/IW1/VV/3.tiff,cmr_umm
2022-01-18,2022-01-18T00:52:29.799551+00:00,S1_290874_IW1_20220118T005228_VV_B063-BURST,136_290874_IW1,290874,89154945,3,IW1,2022-01-18T00:52:28.679573,2491.080930773,136,DESCENDING,VV,SENTINEL-1A,41508,S1A_IWDV_0495_0502_041508_136,125489636,https://sentinel1-burst.asf.alaska.edu/S1A_IW_SLC__1SDV_20220118T005218_20220118T005245_041508_04EFA4_B063/IW1/VV/3.tiff,cmr_umm
2022-01-30,2022-01-30T00:52:29.324530+00:00,S1_290874_IW1_20220130T005228_VV_3936-BURST,136_290874_IW1,290874,89530833,3,IW1,2022-01-30T00:52:28.202512,2491.0785993293,136,DESCENDING,VV,SENTINEL-1A,41683,S1A_IWDV_0496_0501_041683_136,125489636,https://sentinel1-burst.asf.alaska.edu/S1A_IW_SLC__1SDV_20220130T005218_20220130T005245_041683_04F595_3936/IW1/VV/3.tiff,cmr_umm
2022-02-11,2022-02-11T00:52:29.120230+00:00,S1_290874_IW1_20220211T005227_VV_A47B-BURST,136_290874_IW1,290874,89906720,3,IW1,2022-02-11T00:52:27.996158,2491.0698296604,136,DESCENDING,VV,SENTINEL-1A,41858,S1A_IWDV_0496_0501_041858_136,125489636,https://sentinel1-burst.asf.alaska.edu/S1A_IW_SLC__1SDV_20220211T005217_20220211T005244_041858_04FBA9_A47B/IW1/VV/3.tiff,cmr_umm
2022-02-23,2022-02-23T00:52:29.020041+00:00,S1_290874_IW1_20220223T005227_VV_9E2F-BURST,136_290874_IW1,290874,90282608,3,IW1,2022-02-23T00:52:27.895955,2491.0635416604,136,DESCENDING,VV,SENTINEL-1A,42033,S1A_IWDV_0495_0502_042033_136,125489636,https://sentinel1-burst.asf.alaska.edu/S1A_IW_SLC__1SDV_20220223T005217_20220223T005244_042033_0501C5_9E2F/IW1/VV/3.tiff,cmr_umm
2022-03-07,2022-03-07T00:52:28.800192+00:00,S1_290874_IW1_20220307T005227_VV_B90A-BURST,136_290874_IW1,290874,90658495,3,IW1,2022-03-07T00:52:27.672010,2491.0528772167,136,DESCENDING,VV,SENTINEL-1A,42208,S1A_IWDV_0495_0502_042208_136,125489636,https://sentinel1-burst.asf.alaska.edu/S1A_IW_SLC__1SDV_20220307T005217_20220307T005244_042208_0507B4_B90A/IW1/VV/3.tiff,cmr_umm
2022-03-19,2022-03-19T00:52:28.930563+00:00,S1_290874_IW1_20220319T005227_VV_6BDC-BURST,136_290874_IW1,290874,91034382,3,IW1,2022-03-19T00:52:27.804423,2491.0502272167,136,DESCENDING,VV,SENTINEL-1A,42383,S1A_IWDV_0495_0502_042383_136,125489636,https://sentinel1-burst.asf.alaska.edu/S1A_IW_SLC__1SDV_20220319T005217_20220319T005244_042383_050DA3_6BDC/IW1/VV/3.tiff,cmr_umm
2022-03-31,2022-03-31T00:52:29.060309+00:00,S1_290874_IW1_20220331T005227_VV_23F3-BURST,136_290874_IW1,290874,91410270,3,IW1,2022-03-31T00:52:27.928017,2491.0354452167,136,DESCENDING,VV,SENTINEL-1A,42558,S1A_IWDV_0495_0502_042558_136,125489636,https://sentinel1-burst.asf.alaska.edu/S1A_IW_SLC__1SDV_20220331T005217_20220331T005244_042558_05139A_23F3/IW1/VV/3.tiff,cmr_umm
2022-04-12,2022-04-12T00:52:29.411795+00:00,S1_290874_IW1_20220412T005228_VV_AF3F-BURST,136_290874_IW1,290874,91786157,3,IW1,2022-04-12T00:52:28.283614,2491.028267773,136,DESCENDING,VV,SENTINEL-1A,42733,S1A_IWDV_0495_0502_042733_136,125489636,https://sentinel1-burst.asf.alaska.edu/S1A_IW_SLC__1SDV_20220412T005218_20220412T005245_042733_05197A_AF3F/IW1/VV/3.tiff,cmr_umm
2022-05-18,2022-05-18T00:52:31.123541+00:00,S1_290874_IW1_20220518T005229_VV_DAE7-BURST,136_290874_IW1,290874,92913819,3,IW1,2022-05-18T00:52:29.993300,2491.021149773,136,DESCENDING,VV,SENTINEL-1A,43258,S1A_IWDV_0495_0502_043258_136,125489636,https://sentinel1-burst.asf.alaska.edu/S1A_IW_SLC__1SDV_20220518T005219_20220518T005246_043258_052A89_DAE7/IW1/VV/3.tiff,cmr_umm
2022-05-30,2022-05-30T00:52:32.364401+00:00,S1_290874_IW1_20220530T005231_VV_23B2-BURST,136_290874_IW1,290874,93289707,3,IW1,2022-05-30T00:52:31.236214,2491.0324892167,136,DESCENDING,VV,SENTINEL-1A,43433,S1A_IWDV_0495_0502_043433_136,125489636,https://sentinel1-burst.asf.alaska.edu/S1A_IW_SLC__1SDV_20220530T005221_20220530T005248_043433_052FB5_23B2/IW1/VV/3.tiff,cmr_umm
2022-06-11,2022-06-11T00:52:33.318014+00:00,S1_290874_IW1_20220611T005232_VV_CD99-BURST,136_290874_IW1,290874,93665594,3,IW1,2022-06-11T00:52:32.200105,2491.0408112167,136,DESCENDING,VV,SENTINEL-1A,43608,S1A_IWDV_0495_0502_043608_136,125489636,https://sentinel1-burst.asf.alaska.edu/S1A_IW_SLC__1SDV_20220611T005222_20220611T005249_043608_0534E1_CD99/IW1/VV/3.tiff,cmr_umm
2022-06-23,2022-06-23T00:52:33.993277+00:00,S1_290874_IW1_20220623T005232_VV_F757-BURST,136_290874_IW1,290874,94041481,3,IW1,2022-06-23T00:52:32.877424,2491.042924773,136,DESCENDING,VV,SENTINEL-1A,43783,S1A_IWDV_0495_0502_043783_136,125489636,https://sentinel1-burst.asf.alaska.edu/S1A_IW_SLC__1SDV_20220623T005222_20220623T005249_043783_053A23_F757/IW1/VV/3.tiff,cmr_umm
2022-07-05,2022-07-05T00:52:34.648520+00:00,S1_290874_IW1_20220705T005233_VV_7F99-BURST,136_290874_IW1,290874,94417369,3,IW1,2022-07-05T00:52:33.522389,2491.0331562167,136,DESCENDING,VV,SENTINEL-1A,43958,S1A_IWDV_0495_0502_043958_136,125489636,https://sentinel1-burst.asf.alaska.edu/S1A_IW_SLC__1SDV_20220705T005223_20220705T005250_043958_053F54_7F99/IW1/VV/3.tiff,cmr_umm
2022-07-17,2022-07-17T00:52:35.443243+00:00,S1_290874_IW1_20220717T005234_VV_9DE6-BURST,136_290874_IW1,290874,94793256,3,IW1,2022-07-17T00:52:34.306836,2491.0222162167,136,DESCENDING,VV,SENTINEL-1A,44133,S1A_IWDV_0495_0502_044133_136,125489636,https://sentinel1-burst.asf.alaska.edu/S1A_IW_SLC__1SDV_20220717T005224_20220717T005251_044133_054490_9DE6/IW1/VV/3.tiff,cmr_umm
2022-07-29,2022-07-29T00:52:36.091118+00:00,S1_290874_IW1_20220729T005234_VV_A098-BURST,136_290874_IW1,290874,95169143,2,IW1,2022-07-29T00:52:34.958793,2491.0231156638,136,DESCENDING,VV,SENTINEL-1A,44308,S1A_IWDV_0496_0502_044308_136,128171296,https://sentinel1-burst.asf.alaska.edu/S1A_IW_SLC__1SDV_20220729T005228_20220729T005255_044308_0549BC_A098/IW1/VV/2.tiff,cmr_umm
2022-08-10,2022-08-10T00:52:36.919304+00:00,S1_290874_IW1_20220810T005235_VV_429F-BURST,136_290874_IW1,290874,95545031,2,IW1,2022-08-10T00:52:35.786979,2491.0246041075,136,DESCENDING,VV,SENTINEL-1A,44483,S1A_IWDV_0496_0502_044483_136,128171296,https://sentinel1-burst.asf.alaska.edu/S1A_IW_SLC__1SDV_20220810T005229_20220810T005256_044483_054EEC_429F/IW1/VV/2.tiff,cmr_umm
2022-11-26,2022-11-26T00:52:38.571083+00:00,S1_290874_IW1_20221126T005237_VV_5641-BURST,136_290874_IW1,290874,98928017,2,IW1,2022-11-26T00:52:37.449035,2491.0740096638,136,DESCENDING,VV,SENTINEL-1A,46058,S1A_IWDV_0496_0502_046058_136,128171296,https://sentinel1-burst.asf.alaska.edu/S1A_IW_SLC__1SDV_20221126T005231_20221126T005258_046058_058342_5641/IW1/VV/2.tiff,cmr_umm
2022-12-20,2022-12-20T00:52:36.996361+00:00,S1_290874_IW1_20221220T005235_VV_E589-BURST,136_290874_IW1,290874,99679792,2,IW1,2022-12-20T00:52:35.870200,2491.0748182201,136,DESCENDING,VV,SENTINEL-1A,46408,S1A_IWDV_0496_0502_046408_136,128171296,https://sentinel1-burst.asf.alaska.edu/S1A_IW_SLC__1SDV_20221220T005229_20221220T005256_046408_058F3B_E589/IW1/VV/2.tiff,cmr_umm
2023-01-01,2023-01-01T00:52:36.544548+00:00,S1_290874_IW1_20230101T005235_VV_8F0B-BURST,136_290874_IW1,290874,100055679,2,IW1,2023-01-01T00:52:35.428665,2491.0876682201,136,DESCENDING,VV,SENTINEL-1A,46583,S1A_IWDV_0496_0502_046583_136,128165312,https://sentinel1-burst.asf.alaska.edu/S1A_IW_SLC__1SDV_20230101T005229_20230101T005256_046583_059524_8F0B/IW1/VV/2.tiff,cmr_umm
2023-01-25,2023-01-25T00:52:35.561653+00:00,S1_290874_IW1_20230125T005234_VV_FEF2-BURST,136_290874_IW1,290874,100807454,2,IW1,2023-01-25T00:52:34.443717,2491.0752531075,136,DESCENDING,VV,SENTINEL-1A,46933,S1A_IWDV_0496_0502_046933_136,128171296,https://sentinel1-burst.asf.alaska.edu/S1A_IW_SLC__1SDV_20230125T005228_20230125T005255_046933_05A0F3_FEF2/IW1/VV/2.tiff,cmr_umm
2023-02-18,2023-02-18T00:52:34.562874+00:00,S1_290874_IW1_20230218T005233_VV_C57B-BURST,136_290874_IW1,290874,101559229,2,IW1,2023-02-18T00:52:33.451106,2491.0779106638,136,DESCENDING,VV,SENTINEL-1A,47283,S1A_IWDV_0496_0502_047283_136,128165312,https://sentinel1-burst.asf.alaska.edu/S1A_IW_SLC__1SDV_20230218T005227_20230218T005254_047283_05ACB0_C57B/IW1/VV/2.tiff,cmr_umm
2023-03-14,2023-03-14T00:52:34.506065+00:00,S1_290874_IW1_20230314T005233_VV_5E79-BURST,136_290874_IW1,290874,102311004,2,IW1,2023-03-14T00:52:33.388132,2491.0573992201,136,DESCENDING,VV,SENTINEL-1A,47633,S1A_IWDV_0496_0502_047633_136,128165312,https://sentinel1-burst.asf.alaska.edu/S1A_IW_SLC__1SDV_20230314T005227_20230314T005253_047633_05B88A_5E79/IW1/VV/2.tiff,cmr_umm
2023-04-07,2023-04-07T00:52:35.065117+00:00,S1_290874_IW1_20230407T005233_VV_FD01-BURST,136_290874_IW1,290874,103062778,2,IW1,2023-04-07T00:52:33.936890,2491.0388766638,136,DESCENDING,VV,SENTINEL-1A,47983,S1A_IWDV_0496_0502_047983_136,128171296,https://sentinel1-burst.asf.alaska.edu/S1A_IW_SLC__1SDV_20230407T005227_20230407T005254_047983_05C455_FD01/IW1/VV/2.tiff,cmr_umm
2023-05-01,2023-05-01T00:52:36.189278+00:00,S1_290874_IW1_20230501T005235_VV_72C5-BURST,136_290874_IW1,290874,103814553,2,IW1,2023-05-01T00:52:35.056954,2491.0194966638,136,DESCENDING,VV,SENTINEL-1A,48333,S1A_IWDV_0496_0502_048333_136,128171296,https://sentinel1-burst.asf.alaska.edu/S1A_IW_SLC__1SDV_20230501T005228_20230501T005255_048333_05D01F_72C5/IW1/VV/2.tiff,cmr_umm
2023-05-13,2023-05-13T00:52:36.784111+00:00,S1_290874_IW1_20230513T005235_VV_CD17-BURST,136_290874_IW1,290874,104190441,2,IW1,2023-05-13T00:52:35.647675,2491.0175436638,136,DESCENDING,VV,SENTINEL-1A,48508,S1A_IWDV_0496_0502_048508_136,128171296,https://sentinel1-burst.asf.alaska.edu/S1A_IW_SLC__1SDV_20230513T005229_20230513T005256_048508_05D5C0_CD17/IW1/VV/2.tiff,cmr_umm
2023-05-25,2023-05-25T00:52:37.077217+00:00,S1_290874_IW1_20230525T005235_VV_BEE4-BURST,136_290874_IW1,290874,104566328,2,IW1,2023-05-25T00:52:35.948987,2491.0577076638,136,DESCENDING,VV,SENTINEL-1A,48683,S1A_IWDV_0496_0502_048683_136,127710528,https://sentinel1-burst.asf.alaska.edu/S1A_IW_SLC__1SDV_20230525T005229_20230525T005256_048683_05DAF1_BEE4/IW1/VV/2.tiff,cmr_umm
2023-06-06,2023-06-06T00:52:37.697273+00:00,S1_290874_IW1_20230606T005236_VV_5482-BURST,136_290874_IW1,290874,104942215,2,IW1,2023-06-06T00:52:36.560835,2491.0157236638,136,DESCENDING,VV,SENTINEL-1A,48858,S1A_IWDV_0496_0502_048858_136,128171296,https://sentinel1-burst.asf.alaska.edu/S1A_IW_SLC__1SDV_20230606T005230_20230606T005257_048858_05E029_5482/IW1/VV/2.tiff,cmr_umm
2023-06-18,2023-06-18T00:52:38.644112+00:00,S1_290874_IW1_20230618T005237_VV_D012-BURST,136_290874_IW1,290874,105318103,2,IW1,2023-06-18T00:52:37.524118,2491.0374551075,136,DESCENDING,VV,SENTINEL-1A,49033,S1A_IWDV_0496_0502_049033_136,128171296,https://sentinel1-burst.asf.alaska.edu/S1A_IW_SLC__1SDV_20230618T005231_20230618T005258_049033_05E580_D012/IW1/VV/2.tiff,cmr_umm
2023-06-30,2023-06-30T00:52:38.884773+00:00,S1_290874_IW1_20230630T005237_VV_5EA5-BURST,136_290874_IW1,290874,105693990,2,IW1,2023-06-30T00:52:37.766835,2491.0390626638,136,DESCENDING,VV,SENTINEL-1A,49208,S1A_IWDV_0496_0502_049208_136,128165312,https://sentinel1-burst.asf.alaska.edu/S1A_IW_SLC__1SDV_20230630T005231_20230630T005258_049208_05EACB_5EA5/IW1/VV/2.tiff,cmr_umm
2023-07-12,2023-07-12T00:52:40.148872+00:00,S1_290874_IW1_20230712T005239_VV_A110-BURST,136_290874_IW1,290874,106069877,2,IW1,2023-07-12T00:52:39.028864,2491.0633121075,136,DESCENDING,VV,SENTINEL-1A,49383,S1A_IWDV_0496_0502_049383_136,127710528,https://sentinel1-burst.asf.alaska.edu/S1A_IW_SLC__1SDV_20230712T005232_20230712T005259_049383_05F03C_A110/IW1/VV/2.tiff,cmr_umm
2023-07-24,2023-07-24T00:52:40.907799+00:00,S1_290874_IW1_20230724T005239_VV_2B1A-BURST,136_290874_IW1,290874,106445765,2,IW1,2023-07-24T00:52:39.785752,2491.0374031075,136,DESCENDING,VV,SENTINEL-1A,49558,S1A_IWDV_0496_0502_049558_136,128171296,https://sentinel1-burst.asf.alaska.edu/S1A_IW_SLC__1SDV_20230724T005233_20230724T005300_049558_05F58F_2B1A/IW1/VV/2.tiff,cmr_umm
2023-08-05,2023-08-05T00:52:41.892509+00:00,S1_290874_IW1_20230805T005240_VV_4B4F-BURST,136_290874_IW1,290874,106821652,2,IW1,2023-08-05T00:52:40.766351,2491.0634261075,136,DESCENDING,VV,SENTINEL-1A,49733,S1A_IWDV_0496_0502_049733_136,127710528,https://sentinel1-burst.asf.alaska.edu/S1A_IW_SLC__1SDV_20230805T005234_20230805T005301_049733_05FAF9_4B4F/IW1/VV/2.tiff,cmr_umm
2023-08-17,2023-08-17T00:52:42.081001+00:00,S1_290874_IW1_20230817T005240_VV_543A-BURST,136_290874_IW1,290874,107197540,2,IW1,2023-08-17T00:52:40.965121,2491.0447802201,136,DESCENDING,VV,SENTINEL-1A,49908,S1A_IWDV_0496_0502_049908_136,128165312,https://sentinel1-burst.asf.alaska.edu/S1A_IW_SLC__1SDV_20230817T005234_20230817T005301_049908_0600D4_543A/IW1/VV/2.tiff,cmr_umm
2023-08-29,2023-08-29T00:52:42.873802+00:00,S1_290874_IW1_20230829T005241_VV_51E4-BURST,136_290874_IW1,290874,107573427,2,IW1,2023-08-29T00:52:41.741479,2491.0308026638,136,DESCENDING,VV,SENTINEL-1A,50083,S1A_IWDV_0496_0502_050083_136,128171296,https://sentinel1-burst.asf.alaska.edu/S1A_IW_SLC__1SDV_20230829T005235_20230829T005302_050083_0606D4_51E4/IW1/VV/2.tiff,cmr_umm
2023-09-22,2023-09-22T00:52:43.692863+00:00,S1_290874_IW1_20230922T005242_VV_4238-BURST,136_290874_IW1,290874,108325202,2,IW1,2023-09-22T00:52:42.554375,2491.0287966638,136,DESCENDING,VV,SENTINEL-1A,50433,S1A_IWDV_0496_0502_050433_136,128171296,https://sentinel1-burst.asf.alaska.edu/S1A_IW_SLC__1SDV_20230922T005236_20230922T005303_050433_0612B8_4238/IW1/VV/2.tiff,cmr_umm
2023-10-16,2023-10-16T00:52:44.033043+00:00,S1_290874_IW1_20231016T005242_VV_CEBE-BURST,136_290874_IW1,290874,109076976,2,IW1,2023-10-16T00:52:42.898650,2491.0523736638,136,DESCENDING,VV,SENTINEL-1A,50783,S1A_IWDV_0496_0502_050783_136,128171296,https://sentinel1-burst.asf.alaska.edu/S1A_IW_SLC__1SDV_20231016T005236_20231016T005303_050783_061EC5_CEBE/IW1/VV/2.tiff,cmr_umm
2023-11-09,2023-11-09T00:52:43.016945+00:00,S1_290874_IW1_20231109T005241_VV_A46B-BURST,136_290874_IW1,290874,109828751,2,IW1,2023-11-09T00:52:41.872287,2491.0662926638,136,DESCENDING,VV,SENTINEL-1A,51133,S1A_IWDV_0496_0502_051133_136,128165312,https://sentinel1-burst.asf.alaska.edu/S1A_IW_SLC__1SDV_20231109T005235_20231109T005302_051133_062AB8_A46B/IW1/VV/2.tiff,cmr_umm
2023-12-03,2023-12-03T00:52:42.827614+00:00,S1_290874_IW1_20231203T005241_VV_9CC8-BURST,136_290874_IW1,290874,110580526,2,IW1,2023-12-03T00:52:41.711731,2491.0855401075,136,DESCENDING,VV,SENTINEL-1A,51483,S1A_IWDV_0497_0502_051483_136,128165312,https://sentinel1-burst.asf.alaska.edu/S1A_IW_SLC__1SDV_20231203T005235_20231203T005302_051483_0636C1_9CC8/IW1/VV/2.tiff,cmr_umm
2023-12-27,2023-12-27T00:52:41.304390+00:00,S1_290874_IW1_20231227T005240_VV_1BFE-BURST,136_290874_IW1,290874,111332301,2,IW1,2023-12-27T00:52:40.184380,2491.0769731075,136,DESCENDING,VV,SENTINEL-1A,51833,S1A_IWDV_0496_0502_051833_136,128171296,https://sentinel1-burst.asf.alaska.edu/S1A_IW_SLC__1SDV_20231227T005233_20231227T005300_051833_0642EF_1BFE/IW1/VV/2.tiff,cmr_umm
2024-01-08,2024-01-08T00:52:40.987648+00:00,S1_290874_IW1_20240108T005239_VV_EF2D-BURST,136_290874_IW1,290874,111708188,2,IW1,2024-01-08T00:52:39.869695,2491.0637586638,136,DESCENDING,VV,SENTINEL-1A,52008,S1A_IWDV_0496_0502_052008_136,128165312,https://sentinel1-burst.asf.alaska.edu/S1A_IW_SLC__1SDV_20240108T005233_20240108T005300_052008_0648EF_EF2D/IW1/VV/2.tiff,cmr_umm
2024-01-20,2024-01-20T00:52:40.423530+00:00,S1_290874_IW1_20240120T005239_VV_721D-BURST,136_290874_IW1,290874,112084075,2,IW1,2024-01-20T00:52:39.307650,2491.0804116638,136,DESCENDING,VV,SENTINEL-1A,52183,S1A_IWDV_0496_0502_052183_136,128165312,https://sentinel1-burst.asf.alaska.edu/S1A_IW_SLC__1SDV_20240120T005232_20240120T005259_052183_064ED6_721D/IW1/VV/2.tiff,cmr_umm
2024-02-25,2024-02-25T00:52:39.633858+00:00,S1_290874_IW1_20240225T005238_VV_24F2-BURST,136_290874_IW1,290874,113211738,2,IW1,2024-02-25T00:52:38.503590,2491.0458021075,136,DESCENDING,VV,SENTINEL-1A,52708,S1A_IWDV_0496_0502_052708_136,128171296,https://sentinel1-burst.asf.alaska.edu/S1A_IW_SLC__1SDV_20240225T005232_20240225T005259_052708_06609F_24F2/IW1/VV/2.tiff,cmr_umm
2024-03-08,2024-03-08T00:52:39.526344+00:00,S1_290874_IW1_20240308T005238_VV_A350-BURST,136_290874_IW1,290874,113587625,2,IW1,2024-03-08T00:52:38.385801,2491.0229936638,136,DESCENDING,VV,SENTINEL-1A,52883,S1A_IWDV_0496_0502_052883_136,128171296,https://sentinel1-burst.asf.alaska.edu/S1A_IW_SLC__1SDV_20240308T005232_20240308T005258_052883_066693_A350/IW1/VV/2.tiff,cmr_umm
2024-03-20,2024-03-20T00:52:40.035866+00:00,S1_290874_IW1_20240320T005238_VV_295E-BURST,136_290874_IW1,290874,113963512,2,IW1,2024-03-20T00:52:38.915862,2491.0432111075,136,DESCENDING,VV,SENTINEL-1A,53058,S1A_IWDV_0496_0502_053058_136,128165312,https://sentinel1-burst.asf.alaska.edu/S1A_IW_SLC__1SDV_20240320T005232_20240320T005259_053058_066CE5_295E/IW1/VV/2.tiff,cmr_umm
2024-04-01,2024-04-01T00:52:40.610786+00:00,S1_290874_IW1_20240401T005239_VV_2182-BURST,136_290874_IW1,290874,114339400,2,IW1,2024-04-01T00:52:39.488743,2491.0287181075,136,DESCENDING,VV,SENTINEL-1A,53233,S1A_IWDV_0496_0502_053233_136,128171296,https://sentinel1-burst.asf.alaska.edu/S1A_IW_SLC__1SDV_20240401T005233_20240401T005300_053233_06738A_2182/IW1/VV/2.tiff,cmr_umm
2024-04-13,2024-04-13T00:52:39.222969+00:00,S1_290874_IW1_20240413T005238_VV_8F8E-BURST,136_290874_IW1,290874,114715287,2,IW1,2024-04-13T00:52:38.105035,2491.0283066638,136,DESCENDING,VV,SENTINEL-1A,53408,S1A_IWDV_0496_0502_053408_136,128171296,https://sentinel1-burst.asf.alaska.edu/S1A_IW_SLC__1SDV_20240413T005231_20240413T005258_053408_067A70_8F8E/IW1/VV/2.tiff,cmr_umm
2024-04-25,2024-04-25T00:52:40.820564+00:00,S1_290874_IW1_20240425T005239_VV_7B6C-BURST,136_290874_IW1,290874,115091174,2,IW1,2024-04-25T00:52:39.682073,2491.0182261075,136,DESCENDING,VV,SENTINEL-1A,53583,S1A_IWDV_0496_0502_053583_136,128171296,https://sentinel1-burst.asf.alaska.edu/S1A_IW_SLC__1SDV_20240425T005233_20240425T005300_053583_06814B_7B6C/IW1/VV/2.tiff,cmr_umm
2024-05-19,2024-05-19T00:52:41.253563+00:00,S1_290874_IW1_20240519T005240_VV_F011-BURST,136_290874_IW1,290874,115842949,2,IW1,2024-05-19T00:52:40.131516,2491.0317486638,136,DESCENDING,VV,SENTINEL-1A,53933,S1A_IWDV_0496_0502_053933_136,128171296,https://sentinel1-burst.asf.alaska.edu/S1A_IW_SLC__1SDV_20240519T005233_20240519T005300_053933_068E47_F011/IW1/VV/2.tiff,cmr_umm
2024-05-31,2024-05-31T00:52:40.862907+00:00,S1_290874_IW1_20240531T005239_VV_FC35-BURST,136_290874_IW1,290874,116218837,2,IW1,2024-05-31T00:52:39.738804,2491.0248016638,136,DESCENDING,VV,SENTINEL-1A,54108,S1A_IWDV_0496_0502_054108_136,128171296,https://sentinel1-burst.asf.alaska.edu/S1A_IW_SLC__1SDV_20240531T005233_20240531T005300_054108_06945A_FC35/IW1/VV/2.tiff,cmr_umm
2024-07-18,2024-07-18T00:52:38.732460+00:00,S1_290874_IW1_20240718T005237_VV_22B6-BURST,136_290874_IW1,290874,117722386,2,IW1,2024-07-18T00:52:37.608356,2491.0857046638,136,DESCENDING,VV,SENTINEL-1A,54808,S1A_IWDV_0497_0502_054808_136,126705216,https://sentinel1-burst.asf.alaska.edu/S1A_IW_SLC__1SDV_20240718T005231_20240718T005258_054808_06AC9D_22B6/IW1/VV/2.tiff,cmr_umm
2024-08-23,2024-08-23T00:52:38.772819+00:00,S1_290874_IW1_20240823T005237_VV_0D30-BURST,136_290874_IW1,290874,118850048,2,IW1,2024-08-23T00:52:37.640496,2491.0300826638,136,DESCENDING,VV,SENTINEL-1A,55333,S1A_IWDV_0496_0502_055333_136,128171296,https://sentinel1-burst.asf.alaska.edu/S1A_IW_SLC__1SDV_20240823T005231_20240823T005258_055333_06BF4D_0D30/IW1/VV/2.tiff,cmr_umm
2024-09-04,2024-09-04T00:52:38.820320+00:00,S1_290874_IW1_20240904T005237_VV_6A1E-BURST,136_290874_IW1,290874,119225936,2,IW1,2024-09-04T00:52:37.700331,2491.0521341075,136,DESCENDING,VV,SENTINEL-1A,55508,S1A_IWDV_0496_0502_055508_136,128171296,https://sentinel1-burst.asf.alaska.edu/S1A_IW_SLC__1SDV_20240904T005231_20240904T005258_055508_06C5D0_6A1E/IW1/VV/2.tiff,cmr_umm
2024-09-16,2024-09-16T00:52:39.734550+00:00,S1_290874_IW1_20240916T005238_VV_1568-BURST,136_290874_IW1,290874,119601823,2,IW1,2024-09-16T00:52:38.614563,2491.0494356638,136,DESCENDING,VV,SENTINEL-1A,55683,S1A_IWDV_0496_0502_055683_136,128171296,https://sentinel1-burst.asf.alaska.edu/S1A_IW_SLC__1SDV_20240916T005232_20240916T005259_055683_06CCC1_1568/IW1/VV/2.tiff,cmr_umm
2024-09-28,2024-09-28T00:52:39.533333+00:00,S1_290874_IW1_20240928T005238_VV_2566-BURST,136_290874_IW1,290874,119977710,2,IW1,2024-09-28T00:52:38.405122,2491.0384471075,136,DESCENDING,VV,SENTINEL-1A,55858,S1A_IWDV_0496_0502_055858_136,128171296,https://sentinel1-burst.asf.alaska.edu/S1A_IW_SLC__1SDV_20240928T005232_20240928T005258_055858_06D3AD_2566/IW1/VV/2.tiff,cmr_umm
2024-10-10,2024-10-10T00:52:40.472282+00:00,S1_290874_IW1_20241010T005239_VV_C53E-BURST,136_290874_IW1,290874,120353598,2,IW1,2024-10-10T00:52:39.348182,2491.0308656638,136,DESCENDING,VV,SENTINEL-1A,56033,S1A_IWDV_0496_0502_056033_136,128171296,https://sentinel1-burst.asf.alaska.edu/S1A_IW_SLC__1SDV_20241010T005232_20241010T005259_056033_06DA90_C53E/IW1/VV/2.tiff,cmr_umm
2024-10-22,2024-10-22T00:52:40.142509+00:00,S1_290874_IW1_20241022T005239_VV_CD8D-BURST,136_290874_IW1,290874,120729485,2,IW1,2024-10-22T00:52:39.024559,2491.0474386638,136,DESCENDING,VV,SENTINEL-1A,56208,S1A_IWDV_0496_0502_056208_136,128171296,https://sentinel1-burst.asf.alaska.edu/S1A_IW_SLC__1SDV_20241022T005232_20241022T005259_056208_06E17F_CD8D/IW1/VV/2.tiff,cmr_umm
2024-11-03,2024-11-03T00:52:40.169823+00:00,S1_290874_IW1_20241103T005239_VV_EFDB-BURST,136_290874_IW1,290874,121105372,2,IW1,2024-11-03T00:52:39.049831,2491.0580001075,136,DESCENDING,VV,SENTINEL-1A,56383,S1A_IWDV_0496_0502_056383_136,128171296,https://sentinel1-burst.asf.alaska.edu/S1A_IW_SLC__1SDV_20241103T005232_20241103T005259_056383_06E86F_EFDB/IW1/VV/2.tiff,cmr_umm
2024-11-15,2024-11-15T00:52:39.688286+00:00,S1_290874_IW1_20241115T005238_VV_57E0-BURST,136_290874_IW1,290874,121481260,2,IW1,2024-11-15T00:52:38.566239,2491.0613131075,136,DESCENDING,VV,SENTINEL-1A,56558,S1A_IWDV_0497_0502_056558_136,128171296,https://sentinel1-burst.asf.alaska.edu/S1A_IW_SLC__1SDV_20241115T005232_20241115T005259_056558_06EF63_57E0/IW1/VV/2.tiff,cmr_umm
2024-11-27,2024-11-27T00:52:38.649116+00:00,S1_290874_IW1_20241127T005237_VV_F5DA-BURST,136_290874_IW1,290874,121857147,2,IW1,2024-11-27T00:52:37.533235,2491.0814772201,136,DESCENDING,VV,SENTINEL-1A,56733,S1A_IWDV_0496_0502_056733_136,128165312,https://sentinel1-burst.asf.alaska.edu/S1A_IW_SLC__1SDV_20241127T005231_20241127T005258_056733_06F668_F5DA/IW1/VV/2.tiff,cmr_umm
2024-12-09,2024-12-09T00:52:37.938240+00:00,S1_290874_IW1_20241209T005236_VV_2676-BURST,136_290874_IW1,290874,122233035,2,IW1,2024-12-09T00:52:36.814121,2491.0801716638,136,DESCENDING,VV,SENTINEL-1A,56908,S1A_IWDV_0496_0502_056908_136,128171296,https://sentinel1-burst.asf.alaska.edu/S1A_IW_SLC__1SDV_20241209T005230_20241209T005257_056908_06FD43_2676/IW1/VV/2.tiff,cmr_umm
2024-12-21,2024-12-21T00:52:36.594704+00:00,S1_290874_IW1_20241221T005235_VV_6DA0-BURST,136_290874_IW1,290874,122608922,2,IW1,2024-12-21T00:52:35.468544,2491.0808281075,136,DESCENDING,VV,SENTINEL-1A,57083,S1A_IWDV_0496_0502_057083_136,128171296,https://sentinel1-burst.asf.alaska.edu/S1A_IW_SLC__1SDV_20241221T005229_20241221T005256_057083_070448_6DA0/IW1/VV/2.tiff,cmr_umm
2025-01-02,2025-01-02T00:52:35.636528+00:00,S1_290874_IW1_20250102T005234_VV_C02F-BURST,136_290874_IW1,290874,122984809,2,IW1,2025-01-02T00:52:34.516534,2491.0818241075,136,DESCENDING,VV,SENTINEL-1A,57258,S1A_IWDV_0496_0502_057258_136,128171296,https://sentinel1-burst.asf.alaska.edu/S1A_IW_SLC__1SDV_20250102T005228_20250102T005255_057258_070B2B_C02F/IW1/VV/2.tiff,cmr_umm
2025-01-14,2025-01-14T00:52:34.544578+00:00,S1_290874_IW1_20250114T005233_VV_A40B-BURST,136_290874_IW1,290874,123360697,2,IW1,2025-01-14T00:52:33.424586,2491.0766541075,136,DESCENDING,VV,SENTINEL-1A,57433,S1A_IWDV_0496_0502_057433_136,128171296,https://sentinel1-burst.asf.alaska.edu/S1A_IW_SLC__1SDV_20250114T005227_20250114T005254_057433_07121B_A40B/IW1/VV/2.tiff,cmr_umm
2025-01-26,2025-01-26T00:52:33.917305+00:00,S1_290874_IW1_20250126T005232_VV_D6DB-BURST,136_290874_IW1,290874,123736584,2,IW1,2025-01-26T00:52:32.797313,2491.0744631075,136,DESCENDING,VV,SENTINEL-1A,57608,S1A_IWDV_0497_0502_057608_136,128171296,https://sentinel1-burst.asf.alaska.edu/S1A_IW_SLC__1SDV_20250126T005226_20250126T005253_057608_07190D_D6DB/IW1/VV/2.tiff,cmr_umm
2025-02-07,2025-02-07T00:52:33.437736+00:00,S1_290874_IW1_20250207T005232_VV_69A5-BURST,136_290874_IW1,290874,124112471,2,IW1,2025-02-07T00:52:32.315690,2491.0638346638,136,DESCENDING,VV,SENTINEL-1A,57783,S1A_IWDV_0496_0502_057783_136,128171296,https://sentinel1-burst.asf.alaska.edu/S1A_IW_SLC__1SDV_20250207T005225_20250207T005252_057783_071FFC_69A5/IW1/VV/2.tiff,cmr_umm
2025-02-19,2025-02-19T00:52:32.624748+00:00,S1_290874_IW1_20250219T005231_VV_B2E0-BURST,136_290874_IW1,290874,124488359,2,IW1,2025-02-19T00:52:31.506814,2491.0586476638,136,DESCENDING,VV,SENTINEL-1A,57958,S1A_IWDV_0496_0502_057958_136,128171296,https://sentinel1-burst.asf.alaska.edu/S1A_IW_SLC__1SDV_20250219T005225_20250219T005252_057958_072703_B2E0/IW1/VV/2.tiff,cmr_umm
2025-03-03,2025-03-03T00:52:32.770965+00:00,S1_290874_IW1_20250303T005231_VV_59E2-BURST,136_290874_IW1,290874,124864246,3,IW1,2025-03-03T00:52:31.655367,2491.0580392184,136,DESCENDING,VV,SENTINEL-1A,58133,S1A_IWDV_0495_0502_058133_136,128165312,https://sentinel1-burst.asf.alaska.edu/S1A_IW_SLC__1SDV_20250303T005222_20250303T005249_058133_072E2C_59E2/IW1/VV/3.tiff,cmr_umm
2025-03-15,2025-03-15T00:52:32.839577+00:00,S1_290874_IW1_20250315T005231_VV_75F5-BURST,136_290874_IW1,290874,125240134,2,IW1,2025-03-15T00:52:31.721644,2491.0506686638,136,DESCENDING,VV,SENTINEL-1A,58308,S1A_IWDV_0496_0502_058308_136,128165312,https://sentinel1-burst.asf.alaska.edu/S1A_IW_SLC__1SDV_20250315T005225_20250315T005252_058308_073539_75F5/IW1/VV/2.tiff,cmr_umm
2025-03-27,2025-03-27T00:52:32.881386+00:00,S1_290874_IW1_20250327T005231_VV_3614-BURST,136_290874_IW1,290874,125616021,2,IW1,2025-03-27T00:52:31.757286,2491.0523631075,136,DESCENDING,VV,SENTINEL-1A,58483,S1A_IWDV_0497_0502_058483_136,128171296,https://sentinel1-burst.asf.alaska.edu/S1A_IW_SLC__1SDV_20250327T005225_20250327T005252_058483_073C1B_3614/IW1/VV/2.tiff,cmr_umm
2025-04-08,2025-04-08T00:52:33.404335+00:00,S1_290874_IW1_20250408T005232_VV_D1BE-BURST,136_290874_IW1,290874,125991908,2,IW1,2025-04-08T00:52:32.288443,2491.0474356638,136,DESCENDING,VV,SENTINEL-1A,58658,S1A_IWDV_0496_0502_058658_136,128165312,https://sentinel1-burst.asf.alaska.edu/S1A_IW_SLC__1SDV_20250408T005225_20250408T005252_058658_074344_D1BE/IW1/VV/2.tiff,cmr_umm
2025-04-20,2025-04-20T00:52:33.487572+00:00,S1_290874_IW1_20250420T005232_VV_3DAA-BURST,136_290874_IW1,290874,126367796,2,IW1,2025-04-20T00:52:32.365526,2491.0290606638,136,DESCENDING,VV,SENTINEL-1A,58833,S1A_IWDV_0496_0502_058833_136,128171296,https://sentinel1-burst.asf.alaska.edu/S1A_IW_SLC__1SDV_20250420T005225_20250420T005252_058833_074A6E_3DAA/IW1/VV/2.tiff,cmr_umm
2025-05-02,2025-05-02T00:52:33.619591+00:00,S1_290874_IW1_20250502T005232_VV_38B9-BURST,136_290874_IW1,290874,126743683,2,IW1,2025-05-02T00:52:32.493433,2491.0263241075,136,DESCENDING,VV,SENTINEL-1A,59008,S1A_IWDV_0496_0502_059008_136,128171296,https://sentinel1-burst.asf.alaska.edu/S1A_IW_SLC__1SDV_20250502T005226_20250502T005253_059008_075187_38B9/IW1/VV/2.tiff,cmr_umm
2025-05-14,2025-05-14T00:52:33.331047+00:00,S1_290874_IW1_20250514T005232_VV_9218-BURST,136_290874_IW1,290874,127119570,2,IW1,2025-05-14T00:52:32.196652,2491.0166316638,136,DESCENDING,VV,SENTINEL-1A,59183,S1A_IWDV_0496_0502_059183_136,128171296,https://sentinel1-burst.asf.alaska.edu/S1A_IW_SLC__1SDV_20250514T005225_20250514T005252_059183_0757FC_9218/IW1/VV/2.tiff,cmr_umm
2025-05-26,2025-05-26T00:52:32.904289+00:00,S1_290874_IW1_20250526T005231_VV_AAA1-BURST,136_290874_IW1,290874,127495458,2,IW1,2025-05-26T00:52:31.786337,2491.0354527764,136,DESCENDING,VV,SENTINEL-1A,59358,S1A_IWDV_0497_0502_059358_136,128171296,https://sentinel1-burst.asf.alaska.edu/S1A_IW_SLC__1SDV_20250526T005225_20250526T005252_059358_075E0D_AAA1/IW1/VV/2.tiff,cmr_umm
2025-06-07,2025-06-07T00:52:32.215065+00:00,S1_290874_IW1_20250607T005231_VV_0467-BURST,136_290874_IW1,290874,127871345,2,IW1,2025-06-07T00:52:31.084793,2491.0272871075,136,DESCENDING,VV,SENTINEL-1A,59533,S1A_IWDV_0497_0502_059533_136,128171296,https://sentinel1-burst.asf.alaska.edu/S1A_IW_SLC__1SDV_20250607T005224_20250607T005251_059533_076414_0467/IW1/VV/2.tiff,cmr_umm
2025-06-19,2025-06-19T00:52:31.501167+00:00,S1_290874_IW1_20250619T005230_VV_7C8E-BURST,136_290874_IW1,290874,128247233,2,IW1,2025-06-19T00:52:30.377063,2491.0324025512,136,DESCENDING,VV,SENTINEL-1A,59708,S1A_IWDV_0497_0502_059708_136,128171296,https://sentinel1-burst.asf.alaska.edu/S1A_IW_SLC__1SDV_20250619T005224_20250619T005250_059708_076A0D_7C8E/IW1/VV/2.tiff,cmr_umm
2025-07-01,2025-07-01T00:52:31.034325+00:00,S1_290874_IW1_20250701T005229_VV_D803-BURST,136_290874_IW1,290874,128623120,2,IW1,2025-07-01T00:52:29.908165,2491.0303966638,136,DESCENDING,VV,SENTINEL-1A,59883,S1A_IWDV_0497_0502_059883_136,128171296,https://sentinel1-burst.asf.alaska.edu/S1A_IW_SLC__1SDV_20250701T005223_20250701T005250_059883_077028_D803/IW1/VV/2.tiff,cmr_umm
2025-07-13,2025-07-13T00:52:30.410316+00:00,S1_290874_IW1_20250713T005229_VV_7CAD-BURST,136_290874_IW1,290874,128999007,2,IW1,2025-07-13T00:52:29.288253,2491.0287376638,136,DESCENDING,VV,SENTINEL-1A,60058,S1A_IWDV_0496_0502_060058_136,128171296,https://sentinel1-burst.asf.alaska.edu/S1A_IW_SLC__1SDV_20250713T005222_20250713T005249_060058_07762C_7CAD/IW1/VV/2.tiff,cmr_umm
2025-07-25,2025-07-25T00:52:29.901390+00:00,S1_290874_IW1_20250725T005228_VV_556F-BURST,136_290874_IW1,290874,129374895,2,IW1,2025-07-25T00:52:28.779343,2491.0314371075,136,DESCENDING,VV,SENTINEL-1A,60233,S1A_IWDV_0496_0502_060233_136,128171296,https://sentinel1-burst.asf.alaska.edu/S1A_IW_SLC__1SDV_20250725T005222_20250725T005249_060233_077C38_556F/IW1/VV/2.tiff,cmr_umm
2025-08-06,2025-08-06T00:52:29.708702+00:00,S1_290874_IW1_20250806T005228_VV_099C-BURST,136_290874_IW1,290874,129750782,2,IW1,2025-08-06T00:52:28.582543,2491.0331392201,136,DESCENDING,VV,SENTINEL-1A,60408,S1A_IWDV_0496_0502_060408_136,128171296,https://sentinel1-burst.asf.alaska.edu/S1A_IW_SLC__1SDV_20250806T005222_20250806T005249_060408_078239_099C/IW1/VV/2.tiff,cmr_umm
2025-08-18,2025-08-18T00:52:29.712318+00:00,S1_290874_IW1_20250818T005228_VV_C2DB-BURST,136_290874_IW1,290874,130126669,2,IW1,2025-08-18T00:52:28.584106,2491.0287972201,136,DESCENDING,VV,SENTINEL-1A,60583,S1A_IWDV_0496_0502_060583_136,128171296,https://sentinel1-burst.asf.alaska.edu/S1A_IW_SLC__1SDV_20250818T005222_20250818T005249_060583_078917_C2DB/IW1/VV/2.tiff,cmr_umm
2025-08-30,2025-08-30T00:52:29.788460+00:00,S1_290874_IW1_20250830T005228_VV_FE77-BURST,136_290874_IW1,290874,130502557,2,IW1,2025-08-30T00:52:28.658193,2491.0321996638,136,DESCENDING,VV,SENTINEL-1A,60758,S1A_IWDV_0496_0502_060758_136,128171296,https://sentinel1-burst.asf.alaska.edu/S1A_IW_SLC__1SDV_20250830T005222_20250830T005249_060758_078FF8_FE77/IW1/VV/2.tiff,cmr_umm
2025-09-11,2025-09-11T00:52:30.384773+00:00,S1_290874_IW1_20250911T005229_VV_CED7-BURST,136_290874_IW1,290874,130878444,2,IW1,2025-09-11T00:52:29.254492,2491.0363696638,136,DESCENDING,VV,SENTINEL-1A,60933,S1A_IWDV_0496_0502_060933_136,128171296,https://sentinel1-burst.asf.alaska.edu/S1A_IW_SLC__1SDV_20250911T005222_20250911T005249_060933_0796F5_CED7/IW1/VV/2.tiff,cmr_umm
2025-09-23,2025-09-23T00:52:30.500694+00:00,S1_290874_IW1_20250923T005229_VV_EDDD-BURST,136_290874_IW1,290874,131254332,2,IW1,2025-09-23T00:52:29.376595,2491.0460245512,136,DESCENDING,VV,SENTINEL-1A,61108,S1A_IWDV_0496_0502_061108_136,128171296,https://sentinel1-burst.asf.alaska.edu/S1A_IW_SLC__1SDV_20250923T005223_20250923T005249_061108_079DF5_EDDD/IW1/VV/2.tiff,cmr_umm
2021-10-02,2021-10-02T00:52:35.626249+00:00,S1_290875_IW1_20211002T005234_VV_BC6A-BURST,136_290875_IW1,290875,85771960,4,IW1,2021-10-02T00:52:34.500388,2493.8340807713,136,DESCENDING,VV,SENTINEL-1A,39933,S1A_IWDV_0495_0502_039933_136,125489636,https://sentinel1-burst.asf.alaska.edu/S1A_IW_SLC__1SDV_20211002T005221_20211002T005248_039933_04B9C5_BC6A/IW1/VV/4.tiff,cmr_umm
2021-10-14,2021-10-14T00:52:35.657102+00:00,S1_290875_IW1_20211014T005234_VV_37A1-BURST,136_290875_IW1,290875,86147847,4,IW1,2021-10-14T00:52:34.535365,2493.8490773276,136,DESCENDING,VV,SENTINEL-1A,40108,S1A_IWDV_0495_0502_040108_136,125489636,https://sentinel1-burst.asf.alaska.edu/S1A_IW_SLC__1SDV_20211014T005221_20211014T005248_040108_04BFD3_37A1/IW1/VV/4.tiff,cmr_umm
2021-10-26,2021-10-26T00:52:35.739622+00:00,S1_290875_IW1_20211026T005234_VV_BF6F-BURST,136_290875_IW1,290875,86523735,4,IW1,2021-10-26T00:52:34.624052,2493.8612408839,136,DESCENDING,VV,SENTINEL-1A,40283,S1A_IWDV_0496_0501_040283_136,125489636,https://sentinel1-burst.asf.alaska.edu/S1A_IW_SLC__1SDV_20211026T005221_20211026T005248_040283_04C5EA_BF6F/IW1/VV/4.tiff,cmr_umm
2021-11-07,2021-11-07T00:52:35.460142+00:00,S1_290875_IW1_20211107T005234_VV_E448-BURST,136_290875_IW1,290875,86899622,4,IW1,2021-11-07T00:52:34.346611,2493.8663867713,136,DESCENDING,VV,SENTINEL-1A,40458,S1A_IWDV_0495_0502_040458_136,125489636,https://sentinel1-burst.asf.alaska.edu/S1A_IW_SLC__1SDV_20211107T005221_20211107T005248_040458_04CC07_E448/IW1/VV/4.tiff,cmr_umm
2021-11-19,2021-11-19T00:52:35.358365+00:00,S1_290875_IW1_20211119T005234_VV_DA0A-BURST,136_290875_IW1,290875,87275510,4,IW1,2021-11-19T00:52:34.240738,2493.8663973276,136,DESCENDING,VV,SENTINEL-1A,40633,S1A_IWDV_0495_0502_040633_136,125489636,https://sentinel1-burst.asf.alaska.edu/S1A_IW_SLC__1SDV_20211119T005221_20211119T005248_040633_04D20B_DA0A/IW1/VV/4.tiff,cmr_umm
2021-12-01,2021-12-01T00:52:34.776487+00:00,S1_290875_IW1_20211201T005233_VV_3579-BURST,136_290875_IW1,290875,87651397,4,IW1,2021-12-01T00:52:33.669137,2493.8826918839,136,DESCENDING,VV,SENTINEL-1A,40808,S1A_IWDV_0495_0502_040808_136,125483664,https://sentinel1-burst.asf.alaska.edu/S1A_IW_SLC__1SDV_20211201T005220_20211201T005247_040808_04D828_3579/IW1/VV/4.tiff,cmr_umm
2021-12-13,2021-12-13T00:52:34.341703+00:00,S1_290875_IW1_20211213T005233_VV_B3F5-BURST,136_290875_IW1,290875,88027284,4,IW1,2021-12-13T00:52:33.224059,2493.8747833276,136,DESCENDING,VV,SENTINEL-1A,40983,S1A_IWDV_0496_0501_040983_136,125489636,https://sentinel1-burst.asf.alaska.edu/S1A_IW_SLC__1SDV_20211213T005220_20211213T005247_040983_04DE32_B3F5/IW1/VV/4.tiff,cmr_umm
2022-01-06,2022-01-06T00:52:33.026014+00:00,S1_290875_IW1_20220106T005231_VV_5318-BURST,136_290875_IW1,290875,88779059,4,IW1,2022-01-06T00:52:31.902218,2493.840517215,136,DESCENDING,VV,SENTINEL-1A,41333,S1A_IWDV_0495_0502_041333_136,125489636,https://sentinel1-burst.asf.alaska.edu/S1A_IW_SLC__1SDV_20220106T005219_20220106T005246_041333_04E9EF_5318/IW1/VV/4.tiff,cmr_umm
2022-01-18,2022-01-18T00:52:32.557828+00:00,S1_290875_IW1_20220118T005231_VV_B063-BURST,136_290875_IW1,290875,89154946,4,IW1,2022-01-18T00:52:31.438129,2493.8394873276,136,DESCENDING,VV,SENTINEL-1A,41508,S1A_IWDV_0495_0502_041508_136,125489636,https://sentinel1-burst.asf.alaska.edu/S1A_IW_SLC__1SDV_20220118T005218_20220118T005245_041508_04EFA4_B063/IW1/VV/4.tiff,cmr_umm
2022-01-30,2022-01-30T00:52:32.082807+00:00,S1_290875_IW1_20220130T005230_VV_3936-BURST,136_290875_IW1,290875,89530834,4,IW1,2022-01-30T00:52:30.961069,2493.8371558839,136,DESCENDING,VV,SENTINEL-1A,41683,S1A_IWDV_0496_0501_041683_136,125489636,https://sentinel1-burst.asf.alaska.edu/S1A_IW_SLC__1SDV_20220130T005218_20220130T005245_041683_04F595_3936/IW1/VV/4.tiff,cmr_umm
2022-02-11,2022-02-11T00:52:31.878507+00:00,S1_290875_IW1_20220211T005230_VV_A47B-BURST,136_290875_IW1,290875,89906721,4,IW1,2022-02-11T00:52:30.754714,2493.828386215,136,DESCENDING,VV,SENTINEL-1A,41858,S1A_IWDV_0496_0501_041858_136,125489636,https://sentinel1-burst.asf.alaska.edu/S1A_IW_SLC__1SDV_20220211T005217_20220211T005244_041858_04FBA9_A47B/IW1/VV/4.tiff,cmr_umm
2022-02-23,2022-02-23T00:52:31.778318+00:00,S1_290875_IW1_20220223T005230_VV_9E2F-BURST,136_290875_IW1,290875,90282609,4,IW1,2022-02-23T00:52:30.656567,2493.8241537713,136,DESCENDING,VV,SENTINEL-1A,42033,S1A_IWDV_0495_0502_042033_136,125489636,https://sentinel1-burst.asf.alaska.edu/S1A_IW_SLC__1SDV_20220223T005217_20220223T005244_042033_0501C5_9E2F/IW1/VV/4.tiff,cmr_umm
2022-03-07,2022-03-07T00:52:31.558469+00:00,S1_290875_IW1_20220307T005230_VV_B90A-BURST,136_290875_IW1,290875,90658496,4,IW1,2022-03-07T00:52:30.432622,2493.8134893276,136,DESCENDING,VV,SENTINEL-1A,42208,S1A_IWDV_0495_0502_042208_136,125489636,https://sentinel1-burst.asf.alaska.edu/S1A_IW_SLC__1SDV_20220307T005217_20220307T005244_042208_0507B4_B90A/IW1/VV/4.tiff,cmr_umm
2022-03-19,2022-03-19T00:52:31.688840+00:00,S1_290875_IW1_20220319T005230_VV_6BDC-BURST,136_290875_IW1,290875,91034383,4,IW1,2022-03-19T00:52:30.565035,2493.8108393276,136,DESCENDING,VV,SENTINEL-1A,42383,S1A_IWDV_0495_0502_042383_136,125489636,https://sentinel1-burst.asf.alaska.edu/S1A_IW_SLC__1SDV_20220319T005217_20220319T005244_042383_050DA3_6BDC/IW1/VV/4.tiff,cmr_umm
2022-03-31,2022-03-31T00:52:31.818586+00:00,S1_290875_IW1_20220331T005230_VV_23F3-BURST,136_290875_IW1,290875,91410271,4,IW1,2022-03-31T00:52:30.688629,2493.7960573276,136,DESCENDING,VV,SENTINEL-1A,42558,S1A_IWDV_0495_0502_042558_136,125489636,https://sentinel1-burst.asf.alaska.edu/S1A_IW_SLC__1SDV_20220331T005217_20220331T005244_042558_05139A_23F3/IW1/VV/4.tiff,cmr_umm
2022-04-12,2022-04-12T00:52:32.170072+00:00,S1_290875_IW1_20220412T005231_VV_AF3F-BURST,136_290875_IW1,290875,91786158,4,IW1,2022-04-12T00:52:31.044226,2493.7888798839,136,DESCENDING,VV,SENTINEL-1A,42733,S1A_IWDV_0495_0502_042733_136,125489636,https://sentinel1-burst.asf.alaska.edu/S1A_IW_SLC__1SDV_20220412T005218_20220412T005245_042733_05197A_AF3F/IW1/VV/4.tiff,cmr_umm
2022-05-18,2022-05-18T00:52:33.881818+00:00,S1_290875_IW1_20220518T005232_VV_DAE7-BURST,136_290875_IW1,290875,92913820,4,IW1,2022-05-18T00:52:32.751856,2493.7797063276,136,DESCENDING,VV,SENTINEL-1A,43258,S1A_IWDV_0495_0502_043258_136,125489636,https://sentinel1-burst.asf.alaska.edu/S1A_IW_SLC__1SDV_20220518T005219_20220518T005246_043258_052A89_DAE7/IW1/VV/4.tiff,cmr_umm
2022-05-30,2022-05-30T00:52:35.122678+00:00,S1_290875_IW1_20220530T005233_VV_23B2-BURST,136_290875_IW1,290875,93289708,4,IW1,2022-05-30T00:52:33.996826,2493.7931013276,136,DESCENDING,VV,SENTINEL-1A,43433,S1A_IWDV_0495_0502_043433_136,125489636,https://sentinel1-burst.asf.alaska.edu/S1A_IW_SLC__1SDV_20220530T005221_20220530T005248_043433_052FB5_23B2/IW1/VV/4.tiff,cmr_umm
2022-06-11,2022-06-11T00:52:36.076291+00:00,S1_290875_IW1_20220611T005234_VV_CD99-BURST,136_290875_IW1,290875,93665595,4,IW1,2022-06-11T00:52:34.960717,2493.8014233276,136,DESCENDING,VV,SENTINEL-1A,43608,S1A_IWDV_0495_0502_043608_136,125489636,https://sentinel1-burst.asf.alaska.edu/S1A_IW_SLC__1SDV_20220611T005222_20220611T005249_043608_0534E1_CD99/IW1/VV/4.tiff,cmr_umm
2022-06-23,2022-06-23T00:52:36.751554+00:00,S1_290875_IW1_20220623T005235_VV_F757-BURST,136_290875_IW1,290875,94041482,4,IW1,2022-06-23T00:52:35.635980,2493.8014813276,136,DESCENDING,VV,SENTINEL-1A,43783,S1A_IWDV_0495_0502_043783_136,125489636,https://sentinel1-burst.asf.alaska.edu/S1A_IW_SLC__1SDV_20220623T005222_20220623T005249_043783_053A23_F757/IW1/VV/4.tiff,cmr_umm
2022-07-05,2022-07-05T00:52:37.406797+00:00,S1_290875_IW1_20220705T005236_VV_7F99-BURST,136_290875_IW1,290875,94417370,4,IW1,2022-07-05T00:52:36.283001,2493.7937683276,136,DESCENDING,VV,SENTINEL-1A,43958,S1A_IWDV_0495_0502_043958_136,125489636,https://sentinel1-burst.asf.alaska.edu/S1A_IW_SLC__1SDV_20220705T005223_20220705T005250_043958_053F54_7F99/IW1/VV/4.tiff,cmr_umm
2022-07-17,2022-07-17T00:52:38.201520+00:00,S1_290875_IW1_20220717T005237_VV_9DE6-BURST,136_290875_IW1,290875,94793257,4,IW1,2022-07-17T00:52:37.065393,2493.7807727713,136,DESCENDING,VV,SENTINEL-1A,44133,S1A_IWDV_0495_0502_044133_136,125489636,https://sentinel1-burst.asf.alaska.edu/S1A_IW_SLC__1SDV_20220717T005224_20220717T005251_044133_054490_9DE6/IW1/VV/4.tiff,cmr_umm
2022-07-29,2022-07-29T00:52:38.849395+00:00,S1_290875_IW1_20220729T005237_VV_A098-BURST,136_290875_IW1,290875,95169144,3,IW1,2022-07-29T00:52:37.719405,2493.7837277747,136,DESCENDING,VV,SENTINEL-1A,44308,S1A_IWDV_0496_0502_044308_136,128171296,https://sentinel1-burst.asf.alaska.edu/S1A_IW_SLC__1SDV_20220729T005228_20220729T005255_044308_0549BC_A098/IW1/VV/3.tiff,cmr_umm
2022-08-10,2022-08-10T00:52:39.677581+00:00,S1_290875_IW1_20220810T005238_VV_429F-BURST,136_290875_IW1,290875,95545032,3,IW1,2022-08-10T00:52:38.545536,2493.7831606621,136,DESCENDING,VV,SENTINEL-1A,44483,S1A_IWDV_0496_0502_044483_136,128171296,https://sentinel1-burst.asf.alaska.edu/S1A_IW_SLC__1SDV_20220810T005229_20220810T005256_044483_054EEC_429F/IW1/VV/3.tiff,cmr_umm
2022-11-26,2022-11-26T00:52:41.329360+00:00,S1_290875_IW1_20221126T005240_VV_5641-BURST,136_290875_IW1,290875,98928018,3,IW1,2022-11-26T00:52:40.207591,2493.8325662184,136,DESCENDING,VV,SENTINEL-1A,46058,S1A_IWDV_0496_0502_046058_136,128171296,https://sentinel1-burst.asf.alaska.edu/S1A_IW_SLC__1SDV_20221126T005231_20221126T005258_046058_058342_5641/IW1/VV/3.tiff,cmr_umm
2022-12-20,2022-12-20T00:52:39.754638+00:00,S1_290875_IW1_20221220T005238_VV_E589-BURST,136_290875_IW1,290875,99679793,3,IW1,2022-12-20T00:52:38.630812,2493.835430331,136,DESCENDING,VV,SENTINEL-1A,46408,S1A_IWDV_0496_0502_046408_136,128171296,https://sentinel1-burst.asf.alaska.edu/S1A_IW_SLC__1SDV_20221220T005229_20221220T005256_046408_058F3B_E589/IW1/VV/3.tiff,cmr_umm
2023-01-01,2023-01-01T00:52:39.302825+00:00,S1_290875_IW1_20230101T005238_VV_8F0B-BURST,136_290875_IW1,290875,100055680,3,IW1,2023-01-01T00:52:38.187222,2493.8462247747,136,DESCENDING,VV,SENTINEL-1A,46583,S1A_IWDV_0496_0502_046583_136,128165312,https://sentinel1-burst.asf.alaska.edu/S1A_IW_SLC__1SDV_20230101T005229_20230101T005256_046583_059524_8F0B/IW1/VV/3.tiff,cmr_umm
2023-01-25,2023-01-25T00:52:38.319930+00:00,S1_290875_IW1_20230125T005237_VV_FEF2-BURST,136_290875_IW1,290875,100807455,3,IW1,2023-01-25T00:52:37.202274,2493.8338096621,136,DESCENDING,VV,SENTINEL-1A,46933,S1A_IWDV_0496_0502_046933_136,128171296,https://sentinel1-burst.asf.alaska.edu/S1A_IW_SLC__1SDV_20230125T005228_20230125T005255_046933_05A0F3_FEF2/IW1/VV/3.tiff,cmr_umm
2023-02-18,2023-02-18T00:52:37.321151+00:00,S1_290875_IW1_20230218T005236_VV_C57B-BURST,136_290875_IW1,290875,101559230,3,IW1,2023-02-18T00:52:36.211718,2493.8385227747,136,DESCENDING,VV,SENTINEL-1A,47283,S1A_IWDV_0496_0502_047283_136,128165312,https://sentinel1-burst.asf.alaska.edu/S1A_IW_SLC__1SDV_20230218T005227_20230218T005254_047283_05ACB0_C57B/IW1/VV/3.tiff,cmr_umm
2023-03-14,2023-03-14T00:52:37.264342+00:00,S1_290875_IW1_20230314T005236_VV_5E79-BURST,136_290875_IW1,290875,102311005,3,IW1,2023-03-14T00:52:36.146689,2493.8159557747,136,DESCENDING,VV,SENTINEL-1A,47633,S1A_IWDV_0496_0502_047633_136,128165312,https://sentinel1-burst.asf.alaska.edu/S1A_IW_SLC__1SDV_20230314T005227_20230314T005253_047633_05B88A_5E79/IW1/VV/3.tiff,cmr_umm
2023-04-07,2023-04-07T00:52:37.823394+00:00,S1_290875_IW1_20230407T005236_VV_FD01-BURST,136_290875_IW1,290875,103062779,3,IW1,2023-04-07T00:52:36.697502,2493.7994887747,136,DESCENDING,VV,SENTINEL-1A,47983,S1A_IWDV_0496_0502_047983_136,128171296,https://sentinel1-burst.asf.alaska.edu/S1A_IW_SLC__1SDV_20230407T005227_20230407T005254_047983_05C455_FD01/IW1/VV/3.tiff,cmr_umm
2023-05-01,2023-05-01T00:52:38.947555+00:00,S1_290875_IW1_20230501T005237_VV_72C5-BURST,136_290875_IW1,290875,103814554,3,IW1,2023-05-01T00:52:37.815510,2493.7780532184,136,DESCENDING,VV,SENTINEL-1A,48333,S1A_IWDV_0496_0502_048333_136,128171296,https://sentinel1-burst.asf.alaska.edu/S1A_IW_SLC__1SDV_20230501T005228_20230501T005255_048333_05D01F_72C5/IW1/VV/3.tiff,cmr_umm
2023-05-13,2023-05-13T00:52:39.542388+00:00,S1_290875_IW1_20230513T005238_VV_CD17-BURST,136_290875_IW1,290875,104190442,3,IW1,2023-05-13T00:52:38.408287,2493.7781557747,136,DESCENDING,VV,SENTINEL-1A,48508,S1A_IWDV_0496_0502_048508_136,128171296,https://sentinel1-burst.asf.alaska.edu/S1A_IW_SLC__1SDV_20230513T005229_20230513T005256_048508_05D5C0_CD17/IW1/VV/3.tiff,cmr_umm
2023-05-25,2023-05-25T00:52:39.835494+00:00,S1_290875_IW1_20230525T005238_VV_BEE4-BURST,136_290875_IW1,290875,104566329,3,IW1,2023-05-25T00:52:38.707543,2493.8162642184,136,DESCENDING,VV,SENTINEL-1A,48683,S1A_IWDV_0496_0502_048683_136,127710528,https://sentinel1-burst.asf.alaska.edu/S1A_IW_SLC__1SDV_20230525T005229_20230525T005256_048683_05DAF1_BEE4/IW1/VV/3.tiff,cmr_umm
2023-06-06,2023-06-06T00:52:40.455550+00:00,S1_290875_IW1_20230606T005239_VV_5482-BURST,136_290875_IW1,290875,104942216,3,IW1,2023-06-06T00:52:39.319391,2493.7742802184,136,DESCENDING,VV,SENTINEL-1A,48858,S1A_IWDV_0496_0502_048858_136,128171296,https://sentinel1-burst.asf.alaska.edu/S1A_IW_SLC__1SDV_20230606T005230_20230606T005257_048858_05E029_5482/IW1/VV/3.tiff,cmr_umm
2023-06-18,2023-06-18T00:52:41.402389+00:00,S1_290875_IW1_20230618T005240_VV_D012-BURST,136_290875_IW1,290875,105318104,3,IW1,2023-06-18T00:52:40.284730,2493.7980672184,136,DESCENDING,VV,SENTINEL-1A,49033,S1A_IWDV_0496_0502_049033_136,128171296,https://sentinel1-burst.asf.alaska.edu/S1A_IW_SLC__1SDV_20230618T005231_20230618T005258_049033_05E580_D012/IW1/VV/3.tiff,cmr_umm
2023-06-30,2023-06-30T00:52:41.643050+00:00,S1_290875_IW1_20230630T005240_VV_5EA5-BURST,136_290875_IW1,290875,105693991,3,IW1,2023-06-30T00:52:40.525391,2493.7976192184,136,DESCENDING,VV,SENTINEL-1A,49208,S1A_IWDV_0496_0502_049208_136,128165312,https://sentinel1-burst.asf.alaska.edu/S1A_IW_SLC__1SDV_20230630T005231_20230630T005258_049208_05EACB_5EA5/IW1/VV/3.tiff,cmr_umm
2023-07-12,2023-07-12T00:52:42.907149+00:00,S1_290875_IW1_20230712T005241_VV_A110-BURST,136_290875_IW1,290875,106069878,3,IW1,2023-07-12T00:52:41.789476,2493.8239242184,136,DESCENDING,VV,SENTINEL-1A,49383,S1A_IWDV_0496_0502_049383_136,127710528,https://sentinel1-burst.asf.alaska.edu/S1A_IW_SLC__1SDV_20230712T005232_20230712T005259_049383_05F03C_A110/IW1/VV/3.tiff,cmr_umm
2023-07-24,2023-07-24T00:52:43.666076+00:00,S1_290875_IW1_20230724T005242_VV_2B1A-BURST,136_290875_IW1,290875,106445766,3,IW1,2023-07-24T00:52:42.546364,2493.7980152184,136,DESCENDING,VV,SENTINEL-1A,49558,S1A_IWDV_0496_0502_049558_136,128171296,https://sentinel1-burst.asf.alaska.edu/S1A_IW_SLC__1SDV_20230724T005233_20230724T005300_049558_05F58F_2B1A/IW1/VV/3.tiff,cmr_umm
2023-08-05,2023-08-05T00:52:44.650786+00:00,S1_290875_IW1_20230805T005243_VV_4B4F-BURST,136_290875_IW1,290875,106821653,3,IW1,2023-08-05T00:52:43.524908,2493.8219826621,136,DESCENDING,VV,SENTINEL-1A,49733,S1A_IWDV_0496_0502_049733_136,127710528,https://sentinel1-burst.asf.alaska.edu/S1A_IW_SLC__1SDV_20230805T005234_20230805T005301_049733_05FAF9_4B4F/IW1/VV/3.tiff,cmr_umm
2023-08-17,2023-08-17T00:52:44.839278+00:00,S1_290875_IW1_20230817T005243_VV_543A-BURST,136_290875_IW1,290875,107197541,3,IW1,2023-08-17T00:52:43.723678,2493.8033367747,136,DESCENDING,VV,SENTINEL-1A,49908,S1A_IWDV_0496_0502_049908_136,128165312,https://sentinel1-burst.asf.alaska.edu/S1A_IW_SLC__1SDV_20230817T005234_20230817T005301_049908_0600D4_543A/IW1/VV/3.tiff,cmr_umm
2023-08-29,2023-08-29T00:52:45.632079+00:00,S1_290875_IW1_20230829T005244_VV_51E4-BURST,136_290875_IW1,290875,107573428,3,IW1,2023-08-29T00:52:44.502091,2493.7914147747,136,DESCENDING,VV,SENTINEL-1A,50083,S1A_IWDV_0496_0502_050083_136,128171296,https://sentinel1-burst.asf.alaska.edu/S1A_IW_SLC__1SDV_20230829T005235_20230829T005302_050083_0606D4_51E4/IW1/VV/3.tiff,cmr_umm
2023-09-22,2023-09-22T00:52:46.451140+00:00,S1_290875_IW1_20230922T005245_VV_4238-BURST,136_290875_IW1,290875,108325203,3,IW1,2023-09-22T00:52:45.312931,2493.7873532184,136,DESCENDING,VV,SENTINEL-1A,50433,S1A_IWDV_0496_0502_050433_136,128171296,https://sentinel1-burst.asf.alaska.edu/S1A_IW_SLC__1SDV_20230922T005236_20230922T005303_050433_0612B8_4238/IW1/VV/3.tiff,cmr_umm
2023-10-16,2023-10-16T00:52:46.791320+00:00,S1_290875_IW1_20231016T005245_VV_CEBE-BURST,136_290875_IW1,290875,109076977,3,IW1,2023-10-16T00:52:45.657206,2493.8109302184,136,DESCENDING,VV,SENTINEL-1A,50783,S1A_IWDV_0496_0502_050783_136,128171296,https://sentinel1-burst.asf.alaska.edu/S1A_IW_SLC__1SDV_20231016T005236_20231016T005303_050783_061EC5_CEBE/IW1/VV/3.tiff,cmr_umm
2023-11-09,2023-11-09T00:52:45.775222+00:00,S1_290875_IW1_20231109T005244_VV_A46B-BURST,136_290875_IW1,290875,109828752,3,IW1,2023-11-09T00:52:44.630843,2493.8248492184,136,DESCENDING,VV,SENTINEL-1A,51133,S1A_IWDV_0496_0502_051133_136,128165312,https://sentinel1-burst.asf.alaska.edu/S1A_IW_SLC__1SDV_20231109T005235_20231109T005302_051133_062AB8_A46B/IW1/VV/3.tiff,cmr_umm
2023-12-03,2023-12-03T00:52:45.585891+00:00,S1_290875_IW1_20231203T005244_VV_9CC8-BURST,136_290875_IW1,290875,110580527,3,IW1,2023-12-03T00:52:44.470288,2493.8440966621,136,DESCENDING,VV,SENTINEL-1A,51483,S1A_IWDV_0497_0502_051483_136,128165312,https://sentinel1-burst.asf.alaska.edu/S1A_IW_SLC__1SDV_20231203T005235_20231203T005302_051483_0636C1_9CC8/IW1/VV/3.tiff,cmr_umm
2023-12-27,2023-12-27T00:52:44.062667+00:00,S1_290875_IW1_20231227T005242_VV_1BFE-BURST,136_290875_IW1,290875,111332302,3,IW1,2023-12-27T00:52:42.944992,2493.8375852184,136,DESCENDING,VV,SENTINEL-1A,51833,S1A_IWDV_0496_0502_051833_136,128171296,https://sentinel1-burst.asf.alaska.edu/S1A_IW_SLC__1SDV_20231227T005233_20231227T005300_051833_0642EF_1BFE/IW1/VV/3.tiff,cmr_umm
2024-01-08,2024-01-08T00:52:43.745925+00:00,S1_290875_IW1_20240108T005242_VV_EF2D-BURST,136_290875_IW1,290875,111708189,3,IW1,2024-01-08T00:52:42.630307,2493.8243707747,136,DESCENDING,VV,SENTINEL-1A,52008,S1A_IWDV_0496_0502_052008_136,128165312,https://sentinel1-burst.asf.alaska.edu/S1A_IW_SLC__1SDV_20240108T005233_20240108T005300_052008_0648EF_EF2D/IW1/VV/3.tiff,cmr_umm
2024-01-20,2024-01-20T00:52:43.181807+00:00,S1_290875_IW1_20240120T005242_VV_721D-BURST,136_290875_IW1,290875,112084076,3,IW1,2024-01-20T00:52:42.066206,2493.8389682184,136,DESCENDING,VV,SENTINEL-1A,52183,S1A_IWDV_0496_0502_052183_136,128165312,https://sentinel1-burst.asf.alaska.edu/S1A_IW_SLC__1SDV_20240120T005232_20240120T005259_052183_064ED6_721D/IW1/VV/3.tiff,cmr_umm
2024-02-25,2024-02-25T00:52:42.392135+00:00,S1_290875_IW1_20240225T005241_VV_24F2-BURST,136_290875_IW1,290875,113211739,3,IW1,2024-02-25T00:52:41.264202,2493.8064142184,136,DESCENDING,VV,SENTINEL-1A,52708,S1A_IWDV_0496_0502_052708_136,128171296,https://sentinel1-burst.asf.alaska.edu/S1A_IW_SLC__1SDV_20240225T005232_20240225T005259_052708_06609F_24F2/IW1/VV/3.tiff,cmr_umm
2024-03-08,2024-03-08T00:52:42.284621+00:00,S1_290875_IW1_20240308T005241_VV_A350-BURST,136_290875_IW1,290875,113587626,3,IW1,2024-03-08T00:52:41.144357,2493.7815502184,136,DESCENDING,VV,SENTINEL-1A,52883,S1A_IWDV_0496_0502_052883_136,128171296,https://sentinel1-burst.asf.alaska.edu/S1A_IW_SLC__1SDV_20240308T005232_20240308T005258_052883_066693_A350/IW1/VV/3.tiff,cmr_umm
2024-03-20,2024-03-20T00:52:42.794143+00:00,S1_290875_IW1_20240320T005241_VV_295E-BURST,136_290875_IW1,290875,113963513,3,IW1,2024-03-20T00:52:41.676474,2493.8038232184,136,DESCENDING,VV,SENTINEL-1A,53058,S1A_IWDV_0496_0502_053058_136,128165312,https://sentinel1-burst.asf.alaska.edu/S1A_IW_SLC__1SDV_20240320T005232_20240320T005259_053058_066CE5_295E/IW1/VV/3.tiff,cmr_umm
2024-04-01,2024-04-01T00:52:43.369063+00:00,S1_290875_IW1_20240401T005242_VV_2182-BURST,136_290875_IW1,290875,114339401,3,IW1,2024-04-01T00:52:42.249355,2493.7893302184,136,DESCENDING,VV,SENTINEL-1A,53233,S1A_IWDV_0496_0502_053233_136,128171296,https://sentinel1-burst.asf.alaska.edu/S1A_IW_SLC__1SDV_20240401T005233_20240401T005300_053233_06738A_2182/IW1/VV/3.tiff,cmr_umm
2024-04-13,2024-04-13T00:52:41.981246+00:00,S1_290875_IW1_20240413T005240_VV_8F8E-BURST,136_290875_IW1,290875,114715288,3,IW1,2024-04-13T00:52:40.863591,2493.7868632184,136,DESCENDING,VV,SENTINEL-1A,53408,S1A_IWDV_0496_0502_053408_136,128171296,https://sentinel1-burst.asf.alaska.edu/S1A_IW_SLC__1SDV_20240413T005231_20240413T005258_053408_067A70_8F8E/IW1/VV/3.tiff,cmr_umm
2024-04-25,2024-04-25T00:52:43.578841+00:00,S1_290875_IW1_20240425T005242_VV_7B6C-BURST,136_290875_IW1,290875,115091175,3,IW1,2024-04-25T00:52:42.442685,2493.7788382184,136,DESCENDING,VV,SENTINEL-1A,53583,S1A_IWDV_0496_0502_053583_136,128171296,https://sentinel1-burst.asf.alaska.edu/S1A_IW_SLC__1SDV_20240425T005233_20240425T005300_053583_06814B_7B6C/IW1/VV/3.tiff,cmr_umm
2024-05-19,2024-05-19T00:52:44.011840+00:00,S1_290875_IW1_20240519T005242_VV_F011-BURST,136_290875_IW1,290875,115842950,3,IW1,2024-05-19T00:52:42.890072,2493.7903052184,136,DESCENDING,VV,SENTINEL-1A,53933,S1A_IWDV_0496_0502_053933_136,128171296,https://sentinel1-burst.asf.alaska.edu/S1A_IW_SLC__1SDV_20240519T005233_20240519T005300_053933_068E47_F011/IW1/VV/3.tiff,cmr_umm
2024-05-31,2024-05-31T00:52:43.621184+00:00,S1_290875_IW1_20240531T005242_VV_FC35-BURST,136_290875_IW1,290875,116218838,3,IW1,2024-05-31T00:52:42.499416,2493.7854137747,136,DESCENDING,VV,SENTINEL-1A,54108,S1A_IWDV_0496_0502_054108_136,128171296,https://sentinel1-burst.asf.alaska.edu/S1A_IW_SLC__1SDV_20240531T005233_20240531T005300_054108_06945A_FC35/IW1/VV/3.tiff,cmr_umm
2024-07-18,2024-07-18T00:52:41.490737+00:00,S1_290875_IW1_20240718T005240_VV_22B6-BURST,136_290875_IW1,290875,117722387,3,IW1,2024-07-18T00:52:40.368968,2493.8463167747,136,DESCENDING,VV,SENTINEL-1A,54808,S1A_IWDV_0497_0502_054808_136,126705216,https://sentinel1-burst.asf.alaska.edu/S1A_IW_SLC__1SDV_20240718T005231_20240718T005258_054808_06AC9D_22B6/IW1/VV/3.tiff,cmr_umm
2024-08-23,2024-08-23T00:52:41.531096+00:00,S1_290875_IW1_20240823T005240_VV_0D30-BURST,136_290875_IW1,290875,118850049,3,IW1,2024-08-23T00:52:40.401108,2493.7906947747,136,DESCENDING,VV,SENTINEL-1A,55333,S1A_IWDV_0496_0502_055333_136,128171296,https://sentinel1-burst.asf.alaska.edu/S1A_IW_SLC__1SDV_20240823T005231_20240823T005258_055333_06BF4D_0D30/IW1/VV/3.tiff,cmr_umm
2024-09-04,2024-09-04T00:52:41.578597+00:00,S1_290875_IW1_20240904T005240_VV_6A1E-BURST,136_290875_IW1,290875,119225937,3,IW1,2024-09-04T00:52:40.458888,2493.8106906621,136,DESCENDING,VV,SENTINEL-1A,55508,S1A_IWDV_0496_0502_055508_136,128171296,https://sentinel1-burst.asf.alaska.edu/S1A_IW_SLC__1SDV_20240904T005231_20240904T005258_055508_06C5D0_6A1E/IW1/VV/3.tiff,cmr_umm
2024-09-16,2024-09-16T00:52:42.492827+00:00,S1_290875_IW1_20240916T005241_VV_1568-BURST,136_290875_IW1,290875,119601824,3,IW1,2024-09-16T00:52:41.375175,2493.8100477747,136,DESCENDING,VV,SENTINEL-1A,55683,S1A_IWDV_0496_0502_055683_136,128171296,https://sentinel1-burst.asf.alaska.edu/S1A_IW_SLC__1SDV_20240916T005232_20240916T005259_055683_06CCC1_1568/IW1/VV/3.tiff,cmr_umm
2024-09-28,2024-09-28T00:52:42.291610+00:00,S1_290875_IW1_20240928T005241_VV_2566-BURST,136_290875_IW1,290875,119977711,3,IW1,2024-09-28T00:52:41.165734,2493.7990592184,136,DESCENDING,VV,SENTINEL-1A,55858,S1A_IWDV_0496_0502_055858_136,128171296,https://sentinel1-burst.asf.alaska.edu/S1A_IW_SLC__1SDV_20240928T005232_20240928T005258_055858_06D3AD_2566/IW1/VV/3.tiff,cmr_umm
2024-10-10,2024-10-10T00:52:43.230559+00:00,S1_290875_IW1_20241010T005242_VV_C53E-BURST,136_290875_IW1,290875,120353599,3,IW1,2024-10-10T00:52:42.106738,2493.7894222184,136,DESCENDING,VV,SENTINEL-1A,56033,S1A_IWDV_0496_0502_056033_136,128171296,https://sentinel1-burst.asf.alaska.edu/S1A_IW_SLC__1SDV_20241010T005232_20241010T005259_056033_06DA90_C53E/IW1/VV/3.tiff,cmr_umm
2024-10-22,2024-10-22T00:52:42.900786+00:00,S1_290875_IW1_20241022T005241_VV_CD8D-BURST,136_290875_IW1,290875,120729486,3,IW1,2024-10-22T00:52:41.783115,2493.8059952184,136,DESCENDING,VV,SENTINEL-1A,56208,S1A_IWDV_0496_0502_056208_136,128171296,https://sentinel1-burst.asf.alaska.edu/S1A_IW_SLC__1SDV_20241022T005232_20241022T005259_056208_06E17F_CD8D/IW1/VV/3.tiff,cmr_umm
2024-11-03,2024-11-03T00:52:42.928100+00:00,S1_290875_IW1_20241103T005241_VV_EFDB-BURST,136_290875_IW1,290875,121105373,3,IW1,2024-11-03T00:52:41.810443,2493.8186122184,136,DESCENDING,VV,SENTINEL-1A,56383,S1A_IWDV_0496_0502_056383_136,128171296,https://sentinel1-burst.asf.alaska.edu/S1A_IW_SLC__1SDV_20241103T005232_20241103T005259_056383_06E86F_EFDB/IW1/VV/3.tiff,cmr_umm
2024-11-15,2024-11-15T00:52:42.446563+00:00,S1_290875_IW1_20241115T005241_VV_57E0-BURST,136_290875_IW1,290875,121481261,3,IW1,2024-11-15T00:52:41.324796,2493.8198696621,136,DESCENDING,VV,SENTINEL-1A,56558,S1A_IWDV_0497_0502_056558_136,128171296,https://sentinel1-burst.asf.alaska.edu/S1A_IW_SLC__1SDV_20241115T005232_20241115T005259_056558_06EF63_57E0/IW1/VV/3.tiff,cmr_umm
2024-11-27,2024-11-27T00:52:41.407393+00:00,S1_290875_IW1_20241127T005240_VV_F5DA-BURST,136_290875_IW1,290875,121857148,3,IW1,2024-11-27T00:52:40.291792,2493.8400337747,136,DESCENDING,VV,SENTINEL-1A,56733,S1A_IWDV_0496_0502_056733_136,128165312,https://sentinel1-burst.asf.alaska.edu/S1A_IW_SLC__1SDV_20241127T005231_20241127T005258_056733_06F668_F5DA/IW1/VV/3.tiff,cmr_umm
2024-12-09,2024-12-09T00:52:40.696517+00:00,S1_290875_IW1_20241209T005239_VV_2676-BURST,136_290875_IW1,290875,122233036,3,IW1,2024-12-09T00:52:39.574733,2493.8407837747,136,DESCENDING,VV,SENTINEL-1A,56908,S1A_IWDV_0496_0502_056908_136,128171296,https://sentinel1-burst.asf.alaska.edu/S1A_IW_SLC__1SDV_20241209T005230_20241209T005257_056908_06FD43_2676/IW1/VV/3.tiff,cmr_umm
2024-12-21,2024-12-21T00:52:39.352981+00:00,S1_290875_IW1_20241221T005238_VV_6DA0-BURST,136_290875_IW1,290875,122608923,3,IW1,2024-12-21T00:52:38.229156,2493.8414402184,136,DESCENDING,VV,SENTINEL-1A,57083,S1A_IWDV_0496_0502_057083_136,128171296,https://sentinel1-burst.asf.alaska.edu/S1A_IW_SLC__1SDV_20241221T005229_20241221T005256_057083_070448_6DA0/IW1/VV/3.tiff,cmr_umm
2025-01-02,2025-01-02T00:52:38.394805+00:00,S1_290875_IW1_20250102T005237_VV_C02F-BURST,136_290875_IW1,290875,122984810,3,IW1,2025-01-02T00:52:37.275091,2493.8403806621,136,DESCENDING,VV,SENTINEL-1A,57258,S1A_IWDV_0496_0502_057258_136,128171296,https://sentinel1-burst.asf.alaska.edu/S1A_IW_SLC__1SDV_20250102T005228_20250102T005255_057258_070B2B_C02F/IW1/VV/3.tiff,cmr_umm
2025-01-14,2025-01-14T00:52:37.302855+00:00,S1_290875_IW1_20250114T005236_VV_A40B-BURST,136_290875_IW1,290875,123360698,3,IW1,2025-01-14T00:52:36.183143,2493.8352106621,136,DESCENDING,VV,SENTINEL-1A,57433,S1A_IWDV_0496_0502_057433_136,128171296,https://sentinel1-burst.asf.alaska.edu/S1A_IW_SLC__1SDV_20250114T005227_20250114T005254_057433_07121B_A40B/IW1/VV/3.tiff,cmr_umm
2025-01-26,2025-01-26T00:52:36.675582+00:00,S1_290875_IW1_20250126T005235_VV_D6DB-BURST,136_290875_IW1,290875,123736585,3,IW1,2025-01-26T00:52:35.557925,2493.8350752184,136,DESCENDING,VV,SENTINEL-1A,57608,S1A_IWDV_0497_0502_057608_136,128171296,https://sentinel1-burst.asf.alaska.edu/S1A_IW_SLC__1SDV_20250126T005226_20250126T005253_057608_07190D_D6DB/IW1/VV/3.tiff,cmr_umm
2025-02-07,2025-02-07T00:52:36.196013+00:00,S1_290875_IW1_20250207T005235_VV_69A5-BURST,136_290875_IW1,290875,124112472,3,IW1,2025-02-07T00:52:35.076302,2493.8244467747,136,DESCENDING,VV,SENTINEL-1A,57783,S1A_IWDV_0496_0502_057783_136,128171296,https://sentinel1-burst.asf.alaska.edu/S1A_IW_SLC__1SDV_20250207T005225_20250207T005252_057783_071FFC_69A5/IW1/VV/3.tiff,cmr_umm
2025-02-19,2025-02-19T00:52:35.383025+00:00,S1_290875_IW1_20250219T005234_VV_B2E0-BURST,136_290875_IW1,290875,124488360,3,IW1,2025-02-19T00:52:34.265370,2493.8172042184,136,DESCENDING,VV,SENTINEL-1A,57958,S1A_IWDV_0496_0502_057958_136,128171296,https://sentinel1-burst.asf.alaska.edu/S1A_IW_SLC__1SDV_20250219T005225_20250219T005252_057958_072703_B2E0/IW1/VV/3.tiff,cmr_umm
2025-03-03,2025-03-03T00:52:35.529242+00:00,S1_290875_IW1_20250303T005234_VV_59E2-BURST,136_290875_IW1,290875,124864247,4,IW1,2025-03-03T00:52:34.415979,2493.8186513293,136,DESCENDING,VV,SENTINEL-1A,58133,S1A_IWDV_0495_0502_058133_136,128165312,https://sentinel1-burst.asf.alaska.edu/S1A_IW_SLC__1SDV_20250303T005222_20250303T005249_058133_072E2C_59E2/IW1/VV/4.tiff,cmr_umm
2025-03-15,2025-03-15T00:52:35.597854+00:00,S1_290875_IW1_20250315T005234_VV_75F5-BURST,136_290875_IW1,290875,125240135,3,IW1,2025-03-15T00:52:34.480200,2493.8092252184,136,DESCENDING,VV,SENTINEL-1A,58308,S1A_IWDV_0496_0502_058308_136,128165312,https://sentinel1-burst.asf.alaska.edu/S1A_IW_SLC__1SDV_20250315T005225_20250315T005252_058308_073539_75F5/IW1/VV/3.tiff,cmr_umm
2025-03-27,2025-03-27T00:52:35.639663+00:00,S1_290875_IW1_20250327T005234_VV_3614-BURST,136_290875_IW1,290875,125616022,3,IW1,2025-03-27T00:52:34.517898,2493.8129752184,136,DESCENDING,VV,SENTINEL-1A,58483,S1A_IWDV_0497_0502_058483_136,128171296,https://sentinel1-burst.asf.alaska.edu/S1A_IW_SLC__1SDV_20250327T005225_20250327T005252_058483_073C1B_3614/IW1/VV/3.tiff,cmr_umm
2025-04-08,2025-04-08T00:52:36.162612+00:00,S1_290875_IW1_20250408T005235_VV_D1BE-BURST,136_290875_IW1,290875,125991909,3,IW1,2025-04-08T00:52:35.049055,2493.8080477747,136,DESCENDING,VV,SENTINEL-1A,58658,S1A_IWDV_0496_0502_058658_136,128165312,https://sentinel1-burst.asf.alaska.edu/S1A_IW_SLC__1SDV_20250408T005225_20250408T005252_058658_074344_D1BE/IW1/VV/3.tiff,cmr_umm
2025-04-20,2025-04-20T00:52:36.245849+00:00,S1_290875_IW1_20250420T005235_VV_3DAA-BURST,136_290875_IW1,290875,126367797,3,IW1,2025-04-20T00:52:35.124082,2493.7876172184,136,DESCENDING,VV,SENTINEL-1A,58833,S1A_IWDV_0496_0502_058833_136,128171296,https://sentinel1-burst.asf.alaska.edu/S1A_IW_SLC__1SDV_20250420T005225_20250420T005252_058833_074A6E_3DAA/IW1/VV/3.tiff,cmr_umm
2025-05-02,2025-05-02T00:52:36.377868+00:00,S1_290875_IW1_20250502T005235_VV_38B9-BURST,136_290875_IW1,290875,126743684,3,IW1,2025-05-02T00:52:35.251990,2493.7848806621,136,DESCENDING,VV,SENTINEL-1A,59008,S1A_IWDV_0496_0502_059008_136,128171296,https://sentinel1-burst.asf.alaska.edu/S1A_IW_SLC__1SDV_20250502T005226_20250502T005253_059008_075187_38B9/IW1/VV/3.tiff,cmr_umm
2025-05-14,2025-05-14T00:52:36.089324+00:00,S1_290875_IW1_20250514T005234_VV_9218-BURST,136_290875_IW1,290875,127119571,3,IW1,2025-05-14T00:52:34.957264,2493.7772437747,136,DESCENDING,VV,SENTINEL-1A,59183,S1A_IWDV_0496_0502_059183_136,128171296,https://sentinel1-burst.asf.alaska.edu/S1A_IW_SLC__1SDV_20250514T005225_20250514T005252_059183_0757FC_9218/IW1/VV/3.tiff,cmr_umm
2025-05-26,2025-05-26T00:52:35.662566+00:00,S1_290875_IW1_20250526T005234_VV_AAA1-BURST,136_290875_IW1,290875,127495459,3,IW1,2025-05-26T00:52:34.544893,2493.794009331,136,DESCENDING,VV,SENTINEL-1A,59358,S1A_IWDV_0497_0502_059358_136,128171296,https://sentinel1-burst.asf.alaska.edu/S1A_IW_SLC__1SDV_20250526T005225_20250526T005252_059358_075E0D_AAA1/IW1/VV/3.tiff,cmr_umm
2025-06-07,2025-06-07T00:52:34.973342+00:00,S1_290875_IW1_20250607T005233_VV_0467-BURST,136_290875_IW1,290875,127871346,3,IW1,2025-06-07T00:52:33.845405,2493.7878992184,136,DESCENDING,VV,SENTINEL-1A,59533,S1A_IWDV_0497_0502_059533_136,128171296,https://sentinel1-burst.asf.alaska.edu/S1A_IW_SLC__1SDV_20250607T005224_20250607T005251_059533_076414_0467/IW1/VV/3.tiff,cmr_umm
2025-06-19,2025-06-19T00:52:34.259444+00:00,S1_290875_IW1_20250619T005233_VV_7C8E-BURST,136_290875_IW1,290875,128247234,3,IW1,2025-06-19T00:52:33.139730,2493.7950702184,136,DESCENDING,VV,SENTINEL-1A,59708,S1A_IWDV_0497_0502_059708_136,128171296,https://sentinel1-burst.asf.alaska.edu/S1A_IW_SLC__1SDV_20250619T005224_20250619T005250_059708_076A0D_7C8E/IW1/VV/3.tiff,cmr_umm
2025-07-01,2025-07-01T00:52:33.792602+00:00,S1_290875_IW1_20250701T005232_VV_D803-BURST,136_290875_IW1,290875,128623121,3,IW1,2025-07-01T00:52:32.668777,2493.7910087747,136,DESCENDING,VV,SENTINEL-1A,59883,S1A_IWDV_0497_0502_059883_136,128171296,https://sentinel1-burst.asf.alaska.edu/S1A_IW_SLC__1SDV_20250701T005223_20250701T005250_059883_077028_D803/IW1/VV/3.tiff,cmr_umm
2025-07-13,2025-07-13T00:52:33.168593+00:00,S1_290875_IW1_20250713T005232_VV_7CAD-BURST,136_290875_IW1,290875,128999008,3,IW1,2025-07-13T00:52:32.046809,2493.7872942184,136,DESCENDING,VV,SENTINEL-1A,60058,S1A_IWDV_0496_0502_060058_136,128171296,https://sentinel1-burst.asf.alaska.edu/S1A_IW_SLC__1SDV_20250713T005222_20250713T005249_060058_07762C_7CAD/IW1/VV/3.tiff,cmr_umm
2025-07-25,2025-07-25T00:52:32.659667+00:00,S1_290875_IW1_20250725T005231_VV_556F-BURST,136_290875_IW1,290875,129374896,3,IW1,2025-07-25T00:52:31.537900,2493.7899936621,136,DESCENDING,VV,SENTINEL-1A,60233,S1A_IWDV_0496_0502_060233_136,128171296,https://sentinel1-burst.asf.alaska.edu/S1A_IW_SLC__1SDV_20250725T005222_20250725T005249_060233_077C38_556F/IW1/VV/3.tiff,cmr_umm
2025-08-06,2025-08-06T00:52:32.466979+00:00,S1_290875_IW1_20250806T005231_VV_099C-BURST,136_290875_IW1,290875,129750783,3,IW1,2025-08-06T00:52:31.341100,2493.7916957747,136,DESCENDING,VV,SENTINEL-1A,60408,S1A_IWDV_0496_0502_060408_136,128171296,https://sentinel1-burst.asf.alaska.edu/S1A_IW_SLC__1SDV_20250806T005222_20250806T005249_060408_078239_099C/IW1/VV/3.tiff,cmr_umm
2025-08-18,2025-08-18T00:52:32.470595+00:00,S1_290875_IW1_20250818T005231_VV_C2DB-BURST,136_290875_IW1,290875,130126670,3,IW1,2025-08-18T00:52:31.342663,2493.7873537747,136,DESCENDING,VV,SENTINEL-1A,60583,S1A_IWDV_0496_0502_060583_136,128171296,https://sentinel1-burst.asf.alaska.edu/S1A_IW_SLC__1SDV_20250818T005222_20250818T005249_060583_078917_C2DB/IW1/VV/3.tiff,cmr_umm
2025-08-30,2025-08-30T00:52:32.546737+00:00,S1_290875_IW1_20250830T005231_VV_FE77-BURST,136_290875_IW1,290875,130502558,3,IW1,2025-08-30T00:52:31.416749,2493.7907562184,136,DESCENDING,VV,SENTINEL-1A,60758,S1A_IWDV_0496_0502_060758_136,128171296,https://sentinel1-burst.asf.alaska.edu/S1A_IW_SLC__1SDV_20250830T005222_20250830T005249_060758_078FF8_FE77/IW1/VV/3.tiff,cmr_umm
2025-09-11,2025-09-11T00:52:33.143050+00:00,S1_290875_IW1_20250911T005232_VV_CED7-BURST,136_290875_IW1,290875,130878445,3,IW1,2025-09-11T00:52:32.013048,2493.7949262184,136,DESCENDING,VV,SENTINEL-1A,60933,S1A_IWDV_0496_0502_060933_136,128171296,https://sentinel1-burst.asf.alaska.edu/S1A_IW_SLC__1SDV_20250911T005222_20250911T005249_060933_0796F5_CED7/IW1/VV/3.tiff,cmr_umm
2025-09-23,2025-09-23T00:52:33.258971+00:00,S1_290875_IW1_20250923T005232_VV_EDDD-BURST,136_290875_IW1,290875,131254333,3,IW1,2025-09-23T00:52:32.135151,2493.8045811058,136,DESCENDING,VV,SENTINEL-1A,61108,S1A_IWDV_0496_0502_061108_136,128171296,https://sentinel1-burst.asf.alaska.edu/S1A_IW_SLC__1SDV_20250923T005223_20250923T005249_061108_079DF5_EDDD/IW1/VV/3.tiff,cmr_umm
2021-10-02,2021-10-02T00:52:38.384526+00:00,S1_290876_IW1_20211002T005237_VV_BC6A-BURST,136_290876_IW1,290876,85771961,5,IW1,2021-10-02T00:52:37.256889,2496.5905817696,136,DESCENDING,VV,SENTINEL-1A,39933,S1A_IWDV_0495_0502_039933_136,125489636,https://sentinel1-burst.asf.alaska.edu/S1A_IW_SLC__1SDV_20211002T005221_20211002T005248_039933_04B9C5_BC6A/IW1/VV/5.tiff,cmr_umm
2021-10-14,2021-10-14T00:52:38.415379+00:00,S1_290876_IW1_20211014T005237_VV_37A1-BURST,136_290876_IW1,290876,86147848,5,IW1,2021-10-14T00:52:37.291866,2496.6055783259,136,DESCENDING,VV,SENTINEL-1A,40108,S1A_IWDV_0495_0502_040108_136,125489636,https://sentinel1-burst.asf.alaska.edu/S1A_IW_SLC__1SDV_20211014T005221_20211014T005248_040108_04BFD3_37A1/IW1/VV/5.tiff,cmr_umm
2021-10-26,2021-10-26T00:52:38.497899+00:00,S1_290876_IW1_20211026T005237_VV_BF6F-BURST,136_290876_IW1,290876,86523736,5,IW1,2021-10-26T00:52:37.380553,2496.6177418822,136,DESCENDING,VV,SENTINEL-1A,40283,S1A_IWDV_0496_0501_040283_136,125489636,https://sentinel1-burst.asf.alaska.edu/S1A_IW_SLC__1SDV_20211026T005221_20211026T005248_040283_04C5EA_BF6F/IW1/VV/5.tiff,cmr_umm
2021-11-07,2021-11-07T00:52:38.218419+00:00,S1_290876_IW1_20211107T005237_VV_E448-BURST,136_290876_IW1,290876,86899623,5,IW1,2021-11-07T00:52:37.103112,2496.6228877696,136,DESCENDING,VV,SENTINEL-1A,40458,S1A_IWDV_0495_0502_040458_136,125489636,https://sentinel1-burst.asf.alaska.edu/S1A_IW_SLC__1SDV_20211107T005221_20211107T005248_040458_04CC07_E448/IW1/VV/5.tiff,cmr_umm
2021-11-19,2021-11-19T00:52:38.116642+00:00,S1_290876_IW1_20211119T005236_VV_DA0A-BURST,136_290876_IW1,290876,87275511,5,IW1,2021-11-19T00:52:36.997239,2496.6228983259,136,DESCENDING,VV,SENTINEL-1A,40633,S1A_IWDV_0495_0502_040633_136,125489636,https://sentinel1-burst.asf.alaska.edu/S1A_IW_SLC__1SDV_20211119T005221_20211119T005248_040633_04D20B_DA0A/IW1/VV/5.tiff,cmr_umm
2021-12-01,2021-12-01T00:52:37.534764+00:00,S1_290876_IW1_20211201T005236_VV_3579-BURST,136_290876_IW1,290876,87651398,5,IW1,2021-12-01T00:52:36.425638,2496.6391928822,136,DESCENDING,VV,SENTINEL-1A,40808,S1A_IWDV_0495_0502_040808_136,125483664,https://sentinel1-burst.asf.alaska.edu/S1A_IW_SLC__1SDV_20211201T005220_20211201T005247_040808_04D828_3579/IW1/VV/5.tiff,cmr_umm
2021-12-13,2021-12-13T00:52:37.099980+00:00,S1_290876_IW1_20211213T005235_VV_B3F5-BURST,136_290876_IW1,290876,88027285,5,IW1,2021-12-13T00:52:35.978505,2496.6292287696,136,DESCENDING,VV,SENTINEL-1A,40983,S1A_IWDV_0496_0501_040983_136,125489636,https://sentinel1-burst.asf.alaska.edu/S1A_IW_SLC__1SDV_20211213T005220_20211213T005247_040983_04DE32_B3F5/IW1/VV/5.tiff,cmr_umm
2022-01-06,2022-01-06T00:52:35.784291+00:00,S1_290876_IW1_20220106T005234_VV_5318-BURST,136_290876_IW1,290876,88779060,5,IW1,2022-01-06T00:52:34.658719,2496.5970182133,136,DESCENDING,VV,SENTINEL-1A,41333,S1A_IWDV_0495_0502_041333_136,125489636,https://sentinel1-burst.asf.alaska.edu/S1A_IW_SLC__1SDV_20220106T005219_20220106T005246_041333_04E9EF_5318/IW1/VV/5.tiff,cmr_umm
2022-01-18,2022-01-18T00:52:35.316105+00:00,S1_290876_IW1_20220118T005234_VV_B063-BURST,136_290876_IW1,290876,89154947,5,IW1,2022-01-18T00:52:34.196686,2496.5980438822,136,DESCENDING,VV,SENTINEL-1A,41508,S1A_IWDV_0495_0502_041508_136,125489636,https://sentinel1-burst.asf.alaska.edu/S1A_IW_SLC__1SDV_20220118T005218_20220118T005245_041508_04EFA4_B063/IW1/VV/5.tiff,cmr_umm
2022-01-30,2022-01-30T00:52:34.841084+00:00,S1_290876_IW1_20220130T005233_VV_3936-BURST,136_290876_IW1,290876,89530835,5,IW1,2022-01-30T00:52:33.717570,2496.5936568822,136,DESCENDING,VV,SENTINEL-1A,41683,S1A_IWDV_0496_0501_041683_136,125489636,https://sentinel1-burst.asf.alaska.edu/S1A_IW_SLC__1SDV_20220130T005218_20220130T005245_041683_04F595_3936/IW1/VV/5.tiff,cmr_umm
2022-02-11,2022-02-11T00:52:34.636784+00:00,S1_290876_IW1_20220211T005233_VV_A47B-BURST,136_290876_IW1,290876,89906722,5,IW1,2022-02-11T00:52:33.513271,2496.5869427696,136,DESCENDING,VV,SENTINEL-1A,41858,S1A_IWDV_0496_0501_041858_136,125489636,https://sentinel1-burst.asf.alaska.edu/S1A_IW_SLC__1SDV_20220211T005217_20220211T005244_041858_04FBA9_A47B/IW1/VV/5.tiff,cmr_umm
2022-02-23,2022-02-23T00:52:34.536595+00:00,S1_290876_IW1_20220223T005233_VV_9E2F-BURST,136_290876_IW1,290876,90282610,5,IW1,2022-02-23T00:52:33.413068,2496.5806547696,136,DESCENDING,VV,SENTINEL-1A,42033,S1A_IWDV_0495_0502_042033_136,125489636,https://sentinel1-burst.asf.alaska.edu/S1A_IW_SLC__1SDV_20220223T005217_20220223T005244_042033_0501C5_9E2F/IW1/VV/5.tiff,cmr_umm
2022-03-07,2022-03-07T00:52:34.316746+00:00,S1_290876_IW1_20220307T005233_VV_B90A-BURST,136_290876_IW1,290876,90658497,5,IW1,2022-03-07T00:52:33.189123,2496.5699903259,136,DESCENDING,VV,SENTINEL-1A,42208,S1A_IWDV_0495_0502_042208_136,125489636,https://sentinel1-burst.asf.alaska.edu/S1A_IW_SLC__1SDV_20220307T005217_20220307T005244_042208_0507B4_B90A/IW1/VV/5.tiff,cmr_umm
2022-03-19,2022-03-19T00:52:34.447117+00:00,S1_290876_IW1_20220319T005233_VV_6BDC-BURST,136_290876_IW1,290876,91034384,5,IW1,2022-03-19T00:52:33.321536,2496.5673403259,136,DESCENDING,VV,SENTINEL-1A,42383,S1A_IWDV_0495_0502_042383_136,125489636,https://sentinel1-burst.asf.alaska.edu/S1A_IW_SLC__1SDV_20220319T005217_20220319T005244_042383_050DA3_6BDC/IW1/VV/5.tiff,cmr_umm
2022-03-31,2022-03-31T00:52:34.576863+00:00,S1_290876_IW1_20220331T005233_VV_23F3-BURST,136_290876_IW1,290876,91410272,5,IW1,2022-03-31T00:52:33.445130,2496.5525583259,136,DESCENDING,VV,SENTINEL-1A,42558,S1A_IWDV_0495_0502_042558_136,125489636,https://sentinel1-burst.asf.alaska.edu/S1A_IW_SLC__1SDV_20220331T005217_20220331T005244_042558_05139A_23F3/IW1/VV/5.tiff,cmr_umm
2022-04-12,2022-04-12T00:52:34.928349+00:00,S1_290876_IW1_20220412T005233_VV_AF3F-BURST,136_290876_IW1,290876,91786159,5,IW1,2022-04-12T00:52:33.800727,2496.5453808822,136,DESCENDING,VV,SENTINEL-1A,42733,S1A_IWDV_0495_0502_042733_136,125489636,https://sentinel1-burst.asf.alaska.edu/S1A_IW_SLC__1SDV_20220412T005218_20220412T005245_042733_05197A_AF3F/IW1/VV/5.tiff,cmr_umm
2022-05-18,2022-05-18T00:52:36.640095+00:00,S1_290876_IW1_20220518T005235_VV_DAE7-BURST,136_290876_IW1,290876,92913821,5,IW1,2022-05-18T00:52:35.508357,2496.5362073259,136,DESCENDING,VV,SENTINEL-1A,43258,S1A_IWDV_0495_0502_043258_136,125489636,https://sentinel1-burst.asf.alaska.edu/S1A_IW_SLC__1SDV_20220518T005219_20220518T005246_043258_052A89_DAE7/IW1/VV/5.tiff,cmr_umm
2022-05-30,2022-05-30T00:52:37.880955+00:00,S1_290876_IW1_20220530T005236_VV_23B2-BURST,136_290876_IW1,290876,93289709,5,IW1,2022-05-30T00:52:36.753327,2496.5496023259,136,DESCENDING,VV,SENTINEL-1A,43433,S1A_IWDV_0495_0502_043433_136,125489636,https://sentinel1-burst.asf.alaska.edu/S1A_IW_SLC__1SDV_20220530T005221_20220530T005248_043433_052FB5_23B2/IW1/VV/5.tiff,cmr_umm
2022-06-11,2022-06-11T00:52:38.834568+00:00,S1_290876_IW1_20220611T005237_VV_CD99-BURST,136_290876_IW1,290876,93665596,5,IW1,2022-06-11T00:52:37.717218,2496.5579243259,136,DESCENDING,VV,SENTINEL-1A,43608,S1A_IWDV_0495_0502_043608_136,125489636,https://sentinel1-burst.asf.alaska.edu/S1A_IW_SLC__1SDV_20220611T005222_20220611T005249_043608_0534E1_CD99/IW1/VV/5.tiff,cmr_umm
2022-06-23,2022-06-23T00:52:39.509831+00:00,S1_290876_IW1_20220623T005238_VV_F757-BURST,136_290876_IW1,290876,94041483,5,IW1,2022-06-23T00:52:38.392481,2496.5579823259,136,DESCENDING,VV,SENTINEL-1A,43783,S1A_IWDV_0495_0502_043783_136,125489636,https://sentinel1-burst.asf.alaska.edu/S1A_IW_SLC__1SDV_20220623T005222_20220623T005249_043783_053A23_F757/IW1/VV/5.tiff,cmr_umm
2022-07-05,2022-07-05T00:52:40.165074+00:00,S1_290876_IW1_20220705T005239_VV_7F99-BURST,136_290876_IW1,290876,94417371,5,IW1,2022-07-05T00:52:39.037447,2496.5482137696,136,DESCENDING,VV,SENTINEL-1A,43958,S1A_IWDV_0495_0502_043958_136,125489636,https://sentinel1-burst.asf.alaska.edu/S1A_IW_SLC__1SDV_20220705T005223_20220705T005250_043958_053F54_7F99/IW1/VV/5.tiff,cmr_umm
2022-07-17,2022-07-17T00:52:40.959797+00:00,S1_290876_IW1_20220717T005239_VV_9DE6-BURST,136_290876_IW1,290876,94793258,5,IW1,2022-07-17T00:52:39.823949,2496.5393293259,136,DESCENDING,VV,SENTINEL-1A,44133,S1A_IWDV_0495_0502_044133_136,125489636,https://sentinel1-burst.asf.alaska.edu/S1A_IW_SLC__1SDV_20220717T005224_20220717T005251_044133_054490_9DE6/IW1/VV/5.tiff,cmr_umm
2022-07-29,2022-07-29T00:52:41.607672+00:00,S1_290876_IW1_20220729T005240_VV_A098-BURST,136_290876_IW1,290876,95169145,4,IW1,2022-07-29T00:52:40.475906,2496.540228773,136,DESCENDING,VV,SENTINEL-1A,44308,S1A_IWDV_0496_0502_044308_136,128171296,https://sentinel1-burst.asf.alaska.edu/S1A_IW_SLC__1SDV_20220729T005228_20220729T005255_044308_0549BC_A098/IW1/VV/4.tiff,cmr_umm
2022-08-10,2022-08-10T00:52:42.435858+00:00,S1_290876_IW1_20220810T005241_VV_429F-BURST,136_290876_IW1,290876,95545033,4,IW1,2022-08-10T00:52:41.302037,2496.5396616604,136,DESCENDING,VV,SENTINEL-1A,44483,S1A_IWDV_0496_0502_044483_136,128171296,https://sentinel1-burst.asf.alaska.edu/S1A_IW_SLC__1SDV_20220810T005229_20220810T005256_044483_054EEC_429F/IW1/VV/4.tiff,cmr_umm
2022-11-26,2022-11-26T00:52:44.087637+00:00,S1_290876_IW1_20221126T005242_VV_5641-BURST,136_290876_IW1,290876,98928019,4,IW1,2022-11-26T00:52:42.964092,2496.5890672167,136,DESCENDING,VV,SENTINEL-1A,46058,S1A_IWDV_0496_0502_046058_136,128171296,https://sentinel1-burst.asf.alaska.edu/S1A_IW_SLC__1SDV_20221126T005231_20221126T005258_046058_058342_5641/IW1/VV/4.tiff,cmr_umm
2022-12-20,2022-12-20T00:52:42.512915+00:00,S1_290876_IW1_20221220T005241_VV_E589-BURST,136_290876_IW1,290876,99679794,4,IW1,2022-12-20T00:52:41.387313,2496.5919313293,136,DESCENDING,VV,SENTINEL-1A,46408,S1A_IWDV_0496_0502_046408_136,128171296,https://sentinel1-burst.asf.alaska.edu/S1A_IW_SLC__1SDV_20221220T005229_20221220T005256_046408_058F3B_E589/IW1/VV/4.tiff,cmr_umm
2023-01-01,2023-01-01T00:52:42.061102+00:00,S1_290876_IW1_20230101T005240_VV_8F0B-BURST,136_290876_IW1,290876,100055681,4,IW1,2023-01-01T00:52:40.945778,2496.6047813293,136,DESCENDING,VV,SENTINEL-1A,46583,S1A_IWDV_0496_0502_046583_136,128165312,https://sentinel1-burst.asf.alaska.edu/S1A_IW_SLC__1SDV_20230101T005229_20230101T005256_046583_059524_8F0B/IW1/VV/4.tiff,cmr_umm
2023-01-25,2023-01-25T00:52:41.078207+00:00,S1_290876_IW1_20230125T005239_VV_FEF2-BURST,136_290876_IW1,290876,100807456,4,IW1,2023-01-25T00:52:39.960830,2496.5923662167,136,DESCENDING,VV,SENTINEL-1A,46933,S1A_IWDV_0496_0502_046933_136,128171296,https://sentinel1-burst.asf.alaska.edu/S1A_IW_SLC__1SDV_20230125T005228_20230125T005255_046933_05A0F3_FEF2/IW1/VV/4.tiff,cmr_umm
2023-02-18,2023-02-18T00:52:40.079428+00:00,S1_290876_IW1_20230218T005238_VV_C57B-BURST,136_290876_IW1,290876,101559231,4,IW1,2023-02-18T00:52:38.968219,2496.595023773,136,DESCENDING,VV,SENTINEL-1A,47283,S1A_IWDV_0496_0502_047283_136,128165312,https://sentinel1-burst.asf.alaska.edu/S1A_IW_SLC__1SDV_20230218T005227_20230218T005254_047283_05ACB0_C57B/IW1/VV/4.tiff,cmr_umm
2023-03-14,2023-03-14T00:52:40.022619+00:00,S1_290876_IW1_20230314T005238_VV_5E79-BURST,136_290876_IW1,290876,102311006,4,IW1,2023-03-14T00:52:38.903190,2496.572456773,136,DESCENDING,VV,SENTINEL-1A,47633,S1A_IWDV_0496_0502_047633_136,128165312,https://sentinel1-burst.asf.alaska.edu/S1A_IW_SLC__1SDV_20230314T005227_20230314T005253_047633_05B88A_5E79/IW1/VV/4.tiff,cmr_umm
2023-04-07,2023-04-07T00:52:40.581671+00:00,S1_290876_IW1_20230407T005239_VV_FD01-BURST,136_290876_IW1,290876,103062780,4,IW1,2023-04-07T00:52:39.451947,2496.5539342167,136,DESCENDING,VV,SENTINEL-1A,47983,S1A_IWDV_0496_0502_047983_136,128171296,https://sentinel1-burst.asf.alaska.edu/S1A_IW_SLC__1SDV_20230407T005227_20230407T005254_047983_05C455_FD01/IW1/VV/4.tiff,cmr_umm
2023-05-01,2023-05-01T00:52:41.705832+00:00,S1_290876_IW1_20230501T005240_VV_72C5-BURST,136_290876_IW1,290876,103814555,4,IW1,2023-05-01T00:52:40.574067,2496.536609773,136,DESCENDING,VV,SENTINEL-1A,48333,S1A_IWDV_0496_0502_048333_136,128171296,https://sentinel1-burst.asf.alaska.edu/S1A_IW_SLC__1SDV_20230501T005228_20230501T005255_048333_05D01F_72C5/IW1/VV/4.tiff,cmr_umm
2023-05-13,2023-05-13T00:52:42.300665+00:00,S1_290876_IW1_20230513T005241_VV_CD17-BURST,136_290876_IW1,290876,104190443,4,IW1,2023-05-13T00:52:41.164788,2496.534656773,136,DESCENDING,VV,SENTINEL-1A,48508,S1A_IWDV_0496_0502_048508_136,128171296,https://sentinel1-burst.asf.alaska.edu/S1A_IW_SLC__1SDV_20230513T005229_20230513T005256_048508_05D5C0_CD17/IW1/VV/4.tiff,cmr_umm
2023-05-25,2023-05-25T00:52:42.593771+00:00,S1_290876_IW1_20230525T005241_VV_BEE4-BURST,136_290876_IW1,290876,104566330,4,IW1,2023-05-25T00:52:41.464044,2496.5727652167,136,DESCENDING,VV,SENTINEL-1A,48683,S1A_IWDV_0496_0502_048683_136,127710528,https://sentinel1-burst.asf.alaska.edu/S1A_IW_SLC__1SDV_20230525T005229_20230525T005256_048683_05DAF1_BEE4/IW1/VV/4.tiff,cmr_umm
2023-06-06,2023-06-06T00:52:43.213827+00:00,S1_290876_IW1_20230606T005242_VV_5482-BURST,136_290876_IW1,290876,104942217,4,IW1,2023-06-06T00:52:42.077948,2496.532836773,136,DESCENDING,VV,SENTINEL-1A,48858,S1A_IWDV_0496_0502_048858_136,128171296,https://sentinel1-burst.asf.alaska.edu/S1A_IW_SLC__1SDV_20230606T005230_20230606T005257_048858_05E029_5482/IW1/VV/4.tiff,cmr_umm
2023-06-18,2023-06-18T00:52:44.160666+00:00,S1_290876_IW1_20230618T005243_VV_D012-BURST,136_290876_IW1,290876,105318105,4,IW1,2023-06-18T00:52:43.041231,2496.5545682167,136,DESCENDING,VV,SENTINEL-1A,49033,S1A_IWDV_0496_0502_049033_136,128171296,https://sentinel1-burst.asf.alaska.edu/S1A_IW_SLC__1SDV_20230618T005231_20230618T005258_049033_05E580_D012/IW1/VV/4.tiff,cmr_umm
2023-06-30,2023-06-30T00:52:44.401327+00:00,S1_290876_IW1_20230630T005243_VV_5EA5-BURST,136_290876_IW1,290876,105693992,4,IW1,2023-06-30T00:52:43.283948,2496.556175773,136,DESCENDING,VV,SENTINEL-1A,49208,S1A_IWDV_0496_0502_049208_136,128165312,https://sentinel1-burst.asf.alaska.edu/S1A_IW_SLC__1SDV_20230630T005231_20230630T005258_049208_05EACB_5EA5/IW1/VV/4.tiff,cmr_umm
2023-07-12,2023-07-12T00:52:45.665426+00:00,S1_290876_IW1_20230712T005244_VV_A110-BURST,136_290876_IW1,290876,106069879,4,IW1,2023-07-12T00:52:44.545977,2496.5804252167,136,DESCENDING,VV,SENTINEL-1A,49383,S1A_IWDV_0496_0502_049383_136,127710528,https://sentinel1-burst.asf.alaska.edu/S1A_IW_SLC__1SDV_20230712T005232_20230712T005259_049383_05F03C_A110/IW1/VV/4.tiff,cmr_umm
2023-07-24,2023-07-24T00:52:46.424353+00:00,S1_290876_IW1_20230724T005245_VV_2B1A-BURST,136_290876_IW1,290876,106445767,4,IW1,2023-07-24T00:52:45.302865,2496.5545162167,136,DESCENDING,VV,SENTINEL-1A,49558,S1A_IWDV_0496_0502_049558_136,128171296,https://sentinel1-burst.asf.alaska.edu/S1A_IW_SLC__1SDV_20230724T005233_20230724T005300_049558_05F58F_2B1A/IW1/VV/4.tiff,cmr_umm
2023-08-05,2023-08-05T00:52:47.409063+00:00,S1_290876_IW1_20230805T005246_VV_4B4F-BURST,136_290876_IW1,290876,106821654,4,IW1,2023-08-05T00:52:46.281409,2496.5784836604,136,DESCENDING,VV,SENTINEL-1A,49733,S1A_IWDV_0496_0502_049733_136,127710528,https://sentinel1-burst.asf.alaska.edu/S1A_IW_SLC__1SDV_20230805T005234_20230805T005301_049733_05FAF9_4B4F/IW1/VV/4.tiff,cmr_umm
2023-08-17,2023-08-17T00:52:47.597555+00:00,S1_290876_IW1_20230817T005246_VV_543A-BURST,136_290876_IW1,290876,107197542,4,IW1,2023-08-17T00:52:46.480179,2496.559837773,136,DESCENDING,VV,SENTINEL-1A,49908,S1A_IWDV_0496_0502_049908_136,128165312,https://sentinel1-burst.asf.alaska.edu/S1A_IW_SLC__1SDV_20230817T005234_20230817T005301_049908_0600D4_543A/IW1/VV/4.tiff,cmr_umm
2023-08-29,2023-08-29T00:52:48.390356+00:00,S1_290876_IW1_20230829T005247_VV_51E4-BURST,136_290876_IW1,290876,107573429,4,IW1,2023-08-29T00:52:47.260647,2496.5499713293,136,DESCENDING,VV,SENTINEL-1A,50083,S1A_IWDV_0496_0502_050083_136,128171296,https://sentinel1-burst.asf.alaska.edu/S1A_IW_SLC__1SDV_20230829T005235_20230829T005302_050083_0606D4_51E4/IW1/VV/4.tiff,cmr_umm
2023-09-22,2023-09-22T00:52:49.209417+00:00,S1_290876_IW1_20230922T005248_VV_4238-BURST,136_290876_IW1,290876,108325204,4,IW1,2023-09-22T00:52:48.069432,2496.5438542167,136,DESCENDING,VV,SENTINEL-1A,50433,S1A_IWDV_0496_0502_050433_136,128171296,https://sentinel1-burst.asf.alaska.edu/S1A_IW_SLC__1SDV_20230922T005236_20230922T005303_050433_0612B8_4238/IW1/VV/4.tiff,cmr_umm
2023-10-16,2023-10-16T00:52:49.549597+00:00,S1_290876_IW1_20231016T005248_VV_CEBE-BURST,136_290876_IW1,290876,109076978,4,IW1,2023-10-16T00:52:48.413707,2496.5674312167,136,DESCENDING,VV,SENTINEL-1A,50783,S1A_IWDV_0496_0502_050783_136,128171296,https://sentinel1-burst.asf.alaska.edu/S1A_IW_SLC__1SDV_20231016T005236_20231016T005303_050783_061EC5_CEBE/IW1/VV/4.tiff,cmr_umm
2023-11-09,2023-11-09T00:52:48.533499+00:00,S1_290876_IW1_20231109T005247_VV_A46B-BURST,136_290876_IW1,290876,109828753,4,IW1,2023-11-09T00:52:47.387344,2496.5813502167,136,DESCENDING,VV,SENTINEL-1A,51133,S1A_IWDV_0496_0502_051133_136,128165312,https://sentinel1-burst.asf.alaska.edu/S1A_IW_SLC__1SDV_20231109T005235_20231109T005302_051133_062AB8_A46B/IW1/VV/4.tiff,cmr_umm
2023-12-03,2023-12-03T00:52:48.344168+00:00,S1_290876_IW1_20231203T005247_VV_9CC8-BURST,136_290876_IW1,290876,110580528,4,IW1,2023-12-03T00:52:47.228844,2496.6026532167,136,DESCENDING,VV,SENTINEL-1A,51483,S1A_IWDV_0497_0502_051483_136,128165312,https://sentinel1-burst.asf.alaska.edu/S1A_IW_SLC__1SDV_20231203T005235_20231203T005302_051483_0636C1_9CC8/IW1/VV/4.tiff,cmr_umm
2023-12-27,2023-12-27T00:52:46.820944+00:00,S1_290876_IW1_20231227T005245_VV_1BFE-BURST,136_290876_IW1,290876,111332303,4,IW1,2023-12-27T00:52:45.701493,2496.5940862167,136,DESCENDING,VV,SENTINEL-1A,51833,S1A_IWDV_0496_0502_051833_136,128171296,https://sentinel1-burst.asf.alaska.edu/S1A_IW_SLC__1SDV_20231227T005233_20231227T005300_051833_0642EF_1BFE/IW1/VV/4.tiff,cmr_umm
2024-01-08,2024-01-08T00:52:46.504202+00:00,S1_290876_IW1_20240108T005245_VV_EF2D-BURST,136_290876_IW1,290876,111708190,4,IW1,2024-01-08T00:52:45.386808,2496.580871773,136,DESCENDING,VV,SENTINEL-1A,52008,S1A_IWDV_0496_0502_052008_136,128165312,https://sentinel1-burst.asf.alaska.edu/S1A_IW_SLC__1SDV_20240108T005233_20240108T005300_052008_0648EF_EF2D/IW1/VV/4.tiff,cmr_umm
2024-01-20,2024-01-20T00:52:45.940084+00:00,S1_290876_IW1_20240120T005244_VV_721D-BURST,136_290876_IW1,290876,112084077,4,IW1,2024-01-20T00:52:44.822707,2496.5954692167,136,DESCENDING,VV,SENTINEL-1A,52183,S1A_IWDV_0496_0502_052183_136,128165312,https://sentinel1-burst.asf.alaska.edu/S1A_IW_SLC__1SDV_20240120T005232_20240120T005259_052183_064ED6_721D/IW1/VV/4.tiff,cmr_umm
2024-02-25,2024-02-25T00:52:45.150412+00:00,S1_290876_IW1_20240225T005244_VV_24F2-BURST,136_290876_IW1,290876,113211740,4,IW1,2024-02-25T00:52:44.018648,2496.5608596604,136,DESCENDING,VV,SENTINEL-1A,52708,S1A_IWDV_0496_0502_052708_136,128171296,https://sentinel1-burst.asf.alaska.edu/S1A_IW_SLC__1SDV_20240225T005232_20240225T005259_052708_06609F_24F2/IW1/VV/4.tiff,cmr_umm
2024-03-08,2024-03-08T00:52:45.042898+00:00,S1_290876_IW1_20240308T005243_VV_A350-BURST,136_290876_IW1,290876,113587627,4,IW1,2024-03-08T00:52:43.902914,2496.540106773,136,DESCENDING,VV,SENTINEL-1A,52883,S1A_IWDV_0496_0502_052883_136,128171296,https://sentinel1-burst.asf.alaska.edu/S1A_IW_SLC__1SDV_20240308T005232_20240308T005258_052883_066693_A350/IW1/VV/4.tiff,cmr_umm
2024-03-20,2024-03-20T00:52:45.552420+00:00,S1_290876_IW1_20240320T005244_VV_295E-BURST,136_290876_IW1,290876,113963514,4,IW1,2024-03-20T00:52:44.432975,2496.5603242167,136,DESCENDING,VV,SENTINEL-1A,53058,S1A_IWDV_0496_0502_053058_136,128165312,https://sentinel1-burst.asf.alaska.edu/S1A_IW_SLC__1SDV_20240320T005232_20240320T005259_053058_066CE5_295E/IW1/VV/4.tiff,cmr_umm
2024-04-01,2024-04-01T00:52:46.127340+00:00,S1_290876_IW1_20240401T005245_VV_2182-BURST,136_290876_IW1,290876,114339402,4,IW1,2024-04-01T00:52:45.005856,2496.5458312167,136,DESCENDING,VV,SENTINEL-1A,53233,S1A_IWDV_0496_0502_053233_136,128171296,https://sentinel1-burst.asf.alaska.edu/S1A_IW_SLC__1SDV_20240401T005233_20240401T005300_053233_06738A_2182/IW1/VV/4.tiff,cmr_umm
2024-04-13,2024-04-13T00:52:44.739523+00:00,S1_290876_IW1_20240413T005243_VV_8F8E-BURST,136_290876_IW1,290876,114715289,4,IW1,2024-04-13T00:52:43.620092,2496.5433642167,136,DESCENDING,VV,SENTINEL-1A,53408,S1A_IWDV_0496_0502_053408_136,128171296,https://sentinel1-burst.asf.alaska.edu/S1A_IW_SLC__1SDV_20240413T005231_20240413T005258_053408_067A70_8F8E/IW1/VV/4.tiff,cmr_umm
2024-04-25,2024-04-25T00:52:46.337118+00:00,S1_290876_IW1_20240425T005245_VV_7B6C-BURST,136_290876_IW1,290876,115091176,4,IW1,2024-04-25T00:52:45.197131,2496.5332836604,136,DESCENDING,VV,SENTINEL-1A,53583,S1A_IWDV_0496_0502_053583_136,128171296,https://sentinel1-burst.asf.alaska.edu/S1A_IW_SLC__1SDV_20240425T005233_20240425T005300_053583_06814B_7B6C/IW1/VV/4.tiff,cmr_umm
2024-05-19,2024-05-19T00:52:46.770117+00:00,S1_290876_IW1_20240519T005245_VV_F011-BURST,136_290876_IW1,290876,115842951,4,IW1,2024-05-19T00:52:45.646573,2496.5468062167,136,DESCENDING,VV,SENTINEL-1A,53933,S1A_IWDV_0496_0502_053933_136,128171296,https://sentinel1-burst.asf.alaska.edu/S1A_IW_SLC__1SDV_20240519T005233_20240519T005300_053933_068E47_F011/IW1/VV/4.tiff,cmr_umm
2024-05-31,2024-05-31T00:52:46.379461+00:00,S1_290876_IW1_20240531T005245_VV_FC35-BURST,136_290876_IW1,290876,116218839,4,IW1,2024-05-31T00:52:45.253861,2496.5398592167,136,DESCENDING,VV,SENTINEL-1A,54108,S1A_IWDV_0496_0502_054108_136,128171296,https://sentinel1-burst.asf.alaska.edu/S1A_IW_SLC__1SDV_20240531T005233_20240531T005300_054108_06945A_FC35/IW1/VV/4.tiff,cmr_umm
2024-07-18,2024-07-18T00:52:44.249014+00:00,S1_290876_IW1_20240718T005243_VV_22B6-BURST,136_290876_IW1,290876,117722388,4,IW1,2024-07-18T00:52:43.123413,2496.6007622167,136,DESCENDING,VV,SENTINEL-1A,54808,S1A_IWDV_0497_0502_054808_136,126705216,https://sentinel1-burst.asf.alaska.edu/S1A_IW_SLC__1SDV_20240718T005231_20240718T005258_054808_06AC9D_22B6/IW1/VV/4.tiff,cmr_umm
2024-08-23,2024-08-23T00:52:44.289373+00:00,S1_290876_IW1_20240823T005243_VV_0D30-BURST,136_290876_IW1,290876,118850050,4,IW1,2024-08-23T00:52:43.155553,2496.5451402167,136,DESCENDING,VV,SENTINEL-1A,55333,S1A_IWDV_0496_0502_055333_136,128171296,https://sentinel1-burst.asf.alaska.edu/S1A_IW_SLC__1SDV_20240823T005231_20240823T005258_055333_06BF4D_0D30/IW1/VV/4.tiff,cmr_umm
2024-09-04,2024-09-04T00:52:44.336874+00:00,S1_290876_IW1_20240904T005243_VV_6A1E-BURST,136_290876_IW1,290876,119225938,4,IW1,2024-09-04T00:52:43.217444,2496.5692472167,136,DESCENDING,VV,SENTINEL-1A,55508,S1A_IWDV_0496_0502_055508_136,128171296,https://sentinel1-burst.asf.alaska.edu/S1A_IW_SLC__1SDV_20240904T005231_20240904T005258_055508_06C5D0_6A1E/IW1/VV/4.tiff,cmr_umm
2024-09-16,2024-09-16T00:52:45.251104+00:00,S1_290876_IW1_20240916T005244_VV_1568-BURST,136_290876_IW1,290876,119601825,4,IW1,2024-09-16T00:52:44.131676,2496.566548773,136,DESCENDING,VV,SENTINEL-1A,55683,S1A_IWDV_0496_0502_055683_136,128171296,https://sentinel1-burst.asf.alaska.edu/S1A_IW_SLC__1SDV_20240916T005232_20240916T005259_055683_06CCC1_1568/IW1/VV/4.tiff,cmr_umm
2024-09-28,2024-09-28T00:52:45.049887+00:00,S1_290876_IW1_20240928T005243_VV_2566-BURST,136_290876_IW1,290876,119977712,4,IW1,2024-09-28T00:52:43.922235,2496.5555602167,136,DESCENDING,VV,SENTINEL-1A,55858,S1A_IWDV_0496_0502_055858_136,128171296,https://sentinel1-burst.asf.alaska.edu/S1A_IW_SLC__1SDV_20240928T005232_20240928T005258_055858_06D3AD_2566/IW1/VV/4.tiff,cmr_umm
2024-10-10,2024-10-10T00:52:45.988836+00:00,S1_290876_IW1_20241010T005244_VV_C53E-BURST,136_290876_IW1,290876,120353600,4,IW1,2024-10-10T00:52:44.863239,2496.5459232167,136,DESCENDING,VV,SENTINEL-1A,56033,S1A_IWDV_0496_0502_056033_136,128171296,https://sentinel1-burst.asf.alaska.edu/S1A_IW_SLC__1SDV_20241010T005232_20241010T005259_056033_06DA90_C53E/IW1/VV/4.tiff,cmr_umm
2024-10-22,2024-10-22T00:52:45.659063+00:00,S1_290876_IW1_20241022T005244_VV_CD8D-BURST,136_290876_IW1,290876,120729487,4,IW1,2024-10-22T00:52:44.537561,2496.5604406604,136,DESCENDING,VV,SENTINEL-1A,56208,S1A_IWDV_0496_0502_056208_136,128171296,https://sentinel1-burst.asf.alaska.edu/S1A_IW_SLC__1SDV_20241022T005232_20241022T005259_056208_06E17F_CD8D/IW1/VV/4.tiff,cmr_umm
2024-11-03,2024-11-03T00:52:45.686377+00:00,S1_290876_IW1_20241103T005244_VV_EFDB-BURST,136_290876_IW1,290876,121105374,4,IW1,2024-11-03T00:52:44.566944,2496.5751132167,136,DESCENDING,VV,SENTINEL-1A,56383,S1A_IWDV_0496_0502_056383_136,128171296,https://sentinel1-burst.asf.alaska.edu/S1A_IW_SLC__1SDV_20241103T005232_20241103T005259_056383_06E86F_EFDB/IW1/VV/4.tiff,cmr_umm
2024-11-15,2024-11-15T00:52:45.204840+00:00,S1_290876_IW1_20241115T005244_VV_57E0-BURST,136_290876_IW1,290876,121481262,4,IW1,2024-11-15T00:52:44.081297,2496.5763706604,136,DESCENDING,VV,SENTINEL-1A,56558,S1A_IWDV_0497_0502_056558_136,128171296,https://sentinel1-burst.asf.alaska.edu/S1A_IW_SLC__1SDV_20241115T005232_20241115T005259_056558_06EF63_57E0/IW1/VV/4.tiff,cmr_umm
2024-11-27,2024-11-27T00:52:44.165670+00:00,S1_290876_IW1_20241127T005243_VV_F5DA-BURST,136_290876_IW1,290876,121857149,4,IW1,2024-11-27T00:52:43.048293,2496.596534773,136,DESCENDING,VV,SENTINEL-1A,56733,S1A_IWDV_0496_0502_056733_136,128165312,https://sentinel1-burst.asf.alaska.edu/S1A_IW_SLC__1SDV_20241127T005231_20241127T005258_056733_06F668_F5DA/IW1/VV/4.tiff,cmr_umm
2024-12-09,2024-12-09T00:52:43.454794+00:00,S1_290876_IW1_20241209T005242_VV_2676-BURST,136_290876_IW1,290876,122233037,4,IW1,2024-12-09T00:52:42.331234,2496.597284773,136,DESCENDING,VV,SENTINEL-1A,56908,S1A_IWDV_0496_0502_056908_136,128171296,https://sentinel1-burst.asf.alaska.edu/S1A_IW_SLC__1SDV_20241209T005230_20241209T005257_056908_06FD43_2676/IW1/VV/4.tiff,cmr_umm
2024-12-21,2024-12-21T00:52:42.111258+00:00,S1_290876_IW1_20241221T005240_VV_6DA0-BURST,136_290876_IW1,290876,122608924,4,IW1,2024-12-21T00:52:40.985657,2496.5979412167,136,DESCENDING,VV,SENTINEL-1A,57083,S1A_IWDV_0496_0502_057083_136,128171296,https://sentinel1-burst.asf.alaska.edu/S1A_IW_SLC__1SDV_20241221T005229_20241221T005256_057083_070448_6DA0/IW1/VV/4.tiff,cmr_umm
2025-01-02,2025-01-02T00:52:41.153082+00:00,S1_290876_IW1_20250102T005240_VV_C02F-BURST,136_290876_IW1,290876,122984811,4,IW1,2025-01-02T00:52:40.033647,2496.5989372167,136,DESCENDING,VV,SENTINEL-1A,57258,S1A_IWDV_0496_0502_057258_136,128171296,https://sentinel1-burst.asf.alaska.edu/S1A_IW_SLC__1SDV_20250102T005228_20250102T005255_057258_070B2B_C02F/IW1/VV/4.tiff,cmr_umm
2025-01-14,2025-01-14T00:52:40.061132+00:00,S1_290876_IW1_20250114T005238_VV_A40B-BURST,136_290876_IW1,290876,123360699,4,IW1,2025-01-14T00:52:38.941699,2496.5937672167,136,DESCENDING,VV,SENTINEL-1A,57433,S1A_IWDV_0496_0502_057433_136,128171296,https://sentinel1-burst.asf.alaska.edu/S1A_IW_SLC__1SDV_20250114T005227_20250114T005254_057433_07121B_A40B/IW1/VV/4.tiff,cmr_umm
2025-01-26,2025-01-26T00:52:39.433859+00:00,S1_290876_IW1_20250126T005238_VV_D6DB-BURST,136_290876_IW1,290876,123736586,4,IW1,2025-01-26T00:52:38.314426,2496.5915762167,136,DESCENDING,VV,SENTINEL-1A,57608,S1A_IWDV_0497_0502_057608_136,128171296,https://sentinel1-burst.asf.alaska.edu/S1A_IW_SLC__1SDV_20250126T005226_20250126T005253_057608_07190D_D6DB/IW1/VV/4.tiff,cmr_umm
2025-02-07,2025-02-07T00:52:38.954290+00:00,S1_290876_IW1_20250207T005237_VV_69A5-BURST,136_290876_IW1,290876,124112473,4,IW1,2025-02-07T00:52:37.832803,2496.580947773,136,DESCENDING,VV,SENTINEL-1A,57783,S1A_IWDV_0496_0502_057783_136,128171296,https://sentinel1-burst.asf.alaska.edu/S1A_IW_SLC__1SDV_20250207T005225_20250207T005252_057783_071FFC_69A5/IW1/VV/4.tiff,cmr_umm
2025-02-19,2025-02-19T00:52:38.141302+00:00,S1_290876_IW1_20250219T005237_VV_B2E0-BURST,136_290876_IW1,290876,124488361,4,IW1,2025-02-19T00:52:37.023927,2496.575760773,136,DESCENDING,VV,SENTINEL-1A,57958,S1A_IWDV_0496_0502_057958_136,128171296,https://sentinel1-burst.asf.alaska.edu/S1A_IW_SLC__1SDV_20250219T005225_20250219T005252_057958_072703_B2E0/IW1/VV/4.tiff,cmr_umm
2025-03-03,2025-03-03T00:52:38.287519+00:00,S1_290876_IW1_20250303T005237_VV_59E2-BURST,136_290876_IW1,290876,124864248,5,IW1,2025-03-03T00:52:37.172480,2496.5751523276,136,DESCENDING,VV,SENTINEL-1A,58133,S1A_IWDV_0495_0502_058133_136,128165312,https://sentinel1-burst.asf.alaska.edu/S1A_IW_SLC__1SDV_20250303T005222_20250303T005249_058133_072E2C_59E2/IW1/VV/5.tiff,cmr_umm
2025-03-15,2025-03-15T00:52:38.356131+00:00,S1_290876_IW1_20250315T005237_VV_75F5-BURST,136_290876_IW1,290876,125240136,4,IW1,2025-03-15T00:52:37.236701,2496.5657262167,136,DESCENDING,VV,SENTINEL-1A,58308,S1A_IWDV_0496_0502_058308_136,128165312,https://sentinel1-burst.asf.alaska.edu/S1A_IW_SLC__1SDV_20250315T005225_20250315T005252_058308_073539_75F5/IW1/VV/4.tiff,cmr_umm
2025-03-27,2025-03-27T00:52:38.397940+00:00,S1_290876_IW1_20250327T005237_VV_3614-BURST,136_290876_IW1,290876,125616023,4,IW1,2025-03-27T00:52:37.274399,2496.5694762167,136,DESCENDING,VV,SENTINEL-1A,58483,S1A_IWDV_0497_0502_058483_136,128171296,https://sentinel1-burst.asf.alaska.edu/S1A_IW_SLC__1SDV_20250327T005225_20250327T005252_058483_073C1B_3614/IW1/VV/4.tiff,cmr_umm
2025-04-08,2025-04-08T00:52:38.920889+00:00,S1_290876_IW1_20250408T005237_VV_D1BE-BURST,136_290876_IW1,290876,125991910,4,IW1,2025-04-08T00:52:37.805556,2496.564548773,136,DESCENDING,VV,SENTINEL-1A,58658,S1A_IWDV_0496_0502_058658_136,128165312,https://sentinel1-burst.asf.alaska.edu/S1A_IW_SLC__1SDV_20250408T005225_20250408T005252_058658_074344_D1BE/IW1/VV/4.tiff,cmr_umm
2025-04-20,2025-04-20T00:52:39.004126+00:00,S1_290876_IW1_20250420T005237_VV_3DAA-BURST,136_290876_IW1,290876,126367798,4,IW1,2025-04-20T00:52:37.880583,2496.5441182167,136,DESCENDING,VV,SENTINEL-1A,58833,S1A_IWDV_0496_0502_058833_136,128171296,https://sentinel1-burst.asf.alaska.edu/S1A_IW_SLC__1SDV_20250420T005225_20250420T005252_058833_074A6E_3DAA/IW1/VV/4.tiff,cmr_umm
2025-05-02,2025-05-02T00:52:39.136145+00:00,S1_290876_IW1_20250502T005238_VV_38B9-BURST,136_290876_IW1,290876,126743685,4,IW1,2025-05-02T00:52:38.010546,2496.5434372167,136,DESCENDING,VV,SENTINEL-1A,59008,S1A_IWDV_0496_0502_059008_136,128171296,https://sentinel1-burst.asf.alaska.edu/S1A_IW_SLC__1SDV_20250502T005226_20250502T005253_059008_075187_38B9/IW1/VV/4.tiff,cmr_umm
2025-05-14,2025-05-14T00:52:38.847601+00:00,S1_290876_IW1_20250514T005237_VV_9218-BURST,136_290876_IW1,290876,127119572,4,IW1,2025-05-14T00:52:37.713765,2496.533744773,136,DESCENDING,VV,SENTINEL-1A,59183,S1A_IWDV_0496_0502_059183_136,128171296,https://sentinel1-burst.asf.alaska.edu/S1A_IW_SLC__1SDV_20250514T005225_20250514T005252_059183_0757FC_9218/IW1/VV/4.tiff,cmr_umm
2025-05-26,2025-05-26T00:52:38.420843+00:00,S1_290876_IW1_20250526T005237_VV_AAA1-BURST,136_290876_IW1,290876,127495460,4,IW1,2025-05-26T00:52:37.301394,2496.5505103293,136,DESCENDING,VV,SENTINEL-1A,59358,S1A_IWDV_0497_0502_059358_136,128171296,https://sentinel1-burst.asf.alaska.edu/S1A_IW_SLC__1SDV_20250526T005225_20250526T005252_059358_075E0D_AAA1/IW1/VV/4.tiff,cmr_umm
2025-06-07,2025-06-07T00:52:37.731619+00:00,S1_290876_IW1_20250607T005236_VV_0467-BURST,136_290876_IW1,290876,127871347,4,IW1,2025-06-07T00:52:36.601906,2496.5444002167,136,DESCENDING,VV,SENTINEL-1A,59533,S1A_IWDV_0497_0502_059533_136,128171296,https://sentinel1-burst.asf.alaska.edu/S1A_IW_SLC__1SDV_20250607T005224_20250607T005251_059533_076414_0467/IW1/VV/4.tiff,cmr_umm
2025-06-19,2025-06-19T00:52:37.017721+00:00,S1_290876_IW1_20250619T005235_VV_7C8E-BURST,136_290876_IW1,290876,128247235,4,IW1,2025-06-19T00:52:35.892120,2496.5474601041,136,DESCENDING,VV,SENTINEL-1A,59708,S1A_IWDV_0497_0502_059708_136,128171296,https://sentinel1-burst.asf.alaska.edu/S1A_IW_SLC__1SDV_20250619T005224_20250619T005250_059708_076A0D_7C8E/IW1/VV/4.tiff,cmr_umm
2025-07-01,2025-07-01T00:52:36.550879+00:00,S1_290876_IW1_20250701T005235_VV_D803-BURST,136_290876_IW1,290876,128623122,4,IW1,2025-07-01T00:52:35.425278,2496.547509773,136,DESCENDING,VV,SENTINEL-1A,59883,S1A_IWDV_0497_0502_059883_136,128171296,https://sentinel1-burst.asf.alaska.edu/S1A_IW_SLC__1SDV_20250701T005223_20250701T005250_059883_077028_D803/IW1/VV/4.tiff,cmr_umm
2025-07-13,2025-07-13T00:52:35.926870+00:00,S1_290876_IW1_20250713T005234_VV_7CAD-BURST,136_290876_IW1,290876,128999009,4,IW1,2025-07-13T00:52:34.803310,2496.5437952167,136,DESCENDING,VV,SENTINEL-1A,60058,S1A_IWDV_0496_0502_060058_136,128171296,https://sentinel1-burst.asf.alaska.edu/S1A_IW_SLC__1SDV_20250713T005222_20250713T005249_060058_07762C_7CAD/IW1/VV/4.tiff,cmr_umm
2025-07-25,2025-07-25T00:52:35.417944+00:00,S1_290876_IW1_20250725T005234_VV_556F-BURST,136_290876_IW1,290876,129374897,4,IW1,2025-07-25T00:52:34.296456,2496.5485502167,136,DESCENDING,VV,SENTINEL-1A,60233,S1A_IWDV_0496_0502_060233_136,128171296,https://sentinel1-burst.asf.alaska.edu/S1A_IW_SLC__1SDV_20250725T005222_20250725T005249_060233_077C38_556F/IW1/VV/4.tiff,cmr_umm
2025-08-06,2025-08-06T00:52:35.225256+00:00,S1_290876_IW1_20250806T005234_VV_099C-BURST,136_290876_IW1,290876,129750784,4,IW1,2025-08-06T00:52:34.099656,2496.5502523293,136,DESCENDING,VV,SENTINEL-1A,60408,S1A_IWDV_0496_0502_060408_136,128171296,https://sentinel1-burst.asf.alaska.edu/S1A_IW_SLC__1SDV_20250806T005222_20250806T005249_060408_078239_099C/IW1/VV/4.tiff,cmr_umm
2025-08-18,2025-08-18T00:52:35.228872+00:00,S1_290876_IW1_20250818T005234_VV_C2DB-BURST,136_290876_IW1,290876,130126671,4,IW1,2025-08-18T00:52:34.101219,2496.5459103293,136,DESCENDING,VV,SENTINEL-1A,60583,S1A_IWDV_0496_0502_060583_136,128171296,https://sentinel1-burst.asf.alaska.edu/S1A_IW_SLC__1SDV_20250818T005222_20250818T005249_060583_078917_C2DB/IW1/VV/4.tiff,cmr_umm
2025-08-30,2025-08-30T00:52:35.305014+00:00,S1_290876_IW1_20250830T005234_VV_FE77-BURST,136_290876_IW1,290876,130502559,4,IW1,2025-08-30T00:52:34.175306,2496.549312773,136,DESCENDING,VV,SENTINEL-1A,60758,S1A_IWDV_0496_0502_060758_136,128171296,https://sentinel1-burst.asf.alaska.edu/S1A_IW_SLC__1SDV_20250830T005222_20250830T005249_060758_078FF8_FE77/IW1/VV/4.tiff,cmr_umm
2025-09-11,2025-09-11T00:52:35.901327+00:00,S1_290876_IW1_20250911T005234_VV_CED7-BURST,136_290876_IW1,290876,130878446,4,IW1,2025-09-11T00:52:34.769549,2496.5514272167,136,DESCENDING,VV,SENTINEL-1A,60933,S1A_IWDV_0496_0502_060933_136,128171296,https://sentinel1-burst.asf.alaska.edu/S1A_IW_SLC__1SDV_20250911T005222_20250911T005249_060933_0796F5_CED7/IW1/VV/4.tiff,cmr_umm
2025-09-23,2025-09-23T00:52:36.017248+00:00,S1_290876_IW1_20250923T005234_VV_EDDD-BURST,136_290876_IW1,290876,131254334,4,IW1,2025-09-23T00:52:34.891652,2496.5610821041,136,DESCENDING,VV,SENTINEL-1A,61108,S1A_IWDV_0496_0502_061108_136,128171296,https://sentinel1-burst.asf.alaska.edu/S1A_IW_SLC__1SDV_20250923T005223_20250923T005249_061108_079DF5_EDDD/IW1/VV/4.tiff,cmr_umm
2021-10-02,2021-10-02T00:52:41.142803+00:00,S1_290877_IW1_20211002T005240_VV_BC6A-BURST,136_290877_IW1,290877,85771962,6,IW1,2021-10-02T00:52:40.015445,2499.3491383242,136,DESCENDING,VV,SENTINEL-1A,39933,S1A_IWDV_0495_0502_039933_136,125489636,https://sentinel1-burst.asf.alaska.edu/S1A_IW_SLC__1SDV_20211002T005221_20211002T005248_039933_04B9C5_BC6A/IW1/VV/6.tiff,cmr_umm
2021-10-14,2021-10-14T00:52:41.173656+00:00,S1_290877_IW1_20211014T005240_VV_37A1-BURST,136_290877_IW1,290877,86147849,6,IW1,2021-10-14T00:52:40.050423,2499.3641348805,136,DESCENDING,VV,SENTINEL-1A,40108,S1A_IWDV_0495_0502_040108_136,125489636,https://sentinel1-burst.asf.alaska.edu/S1A_IW_SLC__1SDV_20211014T005221_20211014T005248_040108_04BFD3_37A1/IW1/VV/6.tiff,cmr_umm
2021-10-26,2021-10-26T00:52:41.256176+00:00,S1_290877_IW1_20211026T005240_VV_BF6F-BURST,136_290877_IW1,290877,86523737,6,IW1,2021-10-26T00:52:40.139109,2499.3762984368,136,DESCENDING,VV,SENTINEL-1A,40283,S1A_IWDV_0496_0501_040283_136,125489636,https://sentinel1-burst.asf.alaska.edu/S1A_IW_SLC__1SDV_20211026T005221_20211026T005248_040283_04C5EA_BF6F/IW1/VV/6.tiff,cmr_umm
2021-11-07,2021-11-07T00:52:40.976696+00:00,S1_290877_IW1_20211107T005239_VV_E448-BURST,136_290877_IW1,290877,86899624,6,IW1,2021-11-07T00:52:39.861668,2499.3814443242,136,DESCENDING,VV,SENTINEL-1A,40458,S1A_IWDV_0495_0502_040458_136,125489636,https://sentinel1-burst.asf.alaska.edu/S1A_IW_SLC__1SDV_20211107T005221_20211107T005248_040458_04CC07_E448/IW1/VV/6.tiff,cmr_umm
2021-11-19,2021-11-19T00:52:40.874919+00:00,S1_290877_IW1_20211119T005239_VV_DA0A-BURST,136_290877_IW1,290877,87275512,6,IW1,2021-11-19T00:52:39.755796,2499.3814548805,136,DESCENDING,VV,SENTINEL-1A,40633,S1A_IWDV_0495_0502_040633_136,125489636,https://sentinel1-burst.asf.alaska.edu/S1A_IW_SLC__1SDV_20211119T005221_20211119T005248_040633_04D20B_DA0A/IW1/VV/6.tiff,cmr_umm
2021-12-01,2021-12-01T00:52:40.293041+00:00,S1_290877_IW1_20211201T005239_VV_3579-BURST,136_290877_IW1,290877,87651399,6,IW1,2021-12-01T00:52:39.184194,2499.3977494368,136,DESCENDING,VV,SENTINEL-1A,40808,S1A_IWDV_0495_0502_040808_136,125483664,https://sentinel1-burst.asf.alaska.edu/S1A_IW_SLC__1SDV_20211201T005220_20211201T005247_040808_04D828_3579/IW1/VV/6.tiff,cmr_umm
2021-12-13,2021-12-13T00:52:39.858257+00:00,S1_290877_IW1_20211213T005238_VV_B3F5-BURST,136_290877_IW1,290877,88027286,6,IW1,2021-12-13T00:52:38.739117,2499.3898408805,136,DESCENDING,VV,SENTINEL-1A,40983,S1A_IWDV_0496_0501_040983_136,125489636,https://sentinel1-burst.asf.alaska.edu/S1A_IW_SLC__1SDV_20211213T005220_20211213T005247_040983_04DE32_B3F5/IW1/VV/6.tiff,cmr_umm
2022-01-06,2022-01-06T00:52:38.542568+00:00,S1_290877_IW1_20220106T005237_VV_5318-BURST,136_290877_IW1,290877,88779061,6,IW1,2022-01-06T00:52:37.415220,2499.3535192116,136,DESCENDING,VV,SENTINEL-1A,41333,S1A_IWDV_0495_0502_041333_136,125489636,https://sentinel1-burst.asf.alaska.edu/S1A_IW_SLC__1SDV_20220106T005219_20220106T005246_041333_04E9EF_5318/IW1/VV/6.tiff,cmr_umm
2022-01-18,2022-01-18T00:52:38.074382+00:00,S1_290877_IW1_20220118T005236_VV_B063-BURST,136_290877_IW1,290877,89154948,6,IW1,2022-01-18T00:52:36.955242,2499.3566004368,136,DESCENDING,VV,SENTINEL-1A,41508,S1A_IWDV_0495_0502_041508_136,125489636,https://sentinel1-burst.asf.alaska.edu/S1A_IW_SLC__1SDV_20220118T005218_20220118T005245_041508_04EFA4_B063/IW1/VV/6.tiff,cmr_umm
2022-01-30,2022-01-30T00:52:37.599361+00:00,S1_290877_IW1_20220130T005236_VV_3936-BURST,136_290877_IW1,290877,89530836,6,IW1,2022-01-30T00:52:36.474071,2499.3501578805,136,DESCENDING,VV,SENTINEL-1A,41683,S1A_IWDV_0496_0501_041683_136,125489636,https://sentinel1-burst.asf.alaska.edu/S1A_IW_SLC__1SDV_20220130T005218_20220130T005245_041683_04F595_3936/IW1/VV/6.tiff,cmr_umm
2022-02-11,2022-02-11T00:52:37.395061+00:00,S1_290877_IW1_20220211T005236_VV_A47B-BURST,136_290877_IW1,290877,89906723,6,IW1,2022-02-11T00:52:36.269772,2499.3434437679,136,DESCENDING,VV,SENTINEL-1A,41858,S1A_IWDV_0496_0501_041858_136,125489636,https://sentinel1-burst.asf.alaska.edu/S1A_IW_SLC__1SDV_20220211T005217_20220211T005244_041858_04FBA9_A47B/IW1/VV/6.tiff,cmr_umm
2022-02-23,2022-02-23T00:52:37.294872+00:00,S1_290877_IW1_20220223T005236_VV_9E2F-BURST,136_290877_IW1,290877,90282611,6,IW1,2022-02-23T00:52:36.169569,2499.3371557679,136,DESCENDING,VV,SENTINEL-1A,42033,S1A_IWDV_0495_0502_042033_136,125489636,https://sentinel1-burst.asf.alaska.edu/S1A_IW_SLC__1SDV_20220223T005217_20220223T005244_042033_0501C5_9E2F/IW1/VV/6.tiff,cmr_umm
2022-03-07,2022-03-07T00:52:37.075023+00:00,S1_290877_IW1_20220307T005235_VV_B90A-BURST,136_290877_IW1,290877,90658498,6,IW1,2022-03-07T00:52:35.947680,2499.3285468805,136,DESCENDING,VV,SENTINEL-1A,42208,S1A_IWDV_0495_0502_042208_136,125489636,https://sentinel1-burst.asf.alaska.edu/S1A_IW_SLC__1SDV_20220307T005217_20220307T005244_042208_0507B4_B90A/IW1/VV/6.tiff,cmr_umm
2022-03-19,2022-03-19T00:52:37.205394+00:00,S1_290877_IW1_20220319T005236_VV_6BDC-BURST,136_290877_IW1,290877,91034385,6,IW1,2022-03-19T00:52:36.080093,2499.3258968805,136,DESCENDING,VV,SENTINEL-1A,42383,S1A_IWDV_0495_0502_042383_136,125489636,https://sentinel1-burst.asf.alaska.edu/S1A_IW_SLC__1SDV_20220319T005217_20220319T005244_042383_050DA3_6BDC/IW1/VV/6.tiff,cmr_umm
2022-03-31,2022-03-31T00:52:37.335140+00:00,S1_290877_IW1_20220331T005236_VV_23F3-BURST,136_290877_IW1,290877,91410273,6,IW1,2022-03-31T00:52:36.201631,2499.3090593242,136,DESCENDING,VV,SENTINEL-1A,42558,S1A_IWDV_0495_0502_042558_136,125489636,https://sentinel1-burst.asf.alaska.edu/S1A_IW_SLC__1SDV_20220331T005217_20220331T005244_042558_05139A_23F3/IW1/VV/6.tiff,cmr_umm
2022-04-12,2022-04-12T00:52:37.686626+00:00,S1_290877_IW1_20220412T005236_VV_AF3F-BURST,136_290877_IW1,290877,91786160,6,IW1,2022-04-12T00:52:36.559283,2499.3039374368,136,DESCENDING,VV,SENTINEL-1A,42733,S1A_IWDV_0495_0502_042733_136,125489636,https://sentinel1-burst.asf.alaska.edu/S1A_IW_SLC__1SDV_20220412T005218_20220412T005245_042733_05197A_AF3F/IW1/VV/6.tiff,cmr_umm
2022-05-18,2022-05-18T00:52:39.398372+00:00,S1_290877_IW1_20220518T005238_VV_DAE7-BURST,136_290877_IW1,290877,92913822,6,IW1,2022-05-18T00:52:38.266914,2499.2947638805,136,DESCENDING,VV,SENTINEL-1A,43258,S1A_IWDV_0495_0502_043258_136,125489636,https://sentinel1-burst.asf.alaska.edu/S1A_IW_SLC__1SDV_20220518T005219_20220518T005246_043258_052A89_DAE7/IW1/VV/6.tiff,cmr_umm
2022-05-30,2022-05-30T00:52:40.639232+00:00,S1_290877_IW1_20220530T005239_VV_23B2-BURST,136_290877_IW1,290877,93289710,6,IW1,2022-05-30T00:52:39.511884,2499.3081588805,136,DESCENDING,VV,SENTINEL-1A,43433,S1A_IWDV_0495_0502_043433_136,125489636,https://sentinel1-burst.asf.alaska.edu/S1A_IW_SLC__1SDV_20220530T005221_20220530T005248_043433_052FB5_23B2/IW1/VV/6.tiff,cmr_umm
2022-06-11,2022-06-11T00:52:41.592845+00:00,S1_290877_IW1_20220611T005240_VV_CD99-BURST,136_290877_IW1,290877,93665597,6,IW1,2022-06-11T00:52:40.475775,2499.3164808805,136,DESCENDING,VV,SENTINEL-1A,43608,S1A_IWDV_0495_0502_043608_136,125489636,https://sentinel1-burst.asf.alaska.edu/S1A_IW_SLC__1SDV_20220611T005222_20220611T005249_043608_0534E1_CD99/IW1/VV/6.tiff,cmr_umm
2022-06-23,2022-06-23T00:52:42.268108+00:00,S1_290877_IW1_20220623T005241_VV_F757-BURST,136_290877_IW1,290877,94041484,6,IW1,2022-06-23T00:52:41.153093,2499.3185944368,136,DESCENDING,VV,SENTINEL-1A,43783,S1A_IWDV_0495_0502_043783_136,125489636,https://sentinel1-burst.asf.alaska.edu/S1A_IW_SLC__1SDV_20220623T005222_20220623T005249_043783_053A23_F757/IW1/VV/6.tiff,cmr_umm
2022-07-05,2022-07-05T00:52:42.923351+00:00,S1_290877_IW1_20220705T005241_VV_7F99-BURST,136_290877_IW1,290877,94417372,6,IW1,2022-07-05T00:52:41.798059,2499.3088258805,136,DESCENDING,VV,SENTINEL-1A,43958,S1A_IWDV_0495_0502_043958_136,125489636,https://sentinel1-burst.asf.alaska.edu/S1A_IW_SLC__1SDV_20220705T005223_20220705T005250_043958_053F54_7F99/IW1/VV/6.tiff,cmr_umm
2022-07-17,2022-07-17T00:52:43.718074+00:00,S1_290877_IW1_20220717T005242_VV_9DE6-BURST,136_290877_IW1,290877,94793259,6,IW1,2022-07-17T00:52:42.580450,2499.2958303242,136,DESCENDING,VV,SENTINEL-1A,44133,S1A_IWDV_0495_0502_044133_136,125489636,https://sentinel1-burst.asf.alaska.edu/S1A_IW_SLC__1SDV_20220717T005224_20220717T005251_044133_054490_9DE6/IW1/VV/6.tiff,cmr_umm
2022-07-29,2022-07-29T00:52:44.365949+00:00,S1_290877_IW1_20220729T005243_VV_A098-BURST,136_290877_IW1,290877,95169146,5,IW1,2022-07-29T00:52:43.234462,2499.2987853276,136,DESCENDING,VV,SENTINEL-1A,44308,S1A_IWDV_0496_0502_044308_136,128171296,https://sentinel1-burst.asf.alaska.edu/S1A_IW_SLC__1SDV_20220729T005228_20220729T005255_044308_0549BC_A098/IW1/VV/5.tiff,cmr_umm
2022-08-10,2022-08-10T00:52:45.194135+00:00,S1_290877_IW1_20220810T005244_VV_429F-BURST,136_290877_IW1,290877,95545034,5,IW1,2022-08-10T00:52:44.060593,2499.298218215,136,DESCENDING,VV,SENTINEL-1A,44483,S1A_IWDV_0496_0502_044483_136,128171296,https://sentinel1-burst.asf.alaska.edu/S1A_IW_SLC__1SDV_20220810T005229_20220810T005256_044483_054EEC_429F/IW1/VV/5.tiff,cmr_umm
2022-11-26,2022-11-26T00:52:46.845914+00:00,S1_290877_IW1_20221126T005245_VV_5641-BURST,136_290877_IW1,290877,98928020,5,IW1,2022-11-26T00:52:45.722649,2499.3476237713,136,DESCENDING,VV,SENTINEL-1A,46058,S1A_IWDV_0496_0502_046058_136,128171296,https://sentinel1-burst.asf.alaska.edu/S1A_IW_SLC__1SDV_20221126T005231_20221126T005258_046058_058342_5641/IW1/VV/5.tiff,cmr_umm
2022-12-20,2022-12-20T00:52:45.271192+00:00,S1_290877_IW1_20221220T005244_VV_E589-BURST,136_290877_IW1,290877,99679795,5,IW1,2022-12-20T00:52:44.145870,2499.3504878839,136,DESCENDING,VV,SENTINEL-1A,46408,S1A_IWDV_0496_0502_046408_136,128171296,https://sentinel1-burst.asf.alaska.edu/S1A_IW_SLC__1SDV_20221220T005229_20221220T005256_046408_058F3B_E589/IW1/VV/5.tiff,cmr_umm
2023-01-01,2023-01-01T00:52:44.819379+00:00,S1_290877_IW1_20230101T005243_VV_8F0B-BURST,136_290877_IW1,290877,100055682,5,IW1,2023-01-01T00:52:43.704335,2499.3633378839,136,DESCENDING,VV,SENTINEL-1A,46583,S1A_IWDV_0496_0502_046583_136,128165312,https://sentinel1-burst.asf.alaska.edu/S1A_IW_SLC__1SDV_20230101T005229_20230101T005256_046583_059524_8F0B/IW1/VV/5.tiff,cmr_umm
2023-01-25,2023-01-25T00:52:43.836484+00:00,S1_290877_IW1_20230125T005242_VV_FEF2-BURST,136_290877_IW1,290877,100807457,5,IW1,2023-01-25T00:52:42.717331,2499.348867215,136,DESCENDING,VV,SENTINEL-1A,46933,S1A_IWDV_0496_0502_046933_136,128171296,https://sentinel1-burst.asf.alaska.edu/S1A_IW_SLC__1SDV_20230125T005228_20230125T005255_046933_05A0F3_FEF2/IW1/VV/5.tiff,cmr_umm
2023-02-18,2023-02-18T00:52:42.837705+00:00,S1_290877_IW1_20230218T005241_VV_C57B-BURST,136_290877_IW1,290877,101559232,5,IW1,2023-02-18T00:52:41.726775,2499.3535803276,136,DESCENDING,VV,SENTINEL-1A,47283,S1A_IWDV_0496_0502_047283_136,128165312,https://sentinel1-burst.asf.alaska.edu/S1A_IW_SLC__1SDV_20230218T005227_20230218T005254_047283_05ACB0_C57B/IW1/VV/5.tiff,cmr_umm
2023-03-14,2023-03-14T00:52:42.780896+00:00,S1_290877_IW1_20230314T005241_VV_5E79-BURST,136_290877_IW1,290877,102311007,5,IW1,2023-03-14T00:52:41.661746,2499.3310133276,136,DESCENDING,VV,SENTINEL-1A,47633,S1A_IWDV_0496_0502_047633_136,128165312,https://sentinel1-burst.asf.alaska.edu/S1A_IW_SLC__1SDV_20230314T005227_20230314T005253_047633_05B88A_5E79/IW1/VV/5.tiff,cmr_umm
2023-04-07,2023-04-07T00:52:43.339948+00:00,S1_290877_IW1_20230407T005242_VV_FD01-BURST,136_290877_IW1,290877,103062781,5,IW1,2023-04-07T00:52:42.210504,2499.3124907713,136,DESCENDING,VV,SENTINEL-1A,47983,S1A_IWDV_0496_0502_047983_136,128171296,https://sentinel1-burst.asf.alaska.edu/S1A_IW_SLC__1SDV_20230407T005227_20230407T005254_047983_05C455_FD01/IW1/VV/5.tiff,cmr_umm
2023-05-01,2023-05-01T00:52:44.464109+00:00,S1_290877_IW1_20230501T005243_VV_72C5-BURST,136_290877_IW1,290877,103814556,5,IW1,2023-05-01T00:52:43.328512,2499.291055215,136,DESCENDING,VV,SENTINEL-1A,48333,S1A_IWDV_0496_0502_048333_136,128171296,https://sentinel1-burst.asf.alaska.edu/S1A_IW_SLC__1SDV_20230501T005228_20230501T005255_048333_05D01F_72C5/IW1/VV/5.tiff,cmr_umm
2023-05-13,2023-05-13T00:52:45.058942+00:00,S1_290877_IW1_20230513T005243_VV_CD17-BURST,136_290877_IW1,290877,104190444,5,IW1,2023-05-13T00:52:43.925400,2499.2952688839,136,DESCENDING,VV,SENTINEL-1A,48508,S1A_IWDV_0496_0502_048508_136,128171296,https://sentinel1-burst.asf.alaska.edu/S1A_IW_SLC__1SDV_20230513T005229_20230513T005256_048508_05D5C0_CD17/IW1/VV/5.tiff,cmr_umm
2023-05-25,2023-05-25T00:52:45.352048+00:00,S1_290877_IW1_20230525T005244_VV_BEE4-BURST,136_290877_IW1,290877,104566331,5,IW1,2023-05-25T00:52:44.222601,2499.3313217713,136,DESCENDING,VV,SENTINEL-1A,48683,S1A_IWDV_0496_0502_048683_136,127710528,https://sentinel1-burst.asf.alaska.edu/S1A_IW_SLC__1SDV_20230525T005229_20230525T005256_048683_05DAF1_BEE4/IW1/VV/5.tiff,cmr_umm
2023-06-06,2023-06-06T00:52:45.972104+00:00,S1_290877_IW1_20230606T005244_VV_5482-BURST,136_290877_IW1,290877,104942218,5,IW1,2023-06-06T00:52:44.834449,2499.2893377713,136,DESCENDING,VV,SENTINEL-1A,48858,S1A_IWDV_0496_0502_048858_136,128171296,https://sentinel1-burst.asf.alaska.edu/S1A_IW_SLC__1SDV_20230606T005230_20230606T005257_048858_05E029_5482/IW1/VV/5.tiff,cmr_umm
2023-06-18,2023-06-18T00:52:46.918943+00:00,S1_290877_IW1_20230618T005245_VV_D012-BURST,136_290877_IW1,290877,105318106,5,IW1,2023-06-18T00:52:45.799788,2499.3131247713,136,DESCENDING,VV,SENTINEL-1A,49033,S1A_IWDV_0496_0502_049033_136,128171296,https://sentinel1-burst.asf.alaska.edu/S1A_IW_SLC__1SDV_20230618T005231_20230618T005258_049033_05E580_D012/IW1/VV/5.tiff,cmr_umm
2023-06-30,2023-06-30T00:52:47.159604+00:00,S1_290877_IW1_20230630T005246_VV_5EA5-BURST,136_290877_IW1,290877,105693993,5,IW1,2023-06-30T00:52:46.040449,2499.3126767713,136,DESCENDING,VV,SENTINEL-1A,49208,S1A_IWDV_0496_0502_049208_136,128165312,https://sentinel1-burst.asf.alaska.edu/S1A_IW_SLC__1SDV_20230630T005231_20230630T005258_049208_05EACB_5EA5/IW1/VV/5.tiff,cmr_umm
2023-07-12,2023-07-12T00:52:48.423703+00:00,S1_290877_IW1_20230712T005247_VV_A110-BURST,136_290877_IW1,290877,106069880,5,IW1,2023-07-12T00:52:47.304534,2499.3389817713,136,DESCENDING,VV,SENTINEL-1A,49383,S1A_IWDV_0496_0502_049383_136,127710528,https://sentinel1-burst.asf.alaska.edu/S1A_IW_SLC__1SDV_20230712T005232_20230712T005259_049383_05F03C_A110/IW1/VV/5.tiff,cmr_umm
2023-07-24,2023-07-24T00:52:49.182630+00:00,S1_290877_IW1_20230724T005248_VV_2B1A-BURST,136_290877_IW1,290877,106445768,5,IW1,2023-07-24T00:52:48.061422,2499.3130727713,136,DESCENDING,VV,SENTINEL-1A,49558,S1A_IWDV_0496_0502_049558_136,128171296,https://sentinel1-burst.asf.alaska.edu/S1A_IW_SLC__1SDV_20230724T005233_20230724T005300_049558_05F58F_2B1A/IW1/VV/5.tiff,cmr_umm
2023-08-05,2023-08-05T00:52:50.167340+00:00,S1_290877_IW1_20230805T005249_VV_4B4F-BURST,136_290877_IW1,290877,106821655,5,IW1,2023-08-05T00:52:49.037910,2499.3349846587,136,DESCENDING,VV,SENTINEL-1A,49733,S1A_IWDV_0496_0502_049733_136,127710528,https://sentinel1-burst.asf.alaska.edu/S1A_IW_SLC__1SDV_20230805T005234_20230805T005301_049733_05FAF9_4B4F/IW1/VV/5.tiff,cmr_umm
2023-08-17,2023-08-17T00:52:50.355832+00:00,S1_290877_IW1_20230817T005249_VV_543A-BURST,136_290877_IW1,290877,107197543,5,IW1,2023-08-17T00:52:49.238735,2499.3183943276,136,DESCENDING,VV,SENTINEL-1A,49908,S1A_IWDV_0496_0502_049908_136,128165312,https://sentinel1-burst.asf.alaska.edu/S1A_IW_SLC__1SDV_20230817T005234_20230817T005301_049908_0600D4_543A/IW1/VV/5.tiff,cmr_umm
2023-08-29,2023-08-29T00:52:51.148633+00:00,S1_290877_IW1_20230829T005250_VV_51E4-BURST,136_290877_IW1,290877,107573430,5,IW1,2023-08-29T00:52:50.021259,2499.3105834402,136,DESCENDING,VV,SENTINEL-1A,50083,S1A_IWDV_0496_0502_050083_136,128171296,https://sentinel1-burst.asf.alaska.edu/S1A_IW_SLC__1SDV_20230829T005235_20230829T005302_050083_0606D4_51E4/IW1/VV/5.tiff,cmr_umm
2023-09-22,2023-09-22T00:52:51.967694+00:00,S1_290877_IW1_20230922T005250_VV_4238-BURST,136_290877_IW1,290877,108325205,5,IW1,2023-09-22T00:52:50.827989,2499.3024107713,136,DESCENDING,VV,SENTINEL-1A,50433,S1A_IWDV_0496_0502_050433_136,128171296,https://sentinel1-burst.asf.alaska.edu/S1A_IW_SLC__1SDV_20230922T005236_20230922T005303_050433_0612B8_4238/IW1/VV/5.tiff,cmr_umm
2023-10-16,2023-10-16T00:52:52.307874+00:00,S1_290877_IW1_20231016T005251_VV_CEBE-BURST,136_290877_IW1,290877,109076979,5,IW1,2023-10-16T00:52:51.172264,2499.3259877713,136,DESCENDING,VV,SENTINEL-1A,50783,S1A_IWDV_0496_0502_050783_136,128171296,https://sentinel1-burst.asf.alaska.edu/S1A_IW_SLC__1SDV_20231016T005236_20231016T005303_050783_061EC5_CEBE/IW1/VV/5.tiff,cmr_umm
2023-11-09,2023-11-09T00:52:51.291776+00:00,S1_290877_IW1_20231109T005250_VV_A46B-BURST,136_290877_IW1,290877,109828754,5,IW1,2023-11-09T00:52:50.145901,2499.3399067713,136,DESCENDING,VV,SENTINEL-1A,51133,S1A_IWDV_0496_0502_051133_136,128165312,https://sentinel1-burst.asf.alaska.edu/S1A_IW_SLC__1SDV_20231109T005235_20231109T005302_051133_062AB8_A46B/IW1/VV/5.tiff,cmr_umm
2023-12-03,2023-12-03T00:52:51.102445+00:00,S1_290877_IW1_20231203T005249_VV_9CC8-BURST,136_290877_IW1,290877,110580529,5,IW1,2023-12-03T00:52:49.987401,2499.3612097713,136,DESCENDING,VV,SENTINEL-1A,51483,S1A_IWDV_0497_0502_051483_136,128165312,https://sentinel1-burst.asf.alaska.edu/S1A_IW_SLC__1SDV_20231203T005235_20231203T005302_051483_0636C1_9CC8/IW1/VV/5.tiff,cmr_umm
2023-12-27,2023-12-27T00:52:49.579221+00:00,S1_290877_IW1_20231227T005248_VV_1BFE-BURST,136_290877_IW1,290877,111332304,5,IW1,2023-12-27T00:52:48.460050,2499.3526427713,136,DESCENDING,VV,SENTINEL-1A,51833,S1A_IWDV_0496_0502_051833_136,128171296,https://sentinel1-burst.asf.alaska.edu/S1A_IW_SLC__1SDV_20231227T005233_20231227T005300_051833_0642EF_1BFE/IW1/VV/5.tiff,cmr_umm
2024-01-08,2024-01-08T00:52:49.262479+00:00,S1_290877_IW1_20240108T005248_VV_EF2D-BURST,136_290877_IW1,290877,111708191,5,IW1,2024-01-08T00:52:48.145364,2499.3394283276,136,DESCENDING,VV,SENTINEL-1A,52008,S1A_IWDV_0496_0502_052008_136,128165312,https://sentinel1-burst.asf.alaska.edu/S1A_IW_SLC__1SDV_20240108T005233_20240108T005300_052008_0648EF_EF2D/IW1/VV/5.tiff,cmr_umm
2024-01-20,2024-01-20T00:52:48.698361+00:00,S1_290877_IW1_20240120T005247_VV_721D-BURST,136_290877_IW1,290877,112084078,5,IW1,2024-01-20T00:52:47.579208,2499.351970215,136,DESCENDING,VV,SENTINEL-1A,52183,S1A_IWDV_0496_0502_052183_136,128165312,https://sentinel1-burst.asf.alaska.edu/S1A_IW_SLC__1SDV_20240120T005232_20240120T005259_052183_064ED6_721D/IW1/VV/5.tiff,cmr_umm
2024-02-25,2024-02-25T00:52:47.908689+00:00,S1_290877_IW1_20240225T005246_VV_24F2-BURST,136_290877_IW1,290877,113211741,5,IW1,2024-02-25T00:52:46.775149,2499.3173606587,136,DESCENDING,VV,SENTINEL-1A,52708,S1A_IWDV_0496_0502_052708_136,128171296,https://sentinel1-burst.asf.alaska.edu/S1A_IW_SLC__1SDV_20240225T005232_20240225T005259_052708_06609F_24F2/IW1/VV/5.tiff,cmr_umm
2024-03-08,2024-03-08T00:52:47.801175+00:00,S1_290877_IW1_20240308T005246_VV_A350-BURST,136_290877_IW1,290877,113587628,5,IW1,2024-03-08T00:52:46.661470,2499.2986633276,136,DESCENDING,VV,SENTINEL-1A,52883,S1A_IWDV_0496_0502_052883_136,128171296,https://sentinel1-burst.asf.alaska.edu/S1A_IW_SLC__1SDV_20240308T005232_20240308T005258_052883_066693_A350/IW1/VV/5.tiff,cmr_umm
2024-03-20,2024-03-20T00:52:48.310697+00:00,S1_290877_IW1_20240320T005247_VV_295E-BURST,136_290877_IW1,290877,113963515,5,IW1,2024-03-20T00:52:47.191532,2499.3188807713,136,DESCENDING,VV,SENTINEL-1A,53058,S1A_IWDV_0496_0502_053058_136,128165312,https://sentinel1-burst.asf.alaska.edu/S1A_IW_SLC__1SDV_20240320T005232_20240320T005259_053058_066CE5_295E/IW1/VV/5.tiff,cmr_umm
2024-04-01,2024-04-01T00:52:48.885617+00:00,S1_290877_IW1_20240401T005247_VV_2182-BURST,136_290877_IW1,290877,114339403,5,IW1,2024-04-01T00:52:47.762357,2499.302332215,136,DESCENDING,VV,SENTINEL-1A,53233,S1A_IWDV_0496_0502_053233_136,128171296,https://sentinel1-burst.asf.alaska.edu/S1A_IW_SLC__1SDV_20240401T005233_20240401T005300_053233_06738A_2182/IW1/VV/5.tiff,cmr_umm
2024-04-13,2024-04-13T00:52:47.497800+00:00,S1_290877_IW1_20240413T005246_VV_8F8E-BURST,136_290877_IW1,290877,114715290,5,IW1,2024-04-13T00:52:46.376593,2499.299865215,136,DESCENDING,VV,SENTINEL-1A,53408,S1A_IWDV_0496_0502_053408_136,128171296,https://sentinel1-burst.asf.alaska.edu/S1A_IW_SLC__1SDV_20240413T005231_20240413T005258_053408_067A70_8F8E/IW1/VV/5.tiff,cmr_umm
2024-04-25,2024-04-25T00:52:49.095395+00:00,S1_290877_IW1_20240425T005247_VV_7B6C-BURST,136_290877_IW1,290877,115091177,5,IW1,2024-04-25T00:52:47.955687,2499.291840215,136,DESCENDING,VV,SENTINEL-1A,53583,S1A_IWDV_0496_0502_053583_136,128171296,https://sentinel1-burst.asf.alaska.edu/S1A_IW_SLC__1SDV_20240425T005233_20240425T005300_053583_06814B_7B6C/IW1/VV/5.tiff,cmr_umm
2024-05-19,2024-05-19T00:52:49.528394+00:00,S1_290877_IW1_20240519T005248_VV_F011-BURST,136_290877_IW1,290877,115842952,5,IW1,2024-05-19T00:52:48.405130,2499.3053627713,136,DESCENDING,VV,SENTINEL-1A,53933,S1A_IWDV_0496_0502_053933_136,128171296,https://sentinel1-burst.asf.alaska.edu/S1A_IW_SLC__1SDV_20240519T005233_20240519T005300_053933_068E47_F011/IW1/VV/5.tiff,cmr_umm
2024-05-31,2024-05-31T00:52:49.137738+00:00,S1_290877_IW1_20240531T005248_VV_FC35-BURST,136_290877_IW1,290877,116218840,5,IW1,2024-05-31T00:52:48.012418,2499.2984157713,136,DESCENDING,VV,SENTINEL-1A,54108,S1A_IWDV_0496_0502_054108_136,128171296,https://sentinel1-burst.asf.alaska.edu/S1A_IW_SLC__1SDV_20240531T005233_20240531T005300_054108_06945A_FC35/IW1/VV/5.tiff,cmr_umm
2024-07-18,2024-07-18T00:52:47.007291+00:00,S1_290877_IW1_20240718T005245_VV_22B6-BURST,136_290877_IW1,290877,117722389,5,IW1,2024-07-18T00:52:45.879914,2499.357263215,136,DESCENDING,VV,SENTINEL-1A,54808,S1A_IWDV_0497_0502_054808_136,126705216,https://sentinel1-burst.asf.alaska.edu/S1A_IW_SLC__1SDV_20240718T005231_20240718T005258_054808_06AC9D_22B6/IW1/VV/5.tiff,cmr_umm
2024-08-23,2024-08-23T00:52:47.047650+00:00,S1_290877_IW1_20240823T005245_VV_0D30-BURST,136_290877_IW1,290877,118850051,5,IW1,2024-08-23T00:52:45.914110,2499.3036967713,136,DESCENDING,VV,SENTINEL-1A,55333,S1A_IWDV_0496_0502_055333_136,128171296,https://sentinel1-burst.asf.alaska.edu/S1A_IW_SLC__1SDV_20240823T005231_20240823T005258_055333_06BF4D_0D30/IW1/VV/5.tiff,cmr_umm
2024-09-04,2024-09-04T00:52:47.095151+00:00,S1_290877_IW1_20240904T005245_VV_6A1E-BURST,136_290877_IW1,290877,119225939,5,IW1,2024-09-04T00:52:45.973945,2499.325748215,136,DESCENDING,VV,SENTINEL-1A,55508,S1A_IWDV_0496_0502_055508_136,128171296,https://sentinel1-burst.asf.alaska.edu/S1A_IW_SLC__1SDV_20240904T005231_20240904T005258_055508_06C5D0_6A1E/IW1/VV/5.tiff,cmr_umm
2024-09-16,2024-09-16T00:52:48.009381+00:00,S1_290877_IW1_20240916T005246_VV_1568-BURST,136_290877_IW1,290877,119601826,5,IW1,2024-09-16T00:52:46.890232,2499.3251053276,136,DESCENDING,VV,SENTINEL-1A,55683,S1A_IWDV_0496_0502_055683_136,128171296,https://sentinel1-burst.asf.alaska.edu/S1A_IW_SLC__1SDV_20240916T005232_20240916T005259_055683_06CCC1_1568/IW1/VV/5.tiff,cmr_umm
2024-09-28,2024-09-28T00:52:47.808164+00:00,S1_290877_IW1_20240928T005246_VV_2566-BURST,136_290877_IW1,290877,119977713,5,IW1,2024-09-28T00:52:46.678736,2499.312061215,136,DESCENDING,VV,SENTINEL-1A,55858,S1A_IWDV_0496_0502_055858_136,128171296,https://sentinel1-burst.asf.alaska.edu/S1A_IW_SLC__1SDV_20240928T005232_20240928T005258_055858_06D3AD_2566/IW1/VV/5.tiff,cmr_umm
2024-10-10,2024-10-10T00:52:48.747113+00:00,S1_290877_IW1_20241010T005247_VV_C53E-BURST,136_290877_IW1,290877,120353601,5,IW1,2024-10-10T00:52:47.621796,2499.3044797713,136,DESCENDING,VV,SENTINEL-1A,56033,S1A_IWDV_0496_0502_056033_136,128171296,https://sentinel1-burst.asf.alaska.edu/S1A_IW_SLC__1SDV_20241010T005232_20241010T005259_056033_06DA90_C53E/IW1/VV/5.tiff,cmr_umm
2024-10-22,2024-10-22T00:52:48.417340+00:00,S1_290877_IW1_20241022T005247_VV_CD8D-BURST,136_290877_IW1,290877,120729488,5,IW1,2024-10-22T00:52:47.296117,2499.318997215,136,DESCENDING,VV,SENTINEL-1A,56208,S1A_IWDV_0496_0502_056208_136,128171296,https://sentinel1-burst.asf.alaska.edu/S1A_IW_SLC__1SDV_20241022T005232_20241022T005259_056208_06E17F_CD8D/IW1/VV/5.tiff,cmr_umm
2024-11-03,2024-11-03T00:52:48.444654+00:00,S1_290877_IW1_20241103T005247_VV_EFDB-BURST,136_290877_IW1,290877,121105375,5,IW1,2024-11-03T00:52:47.325501,2499.3336697713,136,DESCENDING,VV,SENTINEL-1A,56383,S1A_IWDV_0496_0502_056383_136,128171296,https://sentinel1-burst.asf.alaska.edu/S1A_IW_SLC__1SDV_20241103T005232_20241103T005259_056383_06E86F_EFDB/IW1/VV/5.tiff,cmr_umm
2024-11-15,2024-11-15T00:52:47.963117+00:00,S1_290877_IW1_20241115T005246_VV_57E0-BURST,136_290877_IW1,290877,121481263,5,IW1,2024-11-15T00:52:46.839853,2499.334927215,136,DESCENDING,VV,SENTINEL-1A,56558,S1A_IWDV_0497_0502_056558_136,128171296,https://sentinel1-burst.asf.alaska.edu/S1A_IW_SLC__1SDV_20241115T005232_20241115T005259_056558_06EF63_57E0/IW1/VV/5.tiff,cmr_umm
2024-11-27,2024-11-27T00:52:46.923947+00:00,S1_290877_IW1_20241127T005245_VV_F5DA-BURST,136_290877_IW1,290877,121857150,5,IW1,2024-11-27T00:52:45.804794,2499.3530357713,136,DESCENDING,VV,SENTINEL-1A,56733,S1A_IWDV_0496_0502_056733_136,128165312,https://sentinel1-burst.asf.alaska.edu/S1A_IW_SLC__1SDV_20241127T005231_20241127T005258_056733_06F668_F5DA/IW1/VV/5.tiff,cmr_umm
2024-12-09,2024-12-09T00:52:46.213071+00:00,S1_290877_IW1_20241209T005245_VV_2676-BURST,136_290877_IW1,290877,122233038,5,IW1,2024-12-09T00:52:45.087735,2499.3537857713,136,DESCENDING,VV,SENTINEL-1A,56908,S1A_IWDV_0496_0502_056908_136,128171296,https://sentinel1-burst.asf.alaska.edu/S1A_IW_SLC__1SDV_20241209T005230_20241209T005257_056908_06FD43_2676/IW1/VV/5.tiff,cmr_umm
2024-12-21,2024-12-21T00:52:44.869535+00:00,S1_290877_IW1_20241221T005243_VV_6DA0-BURST,136_290877_IW1,290877,122608925,5,IW1,2024-12-21T00:52:43.744214,2499.3564977713,136,DESCENDING,VV,SENTINEL-1A,57083,S1A_IWDV_0496_0502_057083_136,128171296,https://sentinel1-burst.asf.alaska.edu/S1A_IW_SLC__1SDV_20241221T005229_20241221T005256_057083_070448_6DA0/IW1/VV/5.tiff,cmr_umm
2025-01-02,2025-01-02T00:52:43.911359+00:00,S1_290877_IW1_20250102T005242_VV_C02F-BURST,136_290877_IW1,290877,122984812,5,IW1,2025-01-02T00:52:42.792204,2499.3574937713,136,DESCENDING,VV,SENTINEL-1A,57258,S1A_IWDV_0496_0502_057258_136,128171296,https://sentinel1-burst.asf.alaska.edu/S1A_IW_SLC__1SDV_20250102T005228_20250102T005255_057258_070B2B_C02F/IW1/VV/5.tiff,cmr_umm
2025-01-14,2025-01-14T00:52:42.819409+00:00,S1_290877_IW1_20250114T005241_VV_A40B-BURST,136_290877_IW1,290877,123360700,5,IW1,2025-01-14T00:52:41.698200,2499.350268215,136,DESCENDING,VV,SENTINEL-1A,57433,S1A_IWDV_0496_0502_057433_136,128171296,https://sentinel1-burst.asf.alaska.edu/S1A_IW_SLC__1SDV_20250114T005227_20250114T005254_057433_07121B_A40B/IW1/VV/5.tiff,cmr_umm
2025-01-26,2025-01-26T00:52:42.192136+00:00,S1_290877_IW1_20250126T005241_VV_D6DB-BURST,136_290877_IW1,290877,123736587,5,IW1,2025-01-26T00:52:41.070927,2499.348077215,136,DESCENDING,VV,SENTINEL-1A,57608,S1A_IWDV_0497_0502_057608_136,128171296,https://sentinel1-burst.asf.alaska.edu/S1A_IW_SLC__1SDV_20250126T005226_20250126T005253_057608_07190D_D6DB/IW1/VV/5.tiff,cmr_umm
2025-02-07,2025-02-07T00:52:41.712567+00:00,S1_290877_IW1_20250207T005240_VV_69A5-BURST,136_290877_IW1,290877,124112474,5,IW1,2025-02-07T00:52:40.589304,2499.3374487713,136,DESCENDING,VV,SENTINEL-1A,57783,S1A_IWDV_0496_0502_057783_136,128171296,https://sentinel1-burst.asf.alaska.edu/S1A_IW_SLC__1SDV_20250207T005225_20250207T005252_057783_071FFC_69A5/IW1/VV/5.tiff,cmr_umm
2025-02-19,2025-02-19T00:52:40.899579+00:00,S1_290877_IW1_20250219T005239_VV_B2E0-BURST,136_290877_IW1,290877,124488362,5,IW1,2025-02-19T00:52:39.780428,2499.3322617713,136,DESCENDING,VV,SENTINEL-1A,57958,S1A_IWDV_0496_0502_057958_136,128171296,https://sentinel1-burst.asf.alaska.edu/S1A_IW_SLC__1SDV_20250219T005225_20250219T005252_057958_072703_B2E0/IW1/VV/5.tiff,cmr_umm
2025-03-03,2025-03-03T00:52:41.045796+00:00,S1_290877_IW1_20250303T005239_VV_59E2-BURST,136_290877_IW1,290877,124864249,6,IW1,2025-03-03T00:52:39.928981,2499.3316533259,136,DESCENDING,VV,SENTINEL-1A,58133,S1A_IWDV_0495_0502_058133_136,128165312,https://sentinel1-burst.asf.alaska.edu/S1A_IW_SLC__1SDV_20250303T005222_20250303T005249_058133_072E2C_59E2/IW1/VV/6.tiff,cmr_umm
2025-03-15,2025-03-15T00:52:41.114408+00:00,S1_290877_IW1_20250315T005239_VV_75F5-BURST,136_290877_IW1,290877,125240137,5,IW1,2025-03-15T00:52:39.995258,2499.3242827713,136,DESCENDING,VV,SENTINEL-1A,58308,S1A_IWDV_0496_0502_058308_136,128165312,https://sentinel1-burst.asf.alaska.edu/S1A_IW_SLC__1SDV_20250315T005225_20250315T005252_058308_073539_75F5/IW1/VV/5.tiff,cmr_umm
2025-03-27,2025-03-27T00:52:41.156217+00:00,S1_290877_IW1_20250327T005240_VV_3614-BURST,136_290877_IW1,290877,125616024,5,IW1,2025-03-27T00:52:40.030900,2499.325977215,136,DESCENDING,VV,SENTINEL-1A,58483,S1A_IWDV_0497_0502_058483_136,128171296,https://sentinel1-burst.asf.alaska.edu/S1A_IW_SLC__1SDV_20250327T005225_20250327T005252_058483_073C1B_3614/IW1/VV/5.tiff,cmr_umm
2025-04-08,2025-04-08T00:52:41.679166+00:00,S1_290877_IW1_20250408T005240_VV_D1BE-BURST,136_290877_IW1,290877,125991911,5,IW1,2025-04-08T00:52:40.562057,2499.3210497713,136,DESCENDING,VV,SENTINEL-1A,58658,S1A_IWDV_0496_0502_058658_136,128165312,https://sentinel1-burst.asf.alaska.edu/S1A_IW_SLC__1SDV_20250408T005225_20250408T005252_058658_074344_D1BE/IW1/VV/5.tiff,cmr_umm
2025-04-20,2025-04-20T00:52:41.762403+00:00,S1_290877_IW1_20250420T005240_VV_3DAA-BURST,136_290877_IW1,290877,126367799,5,IW1,2025-04-20T00:52:40.639140,2499.3026747713,136,DESCENDING,VV,SENTINEL-1A,58833,S1A_IWDV_0496_0502_058833_136,128171296,https://sentinel1-burst.asf.alaska.edu/S1A_IW_SLC__1SDV_20250420T005225_20250420T005252_058833_074A6E_3DAA/IW1/VV/5.tiff,cmr_umm
2025-05-02,2025-05-02T00:52:41.894422+00:00,S1_290877_IW1_20250502T005240_VV_38B9-BURST,136_290877_IW1,290877,126743686,5,IW1,2025-05-02T00:52:40.764992,2499.2978826587,136,DESCENDING,VV,SENTINEL-1A,59008,S1A_IWDV_0496_0502_059008_136,128171296,https://sentinel1-burst.asf.alaska.edu/S1A_IW_SLC__1SDV_20250502T005226_20250502T005253_059008_075187_38B9/IW1/VV/5.tiff,cmr_umm
2025-05-14,2025-05-14T00:52:41.605878+00:00,S1_290877_IW1_20250514T005240_VV_9218-BURST,136_290877_IW1,290877,127119573,5,IW1,2025-05-14T00:52:40.470266,2499.2902457713,136,DESCENDING,VV,SENTINEL-1A,59183,S1A_IWDV_0496_0502_059183_136,128171296,https://sentinel1-burst.asf.alaska.edu/S1A_IW_SLC__1SDV_20250514T005225_20250514T005252_059183_0757FC_9218/IW1/VV/5.tiff,cmr_umm
2025-05-26,2025-05-26T00:52:41.179120+00:00,S1_290877_IW1_20250526T005240_VV_AAA1-BURST,136_290877_IW1,290877,127495461,5,IW1,2025-05-26T00:52:40.059951,2499.3090668839,136,DESCENDING,VV,SENTINEL-1A,59358,S1A_IWDV_0497_0502_059358_136,128171296,https://sentinel1-burst.asf.alaska.edu/S1A_IW_SLC__1SDV_20250526T005225_20250526T005252_059358_075E0D_AAA1/IW1/VV/5.tiff,cmr_umm
2025-06-07,2025-06-07T00:52:40.489896+00:00,S1_290877_IW1_20250607T005239_VV_0467-BURST,136_290877_IW1,290877,127871348,5,IW1,2025-06-07T00:52:39.360463,2499.3029567713,136,DESCENDING,VV,SENTINEL-1A,59533,S1A_IWDV_0497_0502_059533_136,128171296,https://sentinel1-burst.asf.alaska.edu/S1A_IW_SLC__1SDV_20250607T005224_20250607T005251_059533_076414_0467/IW1/VV/5.tiff,cmr_umm
2025-06-19,2025-06-19T00:52:39.775998+00:00,S1_290877_IW1_20250619T005238_VV_7C8E-BURST,136_290877_IW1,290877,128247236,5,IW1,2025-06-19T00:52:38.652732,2499.308072215,136,DESCENDING,VV,SENTINEL-1A,59708,S1A_IWDV_0497_0502_059708_136,128171296,https://sentinel1-burst.asf.alaska.edu/S1A_IW_SLC__1SDV_20250619T005224_20250619T005250_059708_076A0D_7C8E/IW1/VV/5.tiff,cmr_umm
2025-07-01,2025-07-01T00:52:39.309156+00:00,S1_290877_IW1_20250701T005238_VV_D803-BURST,136_290877_IW1,290877,128623123,5,IW1,2025-07-01T00:52:38.183834,2499.3060663276,136,DESCENDING,VV,SENTINEL-1A,59883,S1A_IWDV_0497_0502_059883_136,128171296,https://sentinel1-burst.asf.alaska.edu/S1A_IW_SLC__1SDV_20250701T005223_20250701T005250_059883_077028_D803/IW1/VV/5.tiff,cmr_umm
2025-07-13,2025-07-13T00:52:38.685147+00:00,S1_290877_IW1_20250713T005237_VV_7CAD-BURST,136_290877_IW1,290877,128999010,5,IW1,2025-07-13T00:52:37.561867,2499.3023517713,136,DESCENDING,VV,SENTINEL-1A,60058,S1A_IWDV_0496_0502_060058_136,128171296,https://sentinel1-burst.asf.alaska.edu/S1A_IW_SLC__1SDV_20250713T005222_20250713T005249_060058_07762C_7CAD/IW1/VV/5.tiff,cmr_umm
2025-07-25,2025-07-25T00:52:38.176221+00:00,S1_290877_IW1_20250725T005237_VV_556F-BURST,136_290877_IW1,290877,129374898,5,IW1,2025-07-25T00:52:37.052957,2499.305051215,136,DESCENDING,VV,SENTINEL-1A,60233,S1A_IWDV_0496_0502_060233_136,128171296,https://sentinel1-burst.asf.alaska.edu/S1A_IW_SLC__1SDV_20250725T005222_20250725T005249_060233_077C38_556F/IW1/VV/5.tiff,cmr_umm
2025-08-06,2025-08-06T00:52:37.983533+00:00,S1_290877_IW1_20250806T005236_VV_099C-BURST,136_290877_IW1,290877,129750785,5,IW1,2025-08-06T00:52:36.856157,2499.3067533276,136,DESCENDING,VV,SENTINEL-1A,60408,S1A_IWDV_0496_0502_060408_136,128171296,https://sentinel1-burst.asf.alaska.edu/S1A_IW_SLC__1SDV_20250806T005222_20250806T005249_060408_078239_099C/IW1/VV/5.tiff,cmr_umm
2025-08-18,2025-08-18T00:52:37.987149+00:00,S1_290877_IW1_20250818T005236_VV_C2DB-BURST,136_290877_IW1,290877,130126672,5,IW1,2025-08-18T00:52:36.857720,2499.3024113276,136,DESCENDING,VV,SENTINEL-1A,60583,S1A_IWDV_0496_0502_060583_136,128171296,https://sentinel1-burst.asf.alaska.edu/S1A_IW_SLC__1SDV_20250818T005222_20250818T005249_060583_078917_C2DB/IW1/VV/5.tiff,cmr_umm
2025-08-30,2025-08-30T00:52:38.063291+00:00,S1_290877_IW1_20250830T005236_VV_FE77-BURST,136_290877_IW1,290877,130502560,5,IW1,2025-08-30T00:52:36.933862,2499.3078693276,136,DESCENDING,VV,SENTINEL-1A,60758,S1A_IWDV_0496_0502_060758_136,128171296,https://sentinel1-burst.asf.alaska.edu/S1A_IW_SLC__1SDV_20250830T005222_20250830T005249_060758_078FF8_FE77/IW1/VV/5.tiff,cmr_umm
2025-09-11,2025-09-11T00:52:38.659604+00:00,S1_290877_IW1_20250911T005237_VV_CED7-BURST,136_290877_IW1,290877,130878447,5,IW1,2025-09-11T00:52:37.528106,2499.3099837713,136,DESCENDING,VV,SENTINEL-1A,60933,S1A_IWDV_0496_0502_060933_136,128171296,https://sentinel1-burst.asf.alaska.edu/S1A_IW_SLC__1SDV_20250911T005222_20250911T005249_060933_0796F5_CED7/IW1/VV/5.tiff,cmr_umm
2025-09-23,2025-09-23T00:52:38.775525+00:00,S1_290877_IW1_20250923T005237_VV_EDDD-BURST,136_290877_IW1,290877,131254335,5,IW1,2025-09-23T00:52:37.650209,2499.3196386587,136,DESCENDING,VV,SENTINEL-1A,61108,S1A_IWDV_0496_0502_061108_136,128171296,https://sentinel1-burst.asf.alaska.edu/S1A_IW_SLC__1SDV_20250923T005223_20250923T005249_061108_079DF5_EDDD/IW1/VV/5.tiff,cmr_umm
