job_id,job_name,pair_id,apply_water_mask,status,downloaded_at,download_ok,zip_dir,extract_dir,zip_count,zip_bytes,zip_sha256,extracted_bytes,extracted_files,layers_present,layers_missing,error
a3193027-f81e-433a-8651-9daa4b854d80,delhi_ncr_sbas_d136_v1_val_20211201_20211213,20211201_20211213,True,SUCCEEDED,2026-09-22T11:04:46.399289+00:00,True,data/descending_zips/delhi_ncr_sbas_d136_v1_val_20211201_20211213__a3193027,data/descending_extracted/delhi_ncr_sbas_d136_v1_val_20211201_20211213__a3193027,1,117583964,6fea30066c0bff1cd10f3bb4c660a87dfda3879216020572e0b08ac868007630,120849106,14,"unw_phase.tif,corr.tif,conncomp.tif,dem.tif,lv_theta.tif,lv_phi.tif,water_mask.tif",,
1a0393bc-898e-4f60-9923-9ff913103c85,delhi_ncr_sbas_d136_v1_val_20211026_20211107,20211026_20211107,True,SUCCEEDED,2026-09-22T11:05:22.078793+00:00,True,data/descending_zips/delhi_ncr_sbas_d136_v1_val_20211026_20211107__1a0393bc,data/descending_extracted/delhi_ncr_sbas_d136_v1_val_20211026_20211107__1a0393bc,1,117998410,0bc8ebd94e1515d52e4d774753f126ce0bcf7b5e1db15ef6bb808582c86d45e1,121246423,14,"unw_phase.tif,corr.tif,conncomp.tif,dem.tif,lv_theta.tif,lv_phi.tif,water_mask.tif",,
4b0cf9ad-55b7-4e0b-bfe3-d005ad9a76b0,delhi_ncr_sbas_d136_v1_val_20250911_20250923,20250911_20250923,True,SUCCEEDED,2026-09-22T11:10:59.848907+00:00,True,data/descending_zips/delhi_ncr_sbas_d136_v1_val_20250911_20250923__4b0cf9ad,data/descending_extracted/delhi_ncr_sbas_d136_v1_val_20250911_20250923__4b0cf9ad,1,118214712,3f57b76249889fd476f2a049be278b0ae39e4f482ca2bd47cbd787683117aeb5,121539958,14,"unw_phase.tif,corr.tif,conncomp.tif,dem.tif,lv_theta.tif,lv_phi.tif,water_mask.tif",,
dfd86201-011b-4719-af3d-02362961517a,delhi_ncr_sbas_d136_v1_val_20250830_20250923,20250830_20250923,True,SUCCEEDED,2026-09-22T11:11:36.495829+00:00,True,data/descending_zips/delhi_ncr_sbas_d136_v1_val_20250830_20250923__dfd86201,data/descending_extracted/delhi_ncr_sbas_d136_v1_val_20250830_20250923__dfd86201,1,117292476,796520cf7d1c7e23e0695d5a8a5a7f864621955f11335db6a3ab8f5f3af19566,120676957,14,"unw_phase.tif,corr.tif,conncomp.tif,dem.tif,lv_theta.tif,lv_phi.tif,water_mask.tif",,
77660469-6751-4853-9aa7-ba66dd4e01ba,delhi_ncr_sbas_d136_v1_val_20250830_20250911,20250830_20250911,True,SUCCEEDED,2026-09-22T11:12:12.615221+00:00,True,data/descending_zips/delhi_ncr_sbas_d136_v1_val_20250830_20250911__77660469,data/descending_extracted/delhi_ncr_sbas_d136_v1_val_20250830_20250911__77660469,1,117775027,f3c32190936ee39da0b53a786a8610e1234195faf139785173ac8c73b8be7dec,121134542,14,"unw_phase.tif,corr.tif,conncomp.tif,dem.tif,lv_theta.tif,lv_phi.tif,water_mask.tif",,
3fe6b198-84a6-4439-9375-210cdfa5fe34,delhi_ncr_sbas_d136_v1_val_20250818_20250923,20250818_20250923,True,SUCCEEDED,2026-09-22T11:12:48.095185+00:00,True,data/descending_zips/delhi_ncr_sbas_d136_v1_val_20250818_20250923__3fe6b198,data/descending_extracted/delhi_ncr_sbas_d136_v1_val_20250818_20250923__3fe6b198,1,118282796,20340be6f5bb1061d9cccca4ed87a4296752b5a47dd71dd8951833ece825ba90,121852743,14,"unw_phase.tif,corr.tif,conncomp.tif,dem.tif,lv_theta.tif,lv_phi.tif,water_mask.tif",,
e8a2cd1c-8c23-4e9d-bef8-e40b76498bfe,delhi_ncr_sbas_d136_v1_val_20250818_20250911,20250818_20250911,True,SUCCEEDED,2026-09-22T11:13:24.270220+00:00,True,data/descending_zips/delhi_ncr_sbas_d136_v1_val_20250818_20250911__e8a2cd1c,data/descending_extracted/delhi_ncr_sbas_d136_v1_val_20250818_20250911__e8a2cd1c,1,117884753,7487cfad4d035d1d5a7573ec187c4f72a903362e23fa3e5e36fae231630ac502,121295659,14,"unw_phase.tif,corr.tif,conncomp.tif,dem.tif,lv_theta.tif,lv_phi.tif,water_mask.tif",,
38d1b118-518b-409d-9f74-089c51486032,delhi_ncr_sbas_d136_v1_val_20250806_20250911,20250806_20250911,True,SUCCEEDED,2026-09-22T11:14:00.744436+00:00,True,data/descending_zips/delhi_ncr_sbas_d136_v1_val_20250806_20250911__38d1b118,data/descending_extracted/delhi_ncr_sbas_d136_v1_val_20250806_20250911__38d1b118,1,117581874,c685a4eb4c043d73a105eb785fd34026471253093092d73647917a630e349f88,121007755,14,"unw_phase.tif,corr.tif,conncomp.tif,dem.tif,lv_theta.tif,lv_phi.tif,water_mask.tif",,
311d832e-c5b6-4a82-a544-a050bf3660ba,delhi_ncr_sbas_d136_v1_val_20250818_20250830,20250818_20250830,True,SUCCEEDED,2026-09-22T11:14:59.989742+00:00,True,data/descending_zips/delhi_ncr_sbas_d136_v1_val_20250818_20250830__311d832e,data/descending_extracted/delhi_ncr_sbas_d136_v1_val_20250818_20250830__311d832e,1,117576889,5a52b315086e06b1ff795d776ee8019f329b330f392975354883659b25fd7221,120961919,14,"unw_phase.tif,corr.tif,conncomp.tif,dem.tif,lv_theta.tif,lv_phi.tif,water_mask.tif",,
eb0e1649-4818-4580-a3d3-11e048b72c63,delhi_ncr_sbas_d136_v1_val_20250806_20250830,20250806_20250830,True,SUCCEEDED,2026-09-22T11:14:59.990434+00:00,True,data/descending_zips/delhi_ncr_sbas_d136_v1_val_20250806_20250830__eb0e1649,data/descending_extracted/delhi_ncr_sbas_d136_v1_val_20250806_20250830__eb0e1649,1,118142681,8a1148a58aa94ece8347120f204214e15f66cd1aa13093658af3e93e5a2b7184,121622481,14,"unw_phase.tif,corr.tif,conncomp.tif,dem.tif,lv_theta.tif,lv_phi.tif,water_mask.tif",,
51e9f87a-ee41-4621-9a47-6f15f8199b33,delhi_ncr_sbas_d136_v1_val_20250806_20250818,20250806_20250818,True,SUCCEEDED,2026-09-22T11:14:59.990827+00:00,True,data/descending_zips/delhi_ncr_sbas_d136_v1_val_20250806_20250818__51e9f87a,data/descending_extracted/delhi_ncr_sbas_d136_v1_val_20250806_20250818__51e9f87a,1,119525455,342e75f0705698f8d7d942fce3755965aa1110e50a15a7182c1806056b17a771,122997441,14,"unw_phase.tif,corr.tif,conncomp.tif,dem.tif,lv_theta.tif,lv_phi.tif,water_mask.tif",,
d2b2acf0-a459-480c-b19f-7206367744cb,delhi_ncr_sbas_d136_v1_val_20250725_20250830,20250725_20250830,True,SUCCEEDED,2026-09-22T11:14:59.992945+00:00,True,data/descending_zips/delhi_ncr_sbas_d136_v1_val_20250725_20250830__d2b2acf0,data/descending_extracted/delhi_ncr_sbas_d136_v1_val_20250725_20250830__d2b2acf0,1,117279366,1488ce95b424e5cbb1ec3aa9009ba5f93719357a1a9010579b2fb20202f7d07c,120762063,14,"unw_phase.tif,corr.tif,conncomp.tif,dem.tif,lv_theta.tif,lv_phi.tif,water_mask.tif",,
c3016127-0530-4ba6-8d5d-1f5eb51b141b,delhi_ncr_sbas_d136_v1_val_20250725_20250818,20250725_20250818,True,SUCCEEDED,2026-09-22T11:14:59.993085+00:00,True,data/descending_zips/delhi_ncr_sbas_d136_v1_val_20250725_20250818__c3016127,data/descending_extracted/delhi_ncr_sbas_d136_v1_val_20250725_20250818__c3016127,1,117837440,1b9cf245549193505d5b318528d01ae48a83ef41535985e40b86bbc8bad217c0,121291424,14,"unw_phase.tif,corr.tif,conncomp.tif,dem.tif,lv_theta.tif,lv_phi.tif,water_mask.tif",,
c1f3d8c5-ddc9-413f-bf8f-0497dfa750b2,delhi_ncr_sbas_d136_v1_val_20250725_20250806,20250725_20250806,True,SUCCEEDED,2026-09-22T11:14:59.993618+00:00,True,data/descending_zips/delhi_ncr_sbas_d136_v1_val_20250725_20250806__c1f3d8c5,data/descending_extracted/delhi_ncr_sbas_d136_v1_val_20250725_20250806__c1f3d8c5,1,119151264,ae8eac54ab29c140780c25fa1fb428bbf6e37cb6c739d5caee56dec501aacbf2,122556101,14,"unw_phase.tif,corr.tif,conncomp.tif,dem.tif,lv_theta.tif,lv_phi.tif,water_mask.tif",,
d946bb99-239a-4e68-b870-c8d019cf7f23,delhi_ncr_sbas_d136_v1_val_20250713_20250818,20250713_20250818,True,SUCCEEDED,2026-09-22T11:14:59.994400+00:00,True,data/descending_zips/delhi_ncr_sbas_d136_v1_val_20250713_20250818__d946bb99,data/descending_extracted/delhi_ncr_sbas_d136_v1_val_20250713_20250818__d946bb99,1,116771136,755b075fbfd4e6c21325ae394698b696c68a55ecd8519d9394c646accb57644f,120188277,14,"unw_phase.tif,corr.tif,conncomp.tif,dem.tif,lv_theta.tif,lv_phi.tif,water_mask.tif",,
7a17cfc7-dfee-45e6-ab9b-efa8d50fc3b3,delhi_ncr_sbas_d136_v1_val_20250713_20250806,20250713_20250806,True,SUCCEEDED,2026-09-22T11:14:59.996828+00:00,True,data/descending_zips/delhi_ncr_sbas_d136_v1_val_20250713_20250806__7a17cfc7,data/descending_extracted/delhi_ncr_sbas_d136_v1_val_20250713_20250806__7a17cfc7,1,117106597,a2270deb70740b1b8b4f3f9d52a119edd42a5aa159b9d33e6f55bdc140fc7338,120478588,14,"unw_phase.tif,corr.tif,conncomp.tif,dem.tif,lv_theta.tif,lv_phi.tif,water_mask.tif",,
74406523-8603-49a4-99f5-34f55da4d2ba,delhi_ncr_sbas_d136_v1_val_20250701_20250806,20250701_20250806,True,SUCCEEDED,2026-09-22T11:14:59.997545+00:00,True,data/descending_zips/delhi_ncr_sbas_d136_v1_val_20250701_20250806__74406523,data/descending_extracted/delhi_ncr_sbas_d136_v1_val_20250701_20250806__74406523,1,118151897,ed0c1057e0b1feb2e3f9353396d5d7b8de9d3d7d9f5e6a2449917ccea7c892b6,121631222,14,"unw_phase.tif,corr.tif,conncomp.tif,dem.tif,lv_theta.tif,lv_phi.tif,water_mask.tif",,
78f0df1d-8914-4818-bf0e-ce9fbc2577c6,delhi_ncr_sbas_d136_v1_val_20250713_20250725,20250713_20250725,True,SUCCEEDED,2026-09-22T11:14:59.998931+00:00,True,data/descending_zips/delhi_ncr_sbas_d136_v1_val_20250713_20250725__78f0df1d,data/descending_extracted/delhi_ncr_sbas_d136_v1_val_20250713_20250725__78f0df1d,1,119034897,3d4f94a7d0763cb4043db1b2c548bbbbb5c18093f1402dc9a1416eb8bbf2058d,122507604,14,"unw_phase.tif,corr.tif,conncomp.tif,dem.tif,lv_theta.tif,lv_phi.tif,water_mask.tif",,
0a02c78d-8175-4aa1-8dff-3959801d0a1c,delhi_ncr_sbas_d136_v1_val_20250701_20250725,20250701_20250725,True,SUCCEEDED,2026-09-22T11:17:38.098645+00:00,True,data/descending_zips/delhi_ncr_sbas_d136_v1_val_20250701_20250725__0a02c78d,data/descending_extracted/delhi_ncr_sbas_d136_v1_val_20250701_20250725__0a02c78d,1,117290473,e0a2c30b8db1f55fd9de9f139d7208383cfaec35074f06c65f19118674747ca8,120647603,14,"unw_phase.tif,corr.tif,conncomp.tif,dem.tif,lv_theta.tif,lv_phi.tif,water_mask.tif",,
c81d274b-6205-4c37-8239-26ddfad5eb8f,delhi_ncr_sbas_d136_v1_val_20250701_20250713,20250701_20250713,True,SUCCEEDED,2026-09-22T11:17:55.254283+00:00,True,data/descending_zips/delhi_ncr_sbas_d136_v1_val_20250701_20250713__c81d274b,data/descending_extracted/delhi_ncr_sbas_d136_v1_val_20250701_20250713__c81d274b,1,118845946,a717872b40fdba47e8ac5faf6dee42971b3089bd2f16498cb3b38ef4857c76bf,122307537,14,"unw_phase.tif,corr.tif,conncomp.tif,dem.tif,lv_theta.tif,lv_phi.tif,water_mask.tif",,
30edb6cf-1c12-42e2-aef5-15160f84cfad,delhi_ncr_sbas_d136_v1_val_20250619_20250725,20250619_20250725,True,SUCCEEDED,2026-09-22T11:18:11.820086+00:00,True,data/descending_zips/delhi_ncr_sbas_d136_v1_val_20250619_20250725__30edb6cf,data/descending_extracted/delhi_ncr_sbas_d136_v1_val_20250619_20250725__30edb6cf,1,118114797,84105707e3198a84149bcbe277f501ac3b73343b90cf900352788ff0128416ff,121645912,14,"unw_phase.tif,corr.tif,conncomp.tif,dem.tif,lv_theta.tif,lv_phi.tif,water_mask.tif",,
ab0bed78-8d0f-42a1-bb4b-b506352bab51,delhi_ncr_sbas_d136_v1_val_20250619_20250713,20250619_20250713,True,SUCCEEDED,2026-09-22T11:19:42.236180+00:00,True,data/descending_zips/delhi_ncr_sbas_d136_v1_val_20250619_20250713__ab0bed78,data/descending_extracted/delhi_ncr_sbas_d136_v1_val_20250619_20250713__ab0bed78,1,116932133,3b2ed93ac78fcbf3537df1b6c8348963e29bb2f499a836bec529c736134c7ee1,120305797,14,"unw_phase.tif,corr.tif,conncomp.tif,dem.tif,lv_theta.tif,lv_phi.tif,water_mask.tif",,
9bb5d772-22ea-4a6e-8b7f-2e429912c2c2,delhi_ncr_sbas_d136_v1_val_20250619_20250701,20250619_20250701,True,SUCCEEDED,2026-09-22T11:19:53.421902+00:00,True,data/descending_zips/delhi_ncr_sbas_d136_v1_val_20250619_20250701__9bb5d772,data/descending_extracted/delhi_ncr_sbas_d136_v1_val_20250619_20250701__9bb5d772,1,119613802,1a0726539c8f86d02bae604cf3f62331b39d6abfa153f99430bb226391036ce7,123079192,14,"unw_phase.tif,corr.tif,conncomp.tif,dem.tif,lv_theta.tif,lv_phi.tif,water_mask.tif",,
a9ab8f55-e43c-412f-b532-aabce13c061c,delhi_ncr_sbas_d136_v1_val_20250607_20250713,20250607_20250713,True,SUCCEEDED,2026-09-22T11:21:16.816017+00:00,True,data/descending_zips/delhi_ncr_sbas_d136_v1_val_20250607_20250713__a9ab8f55,data/descending_extracted/delhi_ncr_sbas_d136_v1_val_20250607_20250713__a9ab8f55,1,117399409,3bdd8835a995c98bbb103119b59270e0515c37848f957dbb3108701b086d6544,120852733,14,"unw_phase.tif,corr.tif,conncomp.tif,dem.tif,lv_theta.tif,lv_phi.tif,water_mask.tif",,
68795ac0-ebfc-4632-9863-f6727b712e76,delhi_ncr_sbas_d136_v1_val_20250607_20250619,20250607_20250619,True,SUCCEEDED,2026-09-22T11:22:17.859398+00:00,True,data/descending_zips/delhi_ncr_sbas_d136_v1_val_20250607_20250619__68795ac0,data/descending_extracted/delhi_ncr_sbas_d136_v1_val_20250607_20250619__68795ac0,1,118365214,a2463ccb249ceacc76f42e95a859089a0287614e2875ea8fe3426f87e8163e7e,121755302,14,"unw_phase.tif,corr.tif,conncomp.tif,dem.tif,lv_theta.tif,lv_phi.tif,water_mask.tif",,
8fbe273b-02fe-4041-b445-767bc7e546e8,delhi_ncr_sbas_d136_v1_val_20250607_20250701,20250607_20250701,True,SUCCEEDED,2026-09-22T11:22:57.354151+00:00,True,data/descending_zips/delhi_ncr_sbas_d136_v1_val_20250607_20250701__8fbe273b,data/descending_extracted/delhi_ncr_sbas_d136_v1_val_20250607_20250701__8fbe273b,1,117939718,303f73e738e1728c1b7b1366e80487356173b4d5b86587be9beb47b188f6c320,121358259,14,"unw_phase.tif,corr.tif,conncomp.tif,dem.tif,lv_theta.tif,lv_phi.tif,water_mask.tif",,
4b763329-a411-48ed-861d-21fe2c6ae5ff,delhi_ncr_sbas_d136_v1_val_20250526_20250701,20250526_20250701,True,SUCCEEDED,2026-09-22T11:23:28.970531+00:00,True,data/descending_zips/delhi_ncr_sbas_d136_v1_val_20250526_20250701__4b763329,data/descending_extracted/delhi_ncr_sbas_d136_v1_val_20250526_20250701__4b763329,1,118171172,9c2ef1ba4ddb5407e71598bd908ab145684a803d1983c17fe1dde57d96f34f04,121712206,14,"unw_phase.tif,corr.tif,conncomp.tif,dem.tif,lv_theta.tif,lv_phi.tif,water_mask.tif",,
0925db35-2959-4136-bc84-94b62cf4e0ba,delhi_ncr_sbas_d136_v1_val_20250526_20250619,20250526_20250619,True,SUCCEEDED,2026-09-22T11:23:37.035814+00:00,True,data/descending_zips/delhi_ncr_sbas_d136_v1_val_20250526_20250619__0925db35,data/descending_extracted/delhi_ncr_sbas_d136_v1_val_20250526_20250619__0925db35,1,118221223,811c93a69ac46b3b3e12005eed810e616f1cc6f968661fa58428338df97776a6,121661624,14,"unw_phase.tif,corr.tif,conncomp.tif,dem.tif,lv_theta.tif,lv_phi.tif,water_mask.tif",,
2c4352cf-5ae7-41d3-88ca-d2efd5243bff,delhi_ncr_sbas_d136_v1_val_20250526_20250607,20250526_20250607,True,SUCCEEDED,2026-09-22T11:23:37.154885+00:00,True,data/descending_zips/delhi_ncr_sbas_d136_v1_val_20250526_20250607__2c4352cf,data/descending_extracted/delhi_ncr_sbas_d136_v1_val_20250526_20250607__2c4352cf,1,119108255,8fcf5a7d297bf80b1e150f4f07a805c2d152b501ea62c91c9dad5d76e4f56a8e,122516215,14,"unw_phase.tif,corr.tif,conncomp.tif,dem.tif,lv_theta.tif,lv_phi.tif,water_mask.tif",,
3981e8fb-f984-4fad-b6b9-77775c7577d4,delhi_ncr_sbas_d136_v1_val_20250514_20250619,20250514_20250619,True,SUCCEEDED,2026-09-22T11:24:17.931838+00:00,True,data/descending_zips/delhi_ncr_sbas_d136_v1_val_20250514_20250619__3981e8fb,data/descending_extracted/delhi_ncr_sbas_d136_v1_val_20250514_20250619__3981e8fb,1,116389356,7055356b3d207bbe79f663993b9d1f7c4cc957a90fc8becfb07969683bda1419,119723064,14,"unw_phase.tif,corr.tif,conncomp.tif,dem.tif,lv_theta.tif,lv_phi.tif,water_mask.tif",,
a76daae0-9195-43b7-8925-b9bcfbbd4b4f,delhi_ncr_sbas_d136_v1_val_20250514_20250607,20250514_20250607,True,SUCCEEDED,2026-09-22T11:24:36.923714+00:00,True,data/descending_zips/delhi_ncr_sbas_d136_v1_val_20250514_20250607__a76daae0,data/descending_extracted/delhi_ncr_sbas_d136_v1_val_20250514_20250607__a76daae0,1,118386570,5bf689866fd1179ef3aeb07cc690f3c2acb83891670276931fa712a54637324d,121788414,14,"unw_phase.tif,corr.tif,conncomp.tif,dem.tif,lv_theta.tif,lv_phi.tif,water_mask.tif",,
7cc05703-7afc-49f5-8215-cb9f2ba5c14d,delhi_ncr_sbas_d136_v1_val_20250502_20250607,20250502_20250607,True,SUCCEEDED,2026-09-22T11:25:24.251728+00:00,True,data/descending_zips/delhi_ncr_sbas_d136_v1_val_20250502_20250607__7cc05703,data/descending_extracted/delhi_ncr_sbas_d136_v1_val_20250502_20250607__7cc05703,1,117118847,884d2aa8822780489a30ce381e49c187484671251d2095d460bbbb34e743a50a,120575093,14,"unw_phase.tif,corr.tif,conncomp.tif,dem.tif,lv_theta.tif,lv_phi.tif,water_mask.tif",,
d9f80cad-77ab-492d-ae89-f3b8c0bb7862,delhi_ncr_sbas_d136_v1_val_20250514_20250526,20250514_20250526,True,SUCCEEDED,2026-09-22T11:25:28.671169+00:00,True,data/descending_zips/delhi_ncr_sbas_d136_v1_val_20250514_20250526__d9f80cad,data/descending_extracted/delhi_ncr_sbas_d136_v1_val_20250514_20250526__d9f80cad,1,118421689,151260ef82f4ab191c77db471aca7f0192ae7c18600a31185c720ca215f656f3,121904931,14,"unw_phase.tif,corr.tif,conncomp.tif,dem.tif,lv_theta.tif,lv_phi.tif,water_mask.tif",,
63a1ab6e-0245-422b-b456-8c98b5b63743,delhi_ncr_sbas_d136_v1_val_20250502_20250526,20250502_20250526,True,SUCCEEDED,2026-09-22T11:25:41.198295+00:00,True,data/descending_zips/delhi_ncr_sbas_d136_v1_val_20250502_20250526__63a1ab6e,data/descending_extracted/delhi_ncr_sbas_d136_v1_val_20250502_20250526__63a1ab6e,1,117848662,73306e68c32199aebbc61784d05c9098839ad75c503527c4694cf3f6304e414e,121388567,14,"unw_phase.tif,corr.tif,conncomp.tif,dem.tif,lv_theta.tif,lv_phi.tif,water_mask.tif",,
a1765c7a-f687-4984-a352-63ab0c03c005,delhi_ncr_sbas_d136_v1_val_20250502_20250514,20250502_20250514,True,SUCCEEDED,2026-09-22T11:26:14.056569+00:00,True,data/descending_zips/delhi_ncr_sbas_d136_v1_val_20250502_20250514__a1765c7a,data/descending_extracted/delhi_ncr_sbas_d136_v1_val_20250502_20250514__a1765c7a,1,118258096,14708089c0ba4be5fe431c75f98d69f590c2120042cf71357426ef9e91484baf,121723268,14,"unw_phase.tif,corr.tif,conncomp.tif,dem.tif,lv_theta.tif,lv_phi.tif,water_mask.tif",,
93a1b33b-fe1c-47e4-9821-41ecdd2b2d17,delhi_ncr_sbas_d136_v1_val_20250420_20250526,20250420_20250526,True,SUCCEEDED,2026-09-22T11:26:56.148908+00:00,True,data/descending_zips/delhi_ncr_sbas_d136_v1_val_20250420_20250526__93a1b33b,data/descending_extracted/delhi_ncr_sbas_d136_v1_val_20250420_20250526__93a1b33b,1,116639539,b203f5b007923e7bea8d94b981a2b0adc238c047a2a2472a752adfbddc0d3c52,120035755,14,"unw_phase.tif,corr.tif,conncomp.tif,dem.tif,lv_theta.tif,lv_phi.tif,water_mask.tif",,
ea8f8718-3af6-4874-9a7d-77e8a26cd534,delhi_ncr_sbas_d136_v1_val_20250420_20250514,20250420_20250514,True,SUCCEEDED,2026-09-22T11:27:18.268752+00:00,True,data/descending_zips/delhi_ncr_sbas_d136_v1_val_20250420_20250514__ea8f8718,data/descending_extracted/delhi_ncr_sbas_d136_v1_val_20250420_20250514__ea8f8718,1,118713400,271c5b6bcefb6cba87f09ce8783c2e1e3f9915e2b2141a8f36d7708d5888ba36,122156435,14,"unw_phase.tif,corr.tif,conncomp.tif,dem.tif,lv_theta.tif,lv_phi.tif,water_mask.tif",,
d89e1f83-029e-4894-a720-91c9bcfec4f2,delhi_ncr_sbas_d136_v1_val_20250420_20250502,20250420_20250502,True,SUCCEEDED,2026-09-22T11:28:21.739633+00:00,True,data/descending_zips/delhi_ncr_sbas_d136_v1_val_20250420_20250502__d89e1f83,data/descending_extracted/delhi_ncr_sbas_d136_v1_val_20250420_20250502__d89e1f83,1,119169318,2856a9a90d9a24326a66a98a724901b3bf13b2b88a97ecef22e848277ed72b65,122641748,14,"unw_phase.tif,corr.tif,conncomp.tif,dem.tif,lv_theta.tif,lv_phi.tif,water_mask.tif",,
ff8429e3-b795-4122-b99f-9b7d59325523,delhi_ncr_sbas_d136_v1_val_20250408_20250514,20250408_20250514,True,SUCCEEDED,2026-09-22T11:29:35.415208+00:00,True,data/descending_zips/delhi_ncr_sbas_d136_v1_val_20250408_20250514__ff8429e3,data/descending_extracted/delhi_ncr_sbas_d136_v1_val_20250408_20250514__ff8429e3,1,116854524,933a042ecab9068d6796b49cba5c768c8c3e45eb9bda46fbe1f0c795eea4366a,120251270,14,"unw_phase.tif,corr.tif,conncomp.tif,dem.tif,lv_theta.tif,lv_phi.tif,water_mask.tif",,
8fcf03fc-5bc2-4732-91af-6c4466d55f71,delhi_ncr_sbas_d136_v1_val_20250408_20250502,20250408_20250502,True,SUCCEEDED,2026-09-22T11:29:38.225312+00:00,True,data/descending_zips/delhi_ncr_sbas_d136_v1_val_20250408_20250502__8fcf03fc,data/descending_extracted/delhi_ncr_sbas_d136_v1_val_20250408_20250502__8fcf03fc,1,116783349,ac55a88c2dbbc923b975a4e514fa0424bf0cd1244319aa8b88113816bcb06066,120188344,14,"unw_phase.tif,corr.tif,conncomp.tif,dem.tif,lv_theta.tif,lv_phi.tif,water_mask.tif",,
bbcfd9d8-d244-4fa6-8896-4394d13366ea,delhi_ncr_sbas_d136_v1_val_20250408_20250420,20250408_20250420,True,SUCCEEDED,2026-09-22T11:30:52.801859+00:00,True,data/descending_zips/delhi_ncr_sbas_d136_v1_val_20250408_20250420__bbcfd9d8,data/descending_extracted/delhi_ncr_sbas_d136_v1_val_20250408_20250420__bbcfd9d8,1,117304168,7c1009f41355332600f9fa2cf67ad8bb1e8b85f0a0f838f5c5e05278171b518a,120576973,14,"unw_phase.tif,corr.tif,conncomp.tif,dem.tif,lv_theta.tif,lv_phi.tif,water_mask.tif",,
cc586620-f7da-4997-a81b-405405bf2ee3,delhi_ncr_sbas_d136_v1_val_20250327_20250502,20250327_20250502,True,SUCCEEDED,2026-09-22T11:31:23.239659+00:00,True,data/descending_zips/delhi_ncr_sbas_d136_v1_val_20250327_20250502__cc586620,data/descending_extracted/delhi_ncr_sbas_d136_v1_val_20250327_20250502__cc586620,1,115920815,bfcbb4d9083c747d10dc998d205c726f97df6954dc43bc70c61c559e93fb61d9,119324979,14,"unw_phase.tif,corr.tif,conncomp.tif,dem.tif,lv_theta.tif,lv_phi.tif,water_mask.tif",,
6fd88f27-483d-43c3-a441-d7fe9590d8fc,delhi_ncr_sbas_d136_v1_val_20250327_20250420,20250327_20250420,True,SUCCEEDED,2026-09-22T11:32:11.494661+00:00,True,data/descending_zips/delhi_ncr_sbas_d136_v1_val_20250327_20250420__6fd88f27,data/descending_extracted/delhi_ncr_sbas_d136_v1_val_20250327_20250420__6fd88f27,1,119665682,81037f771e08c5bcded556d11b6804f29e7bba55f9dbed4cabf46ca7463f0947,123111632,14,"unw_phase.tif,corr.tif,conncomp.tif,dem.tif,lv_theta.tif,lv_phi.tif,water_mask.tif",,
29b21eb2-ecf4-41c7-8a2f-91b4c16ff725,delhi_ncr_sbas_d136_v1_val_20250327_20250408,20250327_20250408,True,SUCCEEDED,2026-09-22T11:32:47.834674+00:00,True,data/descending_zips/delhi_ncr_sbas_d136_v1_val_20250327_20250408__29b21eb2,data/descending_extracted/delhi_ncr_sbas_d136_v1_val_20250327_20250408__29b21eb2,1,118287242,017309fab6564acd352bda18a1e8a013d18ae7ec3e2796187fd4be2ede7c2290,121611733,14,"unw_phase.tif,corr.tif,conncomp.tif,dem.tif,lv_theta.tif,lv_phi.tif,water_mask.tif",,
5d9644fc-c7dd-431a-928d-c4c71382e40f,delhi_ncr_sbas_d136_v1_val_20250315_20250420,20250315_20250420,True,SUCCEEDED,2026-09-22T11:33:26.438979+00:00,True,data/descending_zips/delhi_ncr_sbas_d136_v1_val_20250315_20250420__5d9644fc,data/descending_extracted/delhi_ncr_sbas_d136_v1_val_20250315_20250420__5d9644fc,1,117279894,b6a67dcdf7e70b5f3cf3ae9cfacb38ae1d7a694c17bd534e6ff7dc525a2a738d,120733966,14,"unw_phase.tif,corr.tif,conncomp.tif,dem.tif,lv_theta.tif,lv_phi.tif,water_mask.tif",,
9a03cc43-2727-447a-a5d4-ac84c8e2a43e,delhi_ncr_sbas_d136_v1_val_20250315_20250327,20250315_20250327,True,SUCCEEDED,2026-09-22T11:33:27.266519+00:00,True,data/descending_zips/delhi_ncr_sbas_d136_v1_val_20250315_20250327__9a03cc43,data/descending_extracted/delhi_ncr_sbas_d136_v1_val_20250315_20250327__9a03cc43,1,118396908,5d59e33057bf04f1100a108c4c6cab9f5d6915a2f94e6dc1445a169d9d3725a0,121709799,14,"unw_phase.tif,corr.tif,conncomp.tif,dem.tif,lv_theta.tif,lv_phi.tif,water_mask.tif",,
bff402a5-8c8b-44fa-bc1a-d51b03079aae,delhi_ncr_sbas_d136_v1_val_20250315_20250408,20250315_20250408,True,SUCCEEDED,2026-09-22T11:33:39.068635+00:00,True,data/descending_zips/delhi_ncr_sbas_d136_v1_val_20250315_20250408__bff402a5,data/descending_extracted/delhi_ncr_sbas_d136_v1_val_20250315_20250408__bff402a5,1,118585117,cf9dff7e197d5357593cd00266264516b7184d77cf3443c02012e4d64620850f,122003379,14,"unw_phase.tif,corr.tif,conncomp.tif,dem.tif,lv_theta.tif,lv_phi.tif,water_mask.tif",,
1f2a40f1-6350-45a2-800e-e87529714fa0,delhi_ncr_sbas_d136_v1_val_20250303_20250408,20250303_20250408,True,SUCCEEDED,2026-09-22T11:33:47.129975+00:00,True,data/descending_zips/delhi_ncr_sbas_d136_v1_val_20250303_20250408__1f2a40f1,data/descending_extracted/delhi_ncr_sbas_d136_v1_val_20250303_20250408__1f2a40f1,1,118649835,a43ca6843053e72ad84cd4a36f1f301d5c0e176073f068262eef0516c21c6a4e,122063360,14,"unw_phase.tif,corr.tif,conncomp.tif,dem.tif,lv_theta.tif,lv_phi.tif,water_mask.tif",,
40283b33-8953-4151-92da-ef5c95278b5d,delhi_ncr_sbas_d136_v1_val_20250303_20250327,20250303_20250327,True,SUCCEEDED,2026-09-22T11:35:03.515572+00:00,True,data/descending_zips/delhi_ncr_sbas_d136_v1_val_20250303_20250327__40283b33,data/descending_extracted/delhi_ncr_sbas_d136_v1_val_20250303_20250327__40283b33,1,119052372,876afa056f07502f2939e02e65f1059e9e1f096396a32c515744561819b15b63,122441251,14,"unw_phase.tif,corr.tif,conncomp.tif,dem.tif,lv_theta.tif,lv_phi.tif,water_mask.tif",,
b82e40f2-5df6-4082-945d-6b30ae06e26d,delhi_ncr_sbas_d136_v1_val_20250303_20250315,20250303_20250315,True,SUCCEEDED,2026-09-22T11:35:07.399178+00:00,True,data/descending_zips/delhi_ncr_sbas_d136_v1_val_20250303_20250315__b82e40f2,data/descending_extracted/delhi_ncr_sbas_d136_v1_val_20250303_20250315__b82e40f2,1,120152191,efe3084d3e6c2016ab20783186601f03094e33f9d6353225870c7a8fb195864a,123565435,14,"unw_phase.tif,corr.tif,conncomp.tif,dem.tif,lv_theta.tif,lv_phi.tif,water_mask.tif",,
53daad93-9f83-4f99-9e8c-9383ffa2de0a,delhi_ncr_sbas_d136_v1_val_20250219_20250327,20250219_20250327,True,SUCCEEDED,2026-09-22T11:36:25.555491+00:00,True,data/descending_zips/delhi_ncr_sbas_d136_v1_val_20250219_20250327__53daad93,data/descending_extracted/delhi_ncr_sbas_d136_v1_val_20250219_20250327__53daad93,1,118695664,eb7f0c8fe755ea468ec3ca39f8e6ac03f66835952e0e900f6269893422e75ec6,122099039,14,"unw_phase.tif,corr.tif,conncomp.tif,dem.tif,lv_theta.tif,lv_phi.tif,water_mask.tif",,
38086994-d8f9-42f9-9987-d36706b5c638,delhi_ncr_sbas_d136_v1_val_20250219_20250315,20250219_20250315,True,SUCCEEDED,2026-09-22T11:36:48.557394+00:00,True,data/descending_zips/delhi_ncr_sbas_d136_v1_val_20250219_20250315__38086994,data/descending_extracted/delhi_ncr_sbas_d136_v1_val_20250219_20250315__38086994,1,118417335,9df85750beca279c40bbdcdebeb0fd073bb9f08d80a98d719c60a23253b1ed14,121787606,14,"unw_phase.tif,corr.tif,conncomp.tif,dem.tif,lv_theta.tif,lv_phi.tif,water_mask.tif",,
3da6f4de-b389-4da9-92ac-50e950996bff,delhi_ncr_sbas_d136_v1_val_20250219_20250303,20250219_20250303,True,SUCCEEDED,2026-09-22T11:36:52.295744+00:00,True,data/descending_zips/delhi_ncr_sbas_d136_v1_val_20250219_20250303__3da6f4de,data/descending_extracted/delhi_ncr_sbas_d136_v1_val_20250219_20250303__3da6f4de,1,120505729,3290471be2d1e1e99aec703f1ec756c4441cd6b4a4541ac800d2ed409b756445,123863128,14,"unw_phase.tif,corr.tif,conncomp.tif,dem.tif,lv_theta.tif,lv_phi.tif,water_mask.tif",,
f05e7981-da80-4d90-b660-10ed98749a8b,delhi_ncr_sbas_d136_v1_val_20250207_20250315,20250207_20250315,True,SUCCEEDED,2026-09-22T11:37:35.284855+00:00,True,data/descending_zips/delhi_ncr_sbas_d136_v1_val_20250207_20250315__f05e7981,data/descending_extracted/delhi_ncr_sbas_d136_v1_val_20250207_20250315__f05e7981,1,120585206,934ff69b9c5856ee6804ded437796e228a7c70d9cd856475f35ad3e733ba041b,124105357,14,"unw_phase.tif,corr.tif,conncomp.tif,dem.tif,lv_theta.tif,lv_phi.tif,water_mask.tif",,
15db38f2-7b78-4996-9c6a-0494e9934e3b,delhi_ncr_sbas_d136_v1_val_20250207_20250303,20250207_20250303,True,SUCCEEDED,2026-09-22T11:37:36.024873+00:00,True,data/descending_zips/delhi_ncr_sbas_d136_v1_val_20250207_20250303__15db38f2,data/descending_extracted/delhi_ncr_sbas_d136_v1_val_20250207_20250303__15db38f2,1,119117731,c9338d4add7125b2d8987cc1b286a8f81eab9e35790bc0ec70687eeff6b01c50,122504586,14,"unw_phase.tif,corr.tif,conncomp.tif,dem.tif,lv_theta.tif,lv_phi.tif,water_mask.tif",,
12337a43-6015-44d6-88fd-fdfae6726c5b,delhi_ncr_sbas_d136_v1_val_20250207_20250219,20250207_20250219,True,SUCCEEDED,2026-09-22T11:38:53.398118+00:00,True,data/descending_zips/delhi_ncr_sbas_d136_v1_val_20250207_20250219__12337a43,data/descending_extracted/delhi_ncr_sbas_d136_v1_val_20250207_20250219__12337a43,1,120081069,d625034005435a1517280c9d823427e63d6bf9b32764ee9020ed3f11bd7dc172,123394437,14,"unw_phase.tif,corr.tif,conncomp.tif,dem.tif,lv_theta.tif,lv_phi.tif,water_mask.tif",,
6841ba5a-89f9-47f3-856f-42e23b2932cd,delhi_ncr_sbas_d136_v1_val_20250126_20250219,20250126_20250219,True,SUCCEEDED,2026-09-22T11:38:55.070896+00:00,True,data/descending_zips/delhi_ncr_sbas_d136_v1_val_20250126_20250219__6841ba5a,data/descending_extracted/delhi_ncr_sbas_d136_v1_val_20250126_20250219__6841ba5a,1,118478590,f4ecb3770cacf1d00d642120b73e2e709d93e745dc0fcd9cb2956cd21268fa03,121874486,14,"unw_phase.tif,corr.tif,conncomp.tif,dem.tif,lv_theta.tif,lv_phi.tif,water_mask.tif",,
af824f78-023a-4540-a2f4-12487da22981,delhi_ncr_sbas_d136_v1_val_20250126_20250303,20250126_20250303,True,SUCCEEDED,2026-09-22T11:39:05.558162+00:00,True,data/descending_zips/delhi_ncr_sbas_d136_v1_val_20250126_20250303__af824f78,data/descending_extracted/delhi_ncr_sbas_d136_v1_val_20250126_20250303__af824f78,1,119197031,9eebde531021b9eac20d2e10d9ed29e9c03ec480392ab7c450017675e5cdc931,122612502,14,"unw_phase.tif,corr.tif,conncomp.tif,dem.tif,lv_theta.tif,lv_phi.tif,water_mask.tif",,
59cecd19-18bc-4202-800f-f65e49d90012,delhi_ncr_sbas_d136_v1_val_20250126_20250207,20250126_20250207,True,SUCCEEDED,2026-09-22T11:40:25.584500+00:00,True,data/descending_zips/delhi_ncr_sbas_d136_v1_val_20250126_20250207__59cecd19,data/descending_extracted/delhi_ncr_sbas_d136_v1_val_20250126_20250207__59cecd19,1,117702484,32ceb2c355a7728211afa0a8e104f561c0aad259d2f693d7cb859ef2e39e328f,120870091,14,"unw_phase.tif,corr.tif,conncomp.tif,dem.tif,lv_theta.tif,lv_phi.tif,water_mask.tif",,
07873795-4c26-4db4-b688-ee16982199b4,delhi_ncr_sbas_d136_v1_val_20250114_20250219,20250114_20250219,True,SUCCEEDED,2026-09-22T11:40:25.656744+00:00,True,data/descending_zips/delhi_ncr_sbas_d136_v1_val_20250114_20250219__07873795,data/descending_extracted/delhi_ncr_sbas_d136_v1_val_20250114_20250219__07873795,1,117861728,f605b0c2123e427da381dd1f459725ba9432413ce15a0ea4201d6da05a53f4aa,121277266,14,"unw_phase.tif,corr.tif,conncomp.tif,dem.tif,lv_theta.tif,lv_phi.tif,water_mask.tif",,
3456c964-11d2-413b-944c-2b88b0aa9f2c,delhi_ncr_sbas_d136_v1_val_20250114_20250207,20250114_20250207,True,SUCCEEDED,2026-09-22T11:41:53.247358+00:00,True,data/descending_zips/delhi_ncr_sbas_d136_v1_val_20250114_20250207__3456c964,data/descending_extracted/delhi_ncr_sbas_d136_v1_val_20250114_20250207__3456c964,1,121810073,aaaae1188acfd2fb99c650b3cbafb1ad7c18013ec92dd333b476da9363fc9c42,125338493,14,"unw_phase.tif,corr.tif,conncomp.tif,dem.tif,lv_theta.tif,lv_phi.tif,water_mask.tif",,
ccda28e3-8169-451a-8c71-d7fc0dbd1078,delhi_ncr_sbas_d136_v1_val_20250114_20250126,20250114_20250126,True,SUCCEEDED,2026-09-22T11:42:15.902380+00:00,True,data/descending_zips/delhi_ncr_sbas_d136_v1_val_20250114_20250126__ccda28e3,data/descending_extracted/delhi_ncr_sbas_d136_v1_val_20250114_20250126__ccda28e3,1,116856823,ba03365034366ce2a0b45c2863f35375674086d4b60972c169e7ec35fa390f87,119987070,14,"unw_phase.tif,corr.tif,conncomp.tif,dem.tif,lv_theta.tif,lv_phi.tif,water_mask.tif",,
5c95fc88-82dd-420d-b546-12837a1f4956,delhi_ncr_sbas_d136_v1_val_20250102_20250207,20250102_20250207,True,SUCCEEDED,2026-09-22T11:42:16.963746+00:00,True,data/descending_zips/delhi_ncr_sbas_d136_v1_val_20250102_20250207__5c95fc88,data/descending_extracted/delhi_ncr_sbas_d136_v1_val_20250102_20250207__5c95fc88,1,118429977,912d3f242bab8a4535385a467c930f3026bda746f846003710a50b481183e73a,121778428,14,"unw_phase.tif,corr.tif,conncomp.tif,dem.tif,lv_theta.tif,lv_phi.tif,water_mask.tif",,
0a2a0327-51f4-4dc2-9a10-a10a8b1c6f1b,delhi_ncr_sbas_d136_v1_val_20250102_20250126,20250102_20250126,True,SUCCEEDED,2026-09-22T11:42:44.316067+00:00,True,data/descending_zips/delhi_ncr_sbas_d136_v1_val_20250102_20250126__0a2a0327,data/descending_extracted/delhi_ncr_sbas_d136_v1_val_20250102_20250126__0a2a0327,1,118860881,d8fb2b7368f3ec473ae56008944d4242639811e8d136067691d86240dcf0b712,122127882,14,"unw_phase.tif,corr.tif,conncomp.tif,dem.tif,lv_theta.tif,lv_phi.tif,water_mask.tif",,
2ce86478-e5e1-4479-8791-08d0307c1df6,delhi_ncr_sbas_d136_v1_val_20250102_20250114,20250102_20250114,True,SUCCEEDED,2026-09-22T11:43:21.944352+00:00,True,data/descending_zips/delhi_ncr_sbas_d136_v1_val_20250102_20250114__2ce86478,data/descending_extracted/delhi_ncr_sbas_d136_v1_val_20250102_20250114__2ce86478,1,116033589,15e6140f127d7e428aea36a73374358fbb91c7eb14a3fc2219f61f93f822d0de,119282131,14,"unw_phase.tif,corr.tif,conncomp.tif,dem.tif,lv_theta.tif,lv_phi.tif,water_mask.tif",,
d447a35c-3b72-429c-a040-9ed9fae26911,delhi_ncr_sbas_d136_v1_val_20241221_20250126,20241221_20250126,True,SUCCEEDED,2026-09-22T11:44:27.925533+00:00,True,data/descending_zips/delhi_ncr_sbas_d136_v1_val_20241221_20250126__d447a35c,data/descending_extracted/delhi_ncr_sbas_d136_v1_val_20241221_20250126__d447a35c,1,118610463,d0052caf408aabb346a35f1ce68e9ce242bb8b142a2f0ce8d8052dce4b0b089b,121936647,14,"unw_phase.tif,corr.tif,conncomp.tif,dem.tif,lv_theta.tif,lv_phi.tif,water_mask.tif",,
480e3363-7a09-4616-bb0f-692bfd8e5362,delhi_ncr_sbas_d136_v1_val_20241221_20250114,20241221_20250114,True,SUCCEEDED,2026-09-22T11:45:09.352881+00:00,True,data/descending_zips/delhi_ncr_sbas_d136_v1_val_20241221_20250114__480e3363,data/descending_extracted/delhi_ncr_sbas_d136_v1_val_20241221_20250114__480e3363,1,117868855,5a94cc348c4c6c760d39a33c37d5ab4e89ec63a2bef0daf4a86ab11c1b655d2a,121232214,14,"unw_phase.tif,corr.tif,conncomp.tif,dem.tif,lv_theta.tif,lv_phi.tif,water_mask.tif",,
a76cb312-f1c1-472e-9c32-cb5db51cbda5,delhi_ncr_sbas_d136_v1_val_20241221_20250102,20241221_20250102,True,SUCCEEDED,2026-09-22T11:45:25.412623+00:00,True,data/descending_zips/delhi_ncr_sbas_d136_v1_val_20241221_20250102__a76cb312,data/descending_extracted/delhi_ncr_sbas_d136_v1_val_20241221_20250102__a76cb312,1,116613081,3a0565403d1ab769cfe1f4268b47e1e26fd21aefdb6a870a5f865bd2f9754465,119857984,14,"unw_phase.tif,corr.tif,conncomp.tif,dem.tif,lv_theta.tif,lv_phi.tif,water_mask.tif",,
0f2f4205-6d31-43e3-a25a-c3bcf580f586,delhi_ncr_sbas_d136_v1_val_20241209_20250114,20241209_20250114,True,SUCCEEDED,2026-09-22T11:45:55.458833+00:00,True,data/descending_zips/delhi_ncr_sbas_d136_v1_val_20241209_20250114__0f2f4205,data/descending_extracted/delhi_ncr_sbas_d136_v1_val_20241209_20250114__0f2f4205,1,118885386,a78317b9cbae947f0f9f52040e18b5e540a0fda6fb6b3fc4e296eeed519bac64,122308815,14,"unw_phase.tif,corr.tif,conncomp.tif,dem.tif,lv_theta.tif,lv_phi.tif,water_mask.tif",,
8d1c3ff3-e0ac-4347-870c-ee0843d6d85e,delhi_ncr_sbas_d136_v1_val_20241209_20250102,20241209_20250102,True,SUCCEEDED,2026-09-22T11:47:22.719587+00:00,True,data/descending_zips/delhi_ncr_sbas_d136_v1_val_20241209_20250102__8d1c3ff3,data/descending_extracted/delhi_ncr_sbas_d136_v1_val_20241209_20250102__8d1c3ff3,1,118494810,ca15c406b7c6c9290d39e2035c25c8d18b14e608fa7e8a750229f18fb54af8e6,121817646,14,"unw_phase.tif,corr.tif,conncomp.tif,dem.tif,lv_theta.tif,lv_phi.tif,water_mask.tif",,
db1d586c-68d3-4fa8-a118-316e7e4033ab,delhi_ncr_sbas_d136_v1_val_20241209_20241221,20241209_20241221,True,SUCCEEDED,2026-09-22T11:48:05.468179+00:00,True,data/descending_zips/delhi_ncr_sbas_d136_v1_val_20241209_20241221__db1d586c,data/descending_extracted/delhi_ncr_sbas_d136_v1_val_20241209_20241221__db1d586c,1,118176183,88c32c712e5557668f6688f8fe2230a31d80e9cb8e7ac9f898afda2d18738301,121425161,14,"unw_phase.tif,corr.tif,conncomp.tif,dem.tif,lv_theta.tif,lv_phi.tif,water_mask.tif",,
d59df8ba-c297-4fd7-a7c1-725091f9b04e,delhi_ncr_sbas_d136_v1_val_20241127_20250102,20241127_20250102,True,SUCCEEDED,2026-09-22T11:48:20.320586+00:00,True,data/descending_zips/delhi_ncr_sbas_d136_v1_val_20241127_20250102__d59df8ba,data/descending_extracted/delhi_ncr_sbas_d136_v1_val_20241127_20250102__d59df8ba,1,117737205,96da2de876a2510321e3dc7b4558c32354b6934fe2e4b51fd51439fa66cfa52e,121190303,14,"unw_phase.tif,corr.tif,conncomp.tif,dem.tif,lv_theta.tif,lv_phi.tif,water_mask.tif",,
26b2eaf9-8daa-4289-a29a-af22c55c7985,delhi_ncr_sbas_d136_v1_val_20241127_20241221,20241127_20241221,True,SUCCEEDED,2026-09-22T11:48:25.091181+00:00,True,data/descending_zips/delhi_ncr_sbas_d136_v1_val_20241127_20241221__26b2eaf9,data/descending_extracted/delhi_ncr_sbas_d136_v1_val_20241127_20241221__26b2eaf9,1,118651103,ec235deccfe2e4bc65cb86d63d8871afec90a0fffaf70fad68dca3f33f4d00ef,121956035,14,"unw_phase.tif,corr.tif,conncomp.tif,dem.tif,lv_theta.tif,lv_phi.tif,water_mask.tif",,
3b6fff0c-07bf-4c47-890c-bb315c1de34d,delhi_ncr_sbas_d136_v1_val_20241127_20241209,20241127_20241209,True,SUCCEEDED,2026-09-22T11:48:31.659677+00:00,True,data/descending_zips/delhi_ncr_sbas_d136_v1_val_20241127_20241209__3b6fff0c,data/descending_extracted/delhi_ncr_sbas_d136_v1_val_20241127_20241209__3b6fff0c,1,118514665,1916d89eb89aa282688ab337b8e282dc633d7f33a5b7812984951c6a3e607015,121800588,14,"unw_phase.tif,corr.tif,conncomp.tif,dem.tif,lv_theta.tif,lv_phi.tif,water_mask.tif",,
a4638752-5dd5-4436-a285-428ccbbabe92,delhi_ncr_sbas_d136_v1_val_20241115_20241221,20241115_20241221,True,SUCCEEDED,2026-09-22T11:49:44.022728+00:00,True,data/descending_zips/delhi_ncr_sbas_d136_v1_val_20241115_20241221__a4638752,data/descending_extracted/delhi_ncr_sbas_d136_v1_val_20241115_20241221__a4638752,1,116689719,89665250e19a928b1bc79ad41621d4588964b4fdf3d2fa00f3977b68d7079136,120071743,14,"unw_phase.tif,corr.tif,conncomp.tif,dem.tif,lv_theta.tif,lv_phi.tif,water_mask.tif",,
ecabb83b-a789-4df3-874e-b4e30852dfa1,delhi_ncr_sbas_d136_v1_val_20241115_20241209,20241115_20241209,True,SUCCEEDED,2026-09-22T11:50:17.768058+00:00,True,data/descending_zips/delhi_ncr_sbas_d136_v1_val_20241115_20241209__ecabb83b,data/descending_extracted/delhi_ncr_sbas_d136_v1_val_20241115_20241209__ecabb83b,1,119606424,2735b807b5d1840727dc8dbf969d15a1a992e0f20a9656512eeeb97ad180ef0a,122961796,14,"unw_phase.tif,corr.tif,conncomp.tif,dem.tif,lv_theta.tif,lv_phi.tif,water_mask.tif",,
af6059f9-5be7-41e4-9213-88b34d1a330f,delhi_ncr_sbas_d136_v1_val_20241115_20241127,20241115_20241127,True,SUCCEEDED,2026-09-22T11:50:22.540440+00:00,True,data/descending_zips/delhi_ncr_sbas_d136_v1_val_20241115_20241127__af6059f9,data/descending_extracted/delhi_ncr_sbas_d136_v1_val_20241115_20241127__af6059f9,1,119802145,cdfe9008b35f526b0ea8ec8ea2c41f80c44d5ee3e6ade872850b6c838ac27991,123071725,14,"unw_phase.tif,corr.tif,conncomp.tif,dem.tif,lv_theta.tif,lv_phi.tif,water_mask.tif",,
0ec554f3-99c6-48bf-b561-cd5ea576f995,delhi_ncr_sbas_d136_v1_val_20241103_20241209,20241103_20241209,True,SUCCEEDED,2026-09-22T11:50:50.985189+00:00,True,data/descending_zips/delhi_ncr_sbas_d136_v1_val_20241103_20241209__0ec554f3,data/descending_extracted/delhi_ncr_sbas_d136_v1_val_20241103_20241209__0ec554f3,1,118854715,4dee0d8588a6b703eb59a341f47cf5ba1f1118181c744be63180b408af2fa699,122315640,14,"unw_phase.tif,corr.tif,conncomp.tif,dem.tif,lv_theta.tif,lv_phi.tif,water_mask.tif",,
1488136c-1cee-4807-8b3d-d3c5e2c50b34,delhi_ncr_sbas_d136_v1_val_20241103_20241127,20241103_20241127,True,SUCCEEDED,2026-09-22T11:51:25.312897+00:00,True,data/descending_zips/delhi_ncr_sbas_d136_v1_val_20241103_20241127__1488136c,data/descending_extracted/delhi_ncr_sbas_d136_v1_val_20241103_20241127__1488136c,1,119151904,c20bee115593a51b9b122b1cacfe740d32534e59b8da966a20e33486d13d03a1,122502276,14,"unw_phase.tif,corr.tif,conncomp.tif,dem.tif,lv_theta.tif,lv_phi.tif,water_mask.tif",,
d2410858-1a5f-4860-b643-24bfef5db555,delhi_ncr_sbas_d136_v1_val_20241022_20241127,20241022_20241127,True,SUCCEEDED,2026-09-22T11:51:46.714649+00:00,True,data/descending_zips/delhi_ncr_sbas_d136_v1_val_20241022_20241127__d2410858,data/descending_extracted/delhi_ncr_sbas_d136_v1_val_20241022_20241127__d2410858,1,117990607,5aa9f49f3f3dd11611d2675d304e037cee4213afe6998d92431bdf523e7fd196,121360440,14,"unw_phase.tif,corr.tif,conncomp.tif,dem.tif,lv_theta.tif,lv_phi.tif,water_mask.tif",,
b7477174-b337-4b0f-8140-bad69e52b7e0,delhi_ncr_sbas_d136_v1_val_20241103_20241115,20241103_20241115,True,SUCCEEDED,2026-09-22T11:51:47.509027+00:00,True,data/descending_zips/delhi_ncr_sbas_d136_v1_val_20241103_20241115__b7477174,data/descending_extracted/delhi_ncr_sbas_d136_v1_val_20241103_20241115__b7477174,1,118115473,c2881c6258b7cde91f30cdbb2a3fedaeaf5ed280d7632a6ac0db56b315fb7a85,121382356,14,"unw_phase.tif,corr.tif,conncomp.tif,dem.tif,lv_theta.tif,lv_phi.tif,water_mask.tif",,
3ea72c7a-9267-49e7-9d5d-98df1b2627a6,delhi_ncr_sbas_d136_v1_val_20241022_20241115,20241022_20241115,True,SUCCEEDED,2026-09-22T11:54:05.597002+00:00,True,data/descending_zips/delhi_ncr_sbas_d136_v1_val_20241022_20241115__3ea72c7a,data/descending_extracted/delhi_ncr_sbas_d136_v1_val_20241022_20241115__3ea72c7a,1,117709823,0b2ffb6d2b6e429c1ff76ed88a132c50642508902db74e2b85f0aecb3080eb6d,121117815,14,"unw_phase.tif,corr.tif,conncomp.tif,dem.tif,lv_theta.tif,lv_phi.tif,water_mask.tif",,
2d8a4a9b-c4c5-4ca5-9968-4c277563574a,delhi_ncr_sbas_d136_v1_val_20241022_20241103,20241022_20241103,True,SUCCEEDED,2026-09-22T11:55:12.125820+00:00,True,data/descending_zips/delhi_ncr_sbas_d136_v1_val_20241022_20241103__2d8a4a9b,data/descending_extracted/delhi_ncr_sbas_d136_v1_val_20241022_20241103__2d8a4a9b,1,119562414,f39e43858f57261d46b6b4450074544fa0874133e7e7bc7f3556403676c88ab1,122888222,14,"unw_phase.tif,corr.tif,conncomp.tif,dem.tif,lv_theta.tif,lv_phi.tif,water_mask.tif",,
3c4514c3-4dbd-4475-9706-e6647c1633f4,delhi_ncr_sbas_d136_v1_val_20241010_20241115,20241010_20241115,True,SUCCEEDED,2026-09-22T11:55:37.143991+00:00,True,data/descending_zips/delhi_ncr_sbas_d136_v1_val_20241010_20241115__3c4514c3,data/descending_extracted/delhi_ncr_sbas_d136_v1_val_20241010_20241115__3c4514c3,1,117508230,adfef730fa44ccf68b1cc10b8ec512bbf36837a706652e8f9cff85f28add82de,120924642,14,"unw_phase.tif,corr.tif,conncomp.tif,dem.tif,lv_theta.tif,lv_phi.tif,water_mask.tif",,
514a6e15-7fd2-4b86-a1ec-86e00aa5c813,delhi_ncr_sbas_d136_v1_val_20241010_20241103,20241010_20241103,True,SUCCEEDED,2026-09-22T11:56:22.190787+00:00,True,data/descending_zips/delhi_ncr_sbas_d136_v1_val_20241010_20241103__514a6e15,data/descending_extracted/delhi_ncr_sbas_d136_v1_val_20241010_20241103__514a6e15,1,119354160,be3a3478bb573570672cfd5e8a526d17ad82acb5edf998d850d4fd2196865903,122802529,14,"unw_phase.tif,corr.tif,conncomp.tif,dem.tif,lv_theta.tif,lv_phi.tif,water_mask.tif",,
5258f55f-0e57-40c3-b3fd-a98a5bc157c9,delhi_ncr_sbas_d136_v1_val_20241010_20241022,20241010_20241022,True,SUCCEEDED,2026-09-22T11:56:23.606325+00:00,True,data/descending_zips/delhi_ncr_sbas_d136_v1_val_20241010_20241022__5258f55f,data/descending_extracted/delhi_ncr_sbas_d136_v1_val_20241010_20241022__5258f55f,1,119811243,d4938b4875a767e7cdc46cd9656665f5070e964cdf21b4990b550b11f2bf59b6,123162091,14,"unw_phase.tif,corr.tif,conncomp.tif,dem.tif,lv_theta.tif,lv_phi.tif,water_mask.tif",,
cfdfa327-9cef-4e49-91e5-958a2c9f0e57,delhi_ncr_sbas_d136_v1_val_20240928_20241022,20240928_20241022,True,SUCCEEDED,2026-09-22T11:56:30.147002+00:00,True,data/descending_zips/delhi_ncr_sbas_d136_v1_val_20240928_20241022__cfdfa327,data/descending_extracted/delhi_ncr_sbas_d136_v1_val_20240928_20241022__cfdfa327,1,118468215,ad6168b8d71b36af0fba652fe8585401e7b583b0fb3b4345e5a3da793286053b,121949562,14,"unw_phase.tif,corr.tif,conncomp.tif,dem.tif,lv_theta.tif,lv_phi.tif,water_mask.tif",,
0f2e917d-dea4-402e-a035-c692513c8b51,delhi_ncr_sbas_d136_v1_val_20240916_20241022,20240916_20241022,True,SUCCEEDED,2026-09-22T11:57:16.775797+00:00,True,data/descending_zips/delhi_ncr_sbas_d136_v1_val_20240916_20241022__0f2e917d,data/descending_extracted/delhi_ncr_sbas_d136_v1_val_20240916_20241022__0f2e917d,1,117188052,4969594e144337823affb857ba208fc15e28615ffafd2b6f3be67f1b4095d9b9,120533268,14,"unw_phase.tif,corr.tif,conncomp.tif,dem.tif,lv_theta.tif,lv_phi.tif,water_mask.tif",,
c012e32b-b158-4d0a-9c16-449e42518c15,delhi_ncr_sbas_d136_v1_val_20240916_20241010,20240916_20241010,True,SUCCEEDED,2026-09-22T11:57:18.492813+00:00,True,data/descending_zips/delhi_ncr_sbas_d136_v1_val_20240916_20241010__c012e32b,data/descending_extracted/delhi_ncr_sbas_d136_v1_val_20240916_20241010__c012e32b,1,117180241,2c93e8810a233e82301e1054e509bb26e74e8437a398cffb19c87788d7d74c54,120565275,14,"unw_phase.tif,corr.tif,conncomp.tif,dem.tif,lv_theta.tif,lv_phi.tif,water_mask.tif",,
9109f385-1c6a-4f2a-949d-5d1e3585873d,delhi_ncr_sbas_d136_v1_val_20240904_20241010,20240904_20241010,True,SUCCEEDED,2026-09-22T11:57:32.951885+00:00,True,data/descending_zips/delhi_ncr_sbas_d136_v1_val_20240904_20241010__9109f385,data/descending_extracted/delhi_ncr_sbas_d136_v1_val_20240904_20241010__9109f385,1,115573785,738d96f7644e166758123df840f68bfd5d9447c66db745e839256f3fd615020d,118923471,14,"unw_phase.tif,corr.tif,conncomp.tif,dem.tif,lv_theta.tif,lv_phi.tif,water_mask.tif",,
7aa19763-4b9c-4be7-8023-9ac8a7bdcc5d,delhi_ncr_sbas_d136_v1_val_20240904_20240928,20240904_20240928,True,SUCCEEDED,2026-09-22T11:58:11.884068+00:00,True,data/descending_zips/delhi_ncr_sbas_d136_v1_val_20240904_20240928__7aa19763,data/descending_extracted/delhi_ncr_sbas_d136_v1_val_20240904_20240928__7aa19763,1,117346555,975d1eef5bb66fb77b49ee5f87764fb1f8b88ab3ea940e9aac3c3fd619f597d4,120746237,14,"unw_phase.tif,corr.tif,conncomp.tif,dem.tif,lv_theta.tif,lv_phi.tif,water_mask.tif",,
4407721f-fbf0-485a-990d-67a61599def0,delhi_ncr_sbas_d136_v1_val_20240823_20240928,20240823_20240928,True,SUCCEEDED,2026-09-22T11:58:42.927056+00:00,True,data/descending_zips/delhi_ncr_sbas_d136_v1_val_20240823_20240928__4407721f,data/descending_extracted/delhi_ncr_sbas_d136_v1_val_20240823_20240928__4407721f,1,115826547,29ccc559956a7409a9491c3a494758b4c80e2820c7ebde89aaf0e597e2089cd5,119133641,14,"unw_phase.tif,corr.tif,conncomp.tif,dem.tif,lv_theta.tif,lv_phi.tif,water_mask.tif",,
5400a79d-5373-4fd3-a202-d9f8ee216abd,delhi_ncr_sbas_d136_v1_val_20240904_20240916,20240904_20240916,True,SUCCEEDED,2026-09-22T11:58:44.377421+00:00,True,data/descending_zips/delhi_ncr_sbas_d136_v1_val_20240904_20240916__5400a79d,data/descending_extracted/delhi_ncr_sbas_d136_v1_val_20240904_20240916__5400a79d,1,117510934,180cacfbb2f8c1d5bc9ba0e6697e3bd7f5f9234466acc0e6780bd3f02511a142,120961313,14,"unw_phase.tif,corr.tif,conncomp.tif,dem.tif,lv_theta.tif,lv_phi.tif,water_mask.tif",,
ffa212fd-9d6f-495b-9391-a381f710ef93,delhi_ncr_sbas_d136_v1_val_20240823_20240904,20240823_20240904,True,SUCCEEDED,2026-09-22T11:59:56.240159+00:00,True,data/descending_zips/delhi_ncr_sbas_d136_v1_val_20240823_20240904__ffa212fd,data/descending_extracted/delhi_ncr_sbas_d136_v1_val_20240823_20240904__ffa212fd,1,117275736,f89eedc29060d4590cc303e478b5accbb90ad9017739ee4fa62f2e1466b62e71,120615849,14,"unw_phase.tif,corr.tif,conncomp.tif,dem.tif,lv_theta.tif,lv_phi.tif,water_mask.tif",,
d30c31a7-762d-4b88-ab32-2d48087bb621,delhi_ncr_sbas_d136_v1_val_20240823_20240916,20240823_20240916,True,SUCCEEDED,2026-09-22T12:01:25.807104+00:00,True,data/descending_zips/delhi_ncr_sbas_d136_v1_val_20240823_20240916__d30c31a7,data/descending_extracted/delhi_ncr_sbas_d136_v1_val_20240823_20240916__d30c31a7,1,117698048,8d2c78763a9b2fc774b671212459eab73f44eff0ee69eb4e573d3cd6456b5a48,121064329,14,"unw_phase.tif,corr.tif,conncomp.tif,dem.tif,lv_theta.tif,lv_phi.tif,water_mask.tif",,
321c4adc-4b81-4ec2-9d26-3aad0685f899,delhi_ncr_sbas_d136_v1_val_20240718_20240823,20240718_20240823,True,SUCCEEDED,2026-09-22T12:02:08.407254+00:00,True,data/descending_zips/delhi_ncr_sbas_d136_v1_val_20240718_20240823__321c4adc,data/descending_extracted/delhi_ncr_sbas_d136_v1_val_20240718_20240823__321c4adc,1,116562240,91a359b4c232292c02a364803fd67eaec7170b0fbb273e86503fb59ecee8e354,119934352,14,"unw_phase.tif,corr.tif,conncomp.tif,dem.tif,lv_theta.tif,lv_phi.tif,water_mask.tif",,
4fe58075-e802-417f-af2b-30d81776b864,delhi_ncr_sbas_d136_v1_val_20240531_20240718,20240531_20240718,True,SUCCEEDED,2026-09-22T12:02:20.116977+00:00,True,data/descending_zips/delhi_ncr_sbas_d136_v1_val_20240531_20240718__4fe58075,data/descending_extracted/delhi_ncr_sbas_d136_v1_val_20240531_20240718__4fe58075,1,118076843,e71c2535dd61bab051a1fd5b7d13d99693a8bc3ee26405c6ad69ee16208143db,121613603,14,"unw_phase.tif,corr.tif,conncomp.tif,dem.tif,lv_theta.tif,lv_phi.tif,water_mask.tif",,
0ac0eb62-9a0d-48b5-8bb6-8c8aebe8e0ff,delhi_ncr_sbas_d136_v1_val_20240519_20240916,20240519_20240916,True,SUCCEEDED,2026-09-22T12:02:28.243086+00:00,True,data/descending_zips/delhi_ncr_sbas_d136_v1_val_20240519_20240916__0ac0eb62,data/descending_extracted/delhi_ncr_sbas_d136_v1_val_20240519_20240916__0ac0eb62,1,117070130,0bafcf1b0f81518d38616cb29ab4cfbafb8edf83461bd8bc5f5a4f041dc62121,120494053,14,"unw_phase.tif,corr.tif,conncomp.tif,dem.tif,lv_theta.tif,lv_phi.tif,water_mask.tif",,
f4f8fd8f-8f48-44fa-be4b-b9c099151501,delhi_ncr_sbas_d136_v1_val_20240519_20240531,20240519_20240531,True,SUCCEEDED,2026-09-22T12:02:56.802813+00:00,True,data/descending_zips/delhi_ncr_sbas_d136_v1_val_20240519_20240531__f4f8fd8f,data/descending_extracted/delhi_ncr_sbas_d136_v1_val_20240519_20240531__f4f8fd8f,1,118807289,2230d552a67625abfb2b543446f4de57499063924ebbf55584d3d439e9d31cb6,122090455,14,"unw_phase.tif,corr.tif,conncomp.tif,dem.tif,lv_theta.tif,lv_phi.tif,water_mask.tif",,
177ed04a-1bb3-4074-a5bc-71642babc7c8,delhi_ncr_sbas_d136_v1_val_20240425_20240531,20240425_20240531,True,SUCCEEDED,2026-09-22T12:03:51.340913+00:00,True,data/descending_zips/delhi_ncr_sbas_d136_v1_val_20240425_20240531__177ed04a,data/descending_extracted/delhi_ncr_sbas_d136_v1_val_20240425_20240531__177ed04a,1,120414115,42f2f815910b0651f5b59ee87bbc098209cebcfa13f305968465407574b9d029,123878121,14,"unw_phase.tif,corr.tif,conncomp.tif,dem.tif,lv_theta.tif,lv_phi.tif,water_mask.tif",,
bff20d26-5e9b-4fa3-bd16-2b0b8d474550,delhi_ncr_sbas_d136_v1_val_20240425_20240519,20240425_20240519,True,SUCCEEDED,2026-09-22T12:04:01.427955+00:00,True,data/descending_zips/delhi_ncr_sbas_d136_v1_val_20240425_20240519__bff20d26,data/descending_extracted/delhi_ncr_sbas_d136_v1_val_20240425_20240519__bff20d26,1,116651446,3bec5684a5e6d3db7bfdba29df1de0220421897a1b3209873b766795518f7fa9,119947078,14,"unw_phase.tif,corr.tif,conncomp.tif,dem.tif,lv_theta.tif,lv_phi.tif,water_mask.tif",,
d4d2b134-5478-40b1-8d8e-160651e100bd,delhi_ncr_sbas_d136_v1_val_20240401_20240519,20240401_20240519,True,SUCCEEDED,2026-09-22T12:04:55.853989+00:00,True,data/descending_zips/delhi_ncr_sbas_d136_v1_val_20240401_20240519__d4d2b134,data/descending_extracted/delhi_ncr_sbas_d136_v1_val_20240401_20240519__d4d2b134,1,115933413,11c5d019be17b8fa15e704936cb58ede6c11ebb9c9292c6e6a5ba5859b3bf5a1,119286767,14,"unw_phase.tif,corr.tif,conncomp.tif,dem.tif,lv_theta.tif,lv_phi.tif,water_mask.tif",,
acf2eef9-0eb3-493d-acda-7c615c8f41bb,delhi_ncr_sbas_d136_v1_val_20240401_20240425,20240401_20240425,True,SUCCEEDED,2026-09-22T12:05:03.878574+00:00,True,data/descending_zips/delhi_ncr_sbas_d136_v1_val_20240401_20240425__acf2eef9,data/descending_extracted/delhi_ncr_sbas_d136_v1_val_20240401_20240425__acf2eef9,1,119394589,c21dc4ffe51580633f40427f9d45a1b5fd8012a26b4961dbc7b432e89c05827b,122772399,14,"unw_phase.tif,corr.tif,conncomp.tif,dem.tif,lv_theta.tif,lv_phi.tif,water_mask.tif",,
35355565-31b3-4b29-92b7-a30a3867a264,delhi_ncr_sbas_d136_v1_val_20240320_20240425,20240320_20240425,True,SUCCEEDED,2026-09-22T12:05:57.891148+00:00,True,data/descending_zips/delhi_ncr_sbas_d136_v1_val_20240320_20240425__35355565,data/descending_extracted/delhi_ncr_sbas_d136_v1_val_20240320_20240425__35355565,1,118386140,b6266803c6b29e7f8772b4a168653b5bad0a9f42164f766ef4a8194fa55c40ff,121819402,14,"unw_phase.tif,corr.tif,conncomp.tif,dem.tif,lv_theta.tif,lv_phi.tif,water_mask.tif",,
f31887ae-2930-4d92-ac52-841785ba8390,delhi_ncr_sbas_d136_v1_val_20240320_20240401,20240320_20240401,True,SUCCEEDED,2026-09-22T12:07:14.481137+00:00,True,data/descending_zips/delhi_ncr_sbas_d136_v1_val_20240320_20240401__f31887ae,data/descending_extracted/delhi_ncr_sbas_d136_v1_val_20240320_20240401__f31887ae,1,118912491,ae12ba78aa1459725fdec5ec2dde97d5d9fcbc41ed3c248499ac5b8ca4f1d07f,122269865,14,"unw_phase.tif,corr.tif,conncomp.tif,dem.tif,lv_theta.tif,lv_phi.tif,water_mask.tif",,
8086230b-adc1-4b9c-8fb0-3360f1270890,delhi_ncr_sbas_d136_v1_val_20240308_20240401,20240308_20240401,True,SUCCEEDED,2026-09-22T12:07:46.292262+00:00,True,data/descending_zips/delhi_ncr_sbas_d136_v1_val_20240308_20240401__8086230b,data/descending_extracted/delhi_ncr_sbas_d136_v1_val_20240308_20240401__8086230b,1,119371446,21215ac15ba94ebdbe6acadf0a96d456bf9aa77f49b3ca80f489da79825c92c4,122786776,14,"unw_phase.tif,corr.tif,conncomp.tif,dem.tif,lv_theta.tif,lv_phi.tif,water_mask.tif",,
68c1fcb3-a34b-445b-87fc-604bcc571203,delhi_ncr_sbas_d136_v1_val_20240308_20240320,20240308_20240320,True,SUCCEEDED,2026-09-22T12:07:56.284031+00:00,True,data/descending_zips/delhi_ncr_sbas_d136_v1_val_20240308_20240320__68c1fcb3,data/descending_extracted/delhi_ncr_sbas_d136_v1_val_20240308_20240320__68c1fcb3,1,119905747,1fb8163a521e8f24456df0b836e7c9501748635ed803f5cbc9deff2cf3feff0a,123260297,14,"unw_phase.tif,corr.tif,conncomp.tif,dem.tif,lv_theta.tif,lv_phi.tif,water_mask.tif",,
b882ea61-96d2-4000-81c5-7f744b4a00ce,delhi_ncr_sbas_d136_v1_val_20240225_20240401,20240225_20240401,True,SUCCEEDED,2026-09-22T12:08:52.201854+00:00,True,data/descending_zips/delhi_ncr_sbas_d136_v1_val_20240225_20240401__b882ea61,data/descending_extracted/delhi_ncr_sbas_d136_v1_val_20240225_20240401__b882ea61,1,121091744,4a7b4d789445a1a5a958aa56a9a31b208efbc8ddfc0a5c791f168a8c9bd13158,124693337,14,"unw_phase.tif,corr.tif,conncomp.tif,dem.tif,lv_theta.tif,lv_phi.tif,water_mask.tif",,
1ba702ea-30a9-4310-b58b-e7b2760916ca,delhi_ncr_sbas_d136_v1_val_20240225_20240320,20240225_20240320,True,SUCCEEDED,2026-09-22T12:09:12.885864+00:00,True,data/descending_zips/delhi_ncr_sbas_d136_v1_val_20240225_20240320__1ba702ea,data/descending_extracted/delhi_ncr_sbas_d136_v1_val_20240225_20240320__1ba702ea,1,118719398,2c2e35c2f928fb50f7374572ef3410c81b9829091a143b6088d35c8104e8f663,122138052,14,"unw_phase.tif,corr.tif,conncomp.tif,dem.tif,lv_theta.tif,lv_phi.tif,water_mask.tif",,
08b0b6e2-ed4e-44e1-b8a2-9529d07fd37f,delhi_ncr_sbas_d136_v1_val_20240225_20240308,20240225_20240308,True,SUCCEEDED,2026-09-22T12:09:15.600590+00:00,True,data/descending_zips/delhi_ncr_sbas_d136_v1_val_20240225_20240308__08b0b6e2,data/descending_extracted/delhi_ncr_sbas_d136_v1_val_20240225_20240308__08b0b6e2,1,117775876,57c72163659a9ad09fc124d6827c9cbc87cba239979136d3166a31019fabff77,121091160,14,"unw_phase.tif,corr.tif,conncomp.tif,dem.tif,lv_theta.tif,lv_phi.tif,water_mask.tif",,
572204c1-1f33-4d13-a11c-07a4e1341817,delhi_ncr_sbas_d136_v1_val_20240120_20240225,20240120_20240225,True,SUCCEEDED,2026-09-22T12:09:28.794190+00:00,True,data/descending_zips/delhi_ncr_sbas_d136_v1_val_20240120_20240225__572204c1,data/descending_extracted/delhi_ncr_sbas_d136_v1_val_20240120_20240225__572204c1,1,117642969,928c451c623408793e456588890c6bd22ad746d9b3cb31a384d8d3bd12d91425,121008202,14,"unw_phase.tif,corr.tif,conncomp.tif,dem.tif,lv_theta.tif,lv_phi.tif,water_mask.tif",,
bb12672d-1aa2-4968-8704-9f104a2a95cc,delhi_ncr_sbas_d136_v1_val_20240108_20240308,20240108_20240308,True,SUCCEEDED,2026-09-22T12:09:52.782522+00:00,True,data/descending_zips/delhi_ncr_sbas_d136_v1_val_20240108_20240308__bb12672d,data/descending_extracted/delhi_ncr_sbas_d136_v1_val_20240108_20240308__bb12672d,1,119510611,98bb788ed297c571376d312d0241b43b8f95182130c0331e8c575114b29664b3,123009193,14,"unw_phase.tif,corr.tif,conncomp.tif,dem.tif,lv_theta.tif,lv_phi.tif,water_mask.tif",,
62734f08-dc86-461a-855d-9f8137483ecc,delhi_ncr_sbas_d136_v1_val_20231227_20240120,20231227_20240120,True,SUCCEEDED,2026-09-22T12:10:32.430664+00:00,True,data/descending_zips/delhi_ncr_sbas_d136_v1_val_20231227_20240120__62734f08,data/descending_extracted/delhi_ncr_sbas_d136_v1_val_20231227_20240120__62734f08,1,118767054,089a40d393a1c910552f0d9df1279d0cfe6003e5e40ebb6b451c7fe43748ad0b,122009721,14,"unw_phase.tif,corr.tif,conncomp.tif,dem.tif,lv_theta.tif,lv_phi.tif,water_mask.tif",,
7a4f0d82-e6d1-4c18-a031-958d04cfbc44,delhi_ncr_sbas_d136_v1_val_20231227_20240108,20231227_20240108,True,SUCCEEDED,2026-09-22T12:11:33.252206+00:00,True,data/descending_zips/delhi_ncr_sbas_d136_v1_val_20231227_20240108__7a4f0d82,data/descending_extracted/delhi_ncr_sbas_d136_v1_val_20231227_20240108__7a4f0d82,1,116707006,02ae2b66bd61fa8fac4ff71f2f8c159813d270b40197ebc1d3337b4af2cda9c1,119960702,14,"unw_phase.tif,corr.tif,conncomp.tif,dem.tif,lv_theta.tif,lv_phi.tif,water_mask.tif",,
7eb25f53-00c6-4463-a824-4db955a55328,delhi_ncr_sbas_d136_v1_val_20231203_20240108,20231203_20240108,True,SUCCEEDED,2026-09-22T12:12:06.660414+00:00,True,data/descending_zips/delhi_ncr_sbas_d136_v1_val_20231203_20240108__7eb25f53,data/descending_extracted/delhi_ncr_sbas_d136_v1_val_20231203_20240108__7eb25f53,1,117415047,84d2e31c84fc317265904427b2260565b37a0facad3bab3b8d8687cbbc5d2eb7,120754335,14,"unw_phase.tif,corr.tif,conncomp.tif,dem.tif,lv_theta.tif,lv_phi.tif,water_mask.tif",,
fc834007-0bf1-47a0-800d-fdb45cede976,delhi_ncr_sbas_d136_v1_val_20231109_20231203,20231109_20231203,True,SUCCEEDED,2026-09-22T12:12:24.990551+00:00,True,data/descending_zips/delhi_ncr_sbas_d136_v1_val_20231109_20231203__fc834007,data/descending_extracted/delhi_ncr_sbas_d136_v1_val_20231109_20231203__fc834007,1,117721143,c0f0e43b96bb027d9466b0978982d3341f3cc38bbcf0650a4fd7c426f70dc6ae,121097888,14,"unw_phase.tif,corr.tif,conncomp.tif,dem.tif,lv_theta.tif,lv_phi.tif,water_mask.tif",,
3f931ab6-91d5-418e-aaee-22addbfbb953,delhi_ncr_sbas_d136_v1_val_20231203_20231227,20231203_20231227,True,SUCCEEDED,2026-09-22T12:12:52.782626+00:00,True,data/descending_zips/delhi_ncr_sbas_d136_v1_val_20231203_20231227__3f931ab6,data/descending_extracted/delhi_ncr_sbas_d136_v1_val_20231203_20231227__3f931ab6,1,119881985,3397ad2a6074425e62a7c99354b17df8ceb2ab80d4a0846edd1d8b3864fe70ef,123209963,14,"unw_phase.tif,corr.tif,conncomp.tif,dem.tif,lv_theta.tif,lv_phi.tif,water_mask.tif",,
c55bca1e-120b-4297-95c6-c0ee7a576b6b,delhi_ncr_sbas_d136_v1_val_20231016_20231109,20231016_20231109,True,SUCCEEDED,2026-09-22T12:14:08.221983+00:00,True,data/descending_zips/delhi_ncr_sbas_d136_v1_val_20231016_20231109__c55bca1e,data/descending_extracted/delhi_ncr_sbas_d136_v1_val_20231016_20231109__c55bca1e,1,119150411,3ecb8fbbf16969b904c7a7a7d87543ae20ca9498eac9b1c63fa2c6d6ec4cfe7e,122553331,14,"unw_phase.tif,corr.tif,conncomp.tif,dem.tif,lv_theta.tif,lv_phi.tif,water_mask.tif",,
1489a919-98ab-4562-8b00-56ce2b9ff468,delhi_ncr_sbas_d136_v1_val_20230922_20231016,20230922_20231016,True,SUCCEEDED,2026-09-22T12:15:23.997069+00:00,True,data/descending_zips/delhi_ncr_sbas_d136_v1_val_20230922_20231016__1489a919,data/descending_extracted/delhi_ncr_sbas_d136_v1_val_20230922_20231016__1489a919,1,119056164,3f12cc91c9d0f9011123f956f8d67f983d04368b43f02d5dc2d1c528e590429f,122517975,14,"unw_phase.tif,corr.tif,conncomp.tif,dem.tif,lv_theta.tif,lv_phi.tif,water_mask.tif",,
97af3f8d-b0ab-4c6e-bb7e-0449aa8d7d2f,delhi_ncr_sbas_d136_v1_val_20230829_20231227,20230829_20231227,True,SUCCEEDED,2026-09-22T12:15:39.189236+00:00,True,data/descending_zips/delhi_ncr_sbas_d136_v1_val_20230829_20231227__97af3f8d,data/descending_extracted/delhi_ncr_sbas_d136_v1_val_20230829_20231227__97af3f8d,1,116256168,ea54b9e39c67a9f3751e3ca655fca8a6b60e9ee9c60b9216170e17edcb76c421,119587872,14,"unw_phase.tif,corr.tif,conncomp.tif,dem.tif,lv_theta.tif,lv_phi.tif,water_mask.tif",,
428846fc-a63c-4a3a-9a68-de2499995840,delhi_ncr_sbas_d136_v1_val_20230829_20230922,20230829_20230922,True,SUCCEEDED,2026-09-22T12:15:51.483011+00:00,True,data/descending_zips/delhi_ncr_sbas_d136_v1_val_20230829_20230922__428846fc,data/descending_extracted/delhi_ncr_sbas_d136_v1_val_20230829_20230922__428846fc,1,117625007,76103348301a5903af20d4ce9da73e1d0cd1b90633f30cb43619f16eb99f5a8a,121007800,14,"unw_phase.tif,corr.tif,conncomp.tif,dem.tif,lv_theta.tif,lv_phi.tif,water_mask.tif",,
6c0afd42-ff9b-48d4-b88f-8223e2c8632c,delhi_ncr_sbas_d136_v1_val_20230817_20230922,20230817_20230922,True,SUCCEEDED,2026-09-22T12:16:16.547046+00:00,True,data/descending_zips/delhi_ncr_sbas_d136_v1_val_20230817_20230922__6c0afd42,data/descending_extracted/delhi_ncr_sbas_d136_v1_val_20230817_20230922__6c0afd42,1,115815445,f2f90066db2cf858dd82a6eedd70b5c3cd1f033f65589dbb28dc2b1a753a0dfb,119159501,14,"unw_phase.tif,corr.tif,conncomp.tif,dem.tif,lv_theta.tif,lv_phi.tif,water_mask.tif",,
82df1e3e-1135-44f6-a069-da752c4db4e6,delhi_ncr_sbas_d136_v1_val_20230805_20230829,20230805_20230829,True,SUCCEEDED,2026-09-22T12:16:46.817878+00:00,True,data/descending_zips/delhi_ncr_sbas_d136_v1_val_20230805_20230829__82df1e3e,data/descending_extracted/delhi_ncr_sbas_d136_v1_val_20230805_20230829__82df1e3e,1,117489036,ea11a1ea3a35e2d704f56d459c8b3a55f1b8bf92d3dd1fdcae47359c8d221524,120912227,14,"unw_phase.tif,corr.tif,conncomp.tif,dem.tif,lv_theta.tif,lv_phi.tif,water_mask.tif",,
b32bd01e-6a3b-4ff5-b02a-83691c467fb1,delhi_ncr_sbas_d136_v1_val_20230817_20230829,20230817_20230829,True,SUCCEEDED,2026-09-22T12:18:08.751529+00:00,True,data/descending_zips/delhi_ncr_sbas_d136_v1_val_20230817_20230829__b32bd01e,data/descending_extracted/delhi_ncr_sbas_d136_v1_val_20230817_20230829__b32bd01e,1,120394505,2397d468122a379a3d782e1e2e07b988cdd2077472b80584ceae521717cada76,123927938,14,"unw_phase.tif,corr.tif,conncomp.tif,dem.tif,lv_theta.tif,lv_phi.tif,water_mask.tif",,
de381a97-49be-4668-8fcc-87959ce70bde,delhi_ncr_sbas_d136_v1_val_20230805_20230817,20230805_20230817,True,SUCCEEDED,2026-09-22T12:18:18.535104+00:00,True,data/descending_zips/delhi_ncr_sbas_d136_v1_val_20230805_20230817__de381a97,data/descending_extracted/delhi_ncr_sbas_d136_v1_val_20230805_20230817__de381a97,1,117153866,8cf781a188a5bcca6e973041109dd9247fc5ee61da02016217679d53a3ad720e,120530239,14,"unw_phase.tif,corr.tif,conncomp.tif,dem.tif,lv_theta.tif,lv_phi.tif,water_mask.tif",,
d2e7dcce-88bd-4553-bb70-14af56b66b83,delhi_ncr_sbas_d136_v1_val_20230724_20230829,20230724_20230829,True,SUCCEEDED,2026-09-22T12:18:50.226231+00:00,True,data/descending_zips/delhi_ncr_sbas_d136_v1_val_20230724_20230829__d2e7dcce,data/descending_extracted/delhi_ncr_sbas_d136_v1_val_20230724_20230829__d2e7dcce,1,118555867,761954433bb5f75d92e3d45e878733376f3ebdb5218b665ded3946a3291b3264,122097284,14,"unw_phase.tif,corr.tif,conncomp.tif,dem.tif,lv_theta.tif,lv_phi.tif,water_mask.tif",,
7098dc39-8175-4eae-acd9-98e13d03e7c9,delhi_ncr_sbas_d136_v1_val_20230724_20230805,20230724_20230805,True,SUCCEEDED,2026-09-22T12:19:26.058565+00:00,True,data/descending_zips/delhi_ncr_sbas_d136_v1_val_20230724_20230805__7098dc39,data/descending_extracted/delhi_ncr_sbas_d136_v1_val_20230724_20230805__7098dc39,1,116812471,5ce153dbc0a745784393d02f9822e56f8d19a180c3ad9f2d39b9cebc64de0c3a,120184403,14,"unw_phase.tif,corr.tif,conncomp.tif,dem.tif,lv_theta.tif,lv_phi.tif,water_mask.tif",,
1342e610-6f0f-47d7-bff9-4786a7b4aece,delhi_ncr_sbas_d136_v1_val_20230724_20230817,20230724_20230817,True,SUCCEEDED,2026-09-22T12:20:07.346047+00:00,True,data/descending_zips/delhi_ncr_sbas_d136_v1_val_20230724_20230817__1342e610,data/descending_extracted/delhi_ncr_sbas_d136_v1_val_20230724_20230817__1342e610,1,117159712,7b9e65b6cbf3203605d76c50a38dad524de0f3a11244d78785d4b0de8f8c8e79,120513644,14,"unw_phase.tif,corr.tif,conncomp.tif,dem.tif,lv_theta.tif,lv_phi.tif,water_mask.tif",,
9e25d6cc-3151-4fb2-a956-7a52db9f5d1c,delhi_ncr_sbas_d136_v1_val_20230712_20230817,20230712_20230817,True,SUCCEEDED,2026-09-22T12:20:22.290787+00:00,True,data/descending_zips/delhi_ncr_sbas_d136_v1_val_20230712_20230817__9e25d6cc,data/descending_extracted/delhi_ncr_sbas_d136_v1_val_20230712_20230817__9e25d6cc,1,117060965,24e14a18a0427058f533434ff5995404d6b147931add34224202a16add0aa7b7,120462644,14,"unw_phase.tif,corr.tif,conncomp.tif,dem.tif,lv_theta.tif,lv_phi.tif,water_mask.tif",,
6e25d9aa-5242-4cec-9158-b435a9cfb503,delhi_ncr_sbas_d136_v1_val_20230712_20230805,20230712_20230805,True,SUCCEEDED,2026-09-22T12:21:17.864098+00:00,True,data/descending_zips/delhi_ncr_sbas_d136_v1_val_20230712_20230805__6e25d9aa,data/descending_extracted/delhi_ncr_sbas_d136_v1_val_20230712_20230805__6e25d9aa,1,115968178,74cc5729c855759bd634b388ec4e26fb9858631e8de25edf67b2e58d722f3afa,119364336,14,"unw_phase.tif,corr.tif,conncomp.tif,dem.tif,lv_theta.tif,lv_phi.tif,water_mask.tif",,
72ece1ae-1dab-4d5d-8801-9f9059b6e937,delhi_ncr_sbas_d136_v1_val_20230712_20230724,20230712_20230724,True,SUCCEEDED,2026-09-22T12:21:23.593511+00:00,True,data/descending_zips/delhi_ncr_sbas_d136_v1_val_20230712_20230724__72ece1ae,data/descending_extracted/delhi_ncr_sbas_d136_v1_val_20230712_20230724__72ece1ae,1,117718318,b8ce0d3012c5df495ad2e2c112e7b57b29eba416b28418442e7e64b31f9992a8,121213586,14,"unw_phase.tif,corr.tif,conncomp.tif,dem.tif,lv_theta.tif,lv_phi.tif,water_mask.tif",,
aec3100f-a378-49ff-a344-bebbb19b644a,delhi_ncr_sbas_d136_v1_val_20230630_20230724,20230630_20230724,True,SUCCEEDED,2026-09-22T12:21:55.657644+00:00,True,data/descending_zips/delhi_ncr_sbas_d136_v1_val_20230630_20230724__aec3100f,data/descending_extracted/delhi_ncr_sbas_d136_v1_val_20230630_20230724__aec3100f,1,115620325,456a5899628341ec13d7104fcd0c64381b2eeff8d4474d51dff19dd1707148d3,118963525,14,"unw_phase.tif,corr.tif,conncomp.tif,dem.tif,lv_theta.tif,lv_phi.tif,water_mask.tif",,
badc1106-98ca-408a-84fe-d8988561440d,delhi_ncr_sbas_d136_v1_val_20230630_20230712,20230630_20230712,True,SUCCEEDED,2026-09-22T12:22:06.627737+00:00,True,data/descending_zips/delhi_ncr_sbas_d136_v1_val_20230630_20230712__badc1106,data/descending_extracted/delhi_ncr_sbas_d136_v1_val_20230630_20230712__badc1106,1,116566259,86bcfbb77862af51e8948bfe32300b3b3ca4e834625f5de41808c4b513ab3342,119950022,14,"unw_phase.tif,corr.tif,conncomp.tif,dem.tif,lv_theta.tif,lv_phi.tif,water_mask.tif",,
202e9484-b1f0-41ea-afd4-d11f2697dc32,delhi_ncr_sbas_d136_v1_val_20230618_20230724,20230618_20230724,True,SUCCEEDED,2026-09-22T12:23:38.665685+00:00,True,data/descending_zips/delhi_ncr_sbas_d136_v1_val_20230618_20230724__202e9484,data/descending_extracted/delhi_ncr_sbas_d136_v1_val_20230618_20230724__202e9484,1,116112692,ee9af62a11b0b3b14e54c5e25ba13e976ef5ce10e111d22ab1ccf40c86aacaa7,119473817,14,"unw_phase.tif,corr.tif,conncomp.tif,dem.tif,lv_theta.tif,lv_phi.tif,water_mask.tif",,
cd99b1b6-e2b3-44fc-8117-c3cdab0f799e,delhi_ncr_sbas_d136_v1_val_20230618_20230712,20230618_20230712,True,SUCCEEDED,2026-09-22T12:24:00.456375+00:00,True,data/descending_zips/delhi_ncr_sbas_d136_v1_val_20230618_20230712__cd99b1b6,data/descending_extracted/delhi_ncr_sbas_d136_v1_val_20230618_20230712__cd99b1b6,1,118563980,390e4371788812ae083473c2881569c44f54b4a7c14593e21e7ed6f55300e2bf,122165891,14,"unw_phase.tif,corr.tif,conncomp.tif,dem.tif,lv_theta.tif,lv_phi.tif,water_mask.tif",,
edff0174-e574-4ec0-a5b7-392d0584fc88,delhi_ncr_sbas_d136_v1_val_20230618_20230630,20230618_20230630,True,SUCCEEDED,2026-09-22T12:24:45.245089+00:00,True,data/descending_zips/delhi_ncr_sbas_d136_v1_val_20230618_20230630__edff0174,data/descending_extracted/delhi_ncr_sbas_d136_v1_val_20230618_20230630__edff0174,1,116777335,b067fa1dd8249ba6625978a6ee0c0fdff7cfd23320013afb73f028d8d218af5a,120140382,14,"unw_phase.tif,corr.tif,conncomp.tif,dem.tif,lv_theta.tif,lv_phi.tif,water_mask.tif",,
0e53905e-a01d-4522-9335-f97f65e04606,delhi_ncr_sbas_d136_v1_val_20230606_20230712,20230606_20230712,True,SUCCEEDED,2026-09-22T12:24:46.359780+00:00,True,data/descending_zips/delhi_ncr_sbas_d136_v1_val_20230606_20230712__0e53905e,data/descending_extracted/delhi_ncr_sbas_d136_v1_val_20230606_20230712__0e53905e,1,116333046,18c06f2055d2b5763f8341c83afe32c11683ea8ae118ec247f64c92ef14225ea,119705492,14,"unw_phase.tif,corr.tif,conncomp.tif,dem.tif,lv_theta.tif,lv_phi.tif,water_mask.tif",,
e216a1b2-56f5-4b38-b01d-079168663ada,delhi_ncr_sbas_d136_v1_val_20230606_20230630,20230606_20230630,True,SUCCEEDED,2026-09-22T12:24:47.244902+00:00,True,data/descending_zips/delhi_ncr_sbas_d136_v1_val_20230606_20230630__e216a1b2,data/descending_extracted/delhi_ncr_sbas_d136_v1_val_20230606_20230630__e216a1b2,1,116717837,9003264cd276cc062f6515983ebe9ed68e154dcfa91992873509e3c15d4afaba,120058500,14,"unw_phase.tif,corr.tif,conncomp.tif,dem.tif,lv_theta.tif,lv_phi.tif,water_mask.tif",,
3ebf5c69-399e-431f-a1ed-179e5319e2f1,delhi_ncr_sbas_d136_v1_val_20230606_20230618,20230606_20230618,True,SUCCEEDED,2026-09-22T12:25:38.621069+00:00,True,data/descending_zips/delhi_ncr_sbas_d136_v1_val_20230606_20230618__3ebf5c69,data/descending_extracted/delhi_ncr_sbas_d136_v1_val_20230606_20230618__3ebf5c69,1,120063821,d5284691515759f2d2dfd82a9e6ffcb6a011b5a464f2fd5ff39ceef286b8ab35,123454218,14,"unw_phase.tif,corr.tif,conncomp.tif,dem.tif,lv_theta.tif,lv_phi.tif,water_mask.tif",,
722a3546-fe2c-4964-a03a-7675123aa59e,delhi_ncr_sbas_d136_v1_val_20230525_20230630,20230525_20230630,True,SUCCEEDED,2026-09-22T12:25:45.059004+00:00,True,data/descending_zips/delhi_ncr_sbas_d136_v1_val_20230525_20230630__722a3546,data/descending_extracted/delhi_ncr_sbas_d136_v1_val_20230525_20230630__722a3546,1,118598564,2bfde35329dd4067c11c6bc89eba1b3d595a9bf974f773ba6ee111f5bc4b24c3,122201797,14,"unw_phase.tif,corr.tif,conncomp.tif,dem.tif,lv_theta.tif,lv_phi.tif,water_mask.tif",,
293997a0-6170-420d-8712-daa36d3c81c0,delhi_ncr_sbas_d136_v1_val_20230525_20230618,20230525_20230618,True,SUCCEEDED,2026-09-22T12:27:19.374465+00:00,True,data/descending_zips/delhi_ncr_sbas_d136_v1_val_20230525_20230618__293997a0,data/descending_extracted/delhi_ncr_sbas_d136_v1_val_20230525_20230618__293997a0,1,117585084,35a5110965884383d15e03a2c57c4ffae696390a4e0e2559f52ff1f4e1874b99,120939879,14,"unw_phase.tif,corr.tif,conncomp.tif,dem.tif,lv_theta.tif,lv_phi.tif,water_mask.tif",,
bd7ee1db-3038-4a9b-bbad-a5f1243720f8,delhi_ncr_sbas_d136_v1_val_20230525_20230606,20230525_20230606,True,SUCCEEDED,2026-09-22T12:27:47.869395+00:00,True,data/descending_zips/delhi_ncr_sbas_d136_v1_val_20230525_20230606__bd7ee1db,data/descending_extracted/delhi_ncr_sbas_d136_v1_val_20230525_20230606__bd7ee1db,1,118239132,573e45aa006d64dff0ca2f24afbc8416494a70c830f8712eea6fccea5e846040,121521885,14,"unw_phase.tif,corr.tif,conncomp.tif,dem.tif,lv_theta.tif,lv_phi.tif,water_mask.tif",,
49143520-38c0-4031-8bbb-4459f798c8c3,delhi_ncr_sbas_d136_v1_val_20230513_20230618,20230513_20230618,True,SUCCEEDED,2026-09-22T12:27:49.410763+00:00,True,data/descending_zips/delhi_ncr_sbas_d136_v1_val_20230513_20230618__49143520,data/descending_extracted/delhi_ncr_sbas_d136_v1_val_20230513_20230618__49143520,1,118176549,ede9f789885c3ae681a533bb984438b2113888ee37ff4c3b8c1bd7df8bf20ab7,121641194,14,"unw_phase.tif,corr.tif,conncomp.tif,dem.tif,lv_theta.tif,lv_phi.tif,water_mask.tif",,
5027e856-f8e3-49b9-824f-d7f901cfb07c,delhi_ncr_sbas_d136_v1_val_20230513_20230606,20230513_20230606,True,SUCCEEDED,2026-09-22T12:28:22.046610+00:00,True,data/descending_zips/delhi_ncr_sbas_d136_v1_val_20230513_20230606__5027e856,data/descending_extracted/delhi_ncr_sbas_d136_v1_val_20230513_20230606__5027e856,1,118158294,da747c3e9b651a588e2fb52e3328af51a77e4101bf0aed1f941bfd3410349141,121520339,14,"unw_phase.tif,corr.tif,conncomp.tif,dem.tif,lv_theta.tif,lv_phi.tif,water_mask.tif",,
805b4c9e-c081-4bf4-9a88-f137b9ea2370,delhi_ncr_sbas_d136_v1_val_20230513_20230525,20230513_20230525,True,SUCCEEDED,2026-09-22T12:28:55.739779+00:00,True,data/descending_zips/delhi_ncr_sbas_d136_v1_val_20230513_20230525__805b4c9e,data/descending_extracted/delhi_ncr_sbas_d136_v1_val_20230513_20230525__805b4c9e,1,118952249,0e84c1bb570fb3b34004a1ee0859167af728576616efe204aafc9c6c2a5b6c2c,122241489,14,"unw_phase.tif,corr.tif,conncomp.tif,dem.tif,lv_theta.tif,lv_phi.tif,water_mask.tif",,
01ac8d65-58c6-45a4-b85f-336acb5e7654,delhi_ncr_sbas_d136_v1_val_20230501_20230606,20230501_20230606,True,SUCCEEDED,2026-09-22T12:30:10.969810+00:00,True,data/descending_zips/delhi_ncr_sbas_d136_v1_val_20230501_20230606__01ac8d65,data/descending_extracted/delhi_ncr_sbas_d136_v1_val_20230501_20230606__01ac8d65,1,116757594,b13fe234314fdf5ab94b754ca1885a827ac661f5472b4c9307d4abc5bb19dddf,120116442,14,"unw_phase.tif,corr.tif,conncomp.tif,dem.tif,lv_theta.tif,lv_phi.tif,water_mask.tif",,
4eb72fa3-18f2-4aa7-bd66-c2428953a1a6,delhi_ncr_sbas_d136_v1_val_20230501_20230525,20230501_20230525,True,SUCCEEDED,2026-09-22T12:30:11.604260+00:00,True,data/descending_zips/delhi_ncr_sbas_d136_v1_val_20230501_20230525__4eb72fa3,data/descending_extracted/delhi_ncr_sbas_d136_v1_val_20230501_20230525__4eb72fa3,1,119762630,f5f51068539e2bf2d9f9cbd6eefda06e75c6e2bd8441bc82f3248ef755cb86c7,123166086,14,"unw_phase.tif,corr.tif,conncomp.tif,dem.tif,lv_theta.tif,lv_phi.tif,water_mask.tif",,
ead2c343-cbe4-4cab-b82b-a16caab5193b,delhi_ncr_sbas_d136_v1_val_20230501_20230513,20230501_20230513,True,SUCCEEDED,2026-09-22T12:30:27.796495+00:00,True,data/descending_zips/delhi_ncr_sbas_d136_v1_val_20230501_20230513__ead2c343,data/descending_extracted/delhi_ncr_sbas_d136_v1_val_20230501_20230513__ead2c343,1,117663172,75a12a44eea2910f16e25e5133ffe1b813023938739ceb3a055a87910b94f8a5,120933948,14,"unw_phase.tif,corr.tif,conncomp.tif,dem.tif,lv_theta.tif,lv_phi.tif,water_mask.tif",,
8492c6a4-b489-4297-9765-24808b38ba3d,delhi_ncr_sbas_d136_v1_val_20230407_20230513,20230407_20230513,True,SUCCEEDED,2026-09-22T12:31:36.609774+00:00,True,data/descending_zips/delhi_ncr_sbas_d136_v1_val_20230407_20230513__8492c6a4,data/descending_extracted/delhi_ncr_sbas_d136_v1_val_20230407_20230513__8492c6a4,1,117392077,7f61818a63105bbcbad94a53a581e238094d9db075b404db8131562d4f074038,120800198,14,"unw_phase.tif,corr.tif,conncomp.tif,dem.tif,lv_theta.tif,lv_phi.tif,water_mask.tif",,
fbe016bd-829f-43ca-a552-d0ce0311d35b,delhi_ncr_sbas_d136_v1_val_20230407_20230501,20230407_20230501,True,SUCCEEDED,2026-09-22T12:32:03.557829+00:00,True,data/descending_zips/delhi_ncr_sbas_d136_v1_val_20230407_20230501__fbe016bd,data/descending_extracted/delhi_ncr_sbas_d136_v1_val_20230407_20230501__fbe016bd,1,119537195,d68367fdb12e9274ec52c549002b5383e4f10f07a25b1d18ddaeab5e37e89fcd,122908705,14,"unw_phase.tif,corr.tif,conncomp.tif,dem.tif,lv_theta.tif,lv_phi.tif,water_mask.tif",,
035c713c-e8a8-4d0b-8139-3aa2a8013647,delhi_ncr_sbas_d136_v1_val_20230314_20230407,20230314_20230407,True,SUCCEEDED,2026-09-22T12:33:02.798692+00:00,True,data/descending_zips/delhi_ncr_sbas_d136_v1_val_20230314_20230407__035c713c,data/descending_extracted/delhi_ncr_sbas_d136_v1_val_20230314_20230407__035c713c,1,118895203,d4803925380ed3c2483d4a0d61d8b8e65a91cda8de166c8ef36b9a80ea76350e,122313490,14,"unw_phase.tif,corr.tif,conncomp.tif,dem.tif,lv_theta.tif,lv_phi.tif,water_mask.tif",,
df4f9a50-94e8-4996-acf2-1f540d6eb1fd,delhi_ncr_sbas_d136_v1_val_20230218_20230314,20230218_20230314,True,SUCCEEDED,2026-09-22T12:34:08.174960+00:00,True,data/descending_zips/delhi_ncr_sbas_d136_v1_val_20230218_20230314__df4f9a50,data/descending_extracted/delhi_ncr_sbas_d136_v1_val_20230218_20230314__df4f9a50,1,120394325,2ad81cf41ea9afea1497c10c846b08e985352bb13d18821aca83db5313eacc03,123945301,14,"unw_phase.tif,corr.tif,conncomp.tif,dem.tif,lv_theta.tif,lv_phi.tif,water_mask.tif",,
bbfa7988-0f9c-4cc9-ac15-56d298ae95dd,delhi_ncr_sbas_d136_v1_val_20230125_20230218,20230125_20230218,True,SUCCEEDED,2026-09-22T12:34:24.148896+00:00,True,data/descending_zips/delhi_ncr_sbas_d136_v1_val_20230125_20230218__bbfa7988,data/descending_extracted/delhi_ncr_sbas_d136_v1_val_20230125_20230218__bbfa7988,1,117957433,61a4cb9698a1cdab4fe79d70505eeef586e7b14d09ac86dbf9d7d1ea97fa13f1,121316507,14,"unw_phase.tif,corr.tif,conncomp.tif,dem.tif,lv_theta.tif,lv_phi.tif,water_mask.tif",,
3dc24d8e-0b49-4c0f-824d-b9654057bc82,delhi_ncr_sbas_d136_v1_val_20230101_20230501,20230101_20230501,True,SUCCEEDED,2026-09-22T12:34:44.824688+00:00,True,data/descending_zips/delhi_ncr_sbas_d136_v1_val_20230101_20230501__3dc24d8e,data/descending_extracted/delhi_ncr_sbas_d136_v1_val_20230101_20230501__3dc24d8e,1,116859572,4c16cb978dbb66428291e73c7ac32155558ae6ba3dcdc6fecc955ebea81913b2,120274639,14,"unw_phase.tif,corr.tif,conncomp.tif,dem.tif,lv_theta.tif,lv_phi.tif,water_mask.tif",,
4b85fde6-8ed4-4652-ac61-61b301a85dea,delhi_ncr_sbas_d136_v1_val_20230101_20230125,20230101_20230125,True,SUCCEEDED,2026-09-22T12:34:49.904038+00:00,True,data/descending_zips/delhi_ncr_sbas_d136_v1_val_20230101_20230125__4b85fde6,data/descending_extracted/delhi_ncr_sbas_d136_v1_val_20230101_20230125__4b85fde6,1,119320377,7b3b3833b8be71ac7b3ef81cd0b82929413d72d80cc147dd74821765edb3ccc4,122675603,14,"unw_phase.tif,corr.tif,conncomp.tif,dem.tif,lv_theta.tif,lv_phi.tif,water_mask.tif",,
71800210-5fea-4ffe-bfb6-8fbceafb05f6,delhi_ncr_sbas_d136_v1_val_20221220_20230125,20221220_20230125,True,SUCCEEDED,2026-09-22T12:34:59.149711+00:00,True,data/descending_zips/delhi_ncr_sbas_d136_v1_val_20221220_20230125__71800210,data/descending_extracted/delhi_ncr_sbas_d136_v1_val_20221220_20230125__71800210,1,119063096,34a0ef47e5ee8ad8d999e62d7a18f3dc26a360d6444c68452bcde77acc7ecdb5,122492709,14,"unw_phase.tif,corr.tif,conncomp.tif,dem.tif,lv_theta.tif,lv_phi.tif,water_mask.tif",,
20b14fbe-fe8a-46a6-821d-9b1051cf28ea,delhi_ncr_sbas_d136_v1_val_20221220_20230101,20221220_20230101,True,SUCCEEDED,2026-09-22T12:37:01.031451+00:00,True,data/descending_zips/delhi_ncr_sbas_d136_v1_val_20221220_20230101__20b14fbe,data/descending_extracted/delhi_ncr_sbas_d136_v1_val_20221220_20230101__20b14fbe,1,119091307,4625b22a65b27bc680a5ec8cff5d2080be7d7397474d679e5551196b13c85066,122370621,14,"unw_phase.tif,corr.tif,conncomp.tif,dem.tif,lv_theta.tif,lv_phi.tif,water_mask.tif",,
4a82784a-e15a-472f-9c97-a7af4b11887e,delhi_ncr_sbas_d136_v1_val_20221126_20230101,20221126_20230101,True,SUCCEEDED,2026-09-22T12:37:39.248537+00:00,True,data/descending_zips/delhi_ncr_sbas_d136_v1_val_20221126_20230101__4a82784a,data/descending_extracted/delhi_ncr_sbas_d136_v1_val_20221126_20230101__4a82784a,1,118316059,7fc64f86db4bf76c501176e75a8003c04cf3440acb7a38a01fe247fcddb70e2a,121717021,14,"unw_phase.tif,corr.tif,conncomp.tif,dem.tif,lv_theta.tif,lv_phi.tif,water_mask.tif",,
fe66391a-7057-42e1-ae67-650a94e7849b,delhi_ncr_sbas_d136_v1_val_20221126_20230125,20221126_20230125,True,SUCCEEDED,2026-09-22T12:37:56.254319+00:00,True,data/descending_zips/delhi_ncr_sbas_d136_v1_val_20221126_20230125__fe66391a,data/descending_extracted/delhi_ncr_sbas_d136_v1_val_20221126_20230125__fe66391a,1,117708494,94648a09060b377b270b4e63d5dab839442d4803d7d707e430a99debb3a4f18d,121183208,14,"unw_phase.tif,corr.tif,conncomp.tif,dem.tif,lv_theta.tif,lv_phi.tif,water_mask.tif",,
7645ff80-8643-4e64-a9da-38fd314cbb75,delhi_ncr_sbas_d136_v1_val_20220810_20221126,20220810_20221126,True,SUCCEEDED,2026-09-22T12:38:19.830088+00:00,True,data/descending_zips/delhi_ncr_sbas_d136_v1_val_20220810_20221126__7645ff80,data/descending_extracted/delhi_ncr_sbas_d136_v1_val_20220810_20221126__7645ff80,1,116723192,6d176fb04ed997fa2d026682ede9e6bafdbeaafe27ca522a2e8e2a051b25df20,120113290,14,"unw_phase.tif,corr.tif,conncomp.tif,dem.tif,lv_theta.tif,lv_phi.tif,water_mask.tif",,
142bd137-432c-4041-a6f5-bf8eb0bcbfde,delhi_ncr_sbas_d136_v1_val_20220729_20220810,20220729_20220810,True,SUCCEEDED,2026-09-22T12:38:36.767521+00:00,True,data/descending_zips/delhi_ncr_sbas_d136_v1_val_20220729_20220810__142bd137,data/descending_extracted/delhi_ncr_sbas_d136_v1_val_20220729_20220810__142bd137,1,118717295,e4d03c3eb8a1ba7ea1b268a542b12f04022269a97113f3f7a68cb407d4a75d45,122123204,14,"unw_phase.tif,corr.tif,conncomp.tif,dem.tif,lv_theta.tif,lv_phi.tif,water_mask.tif",,
6e9ac213-0419-4483-a96a-61c24778ad9f,delhi_ncr_sbas_d136_v1_val_20220729_20221126,20220729_20221126,True,SUCCEEDED,2026-09-22T12:38:37.150433+00:00,True,data/descending_zips/delhi_ncr_sbas_d136_v1_val_20220729_20221126__6e9ac213,data/descending_extracted/delhi_ncr_sbas_d136_v1_val_20220729_20221126__6e9ac213,1,115808283,f054aee5536233df635d65cbc1b097cf35d7afb9ec4b440afef09339f8d997c0,119166737,14,"unw_phase.tif,corr.tif,conncomp.tif,dem.tif,lv_theta.tif,lv_phi.tif,water_mask.tif",,
a07bfa83-220c-48a9-b6d0-94a8987b6ba5,delhi_ncr_sbas_d136_v1_val_20220717_20220810,20220717_20220810,True,SUCCEEDED,2026-09-22T12:39:04.451497+00:00,True,data/descending_zips/delhi_ncr_sbas_d136_v1_val_20220717_20220810__a07bfa83,data/descending_extracted/delhi_ncr_sbas_d136_v1_val_20220717_20220810__a07bfa83,1,117706491,5e5f8311b0aa9f18147fd44ab8e56b8815edeecf1d4a07fb209490e2e6dee49c,121237134,14,"unw_phase.tif,corr.tif,conncomp.tif,dem.tif,lv_theta.tif,lv_phi.tif,water_mask.tif",,
51c237e9-a5f5-447d-a783-0e05e3126c50,delhi_ncr_sbas_d136_v1_val_20220717_20220729,20220717_20220729,True,SUCCEEDED,2026-09-22T12:39:49.974903+00:00,True,data/descending_zips/delhi_ncr_sbas_d136_v1_val_20220717_20220729__51c237e9,data/descending_extracted/delhi_ncr_sbas_d136_v1_val_20220717_20220729__51c237e9,1,117901546,ee135d5e6d2e838cc37dda32cbf635bc7a27dfbbe595c3b318b3ded9208b00b8,121290154,14,"unw_phase.tif,corr.tif,conncomp.tif,dem.tif,lv_theta.tif,lv_phi.tif,water_mask.tif",,
aee14cee-f0bb-4acb-80dc-1dcb1b05cb79,delhi_ncr_sbas_d136_v1_val_20220705_20220810,20220705_20220810,True,SUCCEEDED,2026-09-22T12:40:14.783025+00:00,True,data/descending_zips/delhi_ncr_sbas_d136_v1_val_20220705_20220810__aee14cee,data/descending_extracted/delhi_ncr_sbas_d136_v1_val_20220705_20220810__aee14cee,1,118033398,22e8525662a9f812238d1997add7eba95ccd97deb52efa0286337941aeb3322b,121557140,14,"unw_phase.tif,corr.tif,conncomp.tif,dem.tif,lv_theta.tif,lv_phi.tif,water_mask.tif",,
62abd52c-24f8-4153-926c-1d5678d280a0,delhi_ncr_sbas_d136_v1_val_20220705_20220729,20220705_20220729,True,SUCCEEDED,2026-09-22T12:40:28.365391+00:00,True,data/descending_zips/delhi_ncr_sbas_d136_v1_val_20220705_20220729__62abd52c,data/descending_extracted/delhi_ncr_sbas_d136_v1_val_20220705_20220729__62abd52c,1,118769069,179dfdc385b1300d47a176f15add59a24b661be756c94be456f9fba503fd9e4a,122313245,14,"unw_phase.tif,corr.tif,conncomp.tif,dem.tif,lv_theta.tif,lv_phi.tif,water_mask.tif",,
65a4d3b7-c504-4314-8bb6-a462de3421f7,delhi_ncr_sbas_d136_v1_val_20220705_20220717,20220705_20220717,True,SUCCEEDED,2026-09-22T12:42:11.949700+00:00,True,data/descending_zips/delhi_ncr_sbas_d136_v1_val_20220705_20220717__65a4d3b7,data/descending_extracted/delhi_ncr_sbas_d136_v1_val_20220705_20220717__65a4d3b7,1,117165754,e6ca1da61598232182f10c48efed3933d5d0b02fbd5531860b8cb28499a20044,120570657,14,"unw_phase.tif,corr.tif,conncomp.tif,dem.tif,lv_theta.tif,lv_phi.tif,water_mask.tif",,
608919ff-6384-4e45-bca5-91304d72ab12,delhi_ncr_sbas_d136_v1_val_20220623_20220729,20220623_20220729,True,SUCCEEDED,2026-09-22T12:42:16.409214+00:00,True,data/descending_zips/delhi_ncr_sbas_d136_v1_val_20220623_20220729__608919ff,data/descending_extracted/delhi_ncr_sbas_d136_v1_val_20220623_20220729__608919ff,1,118417920,0c6ed98329cf32d4d6cfc767605b5b88560f0793e6277626caf2557dbc2289eb,121988372,14,"unw_phase.tif,corr.tif,conncomp.tif,dem.tif,lv_theta.tif,lv_phi.tif,water_mask.tif",,
f7996f32-73ac-4e8e-960d-42afe55f5272,delhi_ncr_sbas_d136_v1_val_20220623_20220717,20220623_20220717,True,SUCCEEDED,2026-09-22T12:42:47.672363+00:00,True,data/descending_zips/delhi_ncr_sbas_d136_v1_val_20220623_20220717__f7996f32,data/descending_extracted/delhi_ncr_sbas_d136_v1_val_20220623_20220717__f7996f32,1,115471125,4cc324d3453602554946d88e88423699f3ffefa8fec9a3cf8e18fc2d02f4ec22,118839924,14,"unw_phase.tif,corr.tif,conncomp.tif,dem.tif,lv_theta.tif,lv_phi.tif,water_mask.tif",,
1caa9988-a547-4042-9c3c-11436176ba13,delhi_ncr_sbas_d136_v1_val_20220623_20220705,20220623_20220705,True,SUCCEEDED,2026-09-22T12:42:49.771518+00:00,True,data/descending_zips/delhi_ncr_sbas_d136_v1_val_20220623_20220705__1caa9988,data/descending_extracted/delhi_ncr_sbas_d136_v1_val_20220623_20220705__1caa9988,1,120231712,797a2764c6efc3e4f8a2aec714f5ad74b2b8a95a8cb18d4884509c26a8ada330,123706651,14,"unw_phase.tif,corr.tif,conncomp.tif,dem.tif,lv_theta.tif,lv_phi.tif,water_mask.tif",,
eb833e5b-d346-4312-a76a-894027140408,delhi_ncr_sbas_d136_v1_val_20220611_20220717,20220611_20220717,True,SUCCEEDED,2026-09-22T12:43:58.216853+00:00,True,data/descending_zips/delhi_ncr_sbas_d136_v1_val_20220611_20220717__eb833e5b,data/descending_extracted/delhi_ncr_sbas_d136_v1_val_20220611_20220717__eb833e5b,1,115837460,44b0b9b9657d933af5ee65050640c9cb108aeccfa94d7a710325c1274e8c1f95,119225852,14,"unw_phase.tif,corr.tif,conncomp.tif,dem.tif,lv_theta.tif,lv_phi.tif,water_mask.tif",,
1f81de85-c0f1-4880-a75b-180312d410dd,delhi_ncr_sbas_d136_v1_val_20220611_20220705,20220611_20220705,True,SUCCEEDED,2026-09-22T12:44:55.285497+00:00,True,data/descending_zips/delhi_ncr_sbas_d136_v1_val_20220611_20220705__1f81de85,data/descending_extracted/delhi_ncr_sbas_d136_v1_val_20220611_20220705__1f81de85,1,117583800,50f37971b778bc7a9c7a88889715d1fa12d1128a20d970b30e0cac1c3c0a7361,121064161,14,"unw_phase.tif,corr.tif,conncomp.tif,dem.tif,lv_theta.tif,lv_phi.tif,water_mask.tif",,
fc59c6b0-4b0c-4368-83a7-7936bb4fb054,delhi_ncr_sbas_d136_v1_val_20220611_20220623,20220611_20220623,True,SUCCEEDED,2026-09-22T12:45:08.470452+00:00,True,data/descending_zips/delhi_ncr_sbas_d136_v1_val_20220611_20220623__fc59c6b0,data/descending_extracted/delhi_ncr_sbas_d136_v1_val_20220611_20220623__fc59c6b0,1,118747405,b1d7c28d2d7ae046ba0d22040baf9f4138892b878499f75b328f8e48f5d83bb9,122126034,14,"unw_phase.tif,corr.tif,conncomp.tif,dem.tif,lv_theta.tif,lv_phi.tif,water_mask.tif",,
f14b81f9-4f34-484e-81d7-21e56e5f62db,delhi_ncr_sbas_d136_v1_val_20220530_20220705,20220530_20220705,True,SUCCEEDED,2026-09-22T12:46:27.716821+00:00,True,data/descending_zips/delhi_ncr_sbas_d136_v1_val_20220530_20220705__f14b81f9,data/descending_extracted/delhi_ncr_sbas_d136_v1_val_20220530_20220705__f14b81f9,1,117158742,7791c67df1eae0ddbbb67337a1eb57ab54b4cb46d29903b567a21a4756259453,120537626,14,"unw_phase.tif,corr.tif,conncomp.tif,dem.tif,lv_theta.tif,lv_phi.tif,water_mask.tif",,
fad40895-f947-47f2-a21e-48a97fc15cc5,delhi_ncr_sbas_d136_v1_val_20220530_20220623,20220530_20220623,True,SUCCEEDED,2026-09-22T12:46:47.292652+00:00,True,data/descending_zips/delhi_ncr_sbas_d136_v1_val_20220530_20220623__fad40895,data/descending_extracted/delhi_ncr_sbas_d136_v1_val_20220530_20220623__fad40895,1,117891759,50aced6d62b86fb8ac0ef1864246c8d48c87e42f7bee0eae4c15f4e2dca1f2d0,121325078,14,"unw_phase.tif,corr.tif,conncomp.tif,dem.tif,lv_theta.tif,lv_phi.tif,water_mask.tif",,
ada50995-1b7e-4d70-b9b1-568c9d241221,delhi_ncr_sbas_d136_v1_val_20220530_20220611,20220530_20220611,True,SUCCEEDED,2026-09-22T12:47:06.721692+00:00,True,data/descending_zips/delhi_ncr_sbas_d136_v1_val_20220530_20220611__ada50995,data/descending_extracted/delhi_ncr_sbas_d136_v1_val_20220530_20220611__ada50995,1,117960546,654cff867b5207a1e71f560ce3c18acfda5bf1430edd0730003ad9ac6cd6913f,121286843,14,"unw_phase.tif,corr.tif,conncomp.tif,dem.tif,lv_theta.tif,lv_phi.tif,water_mask.tif",,
8c38af3c-8a1c-4426-8c5e-039faae91fae,delhi_ncr_sbas_d136_v1_val_20220518_20220623,20220518_20220623,True,SUCCEEDED,2026-09-22T12:47:41.141273+00:00,True,data/descending_zips/delhi_ncr_sbas_d136_v1_val_20220518_20220623__8c38af3c,data/descending_extracted/delhi_ncr_sbas_d136_v1_val_20220518_20220623__8c38af3c,1,116034884,d4c58baa4e7e89f3fd0da3e8a797f2f5ade97bd1d70e9e3a9aaf53c18b25d730,119408206,14,"unw_phase.tif,corr.tif,conncomp.tif,dem.tif,lv_theta.tif,lv_phi.tif,water_mask.tif",,
7fb9a9f0-850f-4633-ac3c-16aaf5f28cce,delhi_ncr_sbas_d136_v1_val_20220518_20220611,20220518_20220611,True,SUCCEEDED,2026-09-22T12:47:56.681617+00:00,True,data/descending_zips/delhi_ncr_sbas_d136_v1_val_20220518_20220611__7fb9a9f0,data/descending_extracted/delhi_ncr_sbas_d136_v1_val_20220518_20220611__7fb9a9f0,1,116237417,61ad0e65ccbb2a9855822c7e1893cc3c37fa492bb7197f336b77be686a05c859,119606277,14,"unw_phase.tif,corr.tif,conncomp.tif,dem.tif,lv_theta.tif,lv_phi.tif,water_mask.tif",,
a3c6b41e-9bf9-41c7-bd92-c0f74d0fa53c,delhi_ncr_sbas_d136_v1_val_20220518_20220530,20220518_20220530,True,SUCCEEDED,2026-09-22T12:48:11.969163+00:00,True,data/descending_zips/delhi_ncr_sbas_d136_v1_val_20220518_20220530__a3c6b41e,data/descending_extracted/delhi_ncr_sbas_d136_v1_val_20220518_20220530__a3c6b41e,1,117354102,e30ee6188b68129b0163b1b68ebbf6f1f75bea6f54be57023e7543706a78fbca,120714357,14,"unw_phase.tif,corr.tif,conncomp.tif,dem.tif,lv_theta.tif,lv_phi.tif,water_mask.tif",,
4abca665-a697-4e9e-9805-ea5aa197ef68,delhi_ncr_sbas_d136_v1_val_20220412_20220518,20220412_20220518,True,SUCCEEDED,2026-09-22T12:49:00.687117+00:00,True,data/descending_zips/delhi_ncr_sbas_d136_v1_val_20220412_20220518__4abca665,data/descending_extracted/delhi_ncr_sbas_d136_v1_val_20220412_20220518__4abca665,1,117590311,5109882dd12ca23f78875dc2b84004d2c1bacb1e3e2eae8e54afa52f71127c87,120940989,14,"unw_phase.tif,corr.tif,conncomp.tif,dem.tif,lv_theta.tif,lv_phi.tif,water_mask.tif",,
4fd0c818-4382-48a4-9388-32614ae196ff,delhi_ncr_sbas_d136_v1_val_20220331_20220530,20220331_20220530,True,SUCCEEDED,2026-09-22T12:49:46.988039+00:00,True,data/descending_zips/delhi_ncr_sbas_d136_v1_val_20220331_20220530__4fd0c818,data/descending_extracted/delhi_ncr_sbas_d136_v1_val_20220331_20220530__4fd0c818,1,117124121,3a8f0edec6c4e912665b4d4c785f46144002f9537fb97027b809f315e2853eef,120588916,14,"unw_phase.tif,corr.tif,conncomp.tif,dem.tif,lv_theta.tif,lv_phi.tif,water_mask.tif",,
a0694d63-b84f-425e-980a-420927ebfe29,delhi_ncr_sbas_d136_v1_val_20220331_20220412,20220331_20220412,True,SUCCEEDED,2026-09-22T12:50:27.823116+00:00,True,data/descending_zips/delhi_ncr_sbas_d136_v1_val_20220331_20220412__a0694d63,data/descending_extracted/delhi_ncr_sbas_d136_v1_val_20220331_20220412__a0694d63,1,117310973,6836eac5e82a54b603daa9674e98306ca5412ad725a4bb40cf2068adc767f313,120574967,14,"unw_phase.tif,corr.tif,conncomp.tif,dem.tif,lv_theta.tif,lv_phi.tif,water_mask.tif",,
0fc3ee7d-bfd3-4964-9159-df058e3dd2bb,delhi_ncr_sbas_d136_v1_val_20220319_20220412,20220319_20220412,True,SUCCEEDED,2026-09-22T12:51:16.163991+00:00,True,data/descending_zips/delhi_ncr_sbas_d136_v1_val_20220319_20220412__0fc3ee7d,data/descending_extracted/delhi_ncr_sbas_d136_v1_val_20220319_20220412__0fc3ee7d,1,118834093,2ccc2bf62ec11273307e40639ba8b61d9cc2f71d1de39735872a807d863be6ae,122342269,14,"unw_phase.tif,corr.tif,conncomp.tif,dem.tif,lv_theta.tif,lv_phi.tif,water_mask.tif",,
c02516c0-a95c-40c2-a702-6a414e323cf5,delhi_ncr_sbas_d136_v1_val_20220319_20220331,20220319_20220331,True,SUCCEEDED,2026-09-22T12:51:25.322808+00:00,True,data/descending_zips/delhi_ncr_sbas_d136_v1_val_20220319_20220331__c02516c0,data/descending_extracted/delhi_ncr_sbas_d136_v1_val_20220319_20220331__c02516c0,1,118467407,25222791195fe8826f0beb8a366838716ef58f534054622646380a1f50cefe5b,121795383,14,"unw_phase.tif,corr.tif,conncomp.tif,dem.tif,lv_theta.tif,lv_phi.tif,water_mask.tif",,
db4d3663-aea6-4289-ad17-ab6742a24dd9,delhi_ncr_sbas_d136_v1_val_20220307_20220412,20220307_20220412,True,SUCCEEDED,2026-09-22T12:51:56.626154+00:00,True,data/descending_zips/delhi_ncr_sbas_d136_v1_val_20220307_20220412__db4d3663,data/descending_extracted/delhi_ncr_sbas_d136_v1_val_20220307_20220412__db4d3663,1,117376201,4d8e9c2a46ce39896b6effac8059b0614d4ac7e88d622da26b5fb615b62c406d,120763440,14,"unw_phase.tif,corr.tif,conncomp.tif,dem.tif,lv_theta.tif,lv_phi.tif,water_mask.tif",,
98dbec90-c504-43ab-86b2-07bf137fa285,delhi_ncr_sbas_d136_v1_val_20220307_20220319,20220307_20220319,True,SUCCEEDED,2026-09-22T12:53:17.010406+00:00,True,data/descending_zips/delhi_ncr_sbas_d136_v1_val_20220307_20220319__98dbec90,data/descending_extracted/delhi_ncr_sbas_d136_v1_val_20220307_20220319__98dbec90,1,118736267,879e488bcac6878f346cec7ae6a1d672e987320855cb010d318f2f4cc7e7078b,122116682,14,"unw_phase.tif,corr.tif,conncomp.tif,dem.tif,lv_theta.tif,lv_phi.tif,water_mask.tif",,
de9bd490-f6d3-4d07-8e5e-ac18b0a680a5,delhi_ncr_sbas_d136_v1_val_20220223_20220319,20220223_20220319,True,SUCCEEDED,2026-09-22T12:53:31.120605+00:00,True,data/descending_zips/delhi_ncr_sbas_d136_v1_val_20220223_20220319__de9bd490,data/descending_extracted/delhi_ncr_sbas_d136_v1_val_20220223_20220319__de9bd490,1,117934814,066c77b9bc7b66ea0b4cbbc030fa1ac5a183652c0be9b27d4268ff52ae24aa9b,121365302,14,"unw_phase.tif,corr.tif,conncomp.tif,dem.tif,lv_theta.tif,lv_phi.tif,water_mask.tif",,
6b6cb959-25ac-434e-86c7-aa6bf7839795,delhi_ncr_sbas_d136_v1_val_20220223_20220331,20220223_20220331,True,SUCCEEDED,2026-09-22T12:54:06.841349+00:00,True,data/descending_zips/delhi_ncr_sbas_d136_v1_val_20220223_20220331__6b6cb959,data/descending_extracted/delhi_ncr_sbas_d136_v1_val_20220223_20220331__6b6cb959,1,117693265,8572ff0a94b4258b58a5356c66b0cf2ccb5f221136511de0c25f30b28d213ad8,121065733,14,"unw_phase.tif,corr.tif,conncomp.tif,dem.tif,lv_theta.tif,lv_phi.tif,water_mask.tif",,
48cfda1e-96ad-448d-a81c-e5bc3e8d0b75,delhi_ncr_sbas_d136_v1_val_20220223_20220307,20220223_20220307,True,SUCCEEDED,2026-09-22T12:54:27.717664+00:00,True,data/descending_zips/delhi_ncr_sbas_d136_v1_val_20220223_20220307__48cfda1e,data/descending_extracted/delhi_ncr_sbas_d136_v1_val_20220223_20220307__48cfda1e,1,119418175,2c5077a352f81ed01364679c912c06a6dc4f29757487f01fe1dee979841696bb,122823601,14,"unw_phase.tif,corr.tif,conncomp.tif,dem.tif,lv_theta.tif,lv_phi.tif,water_mask.tif",,
7d578f5f-aa99-4924-9e4e-52d79d17a598,delhi_ncr_sbas_d136_v1_val_20220211_20220319,20220211_20220319,True,SUCCEEDED,2026-09-22T12:55:21.484165+00:00,True,data/descending_zips/delhi_ncr_sbas_d136_v1_val_20220211_20220319__7d578f5f,data/descending_extracted/delhi_ncr_sbas_d136_v1_val_20220211_20220319__7d578f5f,1,118078571,daadd54a6d56f5aa1fb6d14751b7470d7c7a5167a3f57972a17bc6b1451f8505,121622696,14,"unw_phase.tif,corr.tif,conncomp.tif,dem.tif,lv_theta.tif,lv_phi.tif,water_mask.tif",,
33511d74-62c6-47b0-9f7f-33073d951f93,delhi_ncr_sbas_d136_v1_val_20220211_20220223,20220211_20220223,True,SUCCEEDED,2026-09-22T12:56:03.172548+00:00,True,data/descending_zips/delhi_ncr_sbas_d136_v1_val_20220211_20220223__33511d74,data/descending_extracted/delhi_ncr_sbas_d136_v1_val_20220211_20220223__33511d74,1,119390628,0743f0b9032c1bf6a093a39d599650a4ed38c62a892a4aaaf8451786873b5b1e,122736950,14,"unw_phase.tif,corr.tif,conncomp.tif,dem.tif,lv_theta.tif,lv_phi.tif,water_mask.tif",,
4aea98f9-bf39-408b-a6f8-2ea9c1277dfc,delhi_ncr_sbas_d136_v1_val_20220211_20220307,20220211_20220307,True,SUCCEEDED,2026-09-22T12:56:17.482333+00:00,True,data/descending_zips/delhi_ncr_sbas_d136_v1_val_20220211_20220307__4aea98f9,data/descending_extracted/delhi_ncr_sbas_d136_v1_val_20220211_20220307__4aea98f9,1,120013388,3246759c3e92676ef293fc97fcbf16657a2dd640213f9232111b37017bcf3aaf,123452781,14,"unw_phase.tif,corr.tif,conncomp.tif,dem.tif,lv_theta.tif,lv_phi.tif,water_mask.tif",,
b49ab438-7246-4c32-a009-a806d5fdc017,delhi_ncr_sbas_d136_v1_val_20220130_20220307,20220130_20220307,True,SUCCEEDED,2026-09-22T12:56:47.196330+00:00,True,data/descending_zips/delhi_ncr_sbas_d136_v1_val_20220130_20220307__b49ab438,data/descending_extracted/delhi_ncr_sbas_d136_v1_val_20220130_20220307__b49ab438,1,119582115,34fb08a0a98f44d3ba14304959e94acf6837300dad2d0666c1f0cccc62a36d2f,123045894,14,"unw_phase.tif,corr.tif,conncomp.tif,dem.tif,lv_theta.tif,lv_phi.tif,water_mask.tif",,
1fb51f50-850f-4f1e-b0bb-07e56c17b3b4,delhi_ncr_sbas_d136_v1_val_20220130_20220223,20220130_20220223,True,SUCCEEDED,2026-09-22T12:57:46.489052+00:00,True,data/descending_zips/delhi_ncr_sbas_d136_v1_val_20220130_20220223__1fb51f50,data/descending_extracted/delhi_ncr_sbas_d136_v1_val_20220130_20220223__1fb51f50,1,119289996,91e361294310265f42eefcab440c12841990bd6a5fe837312e032f3a1572afd7,122685082,14,"unw_phase.tif,corr.tif,conncomp.tif,dem.tif,lv_theta.tif,lv_phi.tif,water_mask.tif",,
c53d51cc-f2a5-47f2-83f7-c3027f9a537d,delhi_ncr_sbas_d136_v1_val_20220118_20220223,20220118_20220223,True,SUCCEEDED,2026-09-22T12:58:48.442472+00:00,True,data/descending_zips/delhi_ncr_sbas_d136_v1_val_20220118_20220223__c53d51cc,data/descending_extracted/delhi_ncr_sbas_d136_v1_val_20220118_20220223__c53d51cc,1,117950593,dc1231d7c6989b34ad90d7a384e1b9737f6aa4de4b8c7a88d5ff3ae9bb08b5c2,121292455,14,"unw_phase.tif,corr.tif,conncomp.tif,dem.tif,lv_theta.tif,lv_phi.tif,water_mask.tif",,
db0f75ae-55a1-4e0f-a8c4-83ddd2b29e0b,delhi_ncr_sbas_d136_v1_val_20220130_20220211,20220130_20220211,True,SUCCEEDED,2026-09-22T12:58:55.468221+00:00,True,data/descending_zips/delhi_ncr_sbas_d136_v1_val_20220130_20220211__db0f75ae,data/descending_extracted/delhi_ncr_sbas_d136_v1_val_20220130_20220211__db0f75ae,1,118679898,6a71a74553e3ff3ccb61c7c9afbdda58c93d6931cddc96720b80fce17214f6da,122064651,14,"unw_phase.tif,corr.tif,conncomp.tif,dem.tif,lv_theta.tif,lv_phi.tif,water_mask.tif",,
4f92418c-46a6-4bf4-a966-7a05e0b88d0b,delhi_ncr_sbas_d136_v1_val_20220118_20220211,20220118_20220211,True,SUCCEEDED,2026-09-22T12:59:48.570666+00:00,True,data/descending_zips/delhi_ncr_sbas_d136_v1_val_20220118_20220211__4f92418c,data/descending_extracted/delhi_ncr_sbas_d136_v1_val_20220118_20220211__4f92418c,1,116866852,fff6c3d4ce2f86e09346505304937c1478df47e2d4d108b9b1aa67034326856e,120105767,14,"unw_phase.tif,corr.tif,conncomp.tif,dem.tif,lv_theta.tif,lv_phi.tif,water_mask.tif",,
d9a4acfb-10d8-4c4e-aa7a-347ee6cb11e3,delhi_ncr_sbas_d136_v1_val_20220118_20220130,20220118_20220130,True,SUCCEEDED,2026-09-22T13:00:04.160317+00:00,True,data/descending_zips/delhi_ncr_sbas_d136_v1_val_20220118_20220130__d9a4acfb,data/descending_extracted/delhi_ncr_sbas_d136_v1_val_20220118_20220130__d9a4acfb,1,114281207,3cba4c9d9460d2aa2329386ae086813bb81c04a0958d677a190dc52faee47377,117465063,14,"unw_phase.tif,corr.tif,conncomp.tif,dem.tif,lv_theta.tif,lv_phi.tif,water_mask.tif",,
8c24a170-bb45-4627-bd78-4d9044610306,delhi_ncr_sbas_d136_v1_val_20220106_20220211,20220106_20220211,True,SUCCEEDED,2026-09-22T13:00:47.859560+00:00,True,data/descending_zips/delhi_ncr_sbas_d136_v1_val_20220106_20220211__8c24a170,data/descending_extracted/delhi_ncr_sbas_d136_v1_val_20220106_20220211__8c24a170,1,120095012,8ec5a7b22ed776edaacd07a104cb3c7f9d40df3e747ccbcfcd5ecd400e17b19c,123655158,14,"unw_phase.tif,corr.tif,conncomp.tif,dem.tif,lv_theta.tif,lv_phi.tif,water_mask.tif",,
1a5d612d-dcc9-4e9d-b05c-bfe63a201287,delhi_ncr_sbas_d136_v1_val_20220106_20220118,20220106_20220118,True,SUCCEEDED,2026-09-22T13:01:15.011455+00:00,True,data/descending_zips/delhi_ncr_sbas_d136_v1_val_20220106_20220118__1a5d612d,data/descending_extracted/delhi_ncr_sbas_d136_v1_val_20220106_20220118__1a5d612d,1,116490123,1811066a200925d03365a6847b1fb72bbb1844351794787a9b7911bbac388227,119725850,14,"unw_phase.tif,corr.tif,conncomp.tif,dem.tif,lv_theta.tif,lv_phi.tif,water_mask.tif",,
d11443d3-b918-4dd0-9a3e-99bf7d100746,delhi_ncr_sbas_d136_v1_val_20220106_20220130,20220106_20220130,True,SUCCEEDED,2026-09-22T13:01:54.952576+00:00,True,data/descending_zips/delhi_ncr_sbas_d136_v1_val_20220106_20220130__d11443d3,data/descending_extracted/delhi_ncr_sbas_d136_v1_val_20220106_20220130__d11443d3,1,121532509,8f966bdeee5950d89103bdfe99271e63efd4b2f9d6893cb13e95d935e6114249,125087296,14,"unw_phase.tif,corr.tif,conncomp.tif,dem.tif,lv_theta.tif,lv_phi.tif,water_mask.tif",,
25ae8b74-a078-459a-adad-5b62ab1cbd6d,delhi_ncr_sbas_d136_v1_val_20211213_20220118,20211213_20220118,True,SUCCEEDED,2026-09-22T13:02:31.389208+00:00,True,data/descending_zips/delhi_ncr_sbas_d136_v1_val_20211213_20220118__25ae8b74,data/descending_extracted/delhi_ncr_sbas_d136_v1_val_20211213_20220118__25ae8b74,1,116247331,79cbe68bedfe500aeaa1afcc8d5cf937925cea8def78bde55c7ba7d7add61627,119607887,14,"unw_phase.tif,corr.tif,conncomp.tif,dem.tif,lv_theta.tif,lv_phi.tif,water_mask.tif",,
104e126b-0496-4ef9-a6e4-abdb62659eae,delhi_ncr_sbas_d136_v1_val_20211213_20220106,20211213_20220106,True,SUCCEEDED,2026-09-22T13:02:51.792192+00:00,True,data/descending_zips/delhi_ncr_sbas_d136_v1_val_20211213_20220106__104e126b,data/descending_extracted/delhi_ncr_sbas_d136_v1_val_20211213_20220106__104e126b,1,120885604,1ae7f49b73ddd088b6dafddde201eeb7ee8aa3657af9e050dbd6700c82b88b19,124366178,14,"unw_phase.tif,corr.tif,conncomp.tif,dem.tif,lv_theta.tif,lv_phi.tif,water_mask.tif",,
64554f4e-0dea-4d73-a096-5d608e643cd1,delhi_ncr_sbas_d136_v1_val_20211201_20220106,20211201_20220106,True,SUCCEEDED,2026-09-22T13:03:00.622542+00:00,True,data/descending_zips/delhi_ncr_sbas_d136_v1_val_20211201_20220106__64554f4e,data/descending_extracted/delhi_ncr_sbas_d136_v1_val_20211201_20220106__64554f4e,1,117954619,94692b90d4aa38974b38cb801b18da0918a830d68f0c5b0482f424870f2ad2a4,121473094,14,"unw_phase.tif,corr.tif,conncomp.tif,dem.tif,lv_theta.tif,lv_phi.tif,water_mask.tif",,
98674e28-6359-42d7-8c21-f24f5097b47d,delhi_ncr_sbas_d136_v1_val_20211119_20211213,20211119_20211213,True,SUCCEEDED,2026-09-22T13:03:30.435752+00:00,True,data/descending_zips/delhi_ncr_sbas_d136_v1_val_20211119_20211213__98674e28,data/descending_extracted/delhi_ncr_sbas_d136_v1_val_20211119_20211213__98674e28,1,118118861,aad6a0064311c997173c6eed818e817cfe8fd6f4823998ac726cbced36497cb1,121441537,14,"unw_phase.tif,corr.tif,conncomp.tif,dem.tif,lv_theta.tif,lv_phi.tif,water_mask.tif",,
be8c4354-bc6c-4502-960d-b71b02866eeb,delhi_ncr_sbas_d136_v1_val_20211119_20211201,20211119_20211201,True,SUCCEEDED,2026-09-22T13:04:42.787017+00:00,True,data/descending_zips/delhi_ncr_sbas_d136_v1_val_20211119_20211201__be8c4354,data/descending_extracted/delhi_ncr_sbas_d136_v1_val_20211119_20211201__be8c4354,1,117177450,7c96f775ffd9b3787cc46f2ed4f09e832fcb206370cb3d5022e8c4ec822cb177,120393504,14,"unw_phase.tif,corr.tif,conncomp.tif,dem.tif,lv_theta.tif,lv_phi.tif,water_mask.tif",,
d43edfa8-f18a-4bcb-83ce-81bc64d7a494,delhi_ncr_sbas_d136_v1_val_20211107_20211213,20211107_20211213,True,SUCCEEDED,2026-09-22T13:04:58.041497+00:00,True,data/descending_zips/delhi_ncr_sbas_d136_v1_val_20211107_20211213__d43edfa8,data/descending_extracted/delhi_ncr_sbas_d136_v1_val_20211107_20211213__d43edfa8,1,120824609,00b9584f9c7e82d53675ef0c6bee997bd543522c0a2d3040ccf6deeb9a9fed4c,124410903,14,"unw_phase.tif,corr.tif,conncomp.tif,dem.tif,lv_theta.tif,lv_phi.tif,water_mask.tif",,
55cdc705-9c40-4441-aafd-7a9757ee935b,delhi_ncr_sbas_d136_v1_val_20211107_20211201,20211107_20211201,True,SUCCEEDED,2026-09-22T13:05:16.991833+00:00,True,data/descending_zips/delhi_ncr_sbas_d136_v1_val_20211107_20211201__55cdc705,data/descending_extracted/delhi_ncr_sbas_d136_v1_val_20211107_20211201__55cdc705,1,119816531,1d21bd57a26520ca95b3f5f50474bead42eabdf3430019d2a681b6ba974d6d8d,123199078,14,"unw_phase.tif,corr.tif,conncomp.tif,dem.tif,lv_theta.tif,lv_phi.tif,water_mask.tif",,
87f21ba3-9f71-4a41-878d-aa10cfc8b070,delhi_ncr_sbas_d136_v1_val_20211107_20211119,20211107_20211119,True,SUCCEEDED,2026-09-22T13:06:02.658577+00:00,True,data/descending_zips/delhi_ncr_sbas_d136_v1_val_20211107_20211119__87f21ba3,data/descending_extracted/delhi_ncr_sbas_d136_v1_val_20211107_20211119__87f21ba3,1,118122608,704df35f7ca38c2a413b6220ba10ee1329de77232a95c6ad9ab46baddc58cd93,121358631,14,"unw_phase.tif,corr.tif,conncomp.tif,dem.tif,lv_theta.tif,lv_phi.tif,water_mask.tif",,
e5db95f7-04af-417c-ad86-3c55ff09f181,delhi_ncr_sbas_d136_v1_val_20211026_20211201,20211026_20211201,True,SUCCEEDED,2026-09-22T13:06:05.760218+00:00,True,data/descending_zips/delhi_ncr_sbas_d136_v1_val_20211026_20211201__e5db95f7,data/descending_extracted/delhi_ncr_sbas_d136_v1_val_20211026_20211201__e5db95f7,1,116723262,79aae117b3e979750f46719c84dd898911bdae677b372e0f33c2b18ba184a501,120152492,14,"unw_phase.tif,corr.tif,conncomp.tif,dem.tif,lv_theta.tif,lv_phi.tif,water_mask.tif",,
712762ca-74bb-4a63-ab52-3d9284eb3dc2,delhi_ncr_sbas_d136_v1_val_20211026_20211119,20211026_20211119,True,SUCCEEDED,2026-09-22T13:06:44.395849+00:00,True,data/descending_zips/delhi_ncr_sbas_d136_v1_val_20211026_20211119__712762ca,data/descending_extracted/delhi_ncr_sbas_d136_v1_val_20211026_20211119__712762ca,1,119608124,6c42a77e0cb003a9a2335176b02f1d68c0194e28a31ea1798dae3d04b16fe20e,123036500,14,"unw_phase.tif,corr.tif,conncomp.tif,dem.tif,lv_theta.tif,lv_phi.tif,water_mask.tif",,
52f58fc8-3f64-4c4c-ba22-465c8a71869a,delhi_ncr_sbas_d136_v1_val_20211014_20211119,20211014_20211119,True,SUCCEEDED,2026-09-22T13:07:24.421409+00:00,True,data/descending_zips/delhi_ncr_sbas_d136_v1_val_20211014_20211119__52f58fc8,data/descending_extracted/delhi_ncr_sbas_d136_v1_val_20211014_20211119__52f58fc8,1,116727869,768586d65abba42f70aae443756fd0b9ca42e850b72cc56fafa6d82695932ff1,120184103,14,"unw_phase.tif,corr.tif,conncomp.tif,dem.tif,lv_theta.tif,lv_phi.tif,water_mask.tif",,
f82611d6-f29b-4574-b692-929d9f584933,delhi_ncr_sbas_d136_v1_val_20211014_20211107,20211014_20211107,True,SUCCEEDED,2026-09-22T13:07:52.816889+00:00,True,data/descending_zips/delhi_ncr_sbas_d136_v1_val_20211014_20211107__f82611d6,data/descending_extracted/delhi_ncr_sbas_d136_v1_val_20211014_20211107__f82611d6,1,116802955,da81e5ee43bdcfe49313ae5638b61a0a1cbac61e97fcbb305cb2b036046d5195,120189233,14,"unw_phase.tif,corr.tif,conncomp.tif,dem.tif,lv_theta.tif,lv_phi.tif,water_mask.tif",,
e8b54616-29ad-40d5-9a6b-d4ad26f7f19b,delhi_ncr_sbas_d136_v1_val_20211014_20211026,20211014_20211026,True,SUCCEEDED,2026-09-22T13:08:57.385946+00:00,True,data/descending_zips/delhi_ncr_sbas_d136_v1_val_20211014_20211026__e8b54616,data/descending_extracted/delhi_ncr_sbas_d136_v1_val_20211014_20211026__e8b54616,1,116313114,520b247cbf5dafc1f64f22f722040e025ddccd06769be0e389679ed1a5730f29,119684546,14,"unw_phase.tif,corr.tif,conncomp.tif,dem.tif,lv_theta.tif,lv_phi.tif,water_mask.tif",,
d49540f5-a210-4da3-b5f0-57b8e5b587ff,delhi_ncr_sbas_d136_v1_val_20211002_20211107,20211002_20211107,True,SUCCEEDED,2026-09-22T13:09:12.333716+00:00,True,data/descending_zips/delhi_ncr_sbas_d136_v1_val_20211002_20211107__d49540f5,data/descending_extracted/delhi_ncr_sbas_d136_v1_val_20211002_20211107__d49540f5,1,116957619,0839be1c22ba896f92037cc843261682f7c23e748c232518e2cebb15e197a6a0,120322913,14,"unw_phase.tif,corr.tif,conncomp.tif,dem.tif,lv_theta.tif,lv_phi.tif,water_mask.tif",,
b58d9d20-c111-48ca-a15d-8b8f4a858c1e,delhi_ncr_sbas_d136_v1_val_20211002_20211026,20211002_20211026,True,SUCCEEDED,2026-09-22T13:09:55.289962+00:00,True,data/descending_zips/delhi_ncr_sbas_d136_v1_val_20211002_20211026__b58d9d20,data/descending_extracted/delhi_ncr_sbas_d136_v1_val_20211002_20211026__b58d9d20,1,117332531,25ae978b2bb4cb1217f77d3bed7f634b20c345eac4e4d2a1b4e4b82adf069626,120702714,14,"unw_phase.tif,corr.tif,conncomp.tif,dem.tif,lv_theta.tif,lv_phi.tif,water_mask.tif",,
97f89ba3-f023-4fea-a32d-5fc2920d0397,delhi_ncr_sbas_d136_v1_val_20211002_20211014,20211002_20211014,True,SUCCEEDED,2026-09-22T13:09:56.758702+00:00,True,data/descending_zips/delhi_ncr_sbas_d136_v1_val_20211002_20211014__97f89ba3,data/descending_extracted/delhi_ncr_sbas_d136_v1_val_20211002_20211014__97f89ba3,1,117556142,0010fbf5c6fe95ef24ab17709ea01171b50c598db0223fdb80bec304331f72c6,120891212,14,"unw_phase.tif,corr.tif,conncomp.tif,dem.tif,lv_theta.tif,lv_phi.tif,water_mask.tif",,
0e079a18-a9e7-46b3-9c18-9e879a45fb21,delhi_ncr_sbas_d136_v1_val_20240108_20240120,20240108_20240120,True,SUCCEEDED,2026-09-22T14:00:52.284365+00:00,True,data/descending_zips/delhi_ncr_sbas_d136_v1_val_20240108_20240120__0e079a18,data/descending_extracted/delhi_ncr_sbas_d136_v1_val_20240108_20240120__0e079a18,1,115360151,b73043d2145ac7a84117cc2badd615428a62a089f5112e00dbfcd08cbd812565,118577546,14,"unw_phase.tif,corr.tif,conncomp.tif,dem.tif,lv_theta.tif,lv_phi.tif,water_mask.tif",,
f923f290-ced8-4ab7-939b-57427f952395,delhi_ncr_sbas_d136_v1_val_20220307_20220331,20220307_20220331,True,SUCCEEDED,2026-09-22T14:00:52.284568+00:00,True,data/descending_zips/delhi_ncr_sbas_d136_v1_val_20220307_20220331__f923f290,data/descending_extracted/delhi_ncr_sbas_d136_v1_val_20220307_20220331__f923f290,1,120054007,3a58a84793d1775138de70dc035a8e023d7b53634932d4cc64d3b7daf3b88ae1,123561771,14,"unw_phase.tif,corr.tif,conncomp.tif,dem.tif,lv_theta.tif,lv_phi.tif,water_mask.tif",,
