station_key,state,site_name,latitude,longitude,well_type,n_seasons,dist_km_H001,dist_km_H004,dist_km_H002,dist_km_H003,min_dist_km_to_any,within_2km,within_5km,within_10km,within_20km
Baghpat    Baghpat         Sisana             Sisana|28.964|77.2177,Uttar Pradesh,Baghpat    Baghpat         Sisana             Sisana,28.964,77.2177,Dug Well,1,51.00139403289889,50.43773248563531,21.6991873084651,22.281043422070066,21.6991873084651,False,False,False,False
Baghpat    Baraut          Baraut             Baraut|29.1071|77.2642,Uttar Pradesh,Baghpat    Baraut          Baraut             Baraut,29.1071,77.2642,Dug Well,1,67.54219790923581,66.96787522602838,37.38624133395669,38.19519803575624,37.38624133395669,False,False,False,False
Baghpat    Baraut          Shahpur            Shahpur|29.0745|77.2522,Uttar Pradesh,Baghpat    Baraut          Shahpur            Shahpur,29.0745,77.2522,unspecified,1,63.73813928870428,63.160005190459714,33.670347766570295,34.451886408826645,33.670347766570295,False,False,False,False
Baghpat    Binauli         Binauli            Binauli|29.0931|77.3996,Uttar Pradesh,Baghpat    Binauli         Binauli            Binauli,29.0931,77.3996,unspecified,1,70.75177176767488,70.70547453934111,44.289562442922815,44.71499944648599,44.289562442922815,False,False,False,False
Baghpat    Khekra          Khekhra            Khekhra Pz|28.874|77.275,Uttar Pradesh,Baghpat    Khekra          Khekhra            Khekhra Pz,28.874,77.275,Bore Well,1,43.541938397551334,43.51929519278869,20.68639170648305,20.466607715222093,20.466607715222093,False,False,False,False
Baghpat    Pilana          Doula              Doula|28.9569|77.3362,Uttar Pradesh,Baghpat    Pilana          Doula              Doula,28.9569,77.3362,unspecified,1,54.45003438812842,54.47981199504894,30.040358270105056,30.151682945807366,30.040358270105056,False,False,False,False
Baghpat    Pilana          Pilana             Pilana Pz|28.951|77.418,Uttar Pradesh,Baghpat    Pilana          Pilana             Pilana Pz,28.951,77.418,Bore Well,2,57.980513559586406,58.369333714535216,36.78392762633895,36.693882571563,36.693882571563,False,False,False,False
Baghpat    Pilana          Pilana            Pilana Pz|28.951|77.418,Uttar Pradesh,Baghpat    Pilana          Pilana            Pilana Pz,28.951,77.418,Bore Well,1,57.980513559586406,58.369333714535216,36.78392762633895,36.693882571563,36.693882571563,False,False,False,False
Central     CIVIL LINES                          ISBT (Kasmi|28.66444|77.23444,Delhi,Central     CIVIL LINES                          ISBT (Kasmi,28.66444,77.23444,unspecified,1,21.84583204956713,22.76328754479297,22.961651509207694,21.49968663281913,21.49968663281913,False,False,False,False
Central     CIVIL LINES                          Majnu Ka Ti|28.69583|77.22777,Delhi,Central     CIVIL LINES                          Majnu Ka Ti,28.69583,77.22777,unspecified,1,24.11431865352782,24.692515868320505,20.058472264575894,18.642260838467248,18.642260838467248,False,False,False,True
Central     CIVIL LINES    Burari                Burari DJB|28.73305|77.19722,Delhi,Central     CIVIL LINES    Burari                Burari DJB ,28.73305,77.19722,unspecified,1,26.132821898810178,26.17088113776447,15.127691231648335,13.760212906833024,13.760212906833024,False,False,False,True
Central     CIVIL LINES    Isbt Kasmiri Gate     Khela Ghat|28.66444|77.23444,Delhi,Central     CIVIL LINES    Isbt Kasmiri Gate     Khela Ghat ,28.66444,77.23444,unspecified,1,21.84583204956713,22.76328754479297,22.961651509207694,21.49968663281913,21.49968663281913,False,False,False,False
Central     CIVIL LINES    Jagatpur              Jagatpur Pz|28.74|77.2225,Delhi,Central     CIVIL LINES    Jagatpur              Jagatpur Pz,28.74,77.2225,Bore Well,1,27.96137473084803,28.18174040374735,16.757214812633308,15.483930446779938,15.483930446779938,False,False,False,True
Central     Civil Lines    Burari                Burari DJB|28.73305|77.19722,Delhi,Central     Civil Lines    Burari                Burari DJB ,28.73305,77.19722,unspecified,1,26.132821898810178,26.17088113776447,15.127691231648335,13.760212906833024,13.760212906833024,False,False,False,True
Central     Civil Lines    Burari              Burari Augur|28.76888|77.2075,Delhi,Central     Civil Lines    Burari              Burari Augur ,28.76888,77.2075,Bore Well,1,30.16888264179691,30.107757740060396,14.037161646134981,12.908382206902624,12.908382206902624,False,False,False,True
Central     Civil Lines    Burari              Burari DJB Ex|28.73305|77.19722,Delhi,Central     Civil Lines    Burari              Burari DJB Ex,28.73305,77.19722,unspecified,1,26.132821898810178,26.17088113776447,15.127691231648335,13.760212906833024,13.760212906833024,False,False,False,True
Central     Civil Lines    Isbt Kasmiri Gate     ISBT (Kasmi|28.67222|77.23055,Delhi,Central     Civil Lines    Isbt Kasmiri Gate     ISBT (Kasmi,28.67222,77.23055,Dug Well,1,22.233261871432067,23.043256774636237,22.07273071387246,20.616715612081126,20.616715612081126,False,False,False,False
Central     Civil Lines    Isbt Kasmiri Gate     Khela Ghat|28.66444|77.23444,Delhi,Central     Civil Lines    Isbt Kasmiri Gate     Khela Ghat ,28.66444,77.23444,Dug Well,1,21.84583204956713,22.76328754479297,22.961651509207694,21.49968663281913,21.49968663281913,False,False,False,False
Central     Civil Lines    Isbt Kasmiri Gate   ISBT (Kasmiri|28.67222|77.23055,Delhi,Central     Civil Lines    Isbt Kasmiri Gate   ISBT (Kasmiri,28.67222,77.23055,Dug Well,1,22.233261871432067,23.043256774636237,22.07273071387246,20.616715612081126,20.616715612081126,False,False,False,False
Central     Civil Lines    Isbt Kasmiri Gate   Khela Ghat Bh|28.66444|77.23444,Delhi,Central     Civil Lines    Isbt Kasmiri Gate   Khela Ghat Bh,28.66444,77.23444,Dug Well,1,21.84583204956713,22.76328754479297,22.961651509207694,21.49968663281913,21.49968663281913,False,False,False,False
Central     Civil Lines    Jagatpur              Jagatpur Pz|28.74|77.2225,Delhi,Central     Civil Lines    Jagatpur              Jagatpur Pz,28.74,77.2225,Bore Well,1,27.96137473084803,28.18174040374735,16.757214812633308,15.483930446779938,15.483930446779938,False,False,False,True
Central     Civil Lines    Jagatpur            Jagatpur Pz 2|28.74|77.2225,Delhi,Central     Civil Lines    Jagatpur            Jagatpur Pz 2,28.74,77.2225,Bore Well,1,27.96137473084803,28.18174040374735,16.757214812633308,15.483930446779938,15.483930446779938,False,False,False,True
Central     Civil Lines    Majnu Ka Tila         Majnu Ka Ti|28.69583|77.22777,Delhi,Central     Civil Lines    Majnu Ka Tila         Majnu Ka Ti,28.69583,77.22777,Dug Well,1,24.11431865352782,24.692515868320505,20.058472264575894,18.642260838467248,18.642260838467248,False,False,False,True
Central     Civil Lines    Majnu Ka Tila       Majnu Ka Tila|28.69583|77.22777,Delhi,Central     Civil Lines    Majnu Ka Tila       Majnu Ka Tila,28.69583,77.22777,Dug Well,1,24.11431865352782,24.692515868320505,20.058472264575894,18.642260838467248,18.642260838467248,False,False,False,True
Central     KOTWALI                              Chandini Ch|28.65555|77.23583,Delhi,Central     KOTWALI                              Chandini Ch,28.65555,77.23583,unspecified,1,21.23261329137469,22.250923509526455,23.78339807742018,22.312180223039864,21.23261329137469,False,False,False,False
Central     Kotwali        Chandini Chowk        Chandini Ch|28.65555|77.23583,Delhi,Central     Kotwali        Chandini Chowk        Chandini Ch,28.65555,77.23583,Dug Well,1,21.23261329137469,22.250923509526455,23.78339807742018,22.312180223039864,21.23261329137469,False,False,False,False
Central     Kotwali        Chandini Chowk      Chandini Chow|28.65555|77.23583,Delhi,Central     Kotwali        Chandini Chowk      Chandini Chow,28.65555,77.23583,Dug Well,1,21.23261329137469,22.250923509526455,23.78339807742018,22.312180223039864,21.23261329137469,False,False,False,False
Central     ROHINI                                Mangolpur|28.63277|77.19583,Delhi,Central     ROHINI                                Mangolpur ,28.63277,77.19583,Bore Well,1,16.70284554166281,17.616920156825973,23.53266576202852,22.021687948012076,16.70284554166281,False,False,False,True
East        MAYUR VIHAR    Chilla Regulator       Chilla Reg|28.58722|77.30138,Delhi,East        MAYUR VIHAR    Chilla Regulator       Chilla Reg,28.58722,77.30138,unspecified,1,22.714196652407516,24.760332042576348,33.713843101932866,32.23906897437696,22.714196652407516,False,False,False,False
East        MAYUR VIHAR    Chilla Saroda          Chilla Sar|28.60027|77.29861,Delhi,East        MAYUR VIHAR    Chilla Saroda          Chilla Sar,28.60027,77.29861,Bore Well,1,22.972421487085185,24.89147000821178,32.45244600556645,30.986024487857595,22.972421487085185,False,False,False,False
East        MAYUR VIHAR    Mayur Vihar B Block Ph Mayur Viha|28.61638|77.30444,Delhi,East        MAYUR VIHAR    Mayur Vihar B Block Ph Mayur Viha,28.61638,77.30444,unspecified,1,24.22520672816328,26.01447380206014,31.558794854742953,30.11389540114622,24.22520672816328,False,False,False,False
East        Mayur Vihar    Chilla Regulator      Chilla Regu|28.58722|77.30138,Delhi,East        Mayur Vihar    Chilla Regulator      Chilla Regu,28.58722,77.30138,unspecified,1,22.714196652407516,24.760332042576348,33.713843101932866,32.23906897437696,22.714196652407516,False,False,False,False
East        Mayur Vihar    Chilla Regulator    Chilla Regula|28.58722|77.30138,Delhi,East        Mayur Vihar    Chilla Regulator    Chilla Regula,28.58722,77.30138,unspecified,1,22.714196652407516,24.760332042576348,33.713843101932866,32.23906897437696,22.714196652407516,False,False,False,False
East        Mayur Vihar    Chilla Saroda         Chilla Saro|28.60027|77.29861,Delhi,East        Mayur Vihar    Chilla Saroda         Chilla Saro,28.60027,77.29861,Bore Well,1,22.972421487085185,24.89147000821178,32.45244600556645,30.986024487857595,22.972421487085185,False,False,False,False
East        Mayur Vihar    Chilla Saroda       Chilla Saroda|28.60027|77.29861,Delhi,East        Mayur Vihar    Chilla Saroda       Chilla Saroda,28.60027,77.29861,Bore Well,1,22.972421487085185,24.89147000821178,32.45244600556645,30.986024487857595,22.972421487085185,False,False,False,False
East        Mayur Vihar    Kondli                 Kondli DJB|28.61055|77.32166,Delhi,East        Mayur Vihar    Kondli                 Kondli DJB,28.61055,77.32166,unspecified,1,25.489347598024047,27.383342307016903,33.21946407673614,31.7845345369335,25.489347598024047,False,False,False,False
East        Mayur Vihar    Kondli                Kondli DJB|28.61055|77.32166,Delhi,East        Mayur Vihar    Kondli                Kondli DJB ,28.61055,77.32166,unspecified,1,25.489347598024047,27.383342307016903,33.21946407673614,31.7845345369335,25.489347598024047,False,False,False,False
East        Mayur Vihar    Kondli              Kondli DJB WT|28.61055|77.32166,Delhi,East        Mayur Vihar    Kondli              Kondli DJB WT,28.61055,77.32166,unspecified,1,25.489347598024047,27.383342307016903,33.21946407673614,31.7845345369335,25.489347598024047,False,False,False,False
East        Mayur Vihar    Mayur Vihar B Block   Mayur Vihar|28.61638|77.30444,Delhi,East        Mayur Vihar    Mayur Vihar B Block   Mayur Vihar,28.61638,77.30444,unspecified,1,24.22520672816328,26.01447380206014,31.558794854742953,30.11389540114622,24.22520672816328,False,False,False,False
East        Mayur Vihar    Mayur Vihar B Block Mayur Vihar B|28.61638|77.30444,Delhi,East        Mayur Vihar    Mayur Vihar B Block Mayur Vihar B,28.61638,77.30444,unspecified,1,24.22520672816328,26.01447380206014,31.558794854742953,30.11389540114622,24.22520672816328,False,False,False,False
East        PREET VIHAR    Bank Enclave           Bank Encla|28.64083|77.2875,Delhi,East        PREET VIHAR    Bank Enclave           Bank Encla,28.64083,77.2875,Bore Well,1,24.13180729908929,25.622954464646607,28.48433803054346,27.052859728123604,24.13180729908929,False,False,False,False
East        PREET VIHAR    Gazipur                Gazi Pur C|28.62805|77.31805,Delhi,East        PREET VIHAR    Gazipur                Gazi Pur C,28.62805,77.31805,unspecified,1,25.99315537015846,27.726278595362224,31.650361212830823,30.23471221187991,25.99315537015846,False,False,False,False
East        PREET VIHAR    Gujarat Vihar          Gujarat Vi|28.64222|77.29166,Delhi,East        PREET VIHAR    Gujarat Vihar          Gujarat Vi,28.64222,77.29166,Bore Well,1,24.555992340875047,26.05424152722621,28.67882218112377,27.254221409722156,24.555992340875047,False,False,False,False
East        Preet Vihar    Bank Enclave          Bank Enclav|28.64083|77.2875,Delhi,East        Preet Vihar    Bank Enclave          Bank Enclav,28.64083,77.2875,Bore Well,1,24.13180729908929,25.622954464646607,28.48433803054346,27.052859728123604,24.13180729908929,False,False,False,False
East        Preet Vihar    Bank Enclave        Bank Enclave|28.64083|77.2875,Delhi,East        Preet Vihar    Bank Enclave        Bank Enclave ,28.64083,77.2875,Bore Well,1,24.13180729908929,25.622954464646607,28.48433803054346,27.052859728123604,24.13180729908929,False,False,False,False
East        Preet Vihar    Gazipur               Gazi Pur Cr|28.62805|77.31805,Delhi,East        Preet Vihar    Gazipur               Gazi Pur Cr,28.62805,77.31805,unspecified,1,25.99315537015846,27.726278595362224,31.650361212830823,30.23471221187991,25.99315537015846,False,False,False,False
East        Preet Vihar    Gazipur             Gazi Pur Cros|28.62805|77.31805,Delhi,East        Preet Vihar    Gazipur             Gazi Pur Cros,28.62805,77.31805,unspecified,1,25.99315537015846,27.726278595362224,31.650361212830823,30.23471221187991,25.99315537015846,False,False,False,False
East        Preet Vihar    Gujarat Vihar         Gujarat Vih|28.64222|77.29166,Delhi,East        Preet Vihar    Gujarat Vihar         Gujarat Vih,28.64222,77.29166,Bore Well,1,24.555992340875047,26.05424152722621,28.67882218112377,27.254221409722156,24.555992340875047,False,False,False,False
East        Preet Vihar    Gujarat Vihar       Gujarat Vihar|28.64222|77.29166,Delhi,East        Preet Vihar    Gujarat Vihar       Gujarat Vihar,28.64222,77.29166,Bore Well,1,24.555992340875047,26.05424152722621,28.67882218112377,27.254221409722156,24.555992340875047,False,False,False,False
Faridabad       Ballabgarh     Ballabhgarh        Ballabhgar|28.34583|77.32083,Haryana,Faridabad       Ballabgarh     Ballabhgarh        Ballabhgar,28.3458333,77.3208333,unspecified,1,30.476775113598027,33.287947480216374,57.50818957227095,56.000420695407634,30.476775113598027,False,False,False,False
Faridabad       Ballabgarh     Ballabhgarh       Ballabhgarh|28.34583|77.32083,Haryana,Faridabad       Ballabgarh     Ballabhgarh       Ballabhgarh,28.3458333,77.3208333,unspecified,1,30.476775113598027,33.287947480216374,57.50818957227095,56.000420695407634,30.476775113598027,False,False,False,False
Faridabad       Ballabgarh     Ballabhgarh    Ballabhgarh|28.34583|77.32083,Haryana,Faridabad       Ballabgarh     Ballabhgarh    Ballabhgarh,28.3458333,77.3208333,unspecified,1,30.476775113598027,33.287947480216374,57.50818957227095,56.000420695407634,30.476775113598027,False,False,False,False
Faridabad       Ballabgarh     Chandpur          Chandpur|28.32917|77.475,Haryana,Faridabad       Ballabgarh     Chandpur          Chandpur,28.3291667,77.475,Dug Well,1,44.02473688500275,46.890171160409295,66.76855085302668,65.26897052750232,44.02473688500275,False,False,False,False
Faridabad       Ballabgarh     Chandpur       Chandpur|28.32917|77.475,Haryana,Faridabad       Ballabgarh     Chandpur       Chandpur,28.3291667,77.475,Dug Well,1,44.02473688500275,46.890171160409295,66.76855085302668,65.26897052750232,44.02473688500275,False,False,False,False
Faridabad       Ballabgarh     Dayalpur          Dayalpur|28.30556|77.38611,Haryana,Faridabad       Ballabgarh     Dayalpur          Dayalpur,28.3055556,77.3861111,Dug Well,1,38.25758071130994,41.07669913257054,64.37085698728609,62.859332967281404,38.25758071130994,False,False,False,False
Faridabad       Ballabgarh     Dayalpur       Dayalpur|28.30556|77.38611,Haryana,Faridabad       Ballabgarh     Dayalpur       Dayalpur,28.3055556,77.3861111,Dug Well,1,38.25758071130994,41.07669913257054,64.37085698728609,62.859332967281404,38.25758071130994,False,False,False,False
Faridabad       Ballabgarh     Immamudipur    Immamudipur|28.28333|77.47083,Haryana,Faridabad       Ballabgarh     Immamudipur    Immamudipur,28.2833333,77.4708333,unspecified,1,46.38125277486855,49.228766158048074,70.73750777822023,69.23059106017227,46.38125277486855,False,False,False,False
Faridabad       Ballabgarh     Kabulpur           Kabulpur|28.39444|77.43889,Haryana,Faridabad       Ballabgarh     Kabulpur           Kabulpur,28.3944444,77.4388889,unspecified,1,37.692032180208265,40.54255721253611,58.83269301435058,57.3381385696536,37.692032180208265,False,False,False,False
Faridabad       Ballabgarh     Kabulpur          Kabulpur|28.39444|77.43889,Haryana,Faridabad       Ballabgarh     Kabulpur          Kabulpur,28.3944444,77.4388889,unspecified,1,37.692032180208265,40.54255721253611,58.83269301435058,57.3381385696536,37.692032180208265,False,False,False,False
Faridabad       Ballabgarh     Manjhawali        Manjhawali-|28.36944|77.4775,Haryana,Faridabad       Ballabgarh     Manjhawali        Manjhawali-,28.3694444,77.4775,Dug Well,1,42.25259410772328,45.10986227573249,63.34517795604943,61.85571637374213,42.25259410772328,False,False,False,False
Faridabad       Ballabgarh     Sakrana           Sakrana-DW|28.3|77.25833,Haryana,Faridabad       Ballabgarh     Sakrana           Sakrana-DW,28.3,77.2583333,Dug Well,1,30.079338636843357,32.662710150315945,60.064582935341654,58.58345390882918,30.079338636843357,False,False,False,False
Faridabad       Ballabgarh     Sanped            Sanped-DW|28.28611|77.34167,Haryana,Faridabad       Ballabgarh     Sanped            Sanped-DW,28.2861111,77.3416667,Dug Well,1,36.494744007147816,39.23482738458518,64.39923816149285,62.89318706326454,36.494744007147816,False,False,False,False
Faridabad       Ballabgarh     Shahjahanpur      Shahjahanpu|28.48333|77.30278,Haryana,Faridabad       Ballabgarh     Shahjahanpur      Shahjahanpu,28.4833333,77.3027778,Dug Well,1,22.04816032327906,24.802209206583864,43.15454573001788,41.644299179222294,22.04816032327906,False,False,False,False
Faridabad       Ballabgarh     Sikri              Sikri|28.27917|77.28333,Haryana,Faridabad       Ballabgarh     Sikri              Sikri,28.2791667,77.2833333,Dug Well,1,33.38884968404313,35.99348860331652,63.029667256605656,61.541065494143126,33.38884968404313,False,False,False,False
Faridabad       Ballabgarh     Sikri             Sikri|28.27917|77.28333,Haryana,Faridabad       Ballabgarh     Sikri             Sikri,28.2791667,77.2833333,Dug Well,1,33.38884968404313,35.99348860331652,63.029667256605656,61.541065494143126,33.38884968404313,False,False,False,False
Faridabad       Ballabgarh     Sotai             Sotai|28.29167|77.36111,Haryana,Faridabad       Ballabgarh     Sotai             Sotai,28.2916667,77.3611111,unspecified,1,37.42183688028768,40.19766595202491,64.63752817655009,63.12817968088475,37.42183688028768,False,False,False,False
Faridabad       Ballabgarh     Tigaon            Tigaon-Pz|28.34722|77.38972,Haryana,Faridabad       Ballabgarh     Tigaon            Tigaon-Pz,28.3472222,77.3897222,Bore Well,1,35.82932236535594,38.68655690569547,60.508171839883616,58.997390067337626,35.82932236535594,False,False,False,False
Faridabad       Faridabad      Anangpur          Anangpur-DW|28.4625|77.26667,Haryana,Faridabad       Faridabad      Anangpur          Anangpur-DW,28.4625,77.2666667,Dug Well,1,19.255477731944133,22.09550316492086,43.51394718793648,42.00478888883166,19.255477731944133,False,False,False,True
Faridabad       Faridabad      Bhopani           Bhopani|28.42917|77.39167,Haryana,Faridabad       Faridabad      Bhopani           Bhopani,28.4291667,77.3916667,unspecified,1,32.01581107876382,34.84594674078987,52.980896889981395,51.48107088364536,32.01581107876382,False,False,False,False
Faridabad       Faridabad      Paota             Paota|28.37278|77.19472,Haryana,Faridabad       Faridabad      Paota             Paota,28.3727778,77.1947222,unspecified,1,19.883313606327423,22.452579254188528,50.59879009779636,49.14279108149904,19.883313606327423,False,False,False,True
Faridabad   Ballabgarh     Kabulpur          Kabulpur|28.39444|77.43889,Haryana,Faridabad   Ballabgarh     Kabulpur          Kabulpur,28.3944444,77.4388889,unspecified,1,37.692032180208265,40.54255721253611,58.83269301435058,57.3381385696536,37.692032180208265,False,False,False,False
Faridabad   Ballabgarh     Manjhawali        Manjhawali-DW|28.36944|77.4775,Haryana,Faridabad   Ballabgarh     Manjhawali        Manjhawali-DW,28.3694444,77.4775,Dug Well,1,42.25259410772328,45.10986227573249,63.34517795604943,61.85571637374213,42.25259410772328,False,False,False,False
Faridabad   Ballabgarh     Sakrana           Sakrana-DW|28.3|77.25833,Haryana,Faridabad   Ballabgarh     Sakrana           Sakrana-DW,28.3,77.2583333,Dug Well,1,30.079338636843357,32.662710150315945,60.064582935341654,58.58345390882918,30.079338636843357,False,False,False,False
Faridabad   Ballabgarh     Sanped            Sanped-DW|28.28611|77.34167,Haryana,Faridabad   Ballabgarh     Sanped            Sanped-DW,28.2861111,77.3416667,Dug Well,1,36.494744007147816,39.23482738458518,64.39923816149285,62.89318706326454,36.494744007147816,False,False,False,False
Faridabad   Ballabgarh     Shahjahanpur      Shahjahanpur-DW|28.48333|77.30278,Haryana,Faridabad   Ballabgarh     Shahjahanpur      Shahjahanpur-DW,28.4833333,77.3027778,Dug Well,1,22.04816032327906,24.802209206583864,43.15454573001788,41.644299179222294,22.04816032327906,False,False,False,False
Faridabad   Ballabgarh     Sikri             Sikri|28.27917|77.28333,Haryana,Faridabad   Ballabgarh     Sikri             Sikri,28.2791667,77.2833333,Dug Well,1,33.38884968404313,35.99348860331652,63.029667256605656,61.541065494143126,33.38884968404313,False,False,False,False
Faridabad   Ballabgarh     Sotai             Sotai|28.29167|77.36111,Haryana,Faridabad   Ballabgarh     Sotai             Sotai,28.2916667,77.3611111,unspecified,1,37.42183688028768,40.19766595202491,64.63752817655009,63.12817968088475,37.42183688028768,False,False,False,False
Faridabad   Ballabgarh     Tigaon            Tigaon-Pz|28.34722|77.38972,Haryana,Faridabad   Ballabgarh     Tigaon            Tigaon-Pz,28.3472222,77.3897222,Bore Well,1,35.82932236535594,38.68655690569547,60.508171839883616,58.997390067337626,35.82932236535594,False,False,False,False
Faridabad   Faridabad      Anangpur          Anangpur-DW|28.4625|77.26667,Haryana,Faridabad   Faridabad      Anangpur          Anangpur-DW,28.4625,77.2666667,Dug Well,1,19.255477731944133,22.09550316492086,43.51394718793648,42.00478888883166,19.255477731944133,False,False,False,True
Faridabad   Faridabad      Bhopani           Bhopani|28.42917|77.39167,Haryana,Faridabad   Faridabad      Bhopani           Bhopani,28.4291667,77.3916667,unspecified,1,32.01581107876382,34.84594674078987,52.980896889981395,51.48107088364536,32.01581107876382,False,False,False,False
Faridabad   Faridabad      Paota             Paota|28.37278|77.19472,Haryana,Faridabad   Faridabad      Paota             Paota,28.3727778,77.1947222,unspecified,1,19.883313606327423,22.452579254188528,50.59879009779636,49.14279108149904,19.883313606327423,False,False,False,True
Gautam Buddha   Bisrakh          Sector 62 A      Sector- 62|28.52|77.39,Uttar Pradesh,Gautam Buddha   Bisrakh          Sector 62 A      Sector- 62,28.52,77.39,Bore Well,2,30.160603077315855,32.722323460677316,45.06645399565504,43.604079733862214,30.160603077315855,False,False,False,False
Gautam Buddha   Bisrakh          Sector72         Sector-72|28.589|77.38,Uttar Pradesh,Gautam Buddha   Bisrakh          Sector72         Sector-72 ,28.589,77.38,Bore Well,2,30.1321099208539,32.30090217784952,39.06748844465126,37.66103431441207,30.1321099208539,False,False,False,False
Gautam Buddha Nagar Bisrakh        Sector 62 A      Sector-|28.52|77.39,Uttar Pradesh,Gautam Buddha Nagar Bisrakh        Sector 62 A      Sector- ,28.52,77.39,Bore Well,1,30.160603077315855,32.722323460677316,45.06645399565504,43.604079733862214,30.160603077315855,False,False,False,False
Gautam Buddha Nagar Bisrakh        Sector72         Sector-7|28.589|77.38,Uttar Pradesh,Gautam Buddha Nagar Bisrakh        Sector72         Sector-7,28.589,77.38,Bore Well,1,30.1321099208539,32.30090217784952,39.06748844465126,37.66103431441207,30.1321099208539,False,False,False,False
Ghaziabad           Gaziabad Urban   Morta            Morta|28.725|77.483,Uttar Pradesh,Ghaziabad           Gaziabad Urban   Morta            Morta ,28.725,77.483,Bore Well,1,45.286115815899,46.862439942538266,41.15439645437199,40.14033861471493,40.14033861471493,False,False,False,False
Ghaziabad       Gaziabad Urban   Morta            Morta Pz G|28.725|77.483,Uttar Pradesh,Ghaziabad       Gaziabad Urban   Morta            Morta Pz G,28.725,77.483,Bore Well,2,45.286115815899,46.862439942538266,41.15439645437199,40.14033861471493,40.14033861471493,False,False,False,False
Gurgaon         Farukhnagar    Fazilpur Badli     Fazilpur B|28.425|76.85833,Haryana,Gurgaon         Farukhnagar    Fazilpur Badli     Fazilpur B,28.425,76.8583333,Bore Well,1,24.277527418412475,22.715923142560367,48.20407691318184,47.3486908865282,22.715923142560367,False,False,False,False
Gurgaon         Farukhnagar    Khera Khurrampur   Khera Khur|28.44167|76.77222,Haryana,Gurgaon         Farukhnagar    Khera Khurrampur   Khera Khur,28.4416667,76.7722222,Bore Well,1,31.47634339802904,29.491514268445588,50.890171664068696,50.25264665374756,29.491514268445588,False,False,False,False
Gurgaon         Farukhnagar    Wazirpur           Wazirpur-P|28.425|76.88333,Haryana,Gurgaon         Farukhnagar    Wazirpur           Wazirpur-P,28.425,76.8833333,Bore Well,1,22.110122486296458,20.684655672611264,47.192042131710934,46.27926298218774,20.684655672611264,False,False,False,False
Gurgaon         Gurgaon        Hazipur            Hazipur|28.41556|76.85833,Haryana,Gurgaon         Gurgaon        Hazipur            Hazipur,28.4155556,76.8583333,unspecified,1,24.759056872419773,23.290392206059284,49.15186364578061,48.28451907693597,23.290392206059284,False,False,False,False
Gurgaon         Pataudi        Lokra              Lokra-Pz|28.27083|76.75556,Haryana,Gurgaon         Pataudi        Lokra              Lokra-Pz,28.2708333,76.7555556,Bore Well,1,42.311864973699706,41.37501761279105,68.03312659883835,67.20283575014443,41.37501761279105,False,False,False,False
Gurgaon         Pataudi        Meoka              Meoka-Pz|28.40889|76.91917,Haryana,Gurgaon         Pataudi        Meoka              Meoka-Pz,28.4088889,76.9191667,Bore Well,1,20.177950749348486,19.201633534746126,47.62540548592949,46.61532007251314,19.201633534746126,False,False,False,True
Gurgaon     Farukhnagar    Budehra            Budehra|28.46111|76.98472,Haryana,Gurgaon     Farukhnagar    Budehra            Budehra,28.4611111,76.9847222,Dug Well,1,11.564029309128248,10.589513255689408,40.314923533925814,39.192785924594844,10.589513255689408,False,False,False,True
Gurgaon     Farukhnagar    Budehra          Budehra|28.46111|76.98472,Haryana,Gurgaon     Farukhnagar    Budehra          Budehra,28.4611111,76.9847222,Dug Well,1,11.564029309128248,10.589513255689408,40.314923533925814,39.192785924594844,10.589513255689408,False,False,False,True
Gurgaon     Farukhnagar    Farrukh Nagar      Farrukh Nagar-|28.44722|76.825,Haryana,Gurgaon     Farukhnagar    Farrukh Nagar      Farrukh Nagar-,28.4472222,76.825,Bore Well,1,26.36549803103239,24.466672699421053,47.56512033523709,46.81900153261758,24.466672699421053,False,False,False,False
Gurgaon     Farukhnagar    Farrukh Nagar    Farrukh Nagar-Pz|28.44722|76.825,Haryana,Gurgaon     Farukhnagar    Farrukh Nagar    Farrukh Nagar-Pz,28.4472222,76.825,Bore Well,1,26.36549803103239,24.466672699421053,47.56512033523709,46.81900153261758,24.466672699421053,False,False,False,False
Gurgaon     Farukhnagar    Fazilpur Badli   Fazilpur Badli-P|28.425|76.85833,Haryana,Gurgaon     Farukhnagar    Fazilpur Badli   Fazilpur Badli-P,28.425,76.8583333,Bore Well,1,24.277527418412475,22.715923142560367,48.20407691318184,47.3486908865282,22.715923142560367,False,False,False,False
Gurgaon     Farukhnagar    Jamalpur           Jamalpur-PZ|28.37083|76.83611,Haryana,Gurgaon     Farukhnagar    Jamalpur           Jamalpur-PZ,28.3708333,76.8361111,Bore Well,1,29.22708193972786,28.035299048900647,54.57712694718184,53.704686148339356,28.035299048900647,False,False,False,False
Gurgaon     Farukhnagar    Jamalpur           Jamalpur|28.375|76.8375,Haryana,Gurgaon     Farukhnagar    Jamalpur           Jamalpur,28.375,76.8375,Dug Well,1,28.851850026217086,27.63387517208224,54.09993430846272,53.229304742120426,27.63387517208224,False,False,False,False
Gurgaon     Farukhnagar    Jamalpur         Jamalpur-PZ|28.37083|76.83611,Haryana,Gurgaon     Farukhnagar    Jamalpur         Jamalpur-PZ,28.3708333,76.8361111,Bore Well,1,29.22708193972786,28.035299048900647,54.57712694718184,53.704686148339356,28.035299048900647,False,False,False,False
Gurgaon     Farukhnagar    Jamalpur         Jamalpur|28.375|76.8375,Haryana,Gurgaon     Farukhnagar    Jamalpur         Jamalpur,28.375,76.8375,Dug Well,1,28.851850026217086,27.63387517208224,54.09993430846272,53.229304742120426,27.63387517208224,False,False,False,False
Gurgaon     Farukhnagar    Jaraon           Jaraon Pz|28.22778|76.87083,Haryana,Gurgaon     Farukhnagar    Jaraon           Jaraon Pz,28.2277778,76.8708333,Bore Well,1,38.58141557979769,38.47287741915387,68.25362694727444,67.20899528061237,38.47287741915387,False,False,False,False
Gurgaon     Farukhnagar    Jhandu Sarai     Jhandu Sarai-Pz|28.39917|76.87639,Haryana,Gurgaon     Farukhnagar    Jhandu Sarai     Jhandu Sarai-Pz,28.3991667,76.8763889,Bore Well,1,24.194868899501824,22.992525927413944,50.10312436667106,49.177280311937416,22.992525927413944,False,False,False,False
Gurgaon     Farukhnagar    Kadipur            Kadipur|28.45278|77.02,Haryana,Gurgaon     Farukhnagar    Kadipur            Kadipur,28.4527778,77.02,unspecified,1,9.68384005898576,9.598777709438927,40.63640698106719,39.42843530309594,9.598777709438927,False,False,True,True
Gurgaon     Farukhnagar    Khera Khurrampur   Khera Khurramp|28.44167|76.77222,Haryana,Gurgaon     Farukhnagar    Khera Khurrampur   Khera Khurramp,28.4416667,76.7722222,unspecified,1,31.47634339802904,29.491514268445588,50.890171664068696,50.25264665374756,29.491514268445588,False,False,False,False
Gurgaon     Farukhnagar    Mubarakpur         Mubarakpur|28.47222|76.84167,Haryana,Gurgaon     Farukhnagar    Mubarakpur         Mubarakpur,28.4722222,76.8416667,unspecified,1,24.042664154904692,21.96199300586411,44.342987634028354,43.59859272684948,21.96199300586411,False,False,False,False
Gurgaon     Farukhnagar    Sadhrana           Sadhrana-Pz|28.375|76.94583,Haryana,Gurgaon     Farukhnagar    Sadhrana           Sadhrana-Pz,28.375,76.9458333,Bore Well,1,20.968859043814103,20.6051774375365,50.51012252676613,49.419577928356944,20.6051774375365,False,False,False,False
Gurgaon     Farukhnagar    Wazirpur           Wazirpur-Pz|28.425|76.88333,Haryana,Gurgaon     Farukhnagar    Wazirpur           Wazirpur-Pz,28.425,76.8833333,Bore Well,1,22.110122486296458,20.684655672611264,47.192042131710934,46.27926298218774,20.684655672611264,False,False,False,False
Gurgaon     Gurgaon        Daultabad          Daultabad-Pz|28.49944|76.99306,Haryana,Gurgaon     Gurgaon        Daultabad          Daultabad-Pz,28.4994444,76.9930556,Bore Well,1,8.955338880060777,7.160773210899001,35.97716066219146,34.86002472967948,7.160773210899001,False,False,True,True
Gurgaon     Gurgaon        Gurgaon            Gurgaon Pz|28.46389|77.0375,Haryana,Gurgaon     Gurgaon        Gurgaon            Gurgaon Pz,28.4638889,77.0375,Bore Well,1,7.676826466945207,7.913908014974164,39.2217310838516,37.97887497961935,7.676826466945207,False,False,True,True
Gurgaon     Gurgaon        Hazipur            Hazipur|28.41556|76.85833,Haryana,Gurgaon     Gurgaon        Hazipur            Hazipur,28.4155556,76.8583333,unspecified,1,24.759056872419773,23.290392206059284,49.15186364578061,48.28451907693597,23.290392206059284,False,False,False,False
Gurgaon     Gurgaon        Kasan              Kasan|28.35694|76.90833,Haryana,Gurgaon     Gurgaon        Kasan              Kasan,28.3569444,76.9083333,unspecified,1,24.891903397792913,24.316621222127836,53.44684764555842,52.4180580979781,24.316621222127836,False,False,False,False
Gurgaon     Gurgaon        Shikohpur          Shikohpur|28.36944|76.98611,Haryana,Gurgaon     Gurgaon        Shikohpur          Shikohpur,28.3694444,76.9861111,unspecified,1,19.270762501370697,19.43845747584246,50.29481839135485,49.124208789175235,19.270762501370697,False,False,False,True
Gurgaon     Pataudi        Bhora Kalan        Bhora Kalan-Pz|28.3|76.83611,Haryana,Gurgaon     Pataudi        Bhora Kalan        Bhora Kalan-Pz,28.3,76.8361111,Bore Well,1,34.35152380687667,33.65858829148029,61.80144421009549,60.86154718056704,33.65858829148029,False,False,False,False
Gurgaon     Pataudi        Bilaspur           Bilaspur-PZ|28.36944|76.8625,Haryana,Gurgaon     Pataudi        Bilaspur           Bilaspur-PZ,28.3694444,76.8625,Bore Well,1,27.246560290257133,26.222575402262915,53.676472683872944,52.74940279189712,26.222575402262915,False,False,False,False
Gurgaon     Pataudi        Bilaspur           Bilaspur-Pz|28.36944|76.8625,Haryana,Gurgaon     Pataudi        Bilaspur           Bilaspur-Pz,28.3694444,76.8625,Bore Well,2,27.246560290257133,26.222575402262915,53.676472683872944,52.74940279189712,26.222575402262915,False,False,False,False
Gurgaon     Pataudi        Gudhana            Gudhana-Pz|28.35278|76.68889,Haryana,Gurgaon     Pataudi        Gudhana            Gudhana-Pz,28.3527778,76.6888889,Bore Well,1,42.695790960209486,41.07389289298587,63.67284048027448,63.05243404757105,41.07389289298587,False,False,False,False
Gurgaon     Pataudi        Haila Mandi        Haila Mandi|28.31306|76.77083,Haryana,Gurgaon     Pataudi        Haila Mandi        Haila Mandi,28.3130556,76.7708333,unspecified,1,38.17802700154431,37.06975332778975,63.177207844041526,62.364129817541816,37.06975332778975,False,False,False,False
Gurgaon     Pataudi        Lokra              Lokra-Pz|28.27083|76.75556,Haryana,Gurgaon     Pataudi        Lokra              Lokra-Pz,28.2708333,76.7555556,Bore Well,1,42.311864973699706,41.37501761279105,68.03312659883835,67.20283575014443,41.37501761279105,False,False,False,False
Gurgaon     Pataudi        Meoka              Meoka-Pz|28.40889|76.91917,Haryana,Gurgaon     Pataudi        Meoka              Meoka-Pz,28.4088889,76.9191667,Bore Well,1,20.177950749348486,19.201633534746126,47.62540548592949,46.61532007251314,19.201633534746126,False,False,False,True
Gurgaon    Farukhnagar    Kadipur            Kadipur|28.45278|77.02,Haryana,Gurgaon    Farukhnagar    Kadipur            Kadipur,28.4527778,77.02,unspecified,1,9.68384005898576,9.598777709438927,40.63640698106719,39.42843530309594,9.598777709438927,False,False,True,True
Gurgaon    Farukhnagar    Khera Khurrampur   Khera Khurrampu|28.44167|76.77222,Haryana,Gurgaon    Farukhnagar    Khera Khurrampur   Khera Khurrampu,28.4416667,76.7722222,Bore Well,1,31.47634339802904,29.491514268445588,50.890171664068696,50.25264665374756,29.491514268445588,False,False,False,False
Gurgaon    Farukhnagar    Mubarakpur         Mubarakpur|28.47222|76.84167,Haryana,Gurgaon    Farukhnagar    Mubarakpur         Mubarakpur,28.4722222,76.8416667,unspecified,1,24.042664154904692,21.96199300586411,44.342987634028354,43.59859272684948,21.96199300586411,False,False,False,False
Gurgaon    Farukhnagar    Sadhrana           Sadhrana-Pz|28.375|76.94583,Haryana,Gurgaon    Farukhnagar    Sadhrana           Sadhrana-Pz,28.375,76.9458333,Bore Well,1,20.968859043814103,20.6051774375365,50.51012252676613,49.419577928356944,20.6051774375365,False,False,False,False
Gurgaon    Farukhnagar    Wazirpur           Wazirpur-Pz|28.425|76.88333,Haryana,Gurgaon    Farukhnagar    Wazirpur           Wazirpur-Pz,28.425,76.8833333,Bore Well,1,22.110122486296458,20.684655672611264,47.192042131710934,46.27926298218774,20.684655672611264,False,False,False,False
Gurgaon    Gurgaon        Bandhwari          Bandhwari|28.39722|77.15417,Haryana,Gurgaon    Gurgaon        Bandhwari          Bandhwari,28.3972222,77.1541667,Dug Well,1,15.517325861954985,17.948962451392752,47.13948099737998,45.715351187887535,15.517325861954985,False,False,False,True
Gurgaon    Gurgaon        Daultabad          Daultabad-Pz|28.49944|76.99306,Haryana,Gurgaon    Gurgaon        Daultabad          Daultabad-Pz,28.4994444,76.9930556,Bore Well,1,8.955338880060777,7.160773210899001,35.97716066219146,34.86002472967948,7.160773210899001,False,False,True,True
Gurgaon    Gurgaon        Hazipur            Hazipur|28.41556|76.85833,Haryana,Gurgaon    Gurgaon        Hazipur            Hazipur,28.4155556,76.8583333,unspecified,1,24.759056872419773,23.290392206059284,49.15186364578061,48.28451907693597,23.290392206059284,False,False,False,False
Gurgaon    Gurgaon        Kasan              Kasan|28.35694|76.90833,Haryana,Gurgaon    Gurgaon        Kasan              Kasan,28.3569444,76.9083333,unspecified,1,24.891903397792913,24.316621222127836,53.44684764555842,52.4180580979781,24.316621222127836,False,False,False,False
Gurgaon    Gurgaon        Shikohpur          Shikohpur|28.36944|76.98611,Haryana,Gurgaon    Gurgaon        Shikohpur          Shikohpur,28.3694444,76.9861111,unspecified,1,19.270762501370697,19.43845747584246,50.29481839135485,49.124208789175235,19.270762501370697,False,False,False,True
Gurgaon    Pataudi        Bhora Kalan        Bhora Kalan-Pz|28.3|76.83611,Haryana,Gurgaon    Pataudi        Bhora Kalan        Bhora Kalan-Pz,28.3,76.8361111,Bore Well,1,34.35152380687667,33.65858829148029,61.80144421009549,60.86154718056704,33.65858829148029,False,False,False,False
Gurgaon    Pataudi        Bilaspur           Bilaspur-PZ|28.36944|76.8625,Haryana,Gurgaon    Pataudi        Bilaspur           Bilaspur-PZ,28.3694444,76.8625,Bore Well,1,27.246560290257133,26.222575402262915,53.676472683872944,52.74940279189712,26.222575402262915,False,False,False,False
Gurgaon    Pataudi        Bilaspur           Bilaspur-Pz|28.36944|76.8625,Haryana,Gurgaon    Pataudi        Bilaspur           Bilaspur-Pz,28.3694444,76.8625,Bore Well,2,27.246560290257133,26.222575402262915,53.676472683872944,52.74940279189712,26.222575402262915,False,False,False,False
Gurgaon    Pataudi        Gudhana            Gudhana-Pz|28.35278|76.68889,Haryana,Gurgaon    Pataudi        Gudhana            Gudhana-Pz,28.3527778,76.6888889,Bore Well,1,42.695790960209486,41.07389289298587,63.67284048027448,63.05243404757105,41.07389289298587,False,False,False,False
Gurgaon    Pataudi        Haila Mandi        Haila Mandi|28.31306|76.77083,Haryana,Gurgaon    Pataudi        Haila Mandi        Haila Mandi,28.3130556,76.7708333,unspecified,1,38.17802700154431,37.06975332778975,63.177207844041526,62.364129817541816,37.06975332778975,False,False,False,False
Gurgaon    Pataudi        Lokra              Lokra-Pz|28.27083|76.75556,Haryana,Gurgaon    Pataudi        Lokra              Lokra-Pz,28.2708333,76.7555556,Bore Well,1,42.311864973699706,41.37501761279105,68.03312659883835,67.20283575014443,41.37501761279105,False,False,False,False
Gurgaon    Pataudi        Meoka              Meoka-Pz|28.40889|76.91917,Haryana,Gurgaon    Pataudi        Meoka              Meoka-Pz,28.4088889,76.9191667,Bore Well,1,20.177950749348486,19.201633534746126,47.62540548592949,46.61532007251314,19.201633534746126,False,False,False,True
Gurgaon    Pataudi        Mouzabad           Mouzabad|28.29667|76.69028,Haryana,Gurgaon    Pataudi        Mouzabad           Mouzabad,28.2966667,76.6902778,unspecified,1,45.671923061202165,44.35581090136029,68.74133289444926,68.04459817036873,44.35581090136029,False,False,False,False
Gurgaon    Pataudi        Mouzabad        Mouzabad|28.29667|76.69028,Haryana,Gurgaon    Pataudi        Mouzabad        Mouzabad,28.2966667,76.6902778,unspecified,1,45.671923061202165,44.35581090136029,68.74133289444926,68.04459817036873,44.35581090136029,False,False,False,False
Gurgaon    Pataudi        Pataudi            Pataudi-Pz|28.3375|76.75417,Haryana,Gurgaon    Pataudi        Pataudi            Pataudi-Pz,28.3375,76.7541667,Bore Well,1,37.95431693545488,36.627708095559456,61.59431064790715,60.83882535849337,36.627708095559456,False,False,False,False
Gurgaon    Pataudi        Pataudi         Pataudi-Pz|28.3375|76.75417,Haryana,Gurgaon    Pataudi        Pataudi         Pataudi-Pz,28.3375,76.7541667,Bore Well,1,37.95431693545488,36.627708095559456,61.59431064790715,60.83882535849337,36.627708095559456,False,False,False,False
Gurgaon    Pataudi        Sidrawali          Sidrawali-Pz|28.26667|76.83472,Haryana,Gurgaon    Pataudi        Sidrawali          Sidrawali-Pz,28.2666667,76.8347222,Bore Well,1,37.18620526360221,36.673368451328585,65.30168381543994,64.33832976567139,36.673368451328585,False,False,False,False
Gurgaon    Pataudi        Sidrawali       Sidrawali-Pz|28.26667|76.83472,Haryana,Gurgaon    Pataudi        Sidrawali       Sidrawali-Pz,28.2666667,76.8347222,Bore Well,1,37.18620526360221,36.673368451328585,65.30168381543994,64.33832976567139,36.673368451328585,False,False,False,False
Gurgaon    Sohana         Gangola            Gangola|28.26111|77.20556,Haryana,Gurgaon    Sohana         Gangola            Gangola,28.2611111,77.2055556,Dug Well,1,31.370998816109132,33.641589361224916,62.94788750674752,61.504365845042685,31.370998816109132,False,False,False,False
Gurgaon    Sohana         Gangola         Gangola|28.26111|77.20556,Haryana,Gurgaon    Sohana         Gangola         Gangola,28.2611111,77.2055556,Dug Well,1,31.370998816109132,33.641589361224916,62.94788750674752,61.504365845042685,31.370998816109132,False,False,False,False
Gurgaon    Sohana         Harchandpur        Harchandpur Pz|28.26667|77.13889,Haryana,Gurgaon    Sohana         Harchandpur        Harchandpur Pz,28.2666667,77.1388889,Bore Well,1,28.858008888214375,30.75239903655837,61.32772930736534,59.93834476343383,28.858008888214375,False,False,False,False
Gurgaon    Sohana         Harchandpur     Harchandpur Pz|28.26667|77.13889,Haryana,Gurgaon    Sohana         Harchandpur     Harchandpur Pz,28.2666667,77.1388889,Bore Well,1,28.858008888214375,30.75239903655837,61.32772930736534,59.93834476343383,28.858008888214375,False,False,False,False
Gurgaon    Sohana         Kherla             Kherla|28.31389|77.11528,Haryana,Gurgaon    Sohana         Kherla             Kherla,28.3138889,77.1152778,unspecified,1,23.29023845850082,25.090269222139536,55.89244208030306,54.522980734872206,23.29023845850082,False,False,False,False
Gurgaon    Sohana         Kherla          Kherla|28.31389|77.11528,Haryana,Gurgaon    Sohana         Kherla          Kherla,28.3138889,77.1152778,unspecified,1,23.29023845850082,25.090269222139536,55.89244208030306,54.522980734872206,23.29023845850082,False,False,False,False
Jhajjar    Bahadurgarh    Asanda            Asanda-DW|28.75444|76.75111,Haryana,Jhajjar    Bahadurgarh    Asanda            Asanda-DW,28.7544444,76.7511111,Dug Well,1,41.36461484341153,38.554355991725394,32.13657022492134,32.606931423891574,32.13657022492134,False,False,False,False
Jhajjar    Bahadurgarh    Asanda         Asanda-DW|28.75444|76.75111,Haryana,Jhajjar    Bahadurgarh    Asanda         Asanda-DW,28.7544444,76.7511111,Dug Well,1,41.36461484341153,38.554355991725394,32.13657022492134,32.606931423891574,32.13657022492134,False,False,False,False
Jhajjar    Bahadurgarh    Badli             Badli|28.59167|76.81667,Haryana,Jhajjar    Bahadurgarh    Badli             Badli,28.5916667,76.8166667,Dug Well,1,27.00776653969486,24.20166663765462,35.28843758331019,34.90705078328634,24.20166663765462,False,False,False,False
Jhajjar    Bahadurgarh    Badli          Badli|28.59167|76.81667,Haryana,Jhajjar    Bahadurgarh    Badli          Badli,28.5916667,76.8166667,Dug Well,1,27.00776653969486,24.20166663765462,35.28843758331019,34.90705078328634,24.20166663765462,False,False,False,False
Jhajjar    Bahadurgarh    Bahadurgarh       Bahadurgarh|28.69167|76.93333,Haryana,Jhajjar    Bahadurgarh    Bahadurgarh       Bahadurgarh,28.6916667,76.9333333,unspecified,1,23.831571412667635,21.262176813422954,19.375054456018624,19.008683465336915,19.008683465336915,False,False,False,True
Jhajjar    Bahadurgarh    Bahadurgarh    Bahadurgarh|28.69167|76.93333,Haryana,Jhajjar    Bahadurgarh    Bahadurgarh    Bahadurgarh,28.6916667,76.9333333,unspecified,1,23.831571412667635,21.262176813422954,19.375054456018624,19.008683465336915,19.008683465336915,False,False,False,True
Jhajjar    Bahadurgarh    Bamroli        Bamroli- DW|28.73361|76.94111,Haryana,Jhajjar    Bahadurgarh    Bamroli        Bamroli- DW,28.7336111,76.9411111,Dug Well,1,27.296088203790166,24.910418882221663,15.773417832860245,15.683180044208973,15.683180044208973,False,False,False,True
Jhajjar    Bahadurgarh    Chhara            Chhara|28.7|76.71667,Haryana,Jhajjar    Bahadurgarh    Chhara            Chhara,28.7,76.7166667,Dug Well,1,40.77075176977516,37.90572798030942,37.06798381487806,37.32862909311628,37.06798381487806,False,False,False,False
Jhajjar    Bahadurgarh    Chhara         Chhara|28.7|76.71667,Haryana,Jhajjar    Bahadurgarh    Chhara         Chhara,28.7,76.7166667,Dug Well,2,40.77075176977516,37.90572798030942,37.06798381487806,37.32862909311628,37.06798381487806,False,False,False,False
Jhajjar    Bahadurgarh    Dehkora           Dehkora-DW|28.74722|76.80556,Haryana,Jhajjar    Bahadurgarh    Dehkora           Dehkora-DW,28.7472222,76.8055556,Dug Well,1,36.822122870274825,34.063488122242234,27.18544591238892,27.5606000179276,27.18544591238892,False,False,False,False
Jhajjar    Bahadurgarh    Dehkora        Dehkora-DW|28.74722|76.80556,Haryana,Jhajjar    Bahadurgarh    Dehkora        Dehkora-DW,28.7472222,76.8055556,Dug Well,1,36.822122870274825,34.063488122242234,27.18544591238892,27.5606000179276,27.18544591238892,False,False,False,False
Jhajjar    Bahadurgarh    Dulhera           Dulhera|28.65|76.78333,Haryana,Jhajjar    Bahadurgarh    Dulhera           Dulhera,28.65,76.7833333,Dug Well,1,32.427759549120694,29.56341124190798,33.73268598065375,33.66068054716147,29.56341124190798,False,False,False,False
Jhajjar    Bahadurgarh    Dulhera        Dulhera|28.65|76.78333,Haryana,Jhajjar    Bahadurgarh    Dulhera        Dulhera,28.65,76.7833333,Dug Well,2,32.427759549120694,29.56341124190798,33.73268598065375,33.66068054716147,29.56341124190798,False,False,False,False
Jhajjar    Bahadurgarh    Gabhana         Gabhana|28.57083|76.84167,Haryana,Jhajjar    Bahadurgarh    Gabhana         Gabhana,28.5708333,76.8416667,unspecified,1,24.048622640677717,21.288832296772885,35.351009382490965,34.83127153103437,21.288832296772885,False,False,False,False
Jhajjar    Bahadurgarh    Gabhana        Gabhana|28.57083|76.84167,Haryana,Jhajjar    Bahadurgarh    Gabhana        Gabhana,28.5708333,76.8416667,unspecified,2,24.048622640677717,21.288832296772885,35.351009382490965,34.83127153103437,21.288832296772885,False,False,False,False
Jhajjar    Bahadurgarh    Jakhoda         Jakhoda-DW|28.72639|76.86694,Haryana,Jhajjar    Bahadurgarh    Jakhoda         Jakhoda-DW,28.7263889,76.8669444,Dug Well,1,30.95656120225581,28.271771178507315,22.424201568599585,22.54949162260132,22.424201568599585,False,False,False,False
Jhajjar    Bahadurgarh    Jakhoda        Jakhoda-DW|28.72639|76.86694,Haryana,Jhajjar    Bahadurgarh    Jakhoda        Jakhoda-DW,28.7263889,76.8669444,Dug Well,1,30.95656120225581,28.271771178507315,22.424201568599585,22.54949162260132,22.424201568599585,False,False,False,False
Jhajjar    Bahadurgarh    Kherka Gujjar   Kherka Gujjar- DW|28.63889|76.78667,Haryana,Jhajjar    Bahadurgarh    Kherka Gujjar   Kherka Gujjar- DW,28.6388889,76.7866667,Dug Well,2,31.606194331513038,28.746222168225625,34.155657281212086,34.02959675339312,28.746222168225625,False,False,False,False
Jhajjar    Bahadurgarh    Kulasi          Kulasi|28.77222|76.9125,Haryana,Jhajjar    Bahadurgarh    Kulasi          Kulasi,28.7722222,76.9125,Dug Well,2,32.410423492220765,30.003950844986438,16.400641722379127,16.780414953034857,16.400641722379127,False,False,False,True
Jhajjar    Bahadurgarh    Kulasi         Kulasi|28.77222|76.9125,Haryana,Jhajjar    Bahadurgarh    Kulasi         Kulasi,28.7722222,76.9125,Dug Well,1,32.410423492220765,30.003950844986438,16.400641722379127,16.780414953034857,16.400641722379127,False,False,False,True
Jhajjar    Bahadurgarh    Sankol          Sankol|28.675|76.84167,Haryana,Jhajjar    Bahadurgarh    Sankol          Sankol,28.675,76.8416667,Dug Well,2,28.97940765239039,26.14625605197069,27.45690886474283,27.350051877233142,26.14625605197069,False,False,False,False
Jhajjar    Bahadurgarh    Sankol         Sankol|28.675|76.84167,Haryana,Jhajjar    Bahadurgarh    Sankol         Sankol,28.675,76.8416667,Dug Well,1,28.97940765239039,26.14625605197069,27.45690886474283,27.350051877233142,26.14625605197069,False,False,False,False
Jhajjar    Beri           Beri            Beri|28.71111|76.58194,Haryana,Jhajjar    Beri           Beri            Beri,28.7111111,76.5819444,Dug Well,2,53.12095309016963,50.26436690889427,49.2926443586094,49.71666706953347,49.2926443586094,False,False,False,False
Jhajjar    Beri           Chamanpura      Chamanpura|28.69583|76.63333,Haryana,Jhajjar    Beri           Chamanpura      Chamanpura,28.6958333,76.6333333,Dug Well,2,47.847723669348944,44.9892137818723,44.91452489492594,45.24857388624647,44.91452489492594,False,False,False,False
Jhajjar    Beri           Dighal          Dighal|28.7625|76.63056,Haryana,Jhajjar    Beri           Dighal          Dighal,28.7625,76.6305556,Dug Well,2,51.524864547791985,48.664692401520604,43.56147833254057,44.132724986156454,43.56147833254057,False,False,False,False
Jhajjar    Beri           Lakeria         Lakeria- DW|28.73472|76.94111,Haryana,Jhajjar    Beri           Lakeria         Lakeria- DW,28.7347222,76.9411111,Dug Well,2,27.403027705763822,25.020924661596393,15.702625962413673,15.622440490310245,15.622440490310245,False,False,False,True
Jhajjar    Jhajjar        Babra           BabraDW|28.56889|76.63778,Haryana,Jhajjar    Jhajjar        Babra           BabraDW,28.5688889,76.6377778,Dug Well,2,43.645839182303135,40.98181324694775,50.56155875334277,50.48437506584069,40.98181324694775,False,False,False,False
Jhajjar    Jhajjar        Hasanpur        Hasanpur|28.54167|76.6125,Haryana,Jhajjar    Jhajjar        Hasanpur        Hasanpur,28.5416667,76.6125,Dug Well,1,45.85402908887722,43.27484388081696,54.292084188856876,54.179980399980344,43.27484388081696,False,False,False,False
Jhajjar    Jhajjar        Jhajjar           Jhajjar|28.61667|76.65556,Haryana,Jhajjar    Jhajjar        Jhajjar           Jhajjar,28.6166667,76.6555556,Dug Well,1,42.910347947336156,40.13036918141572,46.35227724051025,46.391948167396606,40.13036918141572,False,False,False,False
Jhajjar    Jhajjar        Jhajjar         Jhajjar|28.61667|76.65556,Haryana,Jhajjar    Jhajjar        Jhajjar         Jhajjar,28.6166667,76.6555556,Dug Well,2,42.910347947336156,40.13036918141572,46.35227724051025,46.391948167396606,40.13036918141572,False,False,False,False
Jhajjar    Jhajjar        Jhajjar1        Jhajjar1|28.6125|76.65417,Haryana,Jhajjar    Jhajjar        Jhajjar1        Jhajjar1,28.6125,76.6541667,unspecified,1,42.93066279444022,40.15895518209796,46.69400587342071,46.72242610545626,40.15895518209796,False,False,False,False
Jhajjar    Jhajjar        Kamalgarh       Kamalgarh-DW|28.62|76.69306,Haryana,Jhajjar    Jhajjar        Kamalgarh       Kamalgarh-DW,28.62,76.6930556,Dug Well,2,39.47346707259358,36.67244194479653,42.98298084055785,42.974557739358296,36.67244194479653,False,False,False,False
Jhajjar    Jhajjar        Kheri Asra      Kheri Asra DW|28.66083|76.7275,Haryana,Jhajjar    Jhajjar        Kheri Asra      Kheri Asra DW,28.6608333,76.7275,Dug Well,2,37.87249979396701,35.01325627267569,37.8504038253624,37.933951175119084,35.01325627267569,False,False,False,False
Jhajjar    Jhajjar        Lohari          Lohari- Pz|28.38111|76.71528,Haryana,Jhajjar    Jhajjar        Lohari          Lohari- Pz,28.3811111,76.7152778,Bore Well,2,39.027705296960896,37.308900139197874,59.6065891445457,58.981798841485464,37.308900139197874,False,False,False,False
Jhajjar    Jhajjar        Silana          Silana-DW|28.55444|76.67139,Haryana,Jhajjar    Jhajjar        Silana          Silana-DW,28.5544444,76.6713889,Dug Well,1,40.21245353318534,37.58360329583442,48.77821943665998,48.60499037297356,37.58360329583442,False,False,False,False
Jhajjar    Jhajjar        Yaqubpur        Yaqubpur|28.47917|76.77083,Haryana,Jhajjar    Jhajjar        Yaqubpur        Yaqubpur,28.4791667,76.7708333,Dug Well,2,30.69669829702753,28.4503073936995,47.628663391552486,47.06620318329335,28.4503073936995,False,False,False,False
Jhajjar    Matanhail      Matanhail       Matanhail-Pz|28.57|76.84222,Haryana,Jhajjar    Matanhail      Matanhail       Matanhail-Pz,28.57,76.8422222,Bore Well,2,23.974762525376338,21.217695879707847,35.387772066206395,34.863928480144125,21.217695879707847,False,False,False,False
Jhajjar    Sahlawas       Subnah            Subnah|28.46944|76.57222,Haryana,Jhajjar    Sahlawas       Subnah            Subnah,28.4694444,76.5722222,Dug Well,1,50.081077432128204,47.74645944031029,62.218514184678746,61.99655078804408,47.74645944031029,False,False,False,False
Jhajjar    Sahlawas       Subnah          Subnah|28.46944|76.57222,Haryana,Jhajjar    Sahlawas       Subnah          Subnah,28.4694444,76.5722222,Dug Well,2,50.081077432128204,47.74645944031029,62.218514184678746,61.99655078804408,47.74645944031029,False,False,False,False
Mewat          Nuh                Indri              Indri|28.18611|77.09861,Haryana,Mewat          Nuh                Indri              Indri,28.1861111,77.0986111,Dug Well,2,37.29872431239794,38.836547535609775,69.99461610583101,68.64994544902355,37.29872431239794,False,False,False,False
Mewat          Nuh                Indri             Indri|28.18611|77.09861,Haryana,Mewat          Nuh                Indri             Indri,28.1861111,77.0986111,Dug Well,2,37.29872431239794,38.836547535609775,69.99461610583101,68.64994544902355,37.29872431239794,False,False,False,False
Mewat          Nuh                Sohna              Sohna|28.23333|77.07083,Haryana,Mewat          Nuh                Sohna              Sohna,28.2333333,77.0708333,Dug Well,1,32.02573558687582,33.38897444916308,64.70123891982637,63.38527650767466,32.02573558687582,False,False,False,False
Mewat          Nuh                Sohna             Sohna|28.23333|77.07083,Haryana,Mewat          Nuh                Sohna             Sohna,28.2333333,77.0708333,Dug Well,1,32.02573558687582,33.38897444916308,64.70123891982637,63.38527650767466,32.02573558687582,False,False,False,False
Mewat          Nuh            Indri           Indri|28.18611|77.09861,Haryana,Mewat          Nuh            Indri           Indri,28.1861111,77.0986111,Dug Well,1,37.29872431239794,38.836547535609775,69.99461610583101,68.64994544902355,37.29872431239794,False,False,False,False
Mewat          Taoru              Pipaka Shashola    Pipaka-|28.22639|77.02917,Haryana,Mewat          Taoru              Pipaka Shashola    Pipaka-,28.2263889,77.0291667,Dug Well,1,33.17597267348412,34.22336902897901,65.616012085362,64.34927449301458,33.17597267348412,False,False,False,False
Mewat          Taoru              Pipaka Shashola   Pipaka-S|28.22639|77.02917,Haryana,Mewat          Taoru              Pipaka Shashola   Pipaka-S,28.2263889,77.0291667,Dug Well,1,33.17597267348412,34.22336902897901,65.616012085362,64.34927449301458,33.17597267348412,False,False,False,False
Nazulland   NAZUL LAND     Lalitha Park           Lalitha Pa|28.6325|77.27166,Delhi,Nazulland   NAZUL LAND     Lalitha Park           Lalitha Pa,28.6325,77.27166,Bore Well,1,22.331492983253657,23.82377551325445,28.037308269284885,26.577981739702988,22.331492983253657,False,False,False,False
Nazulland   NAZUL LAND     Shastri Park           Shastri Pa|28.67555|77.26166,Delhi,Nazulland   NAZUL LAND     Shastri Park           Shastri Pa,28.67555,77.26166,Bore Well,1,24.589036556514433,25.60551367849951,24.034070450544817,22.6282227461415,22.6282227461415,False,False,False,False
Nazulland   Nazulland         Shastri Park      Shastri Park|28.67555|77.26166,Delhi,Nazulland   Nazulland         Shastri Park      Shastri Park,28.67555,77.26166,Bore Well,1,24.589036556514433,25.60551367849951,24.034070450544817,22.6282227461415,22.6282227461415,False,False,False,False
Nazulland   Nazulland      Lalitha Park          Lalitha Par|28.6325|77.27166,Delhi,Nazulland   Nazulland      Lalitha Park          Lalitha Par,28.6325,77.27166,Bore Well,1,22.331492983253657,23.82377551325445,28.037308269284885,26.577981739702988,22.331492983253657,False,False,False,False
Nazulland   Nazulland      Lalitha Park        Lalitha Park|28.6325|77.27166,Delhi,Nazulland   Nazulland      Lalitha Park        Lalitha Park ,28.6325,77.27166,Bore Well,1,22.331492983253657,23.82377551325445,28.037308269284885,26.577981739702988,22.331492983253657,False,False,False,False
Nazulland   Nazulland      Shastri Park          Shastri Par|28.67555|77.26166,Delhi,Nazulland   Nazulland      Shastri Park          Shastri Par,28.67555,77.26166,Bore Well,1,24.589036556514433,25.60551367849951,24.034070450544817,22.6282227461415,22.6282227461415,False,False,False,False
New Delhi   CHANAKYAPURI                         Birla Mandi|28.63194|77.19861,Delhi,New Delhi   CHANAKYAPURI                         Birla Mandi,28.63194,77.19861,unspecified,1,16.818153245825723,17.771950276002656,23.75039328952309,22.239815074225252,16.818153245825723,False,False,False,True
New Delhi   CHANAKYAPURI                         Humayu Tomb|28.595|77.25083,Delhi,New Delhi   CHANAKYAPURI                         Humayu Tomb,28.595,77.25083,unspecified,1,18.47939137519523,20.281476452337888,29.977265435317925,28.475492572011184,18.47939137519523,False,False,False,True
New Delhi   CHANAKYAPURI                         Lodhi Grade|28.59166|77.22055,Delhi,New Delhi   CHANAKYAPURI                         Lodhi Grade,28.59166,77.22055,unspecified,1,15.695566437303755,17.385437808006603,28.697371343038604,27.186081511845714,15.695566437303755,False,False,False,True
New Delhi   CHANAKYAPURI                         Mahabir Van|28.60416|77.175,Delhi,New Delhi   CHANAKYAPURI                         Mahabir Van,28.60416,77.175,unspecified,1,12.993669228870925,14.088954739055684,25.468965096511052,23.96622389633544,12.993669228870925,False,False,False,True
New Delhi   CHANAKYAPURI                         Nehru Park|28.60611|77.21,Delhi,New Delhi   CHANAKYAPURI                         Nehru Park ,28.60611,77.21,unspecified,1,15.720137019647877,17.13133900627208,26.79110594667921,25.279722023618504,15.720137019647877,False,False,False,True
New Delhi   CHANAKYAPURI   Lodhi Garden           Lodhi Gard|28.59027|77.21638,Delhi,New Delhi   CHANAKYAPURI   Lodhi Garden           Lodhi Gard,28.59027,77.21638,unspecified,2,15.26574210549045,16.950026902983037,28.631256577900547,27.1196830711209,15.26574210549045,False,False,False,True
New Delhi   CHANAKYAPURI   Safdarjung Tomb        Safdarjung|28.59027|77.2125,Delhi,New Delhi   CHANAKYAPURI   Safdarjung Tomb        Safdarjung,28.59027,77.2125,unspecified,1,14.939457001784822,16.599158011664258,28.448992387893963,26.93744651638463,14.939457001784822,False,False,False,True
New Delhi   CHANAKYAPURI   Shanti Path            Shanti Pat|28.59666|77.19,Delhi,New Delhi   CHANAKYAPURI   Shanti Path            Shanti Pat,28.59666,77.19,unspecified,1,13.531805131076636,14.914024091330969,26.825640642697078,25.317618441745175,13.531805131076636,False,False,False,True
New Delhi   CHANAKYAPURI   Shram Shakti Bhawan   Shram Shakt|28.615|77.21222,Delhi,New Delhi   CHANAKYAPURI   Shram Shakti Bhawan   Shram Shakt,28.615,77.21222,unspecified,1,16.499988682050674,17.805608173545885,26.049379577095653,24.53920905324409,16.499988682050674,False,False,False,True
New Delhi   CHANAKYAPURI   Sunder Nursery        Sunder Nurs|28.59611|77.245,Delhi,New Delhi   CHANAKYAPURI   Sunder Nursery        Sunder Nurs,28.59611,77.245,Bore Well,1,18.027618923295133,19.789750016719932,29.550975235540125,28.04699591252946,18.027618923295133,False,False,False,True
New Delhi   CIVIL LINES                          Burari Augu|28.76888|77.2075,Delhi,New Delhi   CIVIL LINES                          Burari Augu,28.76888,77.2075,Bore Well,1,30.16888264179691,30.107757740060396,14.037161646134981,12.908382206902624,12.908382206902624,False,False,False,True
New Delhi   Chanakyapuri       Lodhi Garden         Lodhi Ga|28.59027|77.21638,Delhi,New Delhi   Chanakyapuri       Lodhi Garden         Lodhi Ga,28.59027,77.21638,unspecified,1,15.26574210549045,16.950026902983037,28.631256577900547,27.1196830711209,15.26574210549045,False,False,False,True
New Delhi   Chanakyapuri       Lodhi Garden         Lodhi Gr|28.59166|77.22055,Delhi,New Delhi   Chanakyapuri       Lodhi Garden         Lodhi Gr,28.59166,77.22055,Dug Well,1,15.695566437303755,17.385437808006603,28.697371343038604,27.186081511845714,15.695566437303755,False,False,False,True
New Delhi   Chanakyapuri       Nehru Park           Nehru Pa|28.60611|77.21,Delhi,New Delhi   Chanakyapuri       Nehru Park           Nehru Pa,28.60611,77.21,Dug Well,1,15.720137019647877,17.13133900627208,26.79110594667921,25.279722023618504,15.720137019647877,False,False,False,True
New Delhi   Chanakyapuri       Safdarjung Tomb     Safdarjun|28.59027|77.2125,Delhi,New Delhi   Chanakyapuri       Safdarjung Tomb     Safdarjun,28.59027,77.2125,Dug Well,1,14.939457001784822,16.599158011664258,28.448992387893963,26.93744651638463,14.939457001784822,False,False,False,True
New Delhi   Chanakyapuri       Shanti Path         Shanti Pa|28.59666|77.19,Delhi,New Delhi   Chanakyapuri       Shanti Path         Shanti Pa,28.59666,77.19,unspecified,1,13.531805131076636,14.914024091330969,26.825640642697078,25.317618441745175,13.531805131076636,False,False,False,True
New Delhi   Chanakyapuri       Shram Shakti Bhawan Shram Sha|28.61527|77.2125,Delhi,New Delhi   Chanakyapuri       Shram Shakti Bhawan Shram Sha,28.61527,77.2125,unspecified,1,16.540143029373215,17.84442889006958,26.03792323697554,24.52785541193096,16.540143029373215,False,False,False,True
New Delhi   Chanakyapuri       Shram Shakti Bhawan Shram Sha|28.615|77.21222,Delhi,New Delhi   Chanakyapuri       Shram Shakti Bhawan Shram Sha,28.615,77.21222,unspecified,1,16.499988682050674,17.805608173545885,26.049379577095653,24.53920905324409,16.499988682050674,False,False,False,True
New Delhi   Chanakyapuri       Sunder Nursery      Sunder Nu|28.59611|77.245,Delhi,New Delhi   Chanakyapuri       Sunder Nursery      Sunder Nu,28.59611,77.245,Bore Well,1,18.027618923295133,19.789750016719932,29.550975235540125,28.04699591252946,18.027618923295133,False,False,False,True
New Delhi   Chanakyapuri      Birla Mandir      Birla Mandir|28.63194|77.19861,Delhi,New Delhi   Chanakyapuri      Birla Mandir      Birla Mandir,28.63194,77.19861,Dug Well,1,16.818153245825723,17.771950276002656,23.75039328952309,22.239815074225252,16.818153245825723,False,False,False,True
New Delhi   Chanakyapuri      Humayu Tomb       Humayu Tomb|28.595|77.25083,Delhi,New Delhi   Chanakyapuri      Humayu Tomb       Humayu Tomb ,28.595,77.25083,Dug Well,1,18.47939137519523,20.281476452337888,29.977265435317925,28.475492572011184,18.47939137519523,False,False,False,True
New Delhi   Chanakyapuri      Lodhi Garden      Lodhi Garden|28.59027|77.21638,Delhi,New Delhi   Chanakyapuri      Lodhi Garden      Lodhi Garden,28.59027,77.21638,unspecified,2,15.26574210549045,16.950026902983037,28.631256577900547,27.1196830711209,15.26574210549045,False,False,False,True
New Delhi   Chanakyapuri      Lodhi Garden      Lodhi Graden|28.59166|77.22055,Delhi,New Delhi   Chanakyapuri      Lodhi Garden      Lodhi Graden,28.59166,77.22055,Dug Well,1,15.695566437303755,17.385437808006603,28.697371343038604,27.186081511845714,15.695566437303755,False,False,False,True
New Delhi   Chanakyapuri      Nehru Park        Nehru Park D|28.60611|77.21,Delhi,New Delhi   Chanakyapuri      Nehru Park        Nehru Park D,28.60611,77.21,Dug Well,1,15.720137019647877,17.13133900627208,26.79110594667921,25.279722023618504,15.720137019647877,False,False,False,True
New Delhi   Chanakyapuri      Safdarjung Tomb   Safdarjung t|28.59027|77.2125,Delhi,New Delhi   Chanakyapuri      Safdarjung Tomb   Safdarjung t,28.59027,77.2125,Dug Well,1,14.939457001784822,16.599158011664258,28.448992387893963,26.93744651638463,14.939457001784822,False,False,False,True
New Delhi   Chanakyapuri      Shanti Path       Shanti Path|28.59666|77.19,Delhi,New Delhi   Chanakyapuri      Shanti Path       Shanti Path,28.59666,77.19,unspecified,1,13.531805131076636,14.914024091330969,26.825640642697078,25.317618441745175,13.531805131076636,False,False,False,True
New Delhi   Chanakyapuri      Shram Shakti      Shram Shakti|28.61527|77.2125,Delhi,New Delhi   Chanakyapuri      Shram Shakti      Shram Shakti,28.61527,77.2125,unspecified,1,16.540143029373215,17.84442889006958,26.03792323697554,24.52785541193096,16.540143029373215,False,False,False,True
New Delhi   Chanakyapuri      Sunder Nursery    Sunder Nurse|28.59611|77.245,Delhi,New Delhi   Chanakyapuri      Sunder Nursery    Sunder Nurse,28.59611,77.245,Bore Well,1,18.027618923295133,19.789750016719932,29.550975235540125,28.04699591252946,18.027618923295133,False,False,False,True
New Delhi   Chanakyapuri   Birla Mandir          Birla Mandi|28.63194|77.19861,Delhi,New Delhi   Chanakyapuri   Birla Mandir          Birla Mandi,28.63194,77.19861,Dug Well,1,16.818153245825723,17.771950276002656,23.75039328952309,22.239815074225252,16.818153245825723,False,False,False,True
New Delhi   Chanakyapuri   Humayu Tomb           Humayu Tomb|28.595|77.25083,Delhi,New Delhi   Chanakyapuri   Humayu Tomb           Humayu Tomb,28.595,77.25083,Dug Well,1,18.47939137519523,20.281476452337888,29.977265435317925,28.475492572011184,18.47939137519523,False,False,False,True
New Delhi   Chanakyapuri   Lodhi Garden          Lodhi Garde|28.59027|77.21638,Delhi,New Delhi   Chanakyapuri   Lodhi Garden          Lodhi Garde,28.59027,77.21638,unspecified,1,15.26574210549045,16.950026902983037,28.631256577900547,27.1196830711209,15.26574210549045,False,False,False,True
New Delhi   DELHI          Cvd Depot             Cvd Depot C|28.60333|77.11111,Delhi,New Delhi   DELHI          Cvd Depot             Cvd Depot C,28.60333,77.11111,unspecified,1,9.585272098611902,9.499254818204996,23.842726640063578,22.428764200692306,9.499254818204996,False,False,True,True
New Delhi   DELHI          Kabul Line            Kabul Line|28.59222|77.1275,Delhi,New Delhi   DELHI          Kabul Line            Kabul Line ,28.59222,77.1275,Bore Well,1,9.09527955047689,9.617969619916483,25.34746517041974,23.905245193920067,9.09527955047689,False,False,True,True
New Delhi   Delhi Cantonment   Cvd Depot           Cvd Depot|28.60333|77.11111,Delhi,New Delhi   Delhi Cantonment   Cvd Depot           Cvd Depot,28.60333,77.11111,unspecified,1,9.585272098611902,9.499254818204996,23.842726640063578,22.428764200692306,9.499254818204996,False,False,True,True
New Delhi   Delhi Cantonment   Kabul Line          Kabul Lin|28.59222|77.1275,Delhi,New Delhi   Delhi Cantonment   Kabul Line          Kabul Lin,28.59222,77.1275,Bore Well,1,9.09527955047689,9.617969619916483,25.34746517041974,23.905245193920067,9.09527955047689,False,False,True,True
New Delhi   Delhi Cantonment   Pusa                Pusa Inst|28.63194|77.15944,Delhi,New Delhi   Delhi Cantonment   Pusa                Pusa Inst,28.63194,77.15944,unspecified,1,14.486192666695521,14.950085421341681,22.033493824453746,20.532450423906692,14.486192666695521,False,False,False,True
New Delhi   Delhi Cantonment   Shekhwati Line       Shekhwat|28.57833|77.10777,Delhi,New Delhi   Delhi Cantonment   Shekhwati Line       Shekhwat,28.57833,77.10777,Bore Well,1,6.858546644206876,7.157746679164301,26.550032758389374,25.15147257666803,6.858546644206876,False,False,True,True
New Delhi   Delhi Cantonment Cvd Depot          Cvd Depot Ca|28.60333|77.11111,Delhi,New Delhi   Delhi Cantonment Cvd Depot          Cvd Depot Ca,28.60333,77.11111,unspecified,1,9.585272098611902,9.499254818204996,23.842726640063578,22.428764200692306,9.499254818204996,False,False,True,True
New Delhi   Delhi Cantonment Kabul Line         Kabul Line P|28.59222|77.1275,Delhi,New Delhi   Delhi Cantonment Kabul Line         Kabul Line P,28.59222,77.1275,Bore Well,1,9.09527955047689,9.617969619916483,25.34746517041974,23.905245193920067,9.09527955047689,False,False,True,True
New Delhi   Delhi Cantonment Pusa               Pusa Institu|28.63194|77.15944,Delhi,New Delhi   Delhi Cantonment Pusa               Pusa Institu,28.63194,77.15944,unspecified,1,14.486192666695521,14.950085421341681,22.033493824453746,20.532450423906692,14.486192666695521,False,False,False,True
New Delhi   Delhi Cantonment Shekhwati Line     Shekhwati Li|28.57833|77.10777,Delhi,New Delhi   Delhi Cantonment Shekhwati Line     Shekhwati Li,28.57833,77.10777,Bore Well,1,6.858546644206876,7.157746679164301,26.550032758389374,25.15147257666803,6.858546644206876,False,False,True,True
North        Alipur          Palla               Palla Templ|28.8225|77.20361,Delhi,North        Alipur          Palla               Palla Templ,28.8225,77.20361,unspecified,1,35.564635408839706,35.25851735841272,12.701716867169932,12.135039376475728,12.135039376475728,False,False,False,True
North        Alipur          Palla               Palla Zero|28.85805|77.19638,Delhi,North        Alipur          Palla               Palla Zero ,28.85805,77.19638,unspecified,1,39.10197873387881,38.640179795616895,12.882837474128564,12.782319012658219,12.782319012658219,False,False,False,True
North        Alipur          Rohini Sector 28    Rohini Sect|28.75277|77.095,Delhi,North        Alipur          Rohini Sector 28    Rohini Sect,28.75277,77.095,unspecified,1,25.784133357591315,24.708064796535886,7.251233902265126,5.78198949509327,5.78198949509327,False,False,True,True
North        Alipur          Singhola            Singhola Pz|28.84333|77.12944,Delhi,North        Alipur          Singhola            Singhola Pz,28.84333,77.12944,Bore Well,1,36.12579991559174,35.22221254695103,6.283226162755555,6.487022387890503,6.283226162755555,False,False,True,True
North        Alipur          Singhu              Singhu Vill|28.85333|77.13111,Delhi,North        Alipur          Singhu              Singhu Vill,28.85333,77.13111,Bore Well,1,37.249466317480554,36.34393168017597,7.03334791086114,7.401110126957121,7.03334791086114,False,False,True,True
North        Alipur          Tiggipur            Tiggipur De|28.81472|77.19722,Delhi,North        Alipur          Tiggipur            Tiggipur De,28.81472,77.19722,Bore Well,1,34.54193327998275,34.21474974230496,12.053786242305755,11.394591308305444,11.394591308305444,False,False,False,True
North        Alipur          Tiggipur            Tiggipur Sh|28.81472|77.1975,Delhi,North        Alipur          Tiggipur            Tiggipur Sh,28.81472,77.1975,Bore Well,1,34.550887270480985,34.22580501380944,12.081065532176469,11.421702889341997,11.421702889341997,False,False,False,True
North        Model Town      Bhalaswa Lake       Bhalaswa La|28.73638|77.16277,Delhi,North        Model Town      Bhalaswa Lake       Bhalaswa La,28.73638,77.16277,Bore Well,2,25.213604807662453,24.894346981620682,12.34968251215085,10.903799107748359,10.903799107748359,False,False,False,True
North        Model Town      Coronation Pillar   Coronation|28.72444|77.19222,Delhi,North        Model Town      Coronation Pillar   Coronation ,28.72444,77.19222,unspecified,2,25.058734921592958,25.10072450265363,15.35416309391493,13.94356265857032,13.94356265857032,False,False,False,True
North        Model Town      Kewal Park          Kewal Park|28.71833|77.18111,Delhi,North        Model Town      Kewal Park          Kewal Park ,28.71833,77.18111,Bore Well,2,23.987386942525312,23.955225501805806,15.034722614106332,13.582978457788883,13.582978457788883,False,False,False,True
North        NARELA                               Hareoli DW|28.83194|77.00833,Delhi,North        NARELA                               Hareoli DW,28.83194,77.00833,unspecified,1,35.278441644817136,33.52325075627935,6.616041021168471,7.76311611085153,6.616041021168471,False,False,True,True
North        NARELA                               Qatlupur D|28.84194|77.03333,Delhi,North        NARELA                               Qatlupur D,28.84194,77.03333,unspecified,1,35.97039870325879,34.386706418433896,4.914615268127808,6.3267170659716845,4.914615268127808,False,True,True,True
North        NARELA                               Qatlupur P|28.83472|77.0225,Delhi,North        NARELA                               Qatlupur P,28.83472,77.0225,Bore Well,1,35.33065132443282,33.66972664249351,5.42173359559688,6.684895212970166,5.42173359559688,False,False,True,True
North        NARELA            Auchandi           Auchandi P|28.81944|76.99722,Delhi,North        NARELA            Auchandi           Auchandi P,28.81944,76.99722,Bore Well,1,34.16228607927546,32.3196428851553,7.446503340650541,8.357680774792708,7.446503340650541,False,False,True,True
North        NARELA            Bankner            Bankner Pz|28.85138|77.07361,Delhi,North        NARELA            Bankner            Bankner Pz,28.85138,77.07361,Bore Well,1,36.72205404034767,35.41350402372167,4.023052272264542,5.394510734335094,4.023052272264542,False,True,True,True
North        NARELA            Barwala            Barwala Pz|28.75833|77.0625,Delhi,North        NARELA            Barwala            Barwala Pz,28.75833,77.0625,Bore Well,1,26.4314425967974,25.031819393430055,6.413882210562571,5.315562122086303,5.315562122086303,False,False,True,True
North        NARELA            Bawana             Bawana JE|28.78694|77.03,Delhi,North        NARELA            Bawana             Bawana JE ,28.78694,77.03,unspecified,1,29.96997266427486,28.31219839976807,5.276416660014791,5.292207539866032,5.276416660014791,False,False,True,True
North        NARELA            Bawana             Bawana WTP|28.82333|77.05361,Delhi,North        NARELA            Bawana             Bawana WTP,28.82333,77.05361,unspecified,1,33.70380706469017,32.250381876739816,2.1382452351531116,3.4758941531172627,2.1382452351531116,False,True,True,True
North        NARELA            Narela             Narela DJB|28.83666|77.13444,Delhi,North        NARELA            Narela             Narela DJB,28.83666,77.13444,unspecified,1,35.458594649741855,34.60208762982725,6.398211115185055,6.392586976108835,6.392586976108835,False,False,True,True
North        Narela          Auchandi            Auchandi Pz|28.81944|76.99722,Delhi,North        Narela          Auchandi            Auchandi Pz,28.81944,76.99722,Bore Well,2,34.16228607927546,32.3196428851553,7.446503340650541,8.357680774792708,7.446503340650541,False,False,True,True
North        Narela          Bankner             Bankner Pz|28.85138|77.07361,Delhi,North        Narela          Bankner             Bankner Pz,28.85138,77.07361,Bore Well,2,36.72205404034767,35.41350402372167,4.023052272264542,5.394510734335094,4.023052272264542,False,True,True,True
North        Narela          Barwala             Barwala Pz|28.75833|77.0625,Delhi,North        Narela          Barwala             Barwala Pz,28.75833,77.0625,Bore Well,2,26.4314425967974,25.031819393430055,6.413882210562571,5.315562122086303,5.315562122086303,False,False,True,True
North        Narela          Bawana              Bawana JE S|28.78694|77.03,Delhi,North        Narela          Bawana              Bawana JE S,28.78694,77.03,unspecified,2,29.96997266427486,28.31219839976807,5.276416660014791,5.292207539866032,5.276416660014791,False,False,True,True
North        Narela          Bawana              Bawana WTP|28.82333|77.05361,Delhi,North        Narela          Bawana              Bawana WTP,28.82333,77.05361,unspecified,2,33.70380706469017,32.250381876739816,2.1382452351531116,3.4758941531172627,2.1382452351531116,False,True,True,True
North        Narela          Hareoli             Hareoli Dug|28.83194|77.00833,Delhi,North        Narela          Hareoli             Hareoli Dug,28.83194,77.00833,Dug Well,2,35.278441644817136,33.52325075627935,6.616041021168471,7.76311611085153,6.616041021168471,False,False,True,True
North        Narela          Narela              Narela DJB|28.83666|77.13444,Delhi,North        Narela          Narela              Narela DJB ,28.83666,77.13444,unspecified,2,35.458594649741855,34.60208762982725,6.398211115185055,6.392586976108835,6.392586976108835,False,False,True,True
North        Narela          Qatlupur            Qatlupur Du|28.84194|77.03333,Delhi,North        Narela          Qatlupur            Qatlupur Du,28.84194,77.03333,Dug Well,2,35.97039870325879,34.386706418433896,4.914615268127808,6.3267170659716845,4.914615268127808,False,True,True,True
North        PUNJABI BAGH                         Tikri Kala|28.68333|76.96944,Delhi,North        PUNJABI BAGH                         Tikri Kala,28.68333,76.96944,Bore Well,1,21.077596697337203,18.67416274109325,17.83047639307269,17.21203296976403,17.21203296976403,False,False,False,True
North        SAKET                                Bhatti Pz|28.42777|77.20833,Delhi,North        SAKET                                Bhatti Pz,28.42777,77.20833,Bore Well,1,16.189412078713904,19.002949429529714,45.04562342132127,43.56758930971376,16.189412078713904,False,False,False,True
North       ALIPUR         Alipur Garhi          Alipur Garh|28.79805|77.12444,Delhi,North       ALIPUR         Alipur Garhi          Alipur Garh,28.79805,77.12444,Bore Well,1,31.070797309984123,30.199700859872653,5.317072684250793,4.272875646701491,4.272875646701491,False,True,True,True
North       ALIPUR         Bakoli                Bakoli Deep|28.81527|77.15166,Delhi,North       ALIPUR         Bakoli                Bakoli Deep,28.81527,77.15166,Bore Well,1,33.4119152951832,32.72984663153121,7.614878167776917,7.012049295998266,7.012049295998266,False,False,True,True
North       ALIPUR         Bakoli                Bakoli|28.81527|77.15166,Delhi,North       ALIPUR         Bakoli                Bakoli,28.81527,77.15166,unspecified,1,33.4119152951832,32.72984663153121,7.614878167776917,7.012049295998266,7.012049295998266,False,False,True,True
North       ALIPUR         Haiderpur             Haiderpur P|28.72888|77.14694,Delhi,North       ALIPUR         Haiderpur             Haiderpur P,28.72888,77.14694,Bore Well,1,23.965236081766054,23.51115466643074,11.973522303239152,10.478010427309826,10.478010427309826,False,False,False,True
North       ALIPUR         Hiranki               Hiranki Vil|28.80111|77.18083,Delhi,North       ALIPUR         Hiranki               Hiranki Vil,28.80111,77.18083,Bore Well,1,32.604425696462144,32.19558157912291,10.574235326907067,9.730375760255752,9.730375760255752,False,False,True,True
North       ALIPUR         Khera Kalan           Khera Kalan|28.76944|77.11805,Delhi,North       ALIPUR         Khera Kalan           Khera Kalan,28.76944,77.11805,Bore Well,1,27.835058848176644,26.959877560327644,6.688623623418787,5.216568605553258,5.216568605553258,False,False,True,True
North       ALIPUR         Palla                 Palla Templ|28.8225|77.20361,Delhi,North       ALIPUR         Palla                 Palla Templ,28.8225,77.20361,unspecified,1,35.564635408839706,35.25851735841272,12.701716867169932,12.135039376475728,12.135039376475728,False,False,False,True
North       ALIPUR         Palla                 Palla Zero|28.85805|77.19638,Delhi,North       ALIPUR         Palla                 Palla Zero ,28.85805,77.19638,unspecified,1,39.10197873387881,38.640179795616895,12.882837474128564,12.782319012658219,12.782319012658219,False,False,False,True
North       ALIPUR         Rohini Sector 28      Rohini Sect|28.75277|77.095,Delhi,North       ALIPUR         Rohini Sector 28      Rohini Sect,28.75277,77.095,unspecified,1,25.784133357591315,24.708064796535886,7.251233902265126,5.78198949509327,5.78198949509327,False,False,True,True
North       ALIPUR         Singhola              Singhola Pz|28.84333|77.12944,Delhi,North       ALIPUR         Singhola              Singhola Pz,28.84333,77.12944,Bore Well,1,36.12579991559174,35.22221254695103,6.283226162755555,6.487022387890503,6.283226162755555,False,False,True,True
North       ALIPUR         Singhu                Singhu Vill|28.85333|77.13111,Delhi,North       ALIPUR         Singhu                Singhu Vill,28.85333,77.13111,Bore Well,1,37.249466317480554,36.34393168017597,7.03334791086114,7.401110126957121,7.03334791086114,False,False,True,True
North       ALIPUR         Tiggipur              Tiggipur De|28.81472|77.19722,Delhi,North       ALIPUR         Tiggipur              Tiggipur De,28.81472,77.19722,Bore Well,1,34.54193327998275,34.21474974230496,12.053786242305755,11.394591308305444,11.394591308305444,False,False,False,True
North       ALIPUR         Tiggipur              Tiggipur Sh|28.81472|77.1975,Delhi,North       ALIPUR         Tiggipur              Tiggipur Sh,28.81472,77.1975,Bore Well,1,34.550887270480985,34.22580501380944,12.081065532176469,11.421702889341997,11.421702889341997,False,False,False,True
North       Alipur             Alipur Garhi         Alipur G|28.79805|77.12444,Delhi,North       Alipur             Alipur Garhi         Alipur G,28.79805,77.12444,Bore Well,1,31.070797309984123,30.199700859872653,5.317072684250793,4.272875646701491,4.272875646701491,False,True,True,True
North       Alipur             Bakoli               Bakoli D|28.81527|77.15166,Delhi,North       Alipur             Bakoli               Bakoli D,28.81527,77.15166,Bore Well,1,33.4119152951832,32.72984663153121,7.614878167776917,7.012049295998266,7.012049295998266,False,False,True,True
North       Alipur             Bakoli               Bakoli|28.81527|77.15166,Delhi,North       Alipur             Bakoli               Bakoli,28.81527,77.15166,unspecified,1,33.4119152951832,32.72984663153121,7.614878167776917,7.012049295998266,7.012049295998266,False,False,True,True
North       Alipur             Haiderpur            Haiderpu|28.72888|77.14694,Delhi,North       Alipur             Haiderpur            Haiderpu,28.72888,77.14694,Bore Well,1,23.965236081766054,23.51115466643074,11.973522303239152,10.478010427309826,10.478010427309826,False,False,False,True
North       Alipur             Hiranki              Hiranki|28.80111|77.18083,Delhi,North       Alipur             Hiranki              Hiranki ,28.80111,77.18083,Bore Well,1,32.604425696462144,32.19558157912291,10.574235326907067,9.730375760255752,9.730375760255752,False,False,True,True
North       Alipur             Khera Kalan          Khera Ka|28.76944|77.11805,Delhi,North       Alipur             Khera Kalan          Khera Ka,28.76944,77.11805,Bore Well,1,27.835058848176644,26.959877560327644,6.688623623418787,5.216568605553258,5.216568605553258,False,False,True,True
North       Alipur             Palla                Palla Te|28.8225|77.20361,Delhi,North       Alipur             Palla                Palla Te,28.8225,77.20361,unspecified,1,35.564635408839706,35.25851735841272,12.701716867169932,12.135039376475728,12.135039376475728,False,False,False,True
North       Alipur             Palla                Palla Ze|28.85805|77.19638,Delhi,North       Alipur             Palla                Palla Ze,28.85805,77.19638,unspecified,1,39.10197873387881,38.640179795616895,12.882837474128564,12.782319012658219,12.782319012658219,False,False,False,True
North       Alipur             Rohini Sector 28     Rohini S|28.75277|77.095,Delhi,North       Alipur             Rohini Sector 28     Rohini S,28.75277,77.095,unspecified,1,25.784133357591315,24.708064796535886,7.251233902265126,5.78198949509327,5.78198949509327,False,False,True,True
North       Alipur             Singhola             Singhola|28.84333|77.12944,Delhi,North       Alipur             Singhola             Singhola,28.84333,77.12944,Bore Well,1,36.12579991559174,35.22221254695103,6.283226162755555,6.487022387890503,6.283226162755555,False,False,True,True
North       Alipur             Singhu               Singhu V|28.85333|77.13111,Delhi,North       Alipur             Singhu               Singhu V,28.85333,77.13111,Bore Well,1,37.249466317480554,36.34393168017597,7.03334791086114,7.401110126957121,7.03334791086114,False,False,True,True
North       Alipur             Tiggipur             Tiggipur|28.81472|77.19722,Delhi,North       Alipur             Tiggipur             Tiggipur,28.81472,77.19722,Bore Well,1,34.54193327998275,34.21474974230496,12.053786242305755,11.394591308305444,11.394591308305444,False,False,False,True
North       Alipur             Tiggipur             Tiggipur|28.81472|77.1975,Delhi,North       Alipur             Tiggipur             Tiggipur,28.81472,77.1975,Bore Well,1,34.550887270480985,34.22580501380944,12.081065532176469,11.421702889341997,11.421702889341997,False,False,False,True
North       Alipur            Alipur Garhi      Alipur Garhi|28.79805|77.12444,Delhi,North       Alipur            Alipur Garhi      Alipur Garhi,28.79805,77.12444,Bore Well,1,31.070797309984123,30.199700859872653,5.317072684250793,4.272875646701491,4.272875646701491,False,True,True,True
North       Alipur            Bakoli            Bakoli Deep|28.81527|77.15166,Delhi,North       Alipur            Bakoli            Bakoli Deep ,28.81527,77.15166,Bore Well,1,33.4119152951832,32.72984663153121,7.614878167776917,7.012049295998266,7.012049295998266,False,False,True,True
North       Alipur            Bakoli            Bakoli|28.81527|77.15166,Delhi,North       Alipur            Bakoli            Bakoli,28.81527,77.15166,unspecified,1,33.4119152951832,32.72984663153121,7.614878167776917,7.012049295998266,7.012049295998266,False,False,True,True
North       Alipur            Haiderpur         Haiderpur Pz|28.72888|77.14694,Delhi,North       Alipur            Haiderpur         Haiderpur Pz,28.72888,77.14694,Bore Well,1,23.965236081766054,23.51115466643074,11.973522303239152,10.478010427309826,10.478010427309826,False,False,False,True
North       Alipur            Hiranki           Hiranki Vill|28.80111|77.18083,Delhi,North       Alipur            Hiranki           Hiranki Vill,28.80111,77.18083,Bore Well,1,32.604425696462144,32.19558157912291,10.574235326907067,9.730375760255752,9.730375760255752,False,False,True,True
North       Alipur            Khera Kalan       Khera Kalan|28.76944|77.11805,Delhi,North       Alipur            Khera Kalan       Khera Kalan ,28.76944,77.11805,Bore Well,1,27.835058848176644,26.959877560327644,6.688623623418787,5.216568605553258,5.216568605553258,False,False,True,True
North       MODEL TOWN     Bhalaswa Lake         Bhalaswa La|28.73638|77.16277,Delhi,North       MODEL TOWN     Bhalaswa Lake         Bhalaswa La,28.73638,77.16277,Bore Well,1,25.213604807662453,24.894346981620682,12.34968251215085,10.903799107748359,10.903799107748359,False,False,False,True
North       MODEL TOWN     Coronation Pillar     Coronation|28.72444|77.19222,Delhi,North       MODEL TOWN     Coronation Pillar     Coronation ,28.72444,77.19222,Bore Well,1,25.058734921592958,25.10072450265363,15.35416309391493,13.94356265857032,13.94356265857032,False,False,False,True
North       MODEL TOWN     Kewal Park            Kewal Park|28.71833|77.18111,Delhi,North       MODEL TOWN     Kewal Park            Kewal Park ,28.71833,77.18111,Bore Well,1,23.987386942525312,23.955225501805806,15.034722614106332,13.582978457788883,13.582978457788883,False,False,False,True
North       NAJAFGARH                            Ujwah Pz|28.64861|77.02916,Delhi,North       NAJAFGARH                            Ujwah Pz,28.64861,77.02916,Bore Well,1,15.054325966799986,13.075354332245821,19.021816593839095,17.928151794675014,13.075354332245821,False,False,False,True
North East   KARAWAL NAGAR                        Gokulpuri|28.70416|77.27416,Delhi,North East   KARAWAL NAGAR                        Gokulpuri ,28.70416,77.27416,unspecified,1,27.71843604186092,28.581650313830085,23.13108071867105,21.81963668437234,21.81963668437234,False,False,False,False
North East   KARAWAL NAGAR     Sonia Vihar        Sonia Viha|28.7075|77.24861,Delhi,North East   KARAWAL NAGAR     Sonia Vihar        Sonia Viha,28.7075,77.24861,unspecified,1,26.379259320057823,27.03446747647274,20.851272113492243,19.504884549048477,19.504884549048477,False,False,False,True
North East   Karawal Nagar   Sonia Vihar         Sonia Vihar|28.7075|77.24861,Delhi,North East   Karawal Nagar   Sonia Vihar         Sonia Vihar,28.7075,77.24861,unspecified,2,26.379259320057823,27.03446747647274,20.851272113492243,19.504884549048477,19.504884549048477,False,False,False,True
North East   SEELAM PUR        Ushmanpur          Ushmanpur|28.68472|77.24916,Delhi,North East   SEELAM PUR        Ushmanpur          Ushmanpur ,28.68472,77.24916,Bore Well,1,24.477539405486137,25.322990241196454,22.444560426222303,21.038921838172943,21.038921838172943,False,False,False,False
North East   Seelampur       Ushmanpur           Ushmanpur P|28.68472|77.24916,Delhi,North East   Seelampur       Ushmanpur           Ushmanpur P,28.68472,77.24916,Bore Well,2,24.477539405486137,25.322990241196454,22.444560426222303,21.038921838172943,21.038921838172943,False,False,False,False
North East   Yamuna Vihar      Yamuna Vihar       Yamuna Vih|28.69722|77.28722,Delhi,North East   Yamuna Vihar      Yamuna Vihar       Yamuna Vih,28.69722,77.28722,unspecified,1,28.056397520993745,29.05656626272894,24.620133453027634,23.30880926738167,23.30880926738167,False,False,False,False
North East   Yamuna Vihar    Gokulpur            Gokulpur E|28.70416|77.27444,Delhi,North East   Yamuna Vihar    Gokulpur            Gokulpur E ,28.70416,77.27444,Bore Well,2,27.7370071907021,28.60207469744229,23.154165609954976,21.84319673452541,21.84319673452541,False,False,False,False
North East   Yamuna Vihar    Yamuna Vihar        Yamuna Viha|28.69722|77.28722,Delhi,North East   Yamuna Vihar    Yamuna Vihar        Yamuna Viha,28.69722,77.28722,unspecified,2,28.056397520993745,29.05656626272894,24.620133453027634,23.30880926738167,23.30880926738167,False,False,False,False
North West   KANJHAWALA                           Jaunti DW|28.75277|76.96666,Delhi,North West   KANJHAWALA                           Jaunti DW,28.75277,76.96666,unspecified,1,28.07501223332838,25.894945638336097,12.514146913110718,12.480095881903553,12.480095881903553,False,False,False,True
North West   KANJHAWALA                           Nizampur M|28.72|76.96361,Delhi,North West   KANJHAWALA                           Nizampur M,28.72,76.96361,unspecified,1,24.91223543075844,22.610731739867127,15.05943374570928,14.721839426008788,14.721839426008788,False,False,False,True
North West   KANJHAWALA        Nizampur           Nizampur E|28.71944|76.96666,Delhi,North West   KANJHAWALA        Nizampur           Nizampur E,28.71944,76.96666,unspecified,1,24.7208390453388,22.436994478513686,14.89393040823331,14.531863137213609,14.531863137213609,False,False,False,True
North West   Kanjhawala      Jaunti              Jaunti Dug|28.75277|76.96666,Delhi,North West   Kanjhawala      Jaunti              Jaunti Dug ,28.75277,76.96666,Dug Well,2,28.07501223332838,25.894945638336097,12.514146913110718,12.480095881903553,12.480095881903553,False,False,False,True
North West   Kanjhawala      Kanjhawala          Kanjhawala|28.725|77.0,Delhi,North West   Kanjhawala      Kanjhawala          Kanjhawala ,28.725,77.0,Bore Well,1,24.010747834814634,21.991184412744907,12.325551028537104,11.753395138730562,11.753395138730562,False,False,False,True
North West   Kanjhawala      Nizampur            Nizampur EW|28.71944|76.96666,Delhi,North West   Kanjhawala      Nizampur            Nizampur EW,28.71944,76.96666,unspecified,2,24.7208390453388,22.436994478513686,14.89393040823331,14.531863137213609,14.531863137213609,False,False,False,True
North West   Kanjhawala      Nizampur            Nizampur Ma|28.72|76.96361,Delhi,North West   Kanjhawala      Nizampur            Nizampur Ma,28.72,76.96361,Dug Well,2,24.91223543075844,22.610731739867127,15.05943374570928,14.721839426008788,14.721839426008788,False,False,False,True
North West   Kanjhawala      Qutubgarh           Qutubgarh|28.80555|76.96472,Delhi,North West   Kanjhawala      Qutubgarh           Qutubgarh,28.80555,76.96472,unspecified,2,33.602048277936746,31.539105121696576,10.652755401948607,11.332718956893956,10.652755401948607,False,False,False,True
North West   MEHRAULI                             Jheel Khoh|28.63888|76.97361,Delhi,North West   MEHRAULI                             Jheel Khoh,28.63888,76.97361,unspecified,1,16.787021869963738,14.198704892655613,21.892077369959814,21.06944920670982,14.198704892655613,False,False,False,True
North West   ROHINI                               Rani Khera|28.70694|77.025,Delhi,North West   ROHINI                               Rani Khera,28.70694,77.025,unspecified,1,21.372046654040965,19.534595309232827,12.933044144561583,12.02527260047664,12.02527260047664,False,False,False,True
North West   ROHINI            Avantika           Sector 1 R|28.70277|77.09805,Delhi,North West   ROHINI            Avantika           Sector 1 R,28.70277,77.09805,Bore Well,1,20.255790978603653,19.298609669319223,12.728651959152451,11.301335500565752,11.301335500565752,False,False,False,True
North West   ROHINI            Rithala            Rithala Pz|28.715|77.10166,Delhi,North West   ROHINI            Rithala            Rithala Pz,28.715,77.10166,Bore Well,1,21.641051266054944,20.702525435015197,11.47487522906722,10.02293941961254,10.02293941961254,False,False,False,True
North West   ROHINI            Rohini Sec 11      Rohini Sec|28.73222|77.10444,Delhi,North West   ROHINI            Rohini Sec 11      Rohini Sec,28.73222,77.10444,Bore Well,1,23.572830102013693,22.63082153533622,9.707248867302146,8.227342441132993,8.227342441132993,False,False,True,True
North West   ROHINI            Rohini Sector 23   Rohini Sec|28.72416|77.07083,Delhi,North West   ROHINI            Rohini Sector 23   Rohini Sec,28.72416,77.07083,unspecified,1,22.591279446397355,21.27605852138075,10.126544662351375,8.855638791215673,8.855638791215673,False,False,True,True
North West   ROHINI            Samaypur Badli     Samaypur B|28.74055|77.1525,Delhi,North West   ROHINI            Samaypur Badli     Samaypur B,28.74055,77.1525,Bore Well,1,25.361234601179003,24.917466835496356,11.32182325992601,9.861594015619598,9.861594015619598,False,False,True,True
North West   ROHINI            Sultanpur Dabas    Sultanpur|28.765|77.03555,Delhi,North West   ROHINI            Sultanpur Dabas    Sultanpur ,28.765,77.03555,unspecified,1,27.47453736419745,25.83661150063464,6.695939076019565,6.1446253391773125,6.1446253391773125,False,False,True,True
North West   Rohini            Avantika           Sector 1 R|28.70277|77.09805,Delhi,North West   Rohini            Avantika           Sector 1 R,28.70277,77.09805,Bore Well,1,20.255790978603653,19.298609669319223,12.728651959152451,11.301335500565752,11.301335500565752,False,False,False,True
North West   Rohini            Mangolpuri         Mangolpuri|28.69027|77.07916,Delhi,North West   Rohini            Mangolpuri         Mangolpuri,28.69027,77.07916,Bore Well,1,18.800912934768967,17.607718621880892,13.902554950358356,12.56965997892304,12.56965997892304,False,False,False,True
North West   Rohini            Rani Khera         Rani Khera|28.70888|77.01833,Delhi,North West   Rohini            Rani Khera         Rani Khera,28.70888,77.01833,Dug Well,1,21.755484084916468,19.8560932458787,12.98792961269377,12.147103067436412,12.147103067436412,False,False,False,True
North West   Rohini            Rithala            Rithala Pz|28.715|77.10166,Delhi,North West   Rohini            Rithala            Rithala Pz,28.715,77.10166,Bore Well,1,21.641051266054944,20.702525435015197,11.47487522906722,10.02293941961254,10.02293941961254,False,False,False,True
North West   Rohini            Rohini Sec 11      Rohini Sec|28.73222|77.10444,Delhi,North West   Rohini            Rohini Sec 11      Rohini Sec,28.73222,77.10444,Bore Well,1,23.572830102013693,22.63082153533622,9.707248867302146,8.227342441132993,8.227342441132993,False,False,True,True
North West   Rohini            Rohini Sector 23   Rohini Sec|28.72416|77.07083,Delhi,North West   Rohini            Rohini Sector 23   Rohini Sec,28.72416,77.07083,unspecified,1,22.591279446397355,21.27605852138075,10.126544662351375,8.855638791215673,8.855638791215673,False,False,True,True
North West   Rohini            Samaypur Badli     Samaypur B|28.74055|77.1525,Delhi,North West   Rohini            Samaypur Badli     Samaypur B,28.74055,77.1525,Bore Well,1,25.361234601179003,24.917466835496356,11.32182325992601,9.861594015619598,9.861594015619598,False,False,True,True
North West   Rohini            Samaypur Badli    Samaypur Ba|28.74055|77.1525,Delhi,North West   Rohini            Samaypur Badli    Samaypur Ba,28.74055,77.1525,Bore Well,1,25.361234601179003,24.917466835496356,11.32182325992601,9.861594015619598,9.861594015619598,False,False,True,True
North West   Rohini            Sultanpur Dabas    Sultanpur|28.765|77.03555,Delhi,North West   Rohini            Sultanpur Dabas    Sultanpur ,28.765,77.03555,unspecified,1,27.47453736419745,25.83661150063464,6.695939076019565,6.1446253391773125,6.1446253391773125,False,False,True,True
North West   Rohini            Sultanpur Dabas   Sultanpur D|28.765|77.03555,Delhi,North West   Rohini            Sultanpur Dabas   Sultanpur D,28.765,77.03555,unspecified,1,27.47453736419745,25.83661150063464,6.695939076019565,6.1446253391773125,6.1446253391773125,False,False,True,True
North West   Rohini          Avantika            Sector 1 Ro|28.70277|77.09805,Delhi,North West   Rohini          Avantika            Sector 1 Ro,28.70277,77.09805,Bore Well,1,20.255790978603653,19.298609669319223,12.728651959152451,11.301335500565752,11.301335500565752,False,False,False,True
North West   Rohini          Mangolpuri          Mangolpuri|28.69027|77.07916,Delhi,North West   Rohini          Mangolpuri          Mangolpuri ,28.69027,77.07916,Bore Well,1,18.800912934768967,17.607718621880892,13.902554950358356,12.56965997892304,12.56965997892304,False,False,False,True
North West   Rohini          Rani Khera          Rani Khera|28.70694|77.025,Delhi,North West   Rohini          Rani Khera          Rani Khera ,28.70694,77.025,Dug Well,1,21.372046654040965,19.534595309232827,12.933044144561583,12.02527260047664,12.02527260047664,False,False,False,True
North West   Rohini          Rithala             Rithala Pz|28.715|77.10166,Delhi,North West   Rohini          Rithala             Rithala Pz ,28.715,77.10166,Bore Well,1,21.641051266054944,20.702525435015197,11.47487522906722,10.02293941961254,10.02293941961254,False,False,False,True
North West   Rohini          Rohini Sec 11       Rohini Sec|28.73222|77.10444,Delhi,North West   Rohini          Rohini Sec 11       Rohini Sec ,28.73222,77.10444,Bore Well,1,23.572830102013693,22.63082153533622,9.707248867302146,8.227342441132993,8.227342441132993,False,False,True,True
North West   Rohini          Rohini Sector 23    Rohini Sect|28.72416|77.07083,Delhi,North West   Rohini          Rohini Sector 23    Rohini Sect,28.72416,77.07083,unspecified,1,22.591279446397355,21.27605852138075,10.126544662351375,8.855638791215673,8.855638791215673,False,False,True,True
North West   SARASWATI VIHAR   Majara Dabas       Majara Dab|28.75555|77.00583,Delhi,North West   SARASWATI VIHAR   Majara Dabas       Majara Dab,28.75555,77.00583,unspecified,1,27.079431881150512,25.182086128709592,9.353323912575176,9.047817046744,9.047817046744,False,False,True,True
North West   SARASWATI VIHAR   Qutubgarh        Qutubgarh|28.80555|76.96472,Delhi,North West   SARASWATI VIHAR   Qutubgarh        Qutubgarh,28.80555,76.96472,unspecified,1,33.602048277936746,31.539105121696576,10.652755401948607,11.332718956893956,10.652755401948607,False,False,False,True
North West   SARASWATI VIHAR   Sainik Vihar     Sainik Vihar|28.69111|77.12194,Delhi,North West   SARASWATI VIHAR   Sainik Vihar     Sainik Vihar,28.69111,77.12194,Bore Well,1,19.30521038765023,18.711264623361746,14.58386258315657,13.09790520500582,13.09790520500582,False,False,False,True
North West   SARASWATI VIHAR   Sandesh Vihar    Sandesh Viha|28.695|77.14611,Delhi,North West   SARASWATI VIHAR   Sandesh Vihar    Sandesh Viha,28.695,77.14611,Bore Well,1,20.334957396937497,20.042275593003744,15.12421756011202,13.612879177933854,13.612879177933854,False,False,False,True
North West   SARASWATI VIHAR   Sanjay Van       Sanjay Van P|28.69027|77.14194,Delhi,North West   SARASWATI VIHAR   Sanjay Van       Sanjay Van P,28.69027,77.14194,Bore Well,1,19.709761190518844,19.391139600002806,15.410729525118677,13.901820873414446,13.901820873414446,False,False,False,True
North West   Saraswati Vihar   Majara Dabas       Majara Dab|28.75555|77.00583,Delhi,North West   Saraswati Vihar   Majara Dabas       Majara Dab,28.75555,77.00583,unspecified,1,27.079431881150512,25.182086128709592,9.353323912575176,9.047817046744,9.047817046744,False,False,True,True
North West   Saraswati Vihar   Majara Dabas      Majara Daba|28.75555|77.00583,Delhi,North West   Saraswati Vihar   Majara Dabas      Majara Daba,28.75555,77.00583,unspecified,1,27.079431881150512,25.182086128709592,9.353323912575176,9.047817046744,9.047817046744,False,False,True,True
North West   Saraswati Vihar   Sainik Vihar       Sainik Vih|28.69111|77.12194,Delhi,North West   Saraswati Vihar   Sainik Vihar       Sainik Vih,28.69111,77.12194,Bore Well,1,19.30521038765023,18.711264623361746,14.58386258315657,13.09790520500582,13.09790520500582,False,False,False,True
North West   Saraswati Vihar   Sainik Vihar      Sainik Viha|28.69111|77.12194,Delhi,North West   Saraswati Vihar   Sainik Vihar      Sainik Viha,28.69111,77.12194,Bore Well,1,19.30521038765023,18.711264623361746,14.58386258315657,13.09790520500582,13.09790520500582,False,False,False,True
North West   Saraswati Vihar   Sandesh Vihar      Sandesh Vi|28.695|77.14611,Delhi,North West   Saraswati Vihar   Sandesh Vihar      Sandesh Vi,28.695,77.14611,Bore Well,1,20.334957396937497,20.042275593003744,15.12421756011202,13.612879177933854,13.612879177933854,False,False,False,True
North West   Saraswati Vihar   Sandesh Vihar     Sandesh Vih|28.695|77.14611,Delhi,North West   Saraswati Vihar   Sandesh Vihar     Sandesh Vih,28.695,77.14611,Bore Well,1,20.334957396937497,20.042275593003744,15.12421756011202,13.612879177933854,13.612879177933854,False,False,False,True
North West   Saraswati Vihar   Sanjay Van         Sanjay Van|28.69027|77.14194,Delhi,North West   Saraswati Vihar   Sanjay Van         Sanjay Van,28.69027,77.14194,Bore Well,1,19.709761190518844,19.391139600002806,15.410729525118677,13.901820873414446,13.901820873414446,False,False,False,True
North West   Saraswati Vihar   Sanjay Van        Sanjay Van|28.69027|77.14194,Delhi,North West   Saraswati Vihar   Sanjay Van        Sanjay Van ,28.69027,77.14194,Bore Well,1,19.709761190518844,19.391139600002806,15.410729525118677,13.901820873414446,13.901820873414446,False,False,False,True
Palwal         Palwal         Badraun         Badraun|28.19444|77.37778,Haryana,Palwal         Palwal         Badraun         Badraun,28.1944444,77.3777778,unspecified,1,46.49465831704448,49.139493654240034,75.15626116556153,73.6518632857087,46.49465831704448,False,False,False,False
Palwal         Palwal         Baghaula        Baghaula|28.22083|77.30833,Haryana,Palwal         Palwal         Baghaula        Baghaula,28.2208333,77.3083333,Dug Well,1,40.11133048354411,42.65595848154671,69.95994249388029,68.47048428493451,40.11133048354411,False,False,False,False
Palwal         Palwal         Palwal          Palwal-Pz|28.15|77.325,Haryana,Palwal         Palwal         Palwal          Palwal-Pz,28.15,77.325,Bore Well,1,47.67139276483382,50.12691446810815,77.94426481659984,76.45833016822971,47.67139276483382,False,False,False,False
Palwal         Palwal         Pelak           Pelak-Pz|28.15556|77.42639,Haryana,Palwal         Palwal         Pelak           Pelak-Pz,28.1555556,77.4263889,Bore Well,1,52.85558471753769,55.519577418521045,81.05295408259386,79.54447939044543,52.85558471753769,False,False,False,False
Palwal      Palwal         Badraun             Badraun|28.19444|77.37778,Haryana,Palwal      Palwal         Badraun             Badraun,28.1944444,77.3777778,unspecified,1,46.49465831704448,49.139493654240034,75.15626116556153,73.6518632857087,46.49465831704448,False,False,False,False
Palwal      Palwal         Badraun         Badraun|28.19444|77.37778,Haryana,Palwal      Palwal         Badraun         Badraun,28.1944444,77.3777778,unspecified,1,46.49465831704448,49.139493654240034,75.15626116556153,73.6518632857087,46.49465831704448,False,False,False,False
Palwal      Palwal         Baghaula            Baghaula|28.22083|77.30833,Haryana,Palwal      Palwal         Baghaula            Baghaula,28.2208333,77.3083333,Dug Well,1,40.11133048354411,42.65595848154671,69.95994249388029,68.47048428493451,40.11133048354411,False,False,False,False
Palwal      Palwal         Baghaula        Baghaula|28.22083|77.30833,Haryana,Palwal      Palwal         Baghaula        Baghaula,28.2208333,77.3083333,Dug Well,1,40.11133048354411,42.65595848154671,69.95994249388029,68.47048428493451,40.11133048354411,False,False,False,False
Palwal      Palwal         Jawan               Jawan- Pz|28.22778|77.41667,Haryana,Palwal      Palwal         Jawan               Jawan- Pz,28.2277778,77.4166667,Bore Well,1,46.27184172520456,49.02296151558347,73.42051974954431,71.90957748435436,46.27184172520456,False,False,False,False
Palwal      Palwal         Jawan           Jawan- Pz|28.22778|77.41667,Haryana,Palwal      Palwal         Jawan           Jawan- Pz,28.2277778,77.4166667,Bore Well,1,46.27184172520456,49.02296151558347,73.42051974954431,71.90957748435436,46.27184172520456,False,False,False,False
Palwal      Palwal         Palwal              Palwal-Pz|28.15|77.325,Haryana,Palwal      Palwal         Palwal              Palwal-Pz,28.15,77.325,Bore Well,1,47.67139276483382,50.12691446810815,77.94426481659984,76.45833016822971,47.67139276483382,False,False,False,False
Palwal      Palwal         Palwal              Palwal|28.15|77.325,Haryana,Palwal      Palwal         Palwal              Palwal,28.15,77.325,Dug Well,1,47.67139276483382,50.12691446810815,77.94426481659984,76.45833016822971,47.67139276483382,False,False,False,False
Palwal      Palwal         Palwal          Palwal-Pz|28.15|77.325,Haryana,Palwal      Palwal         Palwal          Palwal-Pz,28.15,77.325,Bore Well,1,47.67139276483382,50.12691446810815,77.94426481659984,76.45833016822971,47.67139276483382,False,False,False,False
Palwal      Palwal         Pelak               Pelak-Pz|28.15556|77.42639,Haryana,Palwal      Palwal         Pelak               Pelak-Pz,28.1555556,77.4263889,Bore Well,1,52.85558471753769,55.519577418521045,81.05295408259386,79.54447939044543,52.85558471753769,False,False,False,False
Palwal      Palwal         Pelak           Pelak-Pz|28.15556|77.42639,Haryana,Palwal      Palwal         Pelak           Pelak-Pz,28.1555556,77.4263889,Bore Well,1,52.85558471753769,55.519577418521045,81.05295408259386,79.54447939044543,52.85558471753769,False,False,False,False
Rewari      Rewari         Massani         Massani|28.20556|76.66667,Haryana,Rewari      Rewari         Massani         Massani,28.2055556,76.6666667,unspecified,1,53.64533670832004,52.67549873547811,78.58494931926674,77.82627339787754,52.67549873547811,False,False,False,False
Rewari     Jatusana       Nangal Mundi    Nangal Mundi-DW|28.26|76.66222,Haryana,Rewari     Jatusana       Nangal Mundi    Nangal Mundi-DW,28.26,76.6622222,Dug Well,1,50.24065118534747,49.016461057750135,73.65692166310829,72.961004045918,49.016461057750135,False,False,False,False
Rewari     Jatusana       Nangal Mundi   Nangal Mundi-DW|28.26|76.66222,Haryana,Rewari     Jatusana       Nangal Mundi   Nangal Mundi-DW,28.26,76.6622222,Dug Well,1,50.24065118534747,49.016461057750135,73.65692166310829,72.961004045918,49.016461057750135,False,False,False,False
Rewari     Jatusana       Palhawas        Palhawas-DW|28.35778|76.62111,Haryana,Rewari     Jatusana       Palhawas        Palhawas-DW,28.3577778,76.6211111,Dug Well,1,48.52629118697511,46.731401755106255,67.36564282164049,66.86353467430052,46.731401755106255,False,False,False,False
Rewari     Nahar          Mubarikpur      Mubarikpur-DW|28.40333|76.54611,Haryana,Rewari     Nahar          Mubarikpur      Mubarikpur-DW,28.4033333,76.5461111,Dug Well,1,53.93402307137146,51.837858965923374,68.90497217266564,68.5906441702019,51.837858965923374,False,False,False,False
Rewari     Nahar          Mubarikpur     Mubarikpur-DW|28.40333|76.54611,Haryana,Rewari     Nahar          Mubarikpur     Mubarikpur-DW,28.4033333,76.5461111,Dug Well,1,53.93402307137146,51.837858965923374,68.90497217266564,68.5906441702019,51.837858965923374,False,False,False,False
Rewari     Nahar          Ratanthal       Ratanthal-DW|28.38889|76.59444,Haryana,Rewari     Nahar          Ratanthal       Ratanthal-DW,28.3888889,76.5944444,Dug Well,1,49.817798333232,47.836848881094504,66.59082320819304,66.18093125592242,47.836848881094504,False,False,False,False
Rewari     Nahar          Ratanthal      Ratanthal-DW|28.38889|76.59444,Haryana,Rewari     Nahar          Ratanthal      Ratanthal-DW,28.3888889,76.5944444,Dug Well,1,49.817798333232,47.836848881094504,66.59082320819304,66.18093125592242,47.836848881094504,False,False,False,False
Rewari     Rewari         Gurkawas        Gurkawas-DW|28.25278|76.63111,Haryana,Rewari     Rewari         Gurkawas        Gurkawas-DW,28.2527778,76.6311111,Dug Well,1,53.20084620247677,51.918378839507106,76.01775251519281,75.35931317882253,51.918378839507106,False,False,False,False
Rewari     Rewari         Gurkawas       Gurkawas-DW|28.25278|76.63111,Haryana,Rewari     Rewari         Gurkawas       Gurkawas-DW,28.2527778,76.6311111,Dug Well,1,53.20084620247677,51.918378839507106,76.01775251519281,75.35931317882253,51.918378839507106,False,False,False,False
Rewari     Rewari         Hansaka           Hansaka-DW|28.20667|76.68111,Haryana,Rewari     Rewari         Hansaka           Hansaka-DW,28.2066667,76.6811111,Dug Well,1,52.50207801704933,51.577118448279165,77.77292832312952,76.9948572388511,51.577118448279165,False,False,False,False
Rewari     Rewari         Hansaka         Hansaka-DW|28.20667|76.68111,Haryana,Rewari     Rewari         Hansaka         Hansaka-DW,28.2066667,76.6811111,Dug Well,1,52.50207801704933,51.577118448279165,77.77292832312952,76.9948572388511,51.577118448279165,False,False,False,False
Rewari     Rewari         Harinagar         Harinagar-DW|28.19444|76.575,Haryana,Rewari     Rewari         Harinagar         Harinagar-DW,28.1944444,76.575,Dug Well,1,61.437338064933904,60.24271562036393,84.4818697856975,83.83601498305505,60.24271562036393,False,False,False,False
Rewari     Rewari         Harinagar       Harinagar-DW|28.19444|76.575,Haryana,Rewari     Rewari         Harinagar       Harinagar-DW,28.1944444,76.575,Dug Well,1,61.437338064933904,60.24271562036393,84.4818697856975,83.83601498305505,60.24271562036393,False,False,False,False
Rewari     Rewari         Jatuwas           Jatuwas-DW|28.19444|76.575,Haryana,Rewari     Rewari         Jatuwas           Jatuwas-DW,28.1944444,76.575,Dug Well,1,61.437338064933904,60.24271562036393,84.4818697856975,83.83601498305505,60.24271562036393,False,False,False,False
Rewari     Rewari         Jatuwas         Jatuwas-DW|28.19444|76.575,Haryana,Rewari     Rewari         Jatuwas         Jatuwas-DW,28.1944444,76.575,Dug Well,1,61.437338064933904,60.24271562036393,84.4818697856975,83.83601498305505,60.24271562036393,False,False,False,False
Rewari     Rewari         Kumbhawas         Kumbhawas-DW|28.24889|76.66111,Haryana,Rewari     Rewari         Kumbhawas         Kumbhawas-DW,28.2488889,76.6611111,Dug Well,1,51.054062592064845,49.87744548689877,74.75506656377998,74.04851510025254,49.87744548689877,False,False,False,False
Rewari     Rewari         Massani         Massani|28.20556|76.66667,Haryana,Rewari     Rewari         Massani         Massani,28.2055556,76.6666667,unspecified,1,53.64533670832004,52.67549873547811,78.58494931926674,77.82627339787754,52.67549873547811,False,False,False,False
Rewari     Rewari         Rewari            Rewari-PZ|28.19889|76.61833,Haryana,Rewari     Rewari         Rewari            Rewari-PZ,28.1988889,76.6183333,Bore Well,1,57.76360912385338,56.66999209087512,81.69785910353583,80.99928802909916,56.66999209087512,False,False,False,False
Rewari     Rewari         Rewari            Rewari-Pz|28.19889|76.61833,Haryana,Rewari     Rewari         Rewari            Rewari-Pz,28.1988889,76.6183333,Bore Well,1,57.76360912385338,56.66999209087512,81.69785910353583,80.99928802909916,56.66999209087512,False,False,False,False
Rewari     Rewari         Rewari          Rewari-PZ|28.19889|76.61833,Haryana,Rewari     Rewari         Rewari          Rewari-PZ,28.1988889,76.6183333,Bore Well,1,57.76360912385338,56.66999209087512,81.69785910353583,80.99928802909916,56.66999209087512,False,False,False,False
Rewari     Rewari         Rewari          Rewari-Pz|28.19889|76.61833,Haryana,Rewari     Rewari         Rewari          Rewari-Pz,28.1988889,76.6183333,Bore Well,1,57.76360912385338,56.66999209087512,81.69785910353583,80.99928802909916,56.66999209087512,False,False,False,False
Rohtak      Rohtak         Kansala         Kansala|28.89167|76.775,Haryana,Rohtak      Rohtak         Kansala         Kansala,28.8916667,76.775,Dug Well,1,50.88553214403109,48.32883272304439,30.289121617401424,31.381330343956655,30.289121617401424,False,False,False,False
Rohtak      Sampla         Hassangarh      Hassangarh|28.84167|76.85,Haryana,Rohtak      Sampla         Hassangarh      Hassangarh,28.8416667,76.85,Dug Well,1,42.17727327117919,39.713514253664414,21.970116005379413,22.90481830528156,21.970116005379413,False,False,False,False
Rohtak      Sampla         Sampla          Sampla|28.78333|76.7625,Haryana,Rohtak      Sampla         Sampla          Sampla,28.7833333,76.7625,Dug Well,1,42.62995752223103,39.87159492372309,30.51081106623036,31.116244834709068,30.51081106623036,False,False,False,False
Rohtak     Lakhan Majra   Tiloli            Tiloli-DW|28.97028|76.55139,Haryana,Rohtak     Lakhan Majra   Tiloli            Tiloli-DW,28.9702778,76.5513889,Dug Well,2,71.85020727150743,69.10206294825434,53.67496175070064,54.80375541406302,53.67496175070064,False,False,False,False
Rohtak     Rohtak         Assan             Assan-DW|28.89667|76.76111,Haryana,Rohtak     Rohtak         Assan             Assan-DW,28.8966667,76.7611111,Dug Well,2,52.13606358490879,49.55973274550508,31.743128209775218,32.83957751766796,31.743128209775218,False,False,False,False
Rohtak     Rohtak         Baland            Baland|28.8|76.58333,Haryana,Rohtak     Rohtak         Baland            Baland,28.8,76.5833333,Dug Well,2,57.63480087083746,54.778957867678805,47.78870963222066,48.49372190391487,47.78870963222066,False,False,False,False
Rohtak     Rohtak         Bhalaut           Bhalaut|28.90556|76.71667,Haryana,Rohtak     Rohtak         Bhalaut           Bhalaut,28.9055556,76.7166667,Dug Well,1,55.59729291014786,52.95738161520146,36.173294559749614,37.25971335923491,36.173294559749614,False,False,False,False
Rohtak     Rohtak         Kanheli           Kanheli-DW|28.87417|76.60556,Haryana,Rohtak     Rohtak         Kanheli           Kanheli-DW,28.8741667,76.6055556,Dug Well,2,60.77490409959655,57.97847944692065,46.046589166760604,46.976143896332836,46.046589166760604,False,False,False,False
Rohtak     Rohtak         Kansala           Kansala|28.89167|76.775,Haryana,Rohtak     Rohtak         Kansala           Kansala,28.8916667,76.775,Dug Well,2,50.88553214403109,48.32883272304439,30.289121617401424,31.381330343956655,30.289121617401424,False,False,False,False
Rohtak     Rohtak         Kharawar          Kharawar|28.97222|76.68333,Haryana,Rohtak     Rohtak         Kharawar          Kharawar,28.9722222,76.6833333,Dug Well,2,63.40696167883791,60.807848436525276,41.80473403894162,43.03215402138753,41.80473403894162,False,False,False,False
Rohtak     Rohtak         Kiloi             Kiloi-DW|28.94417|76.71528,Haryana,Rohtak     Rohtak         Kiloi             Kiloi-DW,28.9441667,76.7152778,Dug Well,2,59.03943032855797,56.45268584155762,37.711775431947544,38.90371041163606,37.711775431947544,False,False,False,False
Rohtak     Rohtak         Makhrauli Khurd   Makhrauli Khurd|28.93333|76.64167,Haryana,Rohtak     Rohtak         Makhrauli Khurd   Makhrauli Khurd,28.9333333,76.6416667,Dug Well,2,62.75184739906128,60.049599342737636,44.05226555466559,45.15831285016833,44.05226555466559,False,False,False,False
Rohtak     Rohtak         Ritoli            Ritoli-DW|28.77472|76.57028,Haryana,Rohtak     Rohtak         Ritoli            Ritoli-DW,28.7747222,76.5702778,Dug Well,2,57.28353719998148,54.418929965875336,49.242932087909196,49.871825619607094,49.242932087909196,False,False,False,False
Rohtak     Rohtak         Rohtak            Rohtak|28.88333|76.58333,Haryana,Rohtak     Rohtak         Rohtak            Rohtak,28.8833333,76.5833333,Dug Well,2,63.08945820258133,60.28681253248122,48.33710301555226,49.28308186221172,48.33710301555226,False,False,False,False
Rohtak     Rohtak         Sanghi            Sanghi-DW|29.02667|76.61583,Haryana,Rohtak     Rohtak         Sanghi            Sanghi-DW,29.0266667,76.6158333,Dug Well,1,72.23000437238818,69.6050236976436,50.3690472622698,51.64123958327522,50.3690472622698,False,False,False,False
Rohtak     Rohtak         Sanghi          Sanghi-DW|29.02667|76.61583,Haryana,Rohtak     Rohtak         Sanghi          Sanghi-DW,29.0266667,76.6158333,Dug Well,1,72.23000437238818,69.6050236976436,50.3690472622698,51.64123958327522,50.3690472622698,False,False,False,False
Rohtak     Sampla         Atail             Atail-DW|28.84167|76.75194,Haryana,Rohtak     Sampla         Atail             Atail-DW,28.8416667,76.7519444,Dug Well,1,47.98002810834717,45.29827305246573,31.46207957187798,32.33920594443319,31.46207957187798,False,False,False,False
Rohtak     Sampla         Atail           Atail-DW|28.84167|76.75194,Haryana,Rohtak     Sampla         Atail           Atail-DW,28.8416667,76.7519444,Dug Well,1,47.98002810834717,45.29827305246573,31.46207957187798,32.33920594443319,31.46207957187798,False,False,False,False
Rohtak     Sampla         Baliana           Baliana-DW|28.87083|76.68361,Haryana,Rohtak     Sampla         Baliana           Baliana-DW,28.8708333,76.6836111,Dug Well,1,54.91901805941322,52.18754630581383,38.47600842400448,39.42984644695401,38.47600842400448,False,False,False,False
Rohtak     Sampla         Baliana         Baliana-DW|28.87083|76.68361,Haryana,Rohtak     Sampla         Baliana         Baliana-DW,28.8708333,76.6836111,Dug Well,1,54.91901805941322,52.18754630581383,38.47600842400448,39.42984644695401,38.47600842400448,False,False,False,False
Rohtak     Sampla         Giji              Giji-DW|28.81861|76.775,Haryana,Rohtak     Sampla         Giji              Giji-DW,28.8186111,76.775,Dug Well,1,44.57217238983638,41.890040763263045,29.083882446301025,29.862371826398054,29.083882446301025,False,False,False,False
Rohtak     Sampla         Giji            Giji-DW|28.81861|76.775,Haryana,Rohtak     Sampla         Giji            Giji-DW,28.8186111,76.775,Dug Well,1,44.57217238983638,41.890040763263045,29.083882446301025,29.862371826398054,29.083882446301025,False,False,False,False
Rohtak     Sampla         Hassangarh        Hassangarh|28.84167|76.85,Haryana,Rohtak     Sampla         Hassangarh        Hassangarh,28.8416667,76.85,Dug Well,1,42.17727327117919,39.713514253664414,21.970116005379413,22.90481830528156,21.970116005379413,False,False,False,False
Rohtak     Sampla         Hassangarh      Hassangarh|28.84167|76.85,Haryana,Rohtak     Sampla         Hassangarh      Hassangarh,28.8416667,76.85,Dug Well,1,42.17727327117919,39.713514253664414,21.970116005379413,22.90481830528156,21.970116005379413,False,False,False,False
Rohtak     Sampla         Sampla            Sampla-Pz|28.775|76.775,Haryana,Rohtak     Sampla         Sampla            Sampla-Pz,28.775,76.775,Bore Well,1,41.10748861126239,38.35246310424345,29.428958879004547,29.985615892949426,29.428958879004547,False,False,False,False
Rohtak     Sampla         Sampla          Sampla-Pz|28.775|76.775,Haryana,Rohtak     Sampla         Sampla          Sampla-Pz,28.775,76.775,Bore Well,1,41.10748861126239,38.35246310424345,29.428958879004547,29.985615892949426,29.428958879004547,False,False,False,False
Rohtak     Sampla         Sampla          Sampla|28.78333|76.7625,Haryana,Rohtak     Sampla         Sampla          Sampla,28.7833333,76.7625,Dug Well,1,42.62995752223103,39.87159492372309,30.51081106623036,31.116244834709068,30.51081106623036,False,False,False,False
Shahdara     SHAHDARA          Shahdara         CBD Shahdara|28.66111|77.30305,Delhi,Shahdara     SHAHDARA          Shahdara         CBD Shahdara,28.66111,77.30305,unspecified,1,26.660489840133827,28.045582034080493,28.186466948106258,26.809330734311853,26.660489840133827,False,False,False,False
Shahdara     Shahdara          Shahdara           CBD Shahda|28.66111|77.30305,Delhi,Shahdara     Shahdara          Shahdara           CBD Shahda,28.66111,77.30305,unspecified,1,26.660489840133827,28.045582034080493,28.186466948106258,26.809330734311853,26.660489840133827,False,False,False,False
Shahdara     Shahdara          Shahdara          CBD Shahdar|28.66111|77.30305,Delhi,Shahdara     Shahdara          Shahdara          CBD Shahdar,28.66111,77.30305,unspecified,1,26.660489840133827,28.045582034080493,28.186466948106258,26.809330734311853,26.660489840133827,False,False,False,False
Shahdara     VIVEK VIHAR       Vivek Vihar      Vivek Vihar|28.67083|77.31305,Delhi,Shahdara     VIVEK VIHAR       Vivek Vihar      Vivek Vihar ,28.67083,77.31305,Bore Well,1,28.08491448053311,29.437190531636585,28.33989231082982,26.99731949970975,26.99731949970975,False,False,False,False
Shahdara     Vivek Vihar       Vivek Vihar        Vivek Viha|28.67083|77.31305,Delhi,Shahdara     Vivek Vihar       Vivek Vihar        Vivek Viha,28.67083,77.31305,Bore Well,1,28.08491448053311,29.437190531636585,28.33989231082982,26.99731949970975,26.99731949970975,False,False,False,False
Shahdara     Vivek Vihar       Vivek Vihar       Vivek Vihar|28.67083|77.31305,Delhi,Shahdara     Vivek Vihar       Vivek Vihar       Vivek Vihar,28.67083,77.31305,Bore Well,1,28.08491448053311,29.437190531636585,28.33989231082982,26.99731949970975,26.99731949970975,False,False,False,False
Sonipat       Kharhauda      Khanda           Khanda-DW|28.92|76.9,Haryana,Sonipat       Kharhauda      Khanda           Khanda-DW,28.92,76.9,Dug Well,1,47.73892967963496,45.59097260656669,20.524134513541267,21.88784021721533,20.524134513541267,False,False,False,False
Sonipat       Kharhauda      Kharkhauda       Kharkhauda|28.87917|76.9125,Haryana,Sonipat       Kharhauda      Kharkhauda       Kharkhauda,28.8791667,76.9125,Dug Well,1,43.07462309509032,40.90603515075668,17.21865148905473,18.453451165458745,17.21865148905473,False,False,False,True
Sonipat       Kharhauda      Pipli            Pipli-DW|28.86444|76.94306,Haryana,Sonipat       Kharhauda      Pipli            Pipli-DW,28.8644444,76.9430556,Dug Well,1,40.47909780548892,38.41743954025569,13.835471779999137,15.059235004373678,13.835471779999137,False,False,False,True
Sonipat       Kharhauda      Rohat            Rohat|28.93333|76.975,Haryana,Sonipat       Kharhauda      Rohat            Rohat,28.9333333,76.975,Dug Well,1,46.984766355480595,45.16722601705432,16.264663626504678,17.765343320102946,16.264663626504678,False,False,False,True
Sonipat       Kharhauda      Sisnah           Sisnah|28.9|76.85833,Haryana,Sonipat       Kharhauda      Sisnah           Sisnah,28.9,76.8583333,Dug Well,1,47.402340791551524,45.07702090997233,22.97828472003278,24.205460833978623,22.97828472003278,False,False,False,False
Sonipat       Rai            Janti Khurd      Janti Khurd-Pz|28.84583|77.15833,Haryana,Sonipat       Rai            Janti Khurd      Janti Khurd-Pz,28.8458333,77.1583333,Bore Well,2,36.87149495431184,36.173537287994726,8.938310449655736,8.895171955314245,8.895171955314245,False,False,True,True
Sonipat       Rai            Jhakauli         Jhakauli- Pz|28.93194|77.16389,Haryana,Sonipat       Rai            Jhakauli         Jhakauli- Pz,28.9319444,77.1638889,Bore Well,2,46.37730380743464,45.57196899581149,15.683771610216446,16.424732200203323,15.683771610216446,False,False,False,True
Sonipat       Rai            Kheaora          KheoraPz|28.96667|77.12083,Haryana,Sonipat       Rai            Kheaora          KheoraPz,28.9666667,77.1208333,Bore Well,2,49.68342737654653,48.60861547513337,17.46138760264674,18.574947618574775,17.46138760264674,False,False,False,True
Sonipat       Rai            Ladpur           Ladpur-Pz|28.91444|77.03944,Haryana,Sonipat       Rai            Ladpur           Ladpur-Pz,28.9144444,77.0394444,Bore Well,2,43.91692853021554,42.40993099556924,11.523027341258596,13.004435869116655,11.523027341258596,False,False,False,True
Sonipat       Rai            Nahri            Nahri|28.86667|77.04722,Haryana,Sonipat       Rai            Nahri            Nahri,28.8666667,77.0472222,Dug Well,2,38.557737648697284,37.0773171617467,6.26914086573065,7.776419027401819,6.26914086573065,False,False,True,True
Sonipat       Rai            Rai              Rai-Bahalgarh-|28.94167|77.09583,Haryana,Sonipat       Rai            Rai              Rai-Bahalgarh-,28.9416667,77.0958333,Bore Well,2,46.77529843557874,45.57917144285155,14.229610527026042,15.453343956007497,14.229610527026042,False,False,False,True
Sonipat       Rai            Rai(Bahalgarh)   Rai(Bahalgarh)|28.94167|77.09583,Haryana,Sonipat       Rai            Rai(Bahalgarh)   Rai(Bahalgarh),28.9416667,77.0958333,unspecified,2,46.77529843557874,45.57917144285155,14.229610527026042,15.453343956007497,14.229610527026042,False,False,False,True
Sonipat       Rai            Rasoi            Rasoi Pz|28.90278|77.11389,Haryana,Sonipat       Rai            Rasoi            Rasoi Pz,28.9027778,77.1138889,Bore Well,2,42.54843671820709,41.478142260733584,10.502562531643997,11.515872046135634,10.502562531643997,False,False,False,True
Sonipat       Rai            Rasoi           Rasoi Pz|28.90278|77.11389,Haryana,Sonipat       Rai            Rasoi           Rasoi Pz,28.9027778,77.1138889,Bore Well,1,42.54843671820709,41.478142260733584,10.502562531643997,11.515872046135634,10.502562531643997,False,False,False,True
Sonipat       Rai            Safiabad         Safiabad-Pz|28.88222|77.07722,Haryana,Sonipat       Rai            Safiabad         Safiabad-Pz,28.8822222,77.0772222,Bore Well,2,40.14586260229547,38.85675970022117,7.461351127712911,8.783471153173366,7.461351127712911,False,False,True,True
Sonipat       Sonipat        Bagru            Bagru-DW|28.99|76.93556,Haryana,Sonipat       Sonipat        Bagru            Bagru-DW,28.99,76.9355556,Dug Well,2,54.02968086268009,52.10912609257653,23.624329641125534,25.128906233941716,23.624329641125534,False,False,False,False
Sonipat       Sonipat        Barswani         Barswani- DW|29.0125|76.9625,Haryana,Sonipat       Sonipat        Barswani         Barswani- DW,29.0125,76.9625,Dug Well,2,55.84388681558746,54.04852106440986,24.4548382759799,25.964823552388832,24.4548382759799,False,False,False,False
Sonipat       Sonipat        Barswani        Barswani- DW|29.0125|76.9625,Haryana,Sonipat       Sonipat        Barswani        Barswani- DW,29.0125,76.9625,Dug Well,1,55.84388681558746,54.04852106440986,24.4548382759799,25.964823552388832,24.4548382759799,False,False,False,False
Sonipat       Sonipat        Barwasni         Barwasni Pz (s|29.0|76.96667,Haryana,Sonipat       Sonipat        Barwasni         Barwasni Pz (s,29.0,76.9666667,Bore Well,2,54.40019094989318,52.61054370853085,23.030370441233373,24.541011282460016,23.030370441233373,False,False,False,False
Sonipat       Sonipat        Barwasni        Barwasni Pz (s)|29.0|76.96667,Haryana,Sonipat       Sonipat        Barwasni        Barwasni Pz (s),29.0,76.9666667,Bore Well,1,54.40019094989318,52.61054370853085,23.030370441233373,24.541011282460016,23.030370441233373,False,False,False,False
Sonipat       Sonipat        Bohela           Bohela|29.08056|76.85611,Haryana,Sonipat       Sonipat        Bohela           Bohela,29.0805556,76.8561111,Dug Well,1,65.95455827075556,63.87503475897886,36.30486323999216,37.80662186811508,36.30486323999216,False,False,False,False
Sonipat       Sonipat        Bohela          Bohela|29.08056|76.85611,Haryana,Sonipat       Sonipat        Bohela          Bohela,29.0805556,76.8561111,Dug Well,1,65.95455827075556,63.87503475897886,36.30486323999216,37.80662186811508,36.30486323999216,False,False,False,False
Sonipat       Sonipat        Chitana          Chitana-DW|29.03778|76.94194,Haryana,Sonipat       Sonipat        Chitana          Chitana-DW,29.0377778,76.9419444,Dug Well,2,59.0247076695176,57.174731054521565,27.86512345014272,29.376159966326334,27.86512345014272,False,False,False,False
Sonipat       Sonipat        Juan             Juan-DW|29.0625|76.90056,Haryana,Sonipat       Sonipat        Juan             Juan-DW,29.0625,76.9005556,Dug Well,1,62.71401152297455,60.74806410590898,32.23967729874731,33.74987608696942,32.23967729874731,False,False,False,False
Sonipat       Sonipat        Machhri          Machhri|29.05417|76.85833,Haryana,Sonipat       Sonipat        Machhri          Machhri,29.0541667,76.8583333,Dug Well,2,63.121026186893964,61.018389380593085,33.83050971018835,35.32317542586876,33.83050971018835,False,False,False,False
Sonipat       Sonipat        Mohana           Mohana Pzm|29.0375|76.87361,Haryana,Sonipat       Sonipat        Mohana           Mohana Pzm,29.0375,76.8736111,Bore Well,1,60.87380486858329,58.79705469675643,31.455657456830036,32.94851258675301,31.455657456830036,False,False,False,False
Sonipat       Sonipat        Murthal          Murthal-Pz|29.04056|77.09111,Haryana,Sonipat       Sonipat        Murthal          Murthal-Pz,29.0405556,77.0911111,Bore Well,2,57.757702818864495,56.51158724066124,25.11697982357476,26.40000299294531,25.11697982357476,False,False,False,False
Sonipat       Sonipat        Murthal         Murthal-Pz|29.04056|77.09111,Haryana,Sonipat       Sonipat        Murthal         Murthal-Pz,29.0405556,77.0911111,Bore Well,1,57.757702818864495,56.51158724066124,25.11697982357476,26.40000299294531,25.11697982357476,False,False,False,False
Sonipat       Sonipat        Pinana           Pinana|29.06111|76.83333,Haryana,Sonipat       Sonipat        Pinana           Pinana,29.0611111,76.8333333,Dug Well,2,64.71595595596281,62.552016828084,35.97084231739384,37.453038510929325,35.97084231739384,False,False,False,False
Sonipat       Sonipat        Pinana          Pinana|29.06111|76.83333,Haryana,Sonipat       Sonipat        Pinana          Pinana,29.0611111,76.8333333,Dug Well,1,64.71595595596281,62.552016828084,35.97084231739384,37.453038510929325,35.97084231739384,False,False,False,False
Sonipat    Ganaur             Larsauli          Larsauli-Pz|29.0925|77.03472,Haryana,Sonipat    Ganaur             Larsauli          Larsauli-Pz,29.0925,77.0347222,Bore Well,1,63.687648467631874,62.21291617710597,31.064370317038083,32.47135251503515,31.064370317038083,False,False,False,False
Sonipat    Ganaur         Larsauli         Larsauli-Pz|29.0925|77.03472,Haryana,Sonipat    Ganaur         Larsauli         Larsauli-Pz,29.0925,77.0347222,Bore Well,1,63.687648467631874,62.21291617710597,31.064370317038083,32.47135251503515,31.064370317038083,False,False,False,False
Sonipat    Ganaur         Purkhas          Purkhas-Pz|29.06528|76.83194,Haryana,Sonipat    Ganaur         Purkhas          Purkhas-Pz,29.0652778,76.8319444,Bore Well,2,65.19613533208934,63.03340350866161,36.411090916484795,37.89484009336883,36.411090916484795,False,False,False,False
Sonipat    Gohana             Bhainswal         Bhainswal|29.03333|76.79167,Haryana,Sonipat    Gohana             Bhainswal         Bhainswal,29.0333333,76.7916667,Dug Well,1,63.55905913173967,61.254476337334566,36.615390246456286,38.04332750697311,36.615390246456286,False,False,False,False
Sonipat    Gohana             Lath              Lath|29.075|76.77917,Haryana,Sonipat    Gohana             Lath              Lath,29.075,76.7791667,Dug Well,1,68.25553394220908,65.97428825801246,40.67919616386783,42.13589020339256,40.67919616386783,False,False,False,False
Sonipat    Gohana         Anwali           Anwali-Pz|29.00278|76.75833,Haryana,Sonipat    Gohana         Anwali           Anwali-Pz,29.0027778,76.7583333,Bore Well,2,62.11753208460028,59.69607040122555,37.096919552266584,38.45216918059311,37.096919552266584,False,False,False,False
Sonipat    Gohana         Bhainswal        Bhainswal|29.03333|76.79167,Haryana,Sonipat    Gohana         Bhainswal        Bhainswal,29.0333333,76.7916667,Dug Well,2,63.55905913173967,61.254476337334566,36.615390246456286,38.04332750697311,36.615390246456286,False,False,False,False
Sonipat    Gohana         Lath             Lath|29.075|76.77917,Haryana,Sonipat    Gohana         Lath             Lath,29.075,76.7791667,Dug Well,2,68.25553394220908,65.97428825801246,40.67919616386783,42.13589020339256,40.67919616386783,False,False,False,False
Sonipat    Gohana         Rukhi            Rukhi-Pz|29.08389|76.675,Haryana,Sonipat    Gohana         Rukhi            Rukhi-Pz,29.0838889,76.675,Bore Well,1,74.04101643084036,71.56751933375612,48.94971397178739,50.340794638910765,48.94971397178739,False,False,False,False
Sonipat    Kathura            Ahulana           Ahulana|29.11944|76.64583,Haryana,Sonipat    Kathura            Ahulana           Ahulana,29.1194444,76.6458333,Dug Well,1,78.89815934532629,76.41871833922242,53.62353271988804,55.02921798889523,53.62353271988804,False,False,False,False
Sonipat    Kathura            Bhunderi          Bhunderi|29.1|76.61528,Haryana,Sonipat    Kathura            Bhunderi          Bhunderi,29.1,76.6152778,Dug Well,1,78.76391753407123,76.21929971838688,54.68476814274066,56.051881481151604,54.68476814274066,False,False,False,False
Sonipat    Kathura            Kathura           Kathura Pz|29.075|76.55833,Haryana,Sonipat    Kathura            Kathura           Kathura Pz,29.075,76.5583333,Bore Well,1,79.93050720352603,77.2908391783624,57.85653924899355,59.157216024851685,57.85653924899355,False,False,False,False
Sonipat    Kathura        Ahulana          Ahulana|29.11944|76.64583,Haryana,Sonipat    Kathura        Ahulana          Ahulana,29.1194444,76.6458333,Dug Well,2,78.89815934532629,76.41871833922242,53.62353271988804,55.02921798889523,53.62353271988804,False,False,False,False
Sonipat    Kathura        Bhunderi         Bhunderi|29.1|76.61528,Haryana,Sonipat    Kathura        Bhunderi         Bhunderi,29.1,76.6152778,Dug Well,2,78.76391753407123,76.21929971838688,54.68476814274066,56.051881481151604,54.68476814274066,False,False,False,False
Sonipat    Kathura        Kathura          Kathura Pz|29.075|76.55833,Haryana,Sonipat    Kathura        Kathura          Kathura Pz,29.075,76.5583333,Bore Well,2,79.93050720352603,77.2908391783624,57.85653924899355,59.157216024851685,57.85653924899355,False,False,False,False
Sonipat    Kathura        Kathura          Kathura|29.10833|76.58333,Haryana,Sonipat    Kathura        Kathura          Kathura,29.1083333,76.5833333,Dug Well,2,81.33889432830844,78.76184881793569,57.76301388188432,59.11828001556808,57.76301388188432,False,False,False,False
Sonipat    Kathura        Mahara           Mahara|29.09861|76.68472,Haryana,Sonipat    Kathura        Mahara           Mahara,29.0986111,76.6847222,Dug Well,2,74.93519960428007,72.4950539308504,49.23317276494016,50.64545065560736,49.23317276494016,False,False,False,False
Sonipat    Kathura        Tihar Malikpur   Tihar Malikpur-DW|29.04722|76.82361,Haryana,Sonipat    Kathura        Tihar Malikpur   Tihar Malikpur-DW,29.0472222,76.8236111,Dug Well,2,63.65433146186269,61.44775197067279,35.45452682278965,36.92094379668252,35.45452682278965,False,False,False,False
Sonipat    Kharhauda          Farmana           Farmana|28.98472|76.8125,Haryana,Sonipat    Kharhauda          Farmana           Farmana,28.9847222,76.8125,Dug Well,1,57.82001679820019,55.500088655296,31.636564412720283,33.01848525639297,31.636564412720283,False,False,False,False
Sonipat    Kharhauda          Sisnah            Sisnah|28.9|76.85833,Haryana,Sonipat    Kharhauda          Sisnah            Sisnah,28.9,76.8583333,Dug Well,1,47.402340791551524,45.07702090997233,22.97828472003278,24.205460833978623,22.97828472003278,False,False,False,False
Sonipat    Kharhauda      Anandpur         Anandpur-Jarot-DW|28.91639|76.93694,Haryana,Sonipat    Kharhauda      Anandpur         Anandpur-Jarot-DW,28.9163889,76.9369444,Dug Well,1,46.14277664414007,44.1358624592895,17.4192352903182,18.839782632232044,17.4192352903182,False,False,False,True
Sonipat    Kharhauda      Anandpur         Anandpur-Jarot-|28.91639|76.93694,Haryana,Sonipat    Kharhauda      Anandpur         Anandpur-Jarot-,28.9163889,76.9369444,Dug Well,1,46.14277664414007,44.1358624592895,17.4192352903182,18.839782632232044,17.4192352903182,False,False,False,True
Sonipat    Kharhauda      Barona           Barona-DW|28.83222|76.90833,Haryana,Sonipat    Kharhauda      Barona           Barona-DW,28.8322222,76.9083333,Dug Well,2,38.48105107050262,36.20260265280301,16.2012889402442,17.12660259039167,16.2012889402442,False,False,False,True
Sonipat    Kharhauda      Bidhlan          Bidhlan-DW|28.95361|76.86333,Haryana,Sonipat    Kharhauda      Bidhlan          Bidhlan-DW,28.9536111,76.8633333,Dug Well,2,52.5690521477161,50.348160252006856,25.604189737383564,26.991185536312855,25.604189737383564,False,False,False,False
Sonipat    Kharhauda      Farmana          Farmana|28.98472|76.8125,Haryana,Sonipat    Kharhauda      Farmana          Farmana,28.9847222,76.8125,Dug Well,2,57.82001679820019,55.500088655296,31.636564412720283,33.01848525639297,31.636564412720283,False,False,False,False
Sonipat    Kharhauda      Gorar            Gorar-DW|28.94778|76.8125,Haryana,Sonipat    Kharhauda      Gorar            Gorar-DW,28.9477778,76.8125,Dug Well,2,54.19231094726674,51.81623022170842,29.378649160729527,30.685418630652176,29.378649160729527,False,False,False,False
Sonipat    Kharhauda      Khanda           Khanda-DW|28.92|76.9,Haryana,Sonipat    Kharhauda      Khanda           Khanda-DW,28.92,76.9,Dug Well,1,47.73892967963496,45.59097260656669,20.524134513541267,21.88784021721533,20.524134513541267,False,False,False,False
Sonipat    Kharhauda      Kharkhauda       Kharkhauda|28.87917|76.9125,Haryana,Sonipat    Kharhauda      Kharkhauda       Kharkhauda,28.8791667,76.9125,Dug Well,1,43.07462309509032,40.90603515075668,17.21865148905473,18.453451165458745,17.21865148905473,False,False,False,True
Sonipat    Kharhauda      Pipli            Pipli-DW|28.86444|76.94306,Haryana,Sonipat    Kharhauda      Pipli            Pipli-DW,28.8644444,76.9430556,Dug Well,1,40.47909780548892,38.41743954025569,13.835471779999137,15.059235004373678,13.835471779999137,False,False,False,True
Sonipat    Kharhauda      Rohat            Rohat|28.93333|76.975,Haryana,Sonipat    Kharhauda      Rohat            Rohat,28.9333333,76.975,Dug Well,1,46.984766355480595,45.16722601705432,16.264663626504678,17.765343320102946,16.264663626504678,False,False,False,True
Sonipat    Kharhauda      Sisnah           Sisnah|28.9|76.85833,Haryana,Sonipat    Kharhauda      Sisnah           Sisnah,28.9,76.8583333,Dug Well,1,47.402340791551524,45.07702090997233,22.97828472003278,24.205460833978623,22.97828472003278,False,False,False,False
Sonipat    Rai                Janti Khurd       Janti Khurd-|28.84583|77.15833,Haryana,Sonipat    Rai                Janti Khurd       Janti Khurd-,28.8458333,77.1583333,Bore Well,1,36.87149495431184,36.173537287994726,8.938310449655736,8.895171955314245,8.895171955314245,False,False,True,True
Sonipat    Rai                Kheaora           KheoraPz|28.96667|77.12083,Haryana,Sonipat    Rai                Kheaora           KheoraPz,28.9666667,77.1208333,Bore Well,1,49.68342737654653,48.60861547513337,17.46138760264674,18.574947618574775,17.46138760264674,False,False,False,True
Sonipat    Rai                Rai               Rai-Bahalgar|28.94167|77.09583,Haryana,Sonipat    Rai                Rai               Rai-Bahalgar,28.9416667,77.0958333,Bore Well,1,46.77529843557874,45.57917144285155,14.229610527026042,15.453343956007497,14.229610527026042,False,False,False,True
South        MEHRAULI                           Jamali Kamal|28.50611|77.18222,Delhi,South        MEHRAULI                           Jamali Kamal,28.50611,77.18222,unspecified,1,10.002383575349482,12.75408567883784,35.9690880936623,34.49045034378692,10.002383575349482,False,False,False,True
South        MEHRAULI          Jaunapur         Jaunapur DJB|28.46805|77.15,Delhi,South        MEHRAULI          Jaunapur         Jaunapur DJB,28.46805,77.15,unspecified,1,8.944399769691257,11.751527913043,39.31666077947156,37.881486863751086,8.944399769691257,False,False,True,True
South        Mehrauli          Jamali Kamali      Jamali Kam|28.50611|77.18222,Delhi,South        Mehrauli          Jamali Kamali      Jamali Kam,28.50611,77.18222,Dug Well,1,10.002383575349482,12.75408567883784,35.9690880936623,34.49045034378692,10.002383575349482,False,False,False,True
South        Mehrauli          Jamali Kamali     Jamali Kama|28.50611|77.18222,Delhi,South        Mehrauli          Jamali Kamali     Jamali Kama,28.50611,77.18222,Dug Well,1,10.002383575349482,12.75408567883784,35.9690880936623,34.49045034378692,10.002383575349482,False,False,False,True
South        Mehrauli          Jaunapur           Jaunapur D|28.46805|77.15,Delhi,South        Mehrauli          Jaunapur           Jaunapur D,28.46805,77.15,unspecified,1,8.944399769691257,11.751527913043,39.31666077947156,37.881486863751086,8.944399769691257,False,False,True,True
South        Mehrauli          Jaunapur          Jaunapur DJ|28.46805|77.15,Delhi,South        Mehrauli          Jaunapur          Jaunapur DJ,28.46805,77.15,unspecified,1,8.944399769691257,11.751527913043,39.31666077947156,37.881486863751086,8.944399769691257,False,False,True,True
South        Mehrauli          Jheel Khoh         Jheel Khoh|28.40888|77.18944,Delhi,South        Mehrauli          Jheel Khoh         Jheel Khoh,28.40888,77.18944,Dug Well,1,16.36248478110819,19.05429984485729,46.57672036665987,45.11707609025275,16.36248478110819,False,False,False,True
South        Mehrauli          Jheel Khoh        Jheel Khoh|28.40888|77.18944,Delhi,South        Mehrauli          Jheel Khoh        Jheel Khoh ,28.40888,77.18944,Dug Well,1,16.36248478110819,19.05429984485729,46.57672036665987,45.11707609025275,16.36248478110819,False,False,False,True
South        SAKET                              Balbir Nagar|28.42|77.20777,Delhi,South        SAKET                              Balbir Nagar,28.42,77.20777,unspecified,1,16.71676767186959,19.50688037957494,45.857095082438505,44.38121030241196,16.71676767186959,False,False,False,True
South        Saket             Balbir Nagar       Balbir Nag|28.42|77.20777,Delhi,South        Saket             Balbir Nagar       Balbir Nag,28.42,77.20777,Dug Well,1,16.71676767186959,19.50688037957494,45.857095082438505,44.38121030241196,16.71676767186959,False,False,False,True
South        Saket             Balbir Nagar      Balbir Naga|28.42|77.20777,Delhi,South        Saket             Balbir Nagar      Balbir Naga,28.42,77.20777,Dug Well,1,16.71676767186959,19.50688037957494,45.857095082438505,44.38121030241196,16.71676767186959,False,False,False,True
South East   DEFENCE COLONY    Nangli Rajapur   Nangli Rajap|28.59444|77.27333,Delhi,South East   DEFENCE COLONY    Nangli Rajapur   Nangli Rajap,28.59444,77.27333,Bore Well,1,20.446758317450836,22.34268467961355,31.34344305580867,29.85401570960894,20.446758317450836,False,False,False,False
South East   Defence Colony    Nangli Rajapur     Nangli Raj|28.59444|77.27333,Delhi,South East   Defence Colony    Nangli Rajapur     Nangli Raj,28.59444,77.27333,Bore Well,1,20.446758317450836,22.34268467961355,31.34344305580867,29.85401570960894,20.446758317450836,False,False,False,False
South East   Defence Colony    Nangli Rajapur    Nangli Raja|28.59444|77.27333,Delhi,South East   Defence Colony    Nangli Rajapur    Nangli Raja,28.59444,77.27333,Bore Well,1,20.446758317450836,22.34268467961355,31.34344305580867,29.85401570960894,20.446758317450836,False,False,False,False
South East   KALKAJI                            GK 2 Metro G|28.54166|77.23805,Delhi,South East   KALKAJI                            GK 2 Metro G,28.54166,77.23805,unspecified,1,15.481145008103963,17.866438222764636,34.39238091528569,32.88105708821682,15.481145008103963,False,False,False,True
South East   KALKAJI                            GK 2 Metro G|28.54222|77.23972,Delhi,South East   KALKAJI                            GK 2 Metro G,28.54222,77.23972,unspecified,1,15.651673115259385,18.03262388465525,34.41376618562906,32.90231669909346,15.651673115259385,False,False,False,True
South East   KALKAJI                            GK 2 Metro N|28.54222|77.23888,Delhi,South East   KALKAJI                            GK 2 Metro N,28.54222,77.23888,unspecified,1,15.570537869563939,17.950693168776098,34.375230344764155,32.863828526193316,15.570537869563939,False,False,False,True
South East   KALKAJI           Gk-Ii            S Block Park|28.53388|77.2475,Delhi,South East   KALKAJI           Gk-Ii            S Block Park,28.53388,77.2475,Bore Well,1,16.297948207810343,18.76616901150654,35.590432951690744,34.0788796848641,16.297948207810343,False,False,False,True
South East   KALKAJI           Gk-Ii            Sehgal Marke|28.53555|77.24083,Delhi,South East   KALKAJI           Gk-Ii            Sehgal Marke,28.53555,77.24083,unspecified,1,15.666569614856499,18.116056787203167,35.12012556640062,33.60886812255692,15.666569614856499,False,False,False,True
South East   KALKAJI           Gk-Ii            Sehgal Marke|28.5375|77.24194,Delhi,South East   KALKAJI           Gk-Ii            Sehgal Marke,28.5375,77.24194,unspecified,1,15.797711621451478,18.22857794714397,34.97895664894777,33.46754237065072,15.797711621451478,False,False,False,True
South East   KALKAJI           Jahapana Park    Jahapana Par|28.53277|77.23638,Delhi,South East   KALKAJI           Jahapana Park    Jahapana Par,28.53277,77.23638,unspecified,1,15.205086475485107,17.679947984920144,35.19609407749548,33.685500198563744,15.205086475485107,False,False,False,True
South East   KALKAJI           Okhla            Okhla DJB WT|28.56416|77.27333,Delhi,South East   KALKAJI           Okhla            Okhla DJB WT,28.56416,77.27333,Bore Well,1,19.356310248766203,21.561118284922724,34.046430011837955,32.543687743055585,19.356310248766203,False,False,False,True
South East   Kalkaji           Astha Kunj         Aastha Kun|28.55388|77.25111,Delhi,South East   Kalkaji           Astha Kunj         Aastha Kun,28.55388,77.25111,Dug Well,1,16.981311321072663,19.253379986705298,33.830676912265986,32.31999260064795,16.981311321072663,False,False,False,True
South East   Kalkaji           Astha Kunj        Aastha Kunj|28.55388|77.25111,Delhi,South East   Kalkaji           Astha Kunj        Aastha Kunj,28.55388,77.25111,Dug Well,1,16.981311321072663,19.253379986705298,33.830676912265986,32.31999260064795,16.981311321072663,False,False,False,True
South East   Kalkaji           Gk-Ii              GK 2 Metro|28.54166|77.23805,Delhi,South East   Kalkaji           Gk-Ii              GK 2 Metro,28.54166,77.23805,unspecified,1,15.481145008103963,17.866438222764636,34.39238091528569,32.88105708821682,15.481145008103963,False,False,False,True
South East   Kalkaji           Gk-Ii              GK 2 Metro|28.54222|77.23972,Delhi,South East   Kalkaji           Gk-Ii              GK 2 Metro,28.54222,77.23972,unspecified,1,15.651673115259385,18.03262388465525,34.41376618562906,32.90231669909346,15.651673115259385,False,False,False,True
South East   Kalkaji           Gk-Ii             GK 2|28.54083|77.24166,Delhi,South East   Kalkaji           Gk-Ii             GK 2,28.54083,77.24166,unspecified,1,15.817126346716792,18.21420972923313,34.639448190574385,33.12794738086095,15.817126346716792,False,False,False,True
South East   Kalkaji           Gk-Ii             GuruDug Wel|28.54027|77.24166,Delhi,South East   Kalkaji           Gk-Ii             GuruDug Wel,28.54027,77.24166,Dug Well,1,15.808694761673431,18.21150178446982,34.69432485884032,33.18283874212527,15.808694761673431,False,False,False,True
South East   Kalkaji           Gk-Ii             M-Block Par|28.53416|77.24361,Delhi,South East   Kalkaji           Gk-Ii             M-Block Par,28.53416,77.24361,Bore Well,1,15.922141707183627,18.38627228968664,35.38348805462275,33.87209425300713,15.922141707183627,False,False,False,True
South East   Kalkaji           Gk-Ii             S Block Par|28.53388|77.2475,Delhi,South East   Kalkaji           Gk-Ii             S Block Par,28.53388,77.2475,Bore Well,1,16.297948207810343,18.76616901150654,35.590432951690744,34.0788796848641,16.297948207810343,False,False,False,True
South East   Kalkaji           Gk-Ii             Sehgal Mark|28.53555|77.24083,Delhi,South East   Kalkaji           Gk-Ii             Sehgal Mark,28.53555,77.24083,unspecified,1,15.666569614856499,18.116056787203167,35.12012556640062,33.60886812255692,15.666569614856499,False,False,False,True
South East   Kalkaji           Gk-Ii             Sehgal Mark|28.5375|77.24194,Delhi,South East   Kalkaji           Gk-Ii             Sehgal Mark,28.5375,77.24194,unspecified,1,15.797711621451478,18.22857794714397,34.97895664894777,33.46754237065072,15.797711621451478,False,False,False,True
South East   Kalkaji           Jahapana Park     Jahapana Pa|28.53277|77.23638,Delhi,South East   Kalkaji           Jahapana Park     Jahapana Pa,28.53277,77.23638,unspecified,1,15.205086475485107,17.679947984920144,35.19609407749548,33.685500198563744,15.205086475485107,False,False,False,True
South East   Kalkaji           Okhla             Okhla DJB W|28.56416|77.27333,Delhi,South East   Kalkaji           Okhla             Okhla DJB W,28.56416,77.27333,Bore Well,1,19.356310248766203,21.561118284922724,34.046430011837955,32.543687743055585,19.356310248766203,False,False,False,True
South East   Kalkaji        Gk-Ii              GK 2 Metro No|28.54222|77.23888,Delhi,South East   Kalkaji        Gk-Ii              GK 2 Metro No,28.54222,77.23888,unspecified,1,15.570537869563939,17.950693168776098,34.375230344764155,32.863828526193316,15.570537869563939,False,False,False,True
South East   Kalkaji        Gk-Ii              GuruDug Wella|28.54027|77.24166,Delhi,South East   Kalkaji        Gk-Ii              GuruDug Wella,28.54027,77.24166,Dug Well,1,15.808694761673431,18.21150178446982,34.69432485884032,33.18283874212527,15.808694761673431,False,False,False,True
South East   Kalkaji        Gk-Ii              S Block Park|28.53388|77.2475,Delhi,South East   Kalkaji        Gk-Ii              S Block Park ,28.53388,77.2475,unspecified,1,16.297948207810343,18.76616901150654,35.590432951690744,34.0788796848641,16.297948207810343,False,False,False,True
South East   Kalkaji        Gk-Ii              Sehgal Market|28.53555|77.24083,Delhi,South East   Kalkaji        Gk-Ii              Sehgal Market,28.53555,77.24083,unspecified,1,15.666569614856499,18.116056787203167,35.12012556640062,33.60886812255692,15.666569614856499,False,False,False,True
South East   Kalkaji        Gk-Ii              Sehgal Market|28.5375|77.24194,Delhi,South East   Kalkaji        Gk-Ii              Sehgal Market,28.5375,77.24194,unspecified,1,15.797711621451478,18.22857794714397,34.97895664894777,33.46754237065072,15.797711621451478,False,False,False,True
South East   Kalkaji        Jahapana Park      Jahapana Park|28.53277|77.23638,Delhi,South East   Kalkaji        Jahapana Park      Jahapana Park,28.53277,77.23638,unspecified,1,15.205086475485107,17.679947984920144,35.19609407749548,33.685500198563744,15.205086475485107,False,False,False,True
South East   Kalkaji        Okhla              Okhla DJB WTP|28.56416|77.27333,Delhi,South East   Kalkaji        Okhla              Okhla DJB WTP,28.56416,77.27333,Bore Well,1,19.356310248766203,21.561118284922724,34.046430011837955,32.543687743055585,19.356310248766203,False,False,False,True
South East   SARITA VIHAR      Jaitpur Khadar   Jaitpur Khad|28.50888|77.34055,Delhi,South East   SARITA VIHAR      Jaitpur Khadar   Jaitpur Khad,28.50888,77.34055,unspecified,1,25.367346809496688,27.99133822448016,42.884515797691996,41.39040929568838,25.367346809496688,False,False,False,False
South East   Sarita Vihar   Jaitpur Khadar        Jaitpur Kh|28.50888|77.34055,Delhi,South East   Sarita Vihar   Jaitpur Khadar        Jaitpur Kh,28.50888,77.34055,unspecified,1,25.367346809496688,27.99133822448016,42.884515797691996,41.39040929568838,25.367346809496688,False,False,False,False
South East   Sarita Vihar   Jaitpur Khadar      Jaitpur Khad|28.50888|77.34055,Delhi,South East   Sarita Vihar   Jaitpur Khadar      Jaitpur Khad,28.50888,77.34055,unspecified,1,25.367346809496688,27.99133822448016,42.884515797691996,41.39040929568838,25.367346809496688,False,False,False,False
South West   DWARKA                                 Dwarka S|28.56722|77.05083,Delhi,South West   DWARKA                                 Dwarka S,28.56722,77.05083,unspecified,1,5.919795487984262,3.7980581147368437,27.662679986396245,26.415392087562342,3.7980581147368437,False,True,True,True
South West   DWARKA                                 Dwarka S|28.59444|77.05694,Delhi,South West   DWARKA                                 Dwarka S,28.59444,77.05694,unspecified,1,8.484335265237036,6.800130575895274,24.600500852636213,23.342464931352335,6.800130575895274,False,False,True,True
South West   DWARKA                             Dwarka S-16|28.58555|77.02611,Delhi,South West   DWARKA                             Dwarka S-16 ,28.58555,77.02611,unspecified,1,8.958609336245681,6.475995889844623,25.95089276618535,24.797598533228395,6.475995889844623,False,False,True,True
South West   Dug Wellarka   Dug Wellarka Sec-16   Dug Wellar|28.58555|77.02611,Delhi,South West   Dug Wellarka   Dug Wellarka Sec-16   Dug Wellar,28.58555,77.02611,Dug Well,1,8.958609336245681,6.475995889844623,25.95089276618535,24.797598533228395,6.475995889844623,False,False,True,True
South West   Dug Wellarka   Dug Wellarka Sec-16 Dug Wellarka|28.58555|77.02611,Delhi,South West   Dug Wellarka   Dug Wellarka Sec-16 Dug Wellarka,28.58555,77.02611,Dug Well,1,8.958609336245681,6.475995889844623,25.95089276618535,24.797598533228395,6.475995889844623,False,False,True,True
South West   Dug Wellarka   Dug Wellarka Sec-23   Dug Wellar|28.56722|77.05083,Delhi,South West   Dug Wellarka   Dug Wellarka Sec-23   Dug Wellar,28.56722,77.05083,Dug Well,1,5.919795487984262,3.7980581147368437,27.662679986396245,26.415392087562342,3.7980581147368437,False,True,True,True
South West   Dug Wellarka   Dug Wellarka Sec-23 Dug Wellarka|28.56722|77.05083,Delhi,South West   Dug Wellarka   Dug Wellarka Sec-23 Dug Wellarka,28.56722,77.05083,Dug Well,1,5.919795487984262,3.7980581147368437,27.662679986396245,26.415392087562342,3.7980581147368437,False,True,True,True
South West   Dug Wellarka   Dug Wellarka Sec-5    Dug Wellar|28.59444|77.05694,Delhi,South West   Dug Wellarka   Dug Wellarka Sec-5    Dug Wellar,28.59444,77.05694,Dug Well,1,8.484335265237036,6.800130575895274,24.600500852636213,23.342464931352335,6.800130575895274,False,False,True,True
South West   Dug Wellarka   Dug Wellarka Sec-5 Dug Wellarka|28.59444|77.05694,Delhi,South West   Dug Wellarka   Dug Wellarka Sec-5 Dug Wellarka ,28.59444,77.05694,Dug Well,1,8.484335265237036,6.800130575895274,24.600500852636213,23.342464931352335,6.800130575895274,False,False,True,True
South West   KALKAJI                                DJB Over|28.5325|77.24138,Delhi,South West   KALKAJI                                DJB Over,28.5325,77.24138,unspecified,1,15.68945186098014,18.168538324845496,35.445628904450075,33.93447906563585,15.68945186098014,False,False,False,True
South West   KAPESHERA                              Raota Dw|28.51805|76.90416,Delhi,South West   KAPESHERA                              Raota Dw,28.51805,76.90416,unspecified,1,17.310467697431406,14.872582313639006,36.9420472996055,36.107776054473014,14.872582313639006,False,False,False,True
South West   KAPESHERA        Chhawla               Chhawla|28.54638|77.00944,Delhi,South West   KAPESHERA        Chhawla               Chhawla ,28.54638,77.00944,Bore Well,1,7.557688932070772,4.719233945374004,30.53771087298151,29.40887309591074,4.719233945374004,False,True,True,True
South West   KAPESHERA        Daulatpur             Daulatpu|28.54305|76.96527,Delhi,South West   KAPESHERA        Daulatpur             Daulatpu,28.54305,76.96527,Bore Well,1,11.592478239163883,8.870827080500208,32.050727506585105,31.063061803398202,8.870827080500208,False,False,True,True
South West   KAPESHERA        Shikarpur             Shikarpu|28.52444|76.95333,Delhi,South West   KAPESHERA        Shikarpur             Shikarpu,28.52444,76.95333,Bore Well,1,12.507730084282239,10.020114254938019,34.391166150126374,33.41633310203341,10.020114254938019,False,False,False,True
South West   KAPESHERA        Shikarpur             Shikarpu|28.52472|76.95333,Delhi,South West   KAPESHERA        Shikarpur             Shikarpu,28.52472,76.95333,Bore Well,1,12.508649004854702,10.017087799485498,34.36189285051942,33.3874383257746,10.017087799485498,False,False,False,True
South West   Kapashera      Chhawla               Chhawla Pz|28.54638|77.00944,Delhi,South West   Kapashera      Chhawla               Chhawla Pz,28.54638,77.00944,Bore Well,1,7.557688932070772,4.719233945374004,30.53771087298151,29.40887309591074,4.719233945374004,False,True,True,True
South West   Kapashera      Chhawla             Chhawla Pz|28.54638|77.00944,Delhi,South West   Kapashera      Chhawla             Chhawla Pz,28.54638,77.00944,Bore Well,1,7.557688932070772,4.719233945374004,30.53771087298151,29.40887309591074,4.719233945374004,False,True,True,True
South West   Kapashera      Daulatpur             Daulatpur|28.54305|76.96527,Delhi,South West   Kapashera      Daulatpur             Daulatpur ,28.54305,76.96527,Bore Well,1,11.592478239163883,8.870827080500208,32.050727506585105,31.063061803398202,8.870827080500208,False,False,True,True
South West   Kapashera      Daulatpur           Daulatpur Pz|28.54305|76.96527,Delhi,South West   Kapashera      Daulatpur           Daulatpur Pz,28.54305,76.96527,Bore Well,1,11.592478239163883,8.870827080500208,32.050727506585105,31.063061803398202,8.870827080500208,False,False,True,True
South West   Kapashera      Raota                 Raota|28.51805|76.90416,Delhi,South West   Kapashera      Raota                 Raota,28.51805,76.90416,Dug Well,1,17.310467697431406,14.872582313639006,36.9420472996055,36.107776054473014,14.872582313639006,False,False,False,True
South West   Kapashera      Raota               Raota|28.51805|76.90416,Delhi,South West   Kapashera      Raota               Raota,28.51805,76.90416,Dug Well,1,17.310467697431406,14.872582313639006,36.9420472996055,36.107776054473014,14.872582313639006,False,False,False,True
South West   Kapashera      Shikarpur             Shikarpur|28.52444|76.95333,Delhi,South West   Kapashera      Shikarpur             Shikarpur ,28.52444,76.95333,Bore Well,1,12.507730084282239,10.020114254938019,34.391166150126374,33.41633310203341,10.020114254938019,False,False,False,True
South West   Kapashera      Shikarpur             Shikarpur|28.52472|76.95333,Delhi,South West   Kapashera      Shikarpur             Shikarpur ,28.52472,76.95333,Bore Well,1,12.508649004854702,10.017087799485498,34.36189285051942,33.3874383257746,10.017087799485498,False,False,False,True
South West   Kapashera      Shikarpur           Shikarpur De|28.52444|76.95333,Delhi,South West   Kapashera      Shikarpur           Shikarpur De,28.52444,76.95333,Bore Well,1,12.507730084282239,10.020114254938019,34.391166150126374,33.41633310203341,10.020114254938019,False,False,False,True
South West   Kapashera      Shikarpur          Shikarpur Sha|28.52472|76.95333,Delhi,South West   Kapashera      Shikarpur          Shikarpur Sha,28.52472,76.95333,unspecified,1,12.508649004854702,10.017087799485498,34.36189285051942,33.3874383257746,10.017087799485498,False,False,False,True
South West   NAJAFGARH                              Daryapur|28.53416|76.90861,Delhi,South West   NAJAFGARH                              Daryapur,28.53416,76.90861,unspecified,1,16.932297018486068,14.340069736231655,35.14751709288678,34.32935387600887,14.340069736231655,False,False,False,True
South West   NAJAFGARH                              Jhuljhul|28.53611|76.90472,Delhi,South West   NAJAFGARH                              Jhuljhul,28.53611,76.90472,unspecified,1,17.330218562554936,14.722940334289953,35.13106072076849,34.32897021328834,14.722940334289953,False,False,False,True
South West   NAJAFGARH        Mundela Kalan         Mundela|28.60638|76.89333,Delhi,South West   NAJAFGARH        Mundela Kalan         Mundela ,28.60638,76.89333,Bore Well,1,20.65678766874058,17.791240010451627,29.118630805805797,28.538970509842265,17.791240010451627,False,False,False,True
South West   NAJAFGARH        Najafgarh             Najafgar|28.61472|77.00055,Delhi,South West   NAJAFGARH        Najafgarh             Najafgar,28.61472,77.00055,unspecified,1,13.05084219388904,10.519251075657081,23.400024284845507,22.38894874054624,10.519251075657081,False,False,False,True
South West   NAJAFGARH        Surheda               Surheda|28.60388|76.93222,Delhi,South West   NAJAFGARH        Surheda               Surheda,28.60388,76.93222,unspecified,1,17.219195442685834,14.363087149107532,27.23945165145711,26.500345608788912,14.363087149107532,False,False,False,True
South West   Najafgarh        Surheda            Surheda|28.60388|76.93222,Delhi,South West   Najafgarh        Surheda            Surheda,28.60388,76.93222,unspecified,1,17.219195442685834,14.363087149107532,27.23945165145711,26.500345608788912,14.363087149107532,False,False,False,True
South West   Najafgarh        Ujwah              Ojwah Pz|28.57666|76.91416,Delhi,South West   Najafgarh        Ujwah              Ojwah Pz,28.57666,76.91416,Bore Well,1,17.451299526115417,14.613090433410925,30.74235329787294,29.999193441399385,14.613090433410925,False,False,False,True
South West   Najafgarh      Daryapur Khurd        Daryapur K|28.53416|76.90861,Delhi,South West   Najafgarh      Daryapur Khurd        Daryapur K,28.53416,76.90861,Dug Well,1,16.932297018486068,14.340069736231655,35.14751709288678,34.32935387600887,14.340069736231655,False,False,False,True
South West   Najafgarh      Daryapur Khurd     Daryapur Khur|28.53416|76.90861,Delhi,South West   Najafgarh      Daryapur Khurd     Daryapur Khur,28.53416,76.90861,Dug Well,1,16.932297018486068,14.340069736231655,35.14751709288678,34.32935387600887,14.340069736231655,False,False,False,True
South West   Najafgarh      Jhuljhuli             Jhuljhuli|28.53611|76.90472,Delhi,South West   Najafgarh      Jhuljhuli             Jhuljhuli ,28.53611,76.90472,Dug Well,1,17.330218562554936,14.722940334289953,35.13106072076849,34.32897021328834,14.722940334289953,False,False,False,True
South West   Najafgarh      Jhuljhuli          Jhuljhuli Dug|28.53611|76.90472,Delhi,South West   Najafgarh      Jhuljhuli          Jhuljhuli Dug,28.53611,76.90472,Dug Well,1,17.330218562554936,14.722940334289953,35.13106072076849,34.32897021328834,14.722940334289953,False,False,False,True
South West   Najafgarh      Mundela Kalan         Mundela Ka|28.60638|76.89333,Delhi,South West   Najafgarh      Mundela Kalan         Mundela Ka,28.60638,76.89333,Bore Well,1,20.65678766874058,17.791240010451627,29.118630805805797,28.538970509842265,17.791240010451627,False,False,False,True
South West   Najafgarh      Mundela Kalan      Mundela Kalan|28.60638|76.89333,Delhi,South West   Najafgarh      Mundela Kalan      Mundela Kalan,28.60638,76.89333,Bore Well,1,20.65678766874058,17.791240010451627,29.118630805805797,28.538970509842265,17.791240010451627,False,False,False,True
South West   Najafgarh      Najafgarh             Najafgarh|28.61472|77.00055,Delhi,South West   Najafgarh      Najafgarh             Najafgarh ,28.61472,77.00055,unspecified,1,13.05084219388904,10.519251075657081,23.400024284845507,22.38894874054624,10.519251075657081,False,False,False,True
South West   Najafgarh      Najafgarh          Najafgarh Tow|28.61472|77.00055,Delhi,South West   Najafgarh      Najafgarh          Najafgarh Tow,28.61472,77.00055,unspecified,1,13.05084219388904,10.519251075657081,23.400024284845507,22.38894874054624,10.519251075657081,False,False,False,True
South West   Najafgarh      Surheda               Surheda Du|28.60111|76.93416,Delhi,South West   Najafgarh      Surheda               Surheda Du,28.60111,76.93416,Dug Well,1,16.895456087015685,14.037097410057834,27.41139645191171,26.65657999026511,14.037097410057834,False,False,False,True
South West   Najafgarh      Surheda               Surheda|28.60388|76.93222,Delhi,South West   Najafgarh      Surheda               Surheda,28.60388,76.93222,unspecified,1,17.219195442685834,14.363087149107532,27.23945165145711,26.500345608788912,14.363087149107532,False,False,False,True
South West   Najafgarh      Ujwah                 Ojwah Pz|28.57666|76.91416,Delhi,South West   Najafgarh      Ujwah                 Ojwah Pz,28.57666,76.91416,Bore Well,1,17.451299526115417,14.613090433410925,30.74235329787294,29.999193441399385,14.613090433410925,False,False,False,True
West         PATEL NAGAR      Janakpuri             Janakpur|28.63|77.09138,Delhi,West         PATEL NAGAR      Janakpuri             Janakpur,28.63,77.09138,Bore Well,1,12.138001187796087,11.311964198642112,20.66700535951096,19.296675321732497,11.311964198642112,False,False,False,True
West         PATEL NAGAR      Keshopur              Keshopur|28.6525|77.08638,Delhi,West         PATEL NAGAR      Keshopur              Keshopur,28.6525,77.08638,unspecified,1,14.608337164682768,13.595195761651173,18.13497467552999,16.776422074111842,13.595195761651173,False,False,False,True
West         PATEL NAGAR      Pusa                  PUSA (NR|28.63916|77.16222,Delhi,West         PATEL NAGAR      Pusa                  PUSA (NR,28.63916,77.16222,Bore Well,1,15.312676901511649,15.727119938146988,21.401208852831385,19.895925630025186,15.312676901511649,False,False,False,True
West         PATEL NAGAR      Vikashpuri            Vikashpu|28.63222|77.07416,Delhi,West         PATEL NAGAR      Vikashpuri            Vikashpu,28.63222,77.07416,Bore Well,1,12.364550744773025,11.15090289518099,20.346577566439148,19.03494476967887,11.15090289518099,False,False,False,True
West         PUNJABI BAGH                           Baprola|28.65|77.01666,Delhi,West         PUNJABI BAGH                           Baprola ,28.65,77.01666,unspecified,1,15.650960323583316,13.516475006583468,19.187260208768084,18.16406228433808,13.516475006583468,False,False,False,True
West         PUNJABI BAGH                           Hiran Ku|28.68222|76.99416,Delhi,West         PUNJABI BAGH                           Hiran Ku,28.68222,76.99416,unspecified,1,19.82288333226656,17.605274934103097,16.687532812611217,15.904277257741425,15.904277257741425,False,False,False,True
West         PUNJABI BAGH                           Peeragar|28.67555|77.09333,Delhi,West         PUNJABI BAGH                           Peeragar,28.67555,77.09333,unspecified,1,17.203098824166144,16.24513473395653,15.648274808800188,14.255947844382476,14.255947844382476,False,False,False,True
West         PUNJABI BAGH     Peeragarhi            Peeragar|28.67805|77.09472,Delhi,West         PUNJABI BAGH     Peeragarhi            Peeragar,28.67805,77.09472,Bore Well,1,17.490088823366374,16.54686703859719,15.390081462436411,13.991274300827763,13.991274300827763,False,False,False,True
West         Patel Nagar      Janakpuri          Janakpuri P|28.63|77.09138,Delhi,West         Patel Nagar      Janakpuri          Janakpuri P,28.63,77.09138,Bore Well,1,12.138001187796087,11.311964198642112,20.66700535951096,19.296675321732497,11.311964198642112,False,False,False,True
West         Patel Nagar      Keshopur           Keshopur DJ|28.6525|77.08638,Delhi,West         Patel Nagar      Keshopur           Keshopur DJ,28.6525,77.08638,unspecified,1,14.608337164682768,13.595195761651173,18.13497467552999,16.776422074111842,13.595195761651173,False,False,False,True
West         Patel Nagar      Pusa               PUSA (NRL)|28.63916|77.16222,Delhi,West         Patel Nagar      Pusa               PUSA (NRL) ,28.63916,77.16222,Bore Well,1,15.312676901511649,15.727119938146988,21.401208852831385,19.895925630025186,15.312676901511649,False,False,False,True
West         Patel Nagar      Vikashpuri         Vikashpuri|28.63222|77.07416,Delhi,West         Patel Nagar      Vikashpuri         Vikashpuri ,28.63222,77.07416,Bore Well,1,12.364550744773025,11.15090289518099,20.346577566439148,19.03494476967887,11.15090289518099,False,False,False,True
West         Patel Nagar    Janakpuri             Janakpuri|28.63|77.09138,Delhi,West         Patel Nagar    Janakpuri             Janakpuri ,28.63,77.09138,Bore Well,1,12.138001187796087,11.311964198642112,20.66700535951096,19.296675321732497,11.311964198642112,False,False,False,True
West         Patel Nagar    Keshopur              Keshopur D|28.6525|77.08638,Delhi,West         Patel Nagar    Keshopur              Keshopur D,28.6525,77.08638,unspecified,1,14.608337164682768,13.595195761651173,18.13497467552999,16.776422074111842,13.595195761651173,False,False,False,True
West         Patel Nagar    Pusa                  PUSA (NRL)|28.63916|77.16222,Delhi,West         Patel Nagar    Pusa                  PUSA (NRL),28.63916,77.16222,Bore Well,1,15.312676901511649,15.727119938146988,21.401208852831385,19.895925630025186,15.312676901511649,False,False,False,True
West         Patel Nagar    Vikashpuri            Vikashpuri|28.63222|77.07416,Delhi,West         Patel Nagar    Vikashpuri            Vikashpuri,28.63222,77.07416,Bore Well,1,12.364550744773025,11.15090289518099,20.346577566439148,19.03494476967887,11.15090289518099,False,False,False,True
West         Punjabi Bagh     Baprola            Baprola Dug|28.65|77.01666,Delhi,West         Punjabi Bagh     Baprola            Baprola Dug,28.65,77.01666,Dug Well,1,15.650960323583316,13.516475006583468,19.187260208768084,18.16406228433808,13.516475006583468,False,False,False,True
West         Punjabi Bagh     Hiran Kudna         Hiran Kudn|28.68222|76.99416,Delhi,West         Punjabi Bagh     Hiran Kudna         Hiran Kudn,28.68222,76.99416,Dug Well,1,19.82288333226656,17.605274934103097,16.687532812611217,15.904277257741425,15.904277257741425,False,False,False,True
West         Punjabi Bagh     Peeragarhi          Peeragarhi|28.67555|77.09333,Delhi,West         Punjabi Bagh     Peeragarhi          Peeragarhi,28.67555,77.09333,Dug Well,1,17.203098824166144,16.24513473395653,15.648274808800188,14.255947844382476,14.255947844382476,False,False,False,True
West         Punjabi Bagh     Peeragarhi          Peeragarhi|28.67805|77.09472,Delhi,West         Punjabi Bagh     Peeragarhi          Peeragarhi,28.67805,77.09472,Bore Well,1,17.490088823366374,16.54686703859719,15.390081462436411,13.991274300827763,13.991274300827763,False,False,False,True
West         Punjabi Bagh   Baprola               Baprola Du|28.65|77.01666,Delhi,West         Punjabi Bagh   Baprola               Baprola Du,28.65,77.01666,Dug Well,1,15.650960323583316,13.516475006583468,19.187260208768084,18.16406228433808,13.516475006583468,False,False,False,True
West         Punjabi Bagh   Hiran Kudna           Hiran Kudn|28.68222|76.99416,Delhi,West         Punjabi Bagh   Hiran Kudna           Hiran Kudn,28.68222,76.99416,Dug Well,1,19.82288333226656,17.605274934103097,16.687532812611217,15.904277257741425,15.904277257741425,False,False,False,True
West         Punjabi Bagh   Peeragarhi            Peeragarhi|28.67555|77.09333,Delhi,West         Punjabi Bagh   Peeragarhi            Peeragarhi,28.67555,77.09333,Dug Well,1,17.203098824166144,16.24513473395653,15.648274808800188,14.255947844382476,14.255947844382476,False,False,False,True
West         Punjabi Bagh   Peeragarhi            Peeragarhi|28.67805|77.09472,Delhi,West         Punjabi Bagh   Peeragarhi            Peeragarhi,28.67805,77.09472,Bore Well,1,17.490088823366374,16.54686703859719,15.390081462436411,13.991274300827763,13.991274300827763,False,False,False,True
West         RAJOURI GARDEN   Mayapuri              Mayapuri|28.61861|77.11111,Delhi,West         RAJOURI GARDEN   Mayapuri              Mayapuri,28.61861,77.11111,Bore Well,1,11.2158905077012,10.935240844351759,22.16538847654739,20.745492714020024,10.935240844351759,False,False,False,True
West         RAJOURI GARDEN   Tagore Garden         Tagore G|28.64388|77.11277,Delhi,West         RAJOURI GARDEN   Tagore Garden         Tagore G,28.64388,77.11277,unspecified,1,13.983222018691185,13.511740073738348,19.430959340388984,17.995387737581417,13.511740073738348,False,False,False,True
West         Rajouri Garden   Mayapuri            Mayapuri P|28.61861|77.11111,Delhi,West         Rajouri Garden   Mayapuri            Mayapuri P,28.61861,77.11111,Bore Well,1,11.2158905077012,10.935240844351759,22.16538847654739,20.745492714020024,10.935240844351759,False,False,False,True
West         Rajouri Garden   Tagore Garden       Tagore Gar|28.64388|77.11277,Delhi,West         Rajouri Garden   Tagore Garden       Tagore Gar,28.64388,77.11277,unspecified,1,13.983222018691185,13.511740073738348,19.430959340388984,17.995387737581417,13.511740073738348,False,False,False,True
West        Rajouri Garden   Mayapuri              Mayapuri|28.61861|77.11111,Delhi,West        Rajouri Garden   Mayapuri              Mayapuri ,28.61861,77.11111,Bore Well,1,11.2158905077012,10.935240844351759,22.16538847654739,20.745492714020024,10.935240844351759,False,False,False,True
West        Rajouri Garden   Tagore Garden         Tagore Ga|28.64388|77.11277,Delhi,West        Rajouri Garden   Tagore Garden         Tagore Ga,28.64388,77.11277,unspecified,1,13.983222018691185,13.511740073738348,19.430959340388984,17.995387737581417,13.511740073738348,False,False,False,True
