hotspot,date,gw_anomaly,n_stations
H001,2022-08-18,,1
H001,2022-08-19,,1
H001,2022-08-20,,1
H001,2022-08-21,,1
H001,2022-08-22,,1
H001,2022-08-23,,1
H001,2022-08-24,,1
H001,2022-08-25,,1
H001,2022-08-26,,1
H001,2022-08-27,,1
H001,2022-08-28,22.281499999999998,2
H001,2022-08-29,22.213250000000002,2
H001,2022-08-30,22.247,2
H001,2022-08-31,22.289749999999998,2
H001,2022-09-01,22.399,2
H001,2022-09-02,22.339750000000002,2
H001,2022-09-03,22.339,2
H001,2022-09-04,22.356499999999997,2
H001,2022-09-05,22.348,2
H001,2022-09-06,22.343999999999998,2
H001,2022-09-07,22.3615,2
H001,2022-09-08,22.302500000000002,2
H001,2022-09-09,22.328249999999997,2
H001,2022-09-10,22.32575,2
H001,2022-09-11,22.28525,2
H001,2022-09-12,22.343500000000002,2
H001,2022-09-13,22.318749999999998,2
H001,2022-09-14,22.34175,2
H001,2022-09-15,22.299500000000002,2
H001,2022-09-16,22.311,2
H001,2022-09-17,22.343,2
H001,2022-09-18,22.3285,2
H001,2022-09-19,22.3215,2
H001,2022-09-20,22.314,2
H001,2022-09-21,22.2945,2
H001,2022-09-22,22.37175,2
H001,2022-09-23,22.40075,2
H001,2022-09-24,22.42625,2
H001,2022-09-25,22.413249999999998,2
H001,2022-09-26,22.46125,2
H001,2022-09-27,22.416,2
H001,2022-09-28,22.41575,2
H001,2022-09-29,22.416,2
H001,2022-09-30,22.459,2
H001,2022-10-01,22.40775,2
H001,2022-10-02,22.4015,2
H001,2022-10-03,22.39675,2
H001,2022-10-04,22.4325,2
H001,2022-10-05,22.5,2
H001,2022-10-06,22.39875,2
H001,2022-10-07,22.4985,2
H001,2022-10-08,22.42675,2
H001,2022-10-09,22.43975,2
H001,2022-10-10,22.5045,2
H001,2022-10-11,22.451,2
H001,2022-10-12,22.50675,2
H001,2022-10-13,22.466,2
H001,2022-10-14,22.517,2
H001,2022-10-15,22.47325,2
H001,2022-10-16,22.501,2
H001,2022-10-17,22.5055,2
H001,2022-10-18,22.5145,2
H001,2022-10-19,22.408749999999998,2
H001,2022-10-20,22.50175,2
H001,2022-10-21,22.5045,2
H001,2022-10-22,22.555500000000002,2
H001,2022-10-23,22.52475,2
H001,2022-10-24,22.5365,2
H001,2022-10-25,22.42475,2
H001,2022-10-26,22.451999999999998,2
H001,2022-10-27,22.396,2
H001,2022-10-28,22.395,2
H001,2022-10-29,22.452,2
H001,2022-10-30,22.4665,2
H001,2022-10-31,22.4065,2
H001,2022-11-01,22.38725,2
H001,2022-11-02,22.39275,2
H001,2022-11-03,22.445999999999998,2
H001,2022-11-04,22.53425,2
H001,2022-11-05,22.48325,2
H001,2022-11-06,22.48125,2
H001,2022-11-07,22.408,2
H001,2022-11-08,22.52375,2
H001,2022-11-09,22.507749999999998,2
H001,2022-11-10,22.506999999999998,2
H001,2022-11-11,22.423000000000002,2
H001,2022-11-12,22.3915,2
H001,2022-11-13,22.3905,2
H001,2022-11-14,22.46975,2
H001,2022-11-15,22.5035,2
H001,2022-11-16,22.48625,2
H001,2022-11-17,22.48775,2
H001,2022-11-18,22.5125,2
H001,2022-11-19,22.4485,2
H001,2022-11-20,22.4755,2
H001,2022-11-21,22.485500000000002,2
H001,2022-11-22,22.488,2
H001,2022-11-23,22.535500000000003,2
H001,2022-11-24,22.40025,2
H001,2022-11-25,22.36875,2
H001,2022-11-26,22.38275,2
H001,2022-11-27,22.383,2
H001,2022-11-28,22.44725,2
H001,2022-11-29,22.38225,2
H001,2022-11-30,22.35225,2
H001,2022-12-01,22.36475,2
H001,2022-12-02,22.36825,2
H001,2022-12-03,22.36375,2
H001,2022-12-04,22.35125,2
H001,2022-12-05,22.3505,2
H001,2022-12-06,22.34775,2
H001,2022-12-07,22.39375,2
H001,2022-12-08,22.417,2
H001,2022-12-09,22.47325,2
H001,2022-12-10,22.479,2
H001,2022-12-11,22.399749999999997,2
H001,2022-12-12,22.33575,2
H001,2022-12-13,22.31375,2
H001,2022-12-14,22.36375,2
H001,2022-12-15,22.30275,2
H001,2022-12-16,22.3915,2
H001,2022-12-17,22.37425,2
H001,2022-12-18,22.376,2
H001,2022-12-19,22.407999999999998,2
H001,2022-12-20,22.38575,2
H001,2022-12-21,22.38825,2
H001,2022-12-22,22.4335,2
H001,2022-12-23,22.431,2
H001,2022-12-24,22.456,2
H001,2022-12-25,22.45525,2
H001,2022-12-26,22.428,2
H001,2022-12-27,22.476,2
H001,2022-12-28,22.456249999999997,2
H001,2022-12-29,22.4765,2
H001,2022-12-30,22.389000000000003,2
H001,2022-12-31,22.36925,2
H001,2023-01-01,22.32525,2
H001,2023-01-02,22.3715,2
H001,2023-01-03,22.34725,2
H001,2023-01-04,22.343249999999998,2
H001,2023-01-05,22.339,2
H001,2023-01-06,22.397750000000002,2
H001,2023-01-07,22.43975,2
H001,2023-01-08,22.33475,2
H001,2023-01-09,22.40775,2
H001,2023-01-10,22.4155,2
H001,2023-01-11,22.42525,2
H001,2023-01-12,22.322499999999998,2
H001,2023-01-13,22.37175,2
H001,2023-01-14,22.365000000000002,2
H001,2023-01-15,22.357,2
H001,2023-01-16,22.36675,2
H001,2023-01-17,22.4045,2
H001,2023-01-18,22.40625,2
H001,2023-01-19,22.384,2
H001,2023-01-20,22.329250000000002,2
H001,2023-01-21,22.279,2
H001,2023-01-22,22.27075,2
H001,2023-01-23,22.27,2
H001,2023-01-24,22.2775,2
H001,2023-01-25,22.322249999999997,2
H001,2023-01-26,22.284,2
H001,2023-01-27,22.28975,2
H001,2023-01-28,22.3595,2
H001,2023-01-29,22.373,2
H001,2023-01-30,22.373,2
H001,2023-01-31,22.33175,2
H001,2023-02-01,22.36475,2
H001,2023-02-02,22.351,2
H001,2023-02-03,22.31275,2
H001,2023-02-04,22.29025,2
H001,2023-02-05,22.29,2
H001,2023-02-06,22.366500000000002,2
H001,2023-02-07,22.297,2
H001,2023-02-08,22.279,2
H001,2023-02-09,22.3825,2
H001,2023-02-10,22.29075,2
H001,2023-02-11,22.27,2
H001,2023-02-12,22.34575,2
H001,2023-02-13,22.36275,2
H001,2023-02-14,22.36575,2
H001,2023-02-15,22.37,2
H001,2023-02-16,22.267,2
H001,2023-02-17,22.37425,2
H001,2023-02-18,22.3245,2
H001,2023-02-19,22.317,2
H001,2023-02-20,22.34225,2
H001,2023-02-21,22.2325,2
H001,2023-02-22,22.2285,2
H001,2023-02-23,22.2865,2
H001,2023-02-24,22.33125,2
H001,2023-02-25,22.35325,2
H001,2023-02-26,22.35125,2
H001,2023-02-27,22.235500000000002,2
H001,2023-02-28,22.27475,2
H001,2023-03-01,22.328249999999997,2
H001,2023-03-02,22.241500000000002,2
H001,2023-03-03,22.213749999999997,2
H001,2023-03-04,22.21775,2
H001,2023-03-05,22.24625,2
H001,2023-03-06,22.280749999999998,2
H001,2023-03-07,22.232999999999997,2
H001,2023-03-08,22.26725,2
H001,2023-03-09,22.1535,2
H001,2023-03-10,22.244500000000002,2
H001,2023-03-11,22.202749999999998,2
H001,2023-03-12,22.24675,2
H001,2023-03-13,22.2165,2
H001,2023-03-14,22.154,2
H001,2023-03-15,22.1575,2
H001,2023-03-16,22.19,2
H001,2023-03-17,22.13725,2
H001,2023-03-18,22.16475,2
H001,2023-03-19,22.29725,2
H001,2023-03-20,22.28725,2
H001,2023-03-21,22.2935,2
H001,2023-03-22,22.297,2
H001,2023-03-23,22.28775,2
H001,2023-03-24,22.18375,2
H001,2023-03-25,22.271,2
H001,2023-03-26,22.2735,2
H001,2023-03-27,22.207250000000002,2
H001,2023-03-28,22.2545,2
H001,2023-03-29,22.2035,2
H001,2023-03-30,22.250500000000002,2
H001,2023-03-31,22.3225,2
H001,2023-04-01,22.383,2
H001,2023-04-02,22.44675,2
H001,2023-04-03,22.42925,2
H001,2023-04-04,22.39725,2
H001,2023-04-05,22.397750000000002,2
H001,2023-04-06,22.39075,2
H001,2023-04-07,22.37175,2
H001,2023-04-08,22.3475,2
H001,2023-04-09,22.25425,2
H001,2023-04-10,22.25975,2
H001,2023-04-11,22.26225,2
H001,2023-04-12,22.3205,2
H001,2023-04-13,22.369,2
H001,2023-04-14,22.37025,2
H001,2023-04-15,22.3325,2
H001,2023-04-16,22.19025,2
H001,2023-04-17,22.25425,2
H001,2023-04-18,22.32425,2
H001,2023-04-19,22.3155,2
H001,2023-04-20,22.313,2
H001,2023-04-21,22.30075,2
H001,2023-04-22,22.2935,2
H001,2023-04-23,22.299,2
H001,2023-04-24,22.3035,2
H001,2023-04-25,22.2305,2
H001,2023-04-26,22.20325,2
H001,2023-04-27,22.2415,2
H001,2023-04-28,22.161749999999998,2
H001,2023-04-29,22.21925,2
H001,2023-04-30,22.20275,2
H001,2023-05-01,22.259,2
H001,2023-05-02,22.27375,2
H001,2023-05-03,22.155,2
H001,2023-05-04,22.309,2
H001,2023-05-05,22.36675,2
H001,2023-05-06,22.373,2
H001,2023-05-07,22.389,2
H001,2023-05-08,22.38675,2
H001,2023-05-09,22.3775,2
H001,2023-05-10,22.41475,2
H001,2023-05-11,22.356,2
H001,2023-05-12,22.3445,2
H001,2023-05-13,22.378,2
H001,2023-05-14,22.306,2
H001,2023-05-15,22.37575,2
H001,2023-05-16,22.3275,2
H001,2023-05-17,22.17775,2
H001,2023-05-18,22.282,2
H001,2023-05-19,22.354750000000003,2
H001,2023-05-20,22.3475,2
H001,2023-05-21,22.200499999999998,2
H001,2023-05-22,22.27625,2
H001,2023-05-23,22.22625,2
H001,2023-05-24,22.21125,2
H001,2023-05-25,22.2565,2
H001,2023-05-26,22.2505,2
H001,2023-05-27,22.204,2
H001,2023-05-28,22.285249999999998,2
H001,2023-05-29,22.328000000000003,2
H001,2023-05-30,22.3475,2
H001,2023-05-31,22.299500000000002,2
H001,2023-06-01,22.295,2
H001,2023-06-02,22.29725,2
H001,2023-06-03,22.314249999999998,2
H001,2023-06-04,22.23225,2
H001,2023-06-05,22.2845,2
H001,2023-06-06,22.30875,2
H001,2023-06-07,22.3065,2
H001,2023-06-08,22.19,2
H001,2023-06-09,22.2425,2
H001,2023-06-10,22.251,2
H001,2023-06-11,22.23425,2
H001,2023-06-12,22.126,2
H001,2023-06-13,22.122,2
H001,2023-06-14,22.179499999999997,2
H001,2023-06-15,22.24625,2
H001,2023-06-16,22.136,2
H001,2023-06-17,22.142,2
H001,2023-06-18,22.0995,2
H001,2023-06-19,22.12825,2
H001,2023-06-20,22.137249999999998,2
H001,2023-06-21,22.177999999999997,2
H001,2023-06-22,22.249,2
H001,2023-06-23,22.272750000000002,2
H001,2023-06-24,22.296,2
H001,2023-06-25,22.33475,2
H001,2023-06-26,22.42025,2
H001,2023-06-27,22.457749999999997,2
H001,2023-06-28,22.51325,2
H001,2023-06-29,22.48,2
H001,2023-06-30,22.336,2
H001,2023-07-01,22.43125,2
H001,2023-07-02,22.44725,2
H001,2023-07-03,22.4745,2
H001,2023-07-04,22.46625,2
H001,2023-07-05,22.488249999999997,2
H001,2023-07-06,22.524250000000002,2
H001,2023-07-07,22.49225,2
H001,2023-07-08,22.5015,2
H001,2023-07-09,22.51275,2
H001,2023-07-10,22.603250000000003,2
H001,2023-07-11,22.48825,2
H001,2023-07-12,22.562250000000002,2
H001,2023-07-13,22.62425,2
H001,2023-07-14,22.629,2
H001,2023-07-15,22.63475,2
H001,2023-07-16,22.63625,2
H001,2023-07-17,22.62125,2
H001,2023-07-18,22.484750000000002,2
H001,2023-07-19,22.60225,2
H001,2023-07-20,22.62,2
H001,2023-07-21,22.62125,2
H001,2023-07-22,22.598,2
H001,2023-07-23,22.60275,2
H001,2023-07-24,22.628,2
H001,2023-07-25,22.61075,2
H001,2023-07-26,22.649,2
H001,2023-07-27,22.7255,2
H001,2023-07-28,22.729,2
H001,2023-07-29,22.771250000000002,2
H001,2023-07-30,22.84475,2
H001,2023-07-31,,1
H001,2023-08-02,22.82975,2
H001,2023-08-03,22.82625,2
H001,2023-08-04,22.79175,2
H001,2023-08-05,22.790999999999997,2
H001,2023-08-06,22.82625,2
H001,2023-08-07,22.85725,2
H001,2023-08-08,22.8295,2
H001,2023-08-09,22.76525,2
H001,2023-08-10,22.811500000000002,2
H001,2023-08-11,22.80975,2
H001,2023-08-12,22.804750000000002,2
H001,2023-08-13,22.789749999999998,2
H001,2023-08-14,22.822499999999998,2
H001,2023-08-15,22.75125,2
H001,2023-08-16,22.802,2
H001,2023-08-17,22.80425,2
H001,2023-08-18,22.801750000000002,2
H001,2023-08-19,22.79525,2
H001,2023-08-20,22.747,2
H001,2023-08-21,22.76,2
H001,2023-08-22,22.75675,2
H001,2023-08-23,22.6905,2
H001,2023-08-24,22.72325,2
H001,2023-08-25,22.777,2
H001,2023-08-26,22.7285,2
H001,2023-08-27,22.68375,2
H001,2023-08-28,22.720000000000002,2
H001,2023-08-29,22.716250000000002,2
H001,2023-08-30,22.716,2
H001,2023-08-31,22.715,2
H001,2023-09-01,,1
H001,2023-09-02,,1
H001,2023-09-04,,1
H001,2023-09-05,22.65175,2
H001,2023-09-06,22.69725,2
H001,2023-09-07,22.67275,2
H001,2023-09-08,22.71575,2
H001,2023-09-09,22.725,2
H001,2023-09-10,22.73275,2
H001,2023-09-11,22.81025,2
H001,2023-09-12,22.78575,2
H001,2023-09-13,22.747,2
H001,2023-09-14,22.75175,2
H001,2023-09-15,22.7435,2
H001,2023-09-16,22.73675,2
H001,2023-09-17,22.74425,2
H001,2023-09-18,22.78325,2
H001,2023-09-19,22.7745,2
H001,2023-09-20,22.7345,2
H001,2023-09-21,0.5437499999999997,2
H001,2023-09-22,0.5337499999999991,2
H001,2023-09-23,0.5124999999999993,2
H001,2023-09-24,0.525749999999999,2
H001,2023-09-25,0.5252499999999989,2
H001,2023-09-26,0.5137499999999988,2
H001,2023-09-27,0.4879999999999989,2
H001,2023-09-28,0.5047499999999998,2
H001,2023-09-29,0.5177499999999997,2
H001,2023-09-30,0.516999999999999,2
H001,2023-10-01,0.49299999999999966,2
H001,2023-10-02,0.44550000000000045,2
H001,2023-10-03,0.44249999999999945,2
H001,2023-10-04,0.4452499999999997,2
H001,2023-10-05,0.4142499999999987,2
H001,2023-10-06,0.39074999999999926,2
H001,2023-10-07,0.3757499999999996,2
H001,2023-10-08,0.40474999999999994,2
H001,2023-10-09,0.3687499999999999,2
H001,2023-10-10,0.3279999999999996,2
H001,2023-10-13,0.3407499999999999,2
H001,2023-10-14,0.32399999999999984,2
H001,2023-10-15,0.321500000000001,2
H001,2023-10-16,0.3117499999999982,2
H001,2023-10-17,0.293499999999999,2
H001,2023-10-18,0.3025000000000002,2
H001,2023-10-19,0.3077499999999995,2
H001,2023-10-20,0.3162499999999997,2
H001,2023-10-21,,1
H001,2023-10-22,0.30774999999999975,2
H001,2023-10-23,,1
H001,2023-10-24,0.3137499999999993,2
H001,2023-10-25,,1
H001,2023-10-26,0.22374999999999945,2
H001,2023-10-27,0.23824999999999985,2
H001,2023-10-28,0.23149999999999893,2
H001,2023-10-29,0.2172499999999995,2
H001,2023-10-30,0.17349999999999843,2
H001,2023-10-31,0.16799999999999882,2
H001,2023-11-01,0.18175000000000052,2
H001,2023-11-02,0.1562500000000009,2
H001,2023-11-03,0.15900000000000047,2
H001,2023-11-04,0.14575000000000005,2
H001,2023-11-05,0.14324999999999788,2
H001,2023-11-06,0.10925000000000074,2
H001,2023-11-07,0.12899999999999912,2
H001,2023-11-08,0.13149999999999973,2
H001,2023-11-09,0.1302499999999993,2
H001,2023-11-10,0.11499999999999955,2
H001,2023-11-11,0.10074999999999901,2
H001,2023-11-12,0.11074999999999857,2
H001,2023-11-13,0.1132500000000003,2
H001,2023-11-14,0.08624999999999794,2
H001,2023-11-15,0.08274999999999944,2
H001,2023-11-16,0.09724999999999873,2
H001,2023-11-17,,1
H001,2023-11-18,,1
H001,2023-11-19,,1
H001,2023-11-20,0.07699999999999929,2
H001,2023-11-21,0.06674999999999986,2
H001,2023-11-22,0.05425000000000013,2
H001,2023-11-23,0.05625000000000013,2
H001,2023-11-24,0.08625000000000016,2
H001,2023-11-25,0.07349999999999968,2
H001,2023-11-26,0.05849999999999911,2
H001,2023-11-27,0.05699999999999905,2
H001,2023-11-28,0.05174999999999952,2
H001,2023-11-29,0.036000000000000476,2
H001,2023-11-30,0.0524999999999991,2
H001,2023-12-01,0.05075000000000074,2
H001,2023-12-02,0.04574999999999907,2
H001,2023-12-03,0.09450000000000092,2
H001,2023-12-04,0.035499999999999865,2
H001,2023-12-05,0.04599999999999893,2
H001,2023-12-06,0.056499999999998884,2
H001,2023-12-07,0.036000000000000254,2
H001,2023-12-08,0.05549999999999855,2
H001,2023-12-09,0.06624999999999837,2
H001,2023-12-10,0.058000000000000274,2
H001,2023-12-11,0.03999999999999959,2
H001,2023-12-12,0.040499999999999314,2
H001,2023-12-13,0.03274999999999895,2
H001,2023-12-14,0.020249999999999435,2
H001,2023-12-15,0.0255000000000003,2
H001,2023-12-16,0.022999999999999465,2
H001,2023-12-17,0.021500000000000075,2
H001,2023-12-18,0.01524999999999821,2
H001,2023-12-19,-0.012749999999999595,2
H001,2023-12-20,-0.014250000000000096,2
H001,2023-12-21,-0.021750000000001712,2
H001,2023-12-22,-0.020250000000000323,2
H001,2023-12-23,-0.02400000000000002,2
H001,2023-12-24,-0.0485000000000011,2
H001,2023-12-25,-0.05250000000000066,2
H001,2023-12-26,-0.04525000000000157,2
H001,2023-12-27,-0.05499999999999927,2
H001,2023-12-28,-0.02725000000000044,2
H001,2023-12-29,-0.01650000000000107,2
H001,2023-12-30,-0.01850000000000085,2
H001,2023-12-31,-0.021500000000000075,2
H001,2024-01-01,-0.03200000000000047,2
H001,2024-01-02,-0.036500000000001975,2
H001,2024-01-03,-0.042500000000000426,2
H001,2024-01-04,-0.04800000000000004,2
H001,2024-01-05,-0.05175000000000152,2
H001,2024-01-06,-0.048999999999999044,2
H001,2024-01-07,-0.049750000000000405,2
H001,2024-01-08,-0.061500000000000776,2
H001,2024-01-09,-0.06125000000000025,2
H001,2024-01-10,-0.02775000000000105,2
H001,2024-01-11,-0.03300000000000014,2
H001,2024-01-12,-0.04849999999999932,2
H001,2024-01-13,-0.0884999999999998,2
H001,2024-01-14,-0.09524999999999983,2
H001,2024-01-15,-0.0955000000000008,2
H001,2024-01-16,-0.07650000000000068,2
H001,2024-01-17,-0.09800000000000009,2
H001,2024-01-18,-0.11599999999999921,2
H001,2024-01-19,-0.1297499999999996,2
H001,2024-01-20,-0.1347500000000008,2
H001,2024-01-21,-0.13575000000000115,2
H001,2024-01-22,-0.13949999999999996,2
H001,2024-01-23,-0.1395000000000004,2
H001,2024-01-24,-0.13349999999999973,2
H001,2024-01-25,-0.15125000000000144,2
H001,2024-01-26,-0.1562500000000009,2
H001,2024-01-27,-0.1530000000000009,2
H001,2024-01-28,-0.1402500000000011,2
H001,2024-01-29,-0.1435000000000004,2
H001,2024-01-30,-0.13800000000000034,2
H001,2024-01-31,-0.13525000000000098,2
H001,2024-02-01,-0.10825000000000085,2
H001,2024-02-02,-0.14300000000000135,2
H001,2024-02-03,-0.08974999999999955,2
H001,2024-02-04,0.0060000000000006715,2
H001,2024-02-05,-0.0005000000000006111,2
H001,2024-02-06,-0.03525000000000067,2
H001,2024-02-07,-0.026750000000001162,2
H001,2024-02-08,-0.013750000000000817,2
H001,2024-02-09,-0.011750000000000593,2
H001,2024-02-10,-0.01775000000000193,2
H001,2024-02-11,-0.04449999999999976,2
H001,2024-02-12,-0.056750000000000966,2
H001,2024-02-13,-0.07050000000000112,2
H001,2024-02-14,-0.0865000000000018,2
H001,2024-02-15,-0.10575000000000134,2
H001,2024-02-16,-0.08575000000000088,2
H001,2024-02-17,-0.13550000000000173,2
H001,2024-02-18,-0.09775,2
H001,2024-02-19,-0.09200000000000053,2
H001,2024-02-20,-0.0677500000000002,2
H001,2024-02-21,-0.06500000000000017,2
H001,2024-02-22,-0.08574999999999955,2
H001,2024-02-23,-0.1280000000000019,2
H001,2024-02-24,-0.13375000000000004,2
H001,2024-02-25,-0.15600000000000103,2
H001,2024-02-26,-0.1615000000000011,2
H001,2024-02-27,-0.15550000000000108,2
H001,2024-02-28,-0.14674999999999971,2
H001,2024-02-29,-0.13750000000000173,2
H001,2024-03-01,-0.14400000000000168,2
H001,2024-03-02,-0.1242500000000002,2
H001,2024-03-03,-0.10674999999999968,2
H001,2024-03-04,-0.13599999999999923,2
H001,2024-03-05,-0.16650000000000098,2
H001,2024-03-06,-0.13175000000000026,2
H001,2024-03-07,-0.12300000000000089,2
H001,2024-03-08,-0.17524999999999924,2
H001,2024-03-09,-0.22675000000000134,2
H001,2024-03-10,-0.23225000000000118,2
H001,2024-03-11,-0.27625000000000055,2
H001,2024-03-12,-0.29499999999999926,2
H001,2024-03-13,-0.2942500000000008,2
H001,2024-03-14,-0.2947499999999992,2
H001,2024-03-15,-0.23674999999999935,2
H001,2024-03-16,-0.1940000000000004,2
H001,2024-03-17,-0.2060000000000004,2
H001,2024-03-18,-0.20700000000000074,2
H001,2024-03-19,-0.20774999999999988,2
H001,2024-03-20,-0.22350000000000048,2
H001,2024-03-21,-0.24075000000000113,2
H001,2024-03-22,-0.25924999999999954,2
H001,2024-03-23,-0.27975000000000017,2
H001,2024-03-24,-0.2982500000000021,2
H001,2024-03-25,-0.33850000000000136,2
H001,2024-03-26,-0.3072500000000007,2
H001,2024-03-27,-0.3190000000000004,2
H001,2024-03-28,-0.3365000000000018,2
H001,2024-03-29,-0.3332500000000005,2
H001,2024-03-30,-0.34699999999999975,2
H001,2024-03-31,-0.3767499999999999,2
H001,2024-04-01,-0.3647500000000006,2
H001,2024-04-02,-0.358750000000001,2
H001,2024-04-03,-0.36375000000000046,2
H001,2024-04-04,-0.35375,2
H001,2024-04-05,-0.34400000000000164,2
H001,2024-04-06,-0.3475000000000006,2
H001,2024-04-07,-0.3660000000000001,2
H001,2024-04-08,-0.38700000000000023,2
H001,2024-04-09,-0.39849999999999985,2
H001,2024-04-10,-0.4379999999999997,2
H001,2024-04-11,-0.4700000000000015,2
H001,2024-04-12,-0.5545000000000018,2
H001,2024-04-13,-0.4902500000000005,2
H001,2024-04-14,-0.48775000000000013,2
H001,2024-04-15,-0.4807500000000007,2
H001,2024-04-16,-0.4684999999999997,2
H001,2024-04-17,-0.4795000000000007,2
H001,2024-04-18,-0.47975000000000056,2
H001,2024-04-19,-0.4692499999999997,2
H001,2024-04-20,-0.4722500000000003,2
H001,2024-04-21,-0.5022500000000005,2
H001,2024-04-22,-0.47625000000000095,2
H001,2024-04-23,-0.4707500000000018,2
H001,2024-04-24,-0.48399999999999954,2
H001,2024-04-25,-0.48875000000000024,2
H001,2024-04-26,-0.5107500000000011,2
H001,2024-04-27,-0.5185000000000008,2
H001,2024-04-28,-0.5197500000000002,2
H001,2024-04-29,-0.5337500000000006,2
H001,2024-04-30,-0.5505000000000013,2
H001,2024-05-01,-0.5810000000000013,2
H001,2024-05-02,-0.5962500000000008,2
H001,2024-05-03,-0.6339999999999995,2
H001,2024-05-04,-0.6472500000000014,2
H001,2024-05-05,-0.6277500000000016,2
H001,2024-05-06,-0.6365000000000007,2
H001,2024-05-07,-0.6647500000000006,2
H001,2024-05-08,-0.6702500000000002,2
H001,2024-05-09,-0.6692500000000017,2
H001,2024-05-10,-0.6775000000000002,2
H001,2024-05-11,-0.695250000000001,2
H001,2024-05-12,-0.6914999999999996,2
H001,2024-05-13,-0.7047499999999998,2
H001,2024-05-14,-0.7125000000000012,2
H001,2024-05-15,-0.7164999999999999,2
H001,2024-05-16,-0.7222500000000016,2
H001,2024-05-17,-0.7090000000000005,2
H001,2024-05-18,-0.6892500000000008,2
H001,2024-05-19,-0.6944999999999997,2
H001,2024-05-20,-0.7430000000000017,2
H001,2024-05-21,-0.7697500000000002,2
H001,2024-05-22,-0.7742499999999994,2
H001,2024-05-23,-0.7777500000000019,2
H001,2024-05-24,-0.7870000000000008,2
H001,2024-05-25,-0.7947499999999996,2
H001,2024-05-26,-0.8145000000000007,2
H001,2024-05-27,-0.8097500000000002,2
H001,2024-05-28,-0.7945000000000011,2
H001,2024-05-29,-0.830750000000001,2
H001,2024-05-30,-0.8567499999999995,2
H001,2024-05-31,-0.8587499999999997,2
H001,2024-06-01,-0.8635000000000002,2
H001,2024-06-02,-0.8767500000000008,2
H001,2024-06-03,-0.8855000000000004,2
H001,2024-06-04,-0.8772500000000001,2
H001,2024-06-05,-0.8820000000000014,2
H001,2024-06-06,-0.9015000000000004,2
H001,2024-06-07,-0.8990000000000018,2
H001,2024-06-08,-0.8937500000000007,2
H001,2024-06-09,-0.8992500000000012,2
H001,2024-06-10,-0.8950000000000009,2
H001,2024-06-11,-0.902750000000001,2
H001,2024-06-12,-0.9079999999999999,2
H001,2024-06-13,-0.9202500000000011,2
H001,2024-06-14,-0.9417500000000016,2
H001,2024-06-15,-0.9707500000000016,2
H001,2024-06-16,-0.9227499999999997,2
H001,2024-06-17,,1
H001,2024-06-18,-0.9535,2
H001,2024-06-19,-0.9740000000000011,2
H001,2024-06-20,-1.019499999999999,2
H001,2024-06-21,-0.972500000000001,2
H001,2024-06-22,-0.9690000000000012,2
H001,2024-06-23,-0.9770000000000003,2
H001,2024-06-24,-0.9542500000000009,2
H001,2024-06-25,-0.9820000000000002,2
H001,2024-06-26,-1.0170000000000012,2
H001,2024-06-27,,1
H001,2024-06-28,-1.0307500000000003,2
H001,2024-06-29,-0.9672500000000017,2
H001,2024-06-30,-0.8872500000000008,2
H001,2024-07-01,-0.8512500000000012,2
H001,2024-07-02,-0.8374999999999995,2
H001,2024-07-03,-0.8470000000000004,2
H001,2024-07-04,,1
H001,2024-07-05,-0.8032499999999994,2
H001,2024-07-06,-0.8172500000000005,2
H001,2024-07-07,-0.8452500000000005,2
H001,2024-07-08,-0.8447500000000012,2
H001,2024-07-09,-0.8537500000000007,2
H001,2024-07-10,-0.8472500000000012,2
H001,2024-07-11,-0.8202500000000001,2
H001,2024-07-12,-0.8237500000000004,2
H001,2024-07-13,-0.8387500000000001,2
H001,2024-07-14,-0.830750000000001,2
H001,2024-07-15,-0.8425000000000002,2
H001,2024-07-16,-0.8432500000000012,2
H001,2024-07-17,-0.8447500000000012,2
H001,2024-07-18,-0.8389999999999995,2
H001,2024-07-19,-0.8274999999999997,2
H001,2024-07-20,-0.8272500000000007,2
H001,2024-07-21,-0.8247500000000008,2
H001,2024-07-22,-0.8497499999999993,2
H001,2024-07-23,-0.8482500000000002,2
H001,2024-07-24,-0.8057500000000011,2
H001,2024-07-25,,1
H001,2024-07-26,-0.7832500000000007,2
H001,2024-07-27,-0.7942499999999999,2
H001,2024-07-28,-0.8202500000000006,2
H001,2024-07-29,-0.8549999999999995,2
H001,2024-07-30,-0.8904999999999994,2
H001,2024-07-31,-0.8650000000000002,2
H001,2024-10-18,,1
H001,2024-10-19,0.4159999999999999,2
H001,2024-10-20,,1
H001,2024-10-21,0.3894999999999986,2
H001,2024-10-22,,1
H001,2024-10-23,0.4137499999999994,2
H001,2024-10-24,0.2989999999999995,2
H001,2024-10-25,0.2979999999999987,2
H001,2024-10-26,0.2777499999999995,2
H001,2024-10-27,,1
H001,2024-10-28,,1
H001,2024-10-29,0.25824999999999965,2
H001,2024-10-30,0.29300000000000037,2
H001,2024-10-31,0.24474999999999913,2
H001,2024-11-01,0.17674999999999885,2
H001,2024-11-02,0.14825,2
H001,2024-11-03,0.17524999999999968,2
H001,2024-11-04,,1
H001,2024-11-05,0.1447499999999997,2
H001,2024-11-06,,1
H001,2024-11-07,0.13925000000000076,2
H001,2024-11-08,0.1639999999999988,2
H001,2024-11-09,0.16599999999999948,2
H001,2024-11-10,0.1327499999999986,2
H001,2024-11-11,0.13925000000000054,2
H001,2024-11-12,0.1394999999999993,2
H001,2024-11-13,0.14724999999999855,2
H001,2024-11-14,,1
H001,2024-11-15,0.14775000000000027,2
H001,2024-11-16,0.15349999999999953,2
H001,2024-11-17,0.14324999999999877,2
H001,2024-11-18,0.17399999999999904,2
H001,2024-11-19,0.15674999999999883,2
H001,2024-11-20,,1
H001,2024-11-21,0.1327499999999988,2
H001,2024-11-22,,1
H001,2024-11-23,0.14374999999999938,2
H001,2024-11-24,0.10299999999999887,2
H001,2024-11-25,0.043249999999998234,2
H001,2024-11-26,0.029999999999999583,2
H001,2024-11-27,0.047499999999998765,2
H001,2024-11-28,0.05675000000000008,2
H001,2024-11-29,0.0047499999999987,2
H001,2024-11-30,0.03675000000000006,2
H001,2024-12-01,0.019999999999998685,2
H001,2024-12-02,0.012999999999998568,2
H001,2024-12-03,-0.021250000000000213,2
H001,2024-12-04,-0.01900000000000035,2
H001,2024-12-05,-0.01124999999999976,2
H001,2024-12-06,-0.0009999999999994458,2
H001,2024-12-07,0.00024999999999897327,2
H001,2024-12-08,-0.01724999999999932,2
H001,2024-12-09,-0.03374999999999995,2
H001,2024-12-10,-0.011250000000001537,2
H001,2024-12-11,-0.004250000000001419,2
H001,2024-12-12,-0.010750000000000703,2
H001,2024-12-13,,1
H001,2024-12-14,,1
H001,2024-12-15,-0.04800000000000071,2
H001,2024-12-16,-0.01950000000000074,2
H001,2024-12-17,-0.01125000000000198,2
H001,2024-12-18,0.012499999999999512,2
H001,2024-12-19,-0.0017500000000005844,2
H001,2024-12-20,-0.005749999999999478,2
H001,2024-12-21,,1
H001,2024-12-22,-0.003750000000000364,2
H001,2024-12-23,-0.02200000000000113,2
H001,2024-12-24,,1
H001,2024-12-25,,1
H001,2024-12-27,,1
H001,2024-12-31,,1
H001,2025-01-01,-0.02875000000000072,2
H001,2025-01-02,-0.022750000000000492,2
H001,2025-01-03,-0.0334999999999992,2
H001,2025-01-04,-0.017500000000000515,2
H001,2025-01-05,-0.005250000000000643,2
H001,2025-01-06,-0.026750000000001606,2
H001,2025-01-07,-0.03625000000000167,2
H001,2025-01-08,-0.020000000000000018,2
H001,2025-01-09,-0.034250000000001,2
H001,2025-01-10,-0.02750000000000119,2
H001,2025-01-11,-0.020500000000001073,2
H001,2025-01-12,-0.030750000000000277,2
H001,2025-01-13,-0.02300000000000124,2
H001,2025-01-14,-0.028750000000000275,2
H001,2025-01-15,-0.045750000000001956,2
H001,2025-01-16,-0.04300000000000015,2
H001,2025-01-17,-0.06275000000000142,2
H001,2025-01-18,-0.033000000000000806,2
H001,2025-01-19,-0.025000000000001688,2
H001,2025-01-20,-0.01500000000000079,2
H001,2025-01-21,0.0014999999999991687,2
H001,2025-01-22,0.007500000000000728,2
H001,2025-01-23,-0.007000000000000561,2
H001,2025-01-24,-0.018750000000001155,2
H001,2025-01-25,-0.026250000000000107,2
H001,2025-01-28,-0.08875000000000077,2
H001,2025-01-29,-0.10850000000000026,2
H001,2025-01-30,-0.07425000000000148,2
H001,2025-02-02,,1
H001,2025-02-03,-0.1337500000000007,2
H001,2025-02-04,-0.13100000000000178,2
H001,2025-02-05,-0.12050000000000072,2
H001,2025-02-06,-0.1535000000000002,2
H001,2025-02-07,-0.15900000000000047,2
H001,2025-02-08,-0.15399999999999991,2
H001,2025-02-09,-0.17900000000000027,2
H001,2025-02-10,-0.16625000000000112,2
H001,2025-02-11,-0.1985000000000008,2
H001,2025-02-12,-0.19325000000000037,2
H001,2025-02-13,-0.20050000000000123,2
H001,2025-02-14,-0.18250000000000077,2
H001,2025-02-15,-0.1840000000000006,2
H001,2025-02-16,-0.20500000000000052,2
H001,2025-02-17,-0.23275000000000068,2
H001,2025-02-18,-0.23425000000000118,2
H001,2025-02-19,-0.1865000000000001,2
H001,2025-02-20,,1
H001,2025-02-21,-0.20949999999999913,2
H001,2025-02-24,,1
H001,2025-02-25,,1
H001,2025-02-26,,1
H001,2025-02-27,-0.2977500000000015,2
H001,2025-02-28,-0.2827500000000014,2
H001,2025-03-01,-0.29200000000000115,2
H001,2025-03-02,-0.3012499999999998,2
H001,2025-03-03,-0.27300000000000013,2
H001,2025-03-04,-0.30600000000000027,2
H001,2025-03-05,-0.3482500000000015,2
H001,2025-03-06,-0.3582500000000013,2
H001,2025-03-07,-0.36275000000000035,2
H001,2025-03-08,-0.37575000000000025,2
H001,2025-03-09,-0.39800000000000013,2
H001,2025-03-10,-0.4287500000000004,2
H001,2025-03-11,-0.412500000000001,2
H001,2025-03-12,-0.3712500000000003,2
H001,2025-03-13,-0.3650000000000002,2
H001,2025-03-14,-0.39600000000000124,2
H001,2025-03-15,-0.4074999999999993,2
H001,2025-03-16,-0.4237500000000005,2
H001,2025-03-17,-0.42100000000000004,2
H001,2025-03-18,-0.4242500000000011,2
H001,2025-03-19,-0.43525000000000036,2
H001,2025-03-20,-0.4470000000000005,2
H001,2025-03-21,-0.44425000000000114,2
H001,2025-03-22,-0.43800000000000017,2
H001,2025-03-23,-0.44700000000000184,2
H001,2025-03-24,-0.446500000000001,2
H001,2025-03-25,-0.43575000000000075,2
H001,2025-03-26,-0.4542500000000014,2
H001,2025-03-27,-0.4802500000000012,2
H001,2025-03-28,-0.5740000000000007,2
H001,2025-03-29,-0.5422500000000006,2
H001,2025-03-30,-0.62225,2
H001,2025-03-31,-0.6187500000000001,2
H001,2025-04-01,-0.6227500000000008,2
H001,2025-04-02,-0.6192500000000007,2
H001,2025-04-03,-0.6230000000000004,2
H001,2025-04-04,-0.6322500000000011,2
H001,2025-04-05,-0.6030000000000006,2
H001,2025-04-06,-0.5945000000000009,2
H001,2025-04-07,,1
H001,2025-04-08,-0.6847500000000017,2
H001,2025-04-09,-0.674250000000002,2
H001,2025-04-10,-0.6720000000000002,2
H001,2025-04-11,-0.6585000000000005,2
H001,2025-04-12,-0.6787500000000009,2
H001,2025-04-13,-0.6895000000000007,2
H001,2025-04-14,-0.6940000000000008,2
H001,2025-04-15,-0.6915000000000002,2
H001,2025-04-16,-0.6817500000000019,2
H001,2025-04-17,-0.680750000000002,2
H001,2025-04-18,-0.676499999999999,2
H001,2025-04-19,-0.6877500000000005,2
H001,2025-04-20,-0.6830000000000007,2
H001,2025-04-21,,1
H001,2025-04-22,-0.7272499999999993,2
H001,2025-04-23,-0.7197500000000001,2
H001,2025-04-24,-0.7062500000000012,2
H001,2025-04-26,,1
H001,2025-04-27,-0.7782500000000001,2
H001,2025-04-28,,1
H001,2025-04-29,,1
H001,2025-04-30,,1
H001,2025-05-01,,1
H001,2025-05-02,,1
H001,2025-05-03,,1
H001,2025-05-06,-0.8512500000000003,2
H001,2025-05-07,-0.8612500000000003,2
H001,2025-05-08,-0.8685000000000009,2
H001,2025-05-09,,1
H001,2025-05-10,,1
H001,2025-05-11,,1
H001,2025-05-13,-0.8937500000000009,2
H001,2025-05-14,-0.8819999999999988,2
H001,2025-05-15,-0.8782500000000002,2
H001,2025-05-16,,1
H001,2025-05-18,-0.8672500000000007,2
H001,2025-05-19,-0.8764999999999996,2
H001,2025-05-20,-0.8697500000000009,2
H001,2025-05-21,-0.8692500000000005,2
H001,2025-05-22,-0.8799999999999999,2
H001,2025-05-23,-0.8880000000000001,2
H001,2025-05-24,-0.9025000000000003,2
H001,2025-05-25,-0.9030000000000005,2
H001,2025-05-26,-0.8942499999999995,2
H001,2025-05-27,-0.8800000000000008,2
H001,2025-05-28,-0.8915000000000011,2
H001,2025-05-29,-0.9015000000000011,2
H001,2025-05-30,-0.9115000000000006,2
H001,2025-05-31,-0.9355000000000007,2
H001,2025-06-01,-0.9540000000000017,2
H001,2025-06-02,-0.9470000000000003,2
H001,2025-06-03,-0.9694999999999996,2
H001,2025-06-04,-0.9925000000000015,2
H001,2025-06-05,-1.022250000000001,2
H001,2025-06-06,,1
H001,2025-06-07,,1
H001,2025-06-08,,1
H001,2025-06-09,,1
H001,2025-06-10,,1
H001,2025-06-11,,1
H001,2025-06-12,,1
H001,2025-06-13,,1
H001,2025-06-14,-1.0652500000000007,2
H001,2025-06-15,,1
H001,2025-06-16,,1
H001,2025-06-17,,1
H001,2025-06-18,,1
H001,2025-06-20,,1
H001,2025-06-21,,1
H001,2025-06-22,,1
H001,2025-06-24,,1
H001,2025-06-26,,1
H001,2025-06-27,,1
H001,2025-06-28,,1
H001,2025-06-29,,1
H001,2025-06-30,,1
H001,2025-07-01,,1
H001,2025-07-02,,1
H001,2025-07-03,,1
H001,2025-07-05,,1
H001,2025-07-06,,1
H001,2025-07-07,,1
H001,2025-07-08,,1
H001,2025-07-09,,1
H001,2025-07-10,,1
H001,2025-07-11,,1
H001,2025-07-12,,1
H001,2025-07-13,,1
H001,2025-07-14,,1
H001,2025-07-15,,1
H001,2025-07-16,,1
H001,2025-07-20,,1
H001,2025-07-21,,1
H001,2025-07-23,,1
H001,2025-07-24,,1
H001,2025-07-27,,1
H001,2025-07-29,,1
H001,2025-07-30,,1
H001,2025-07-31,,1
H001,2025-08-01,,1
H001,2025-08-02,,1
H001,2025-08-03,,1
H001,2025-08-04,,1
H001,2025-08-05,,1
H001,2025-08-06,,1
H001,2025-08-07,,1
H001,2025-08-08,,1
H001,2025-08-09,,1
H001,2025-08-10,,1
H001,2025-08-11,,1
H001,2025-08-13,,1
H001,2025-08-18,,1
H001,2025-08-20,,1
H001,2025-08-21,,1
H001,2025-08-22,,1
H001,2025-08-23,,1
H001,2025-08-24,,1
H001,2025-08-25,,1
H001,2025-08-27,,1
H001,2025-08-28,,1
H001,2025-09-01,,1
H001,2025-09-02,,1
H001,2025-09-03,,1
H001,2025-09-04,,1
H001,2025-09-05,,1
H001,2025-09-06,,1
H001,2025-09-07,,1
H001,2025-09-08,,1
H001,2025-09-09,,1
H001,2025-09-10,,1
H001,2025-09-11,,1
H001,2025-09-12,,1
H001,2025-09-13,,1
H001,2025-09-14,,1
H001,2025-09-15,,1
H001,2025-09-16,,1
H001,2025-09-17,,1
H001,2025-09-18,,1
H001,2025-09-20,,1
H001,2025-09-21,,1
H001,2025-09-24,,1
H001,2025-09-25,,1
H001,2025-09-26,,1
H001,2025-09-27,,1
H001,2025-09-28,,1
H001,2025-09-29,,1
H001,2025-09-30,,1
H001,2025-10-01,,1
H004,2022-08-18,,1
H004,2022-08-19,,1
H004,2022-08-20,,1
H004,2022-08-21,,1
H004,2022-08-22,,1
H004,2022-08-23,,1
H004,2022-08-24,,1
H004,2022-08-25,,1
H004,2022-08-26,,1
H004,2022-08-27,,1
H004,2022-08-28,22.281499999999998,2
H004,2022-08-29,22.213250000000002,2
H004,2022-08-30,22.247,2
H004,2022-08-31,22.289749999999998,2
H004,2022-09-01,22.399,2
H004,2022-09-02,22.339750000000002,2
H004,2022-09-03,22.339,2
H004,2022-09-04,22.356499999999997,2
H004,2022-09-05,22.348,2
H004,2022-09-06,22.343999999999998,2
H004,2022-09-07,22.3615,2
H004,2022-09-08,22.302500000000002,2
H004,2022-09-09,22.328249999999997,2
H004,2022-09-10,22.32575,2
H004,2022-09-11,22.28525,2
H004,2022-09-12,22.343500000000002,2
H004,2022-09-13,22.318749999999998,2
H004,2022-09-14,22.34175,2
H004,2022-09-15,22.299500000000002,2
H004,2022-09-16,22.311,2
H004,2022-09-17,22.343,2
H004,2022-09-18,22.3285,2
H004,2022-09-19,22.3215,2
H004,2022-09-20,22.314,2
H004,2022-09-21,22.2945,2
H004,2022-09-22,22.37175,2
H004,2022-09-23,22.40075,2
H004,2022-09-24,22.42625,2
H004,2022-09-25,22.413249999999998,2
H004,2022-09-26,22.46125,2
H004,2022-09-27,22.416,2
H004,2022-09-28,22.41575,2
H004,2022-09-29,22.416,2
H004,2022-09-30,22.459,2
H004,2022-10-01,22.40775,2
H004,2022-10-02,22.4015,2
H004,2022-10-03,22.39675,2
H004,2022-10-04,22.4325,2
H004,2022-10-05,22.5,2
H004,2022-10-06,22.39875,2
H004,2022-10-07,22.4985,2
H004,2022-10-08,22.42675,2
H004,2022-10-09,22.43975,2
H004,2022-10-10,22.5045,2
H004,2022-10-11,22.451,2
H004,2022-10-12,22.50675,2
H004,2022-10-13,22.466,2
H004,2022-10-14,22.517,2
H004,2022-10-15,22.47325,2
H004,2022-10-16,22.501,2
H004,2022-10-17,22.5055,2
H004,2022-10-18,22.5145,2
H004,2022-10-19,22.408749999999998,2
H004,2022-10-20,22.50175,2
H004,2022-10-21,22.5045,2
H004,2022-10-22,22.555500000000002,2
H004,2022-10-23,22.52475,2
H004,2022-10-24,22.5365,2
H004,2022-10-25,22.42475,2
H004,2022-10-26,22.451999999999998,2
H004,2022-10-27,22.396,2
H004,2022-10-28,22.395,2
H004,2022-10-29,22.452,2
H004,2022-10-30,22.4665,2
H004,2022-10-31,22.4065,2
H004,2022-11-01,22.38725,2
H004,2022-11-02,22.39275,2
H004,2022-11-03,22.445999999999998,2
H004,2022-11-04,22.53425,2
H004,2022-11-05,22.48325,2
H004,2022-11-06,22.48125,2
H004,2022-11-07,22.408,2
H004,2022-11-08,22.52375,2
H004,2022-11-09,22.507749999999998,2
H004,2022-11-10,22.506999999999998,2
H004,2022-11-11,22.423000000000002,2
H004,2022-11-12,22.3915,2
H004,2022-11-13,22.3905,2
H004,2022-11-14,22.46975,2
H004,2022-11-15,22.5035,2
H004,2022-11-16,22.48625,2
H004,2022-11-17,22.48775,2
H004,2022-11-18,22.5125,2
H004,2022-11-19,22.4485,2
H004,2022-11-20,22.4755,2
H004,2022-11-21,22.485500000000002,2
H004,2022-11-22,22.488,2
H004,2022-11-23,22.535500000000003,2
H004,2022-11-24,4.115499999999999,3
H004,2022-11-25,3.891499999999999,3
H004,2022-11-26,3.8520000000000003,3
H004,2022-11-27,3.849499999999999,3
H004,2022-11-28,3.7575000000000003,3
H004,2022-11-29,3.7369999999999983,3
H004,2022-11-30,3.7270000000000003,3
H004,2022-12-01,3.7169999999999987,3
H004,2022-12-02,2.2473749999999995,4
H004,2022-12-03,2.2963749999999994,4
H004,2022-12-04,2.2163749999999998,4
H004,2022-12-05,2.2528749999999986,4
H004,2022-12-06,2.1748749999999992,4
H004,2022-12-07,2.239374999999999,4
H004,2022-12-08,2.149374999999999,4
H004,2022-12-09,2.2116249999999997,4
H004,2022-12-10,2.1481249999999994,4
H004,2022-12-11,2.191375,4
H004,2022-12-12,2.0996249999999996,4
H004,2022-12-13,2.1638749999999995,4
H004,2022-12-14,2.062124999999999,4
H004,2022-12-15,2.0973749999999995,4
H004,2022-12-16,2.035124999999999,4
H004,2022-12-17,2.0826249999999993,4
H004,2022-12-18,2.002625,4
H004,2022-12-19,2.0668749999999996,4
H004,2022-12-20,2.0021249999999986,4
H004,2022-12-21,2.0576249999999994,4
H004,2022-12-22,1.9746249999999996,4
H004,2022-12-23,2.0201249999999993,4
H004,2022-12-24,1.9541249999999986,4
H004,2022-12-25,1.9898749999999996,4
H004,2022-12-26,1.887624999999999,4
H004,2022-12-27,1.982875,4
H004,2022-12-28,1.913874999999999,4
H004,2022-12-29,1.9403749999999995,4
H004,2022-12-30,1.8758749999999997,4
H004,2022-12-31,1.9538749999999991,4
H004,2023-01-01,1.8766249999999998,4
H004,2023-01-02,1.8918749999999998,4
H004,2023-01-03,1.817124999999999,4
H004,2023-01-04,1.8621249999999998,4
H004,2023-01-05,1.7851249999999999,4
H004,2023-01-06,1.7926249999999992,4
H004,2023-01-07,1.6998749999999996,4
H004,2023-01-08,1.782375,4
H004,2023-01-09,1.7166249999999996,4
H004,2023-01-10,1.7738749999999985,4
H004,2023-01-11,1.7288749999999995,4
H004,2023-01-12,1.7893749999999988,4
H004,2023-01-13,1.6056249999999999,4
H004,2023-01-14,1.6778749999999993,4
H004,2023-01-15,1.5481249999999998,4
H004,2023-01-16,1.6878749999999982,4
H004,2023-01-17,1.5643749999999992,4
H004,2023-01-18,1.6363749999999984,4
H004,2023-01-19,1.495124999999999,4
H004,2023-01-20,1.4298749999999991,4
H004,2023-01-21,1.4373749999999994,4
H004,2023-01-22,1.591125,4
H004,2023-01-23,1.6178749999999988,4
H004,2023-01-24,1.623875,4
H004,2023-01-25,1.5646249999999995,4
H004,2023-01-26,1.6156249999999996,4
H004,2023-01-27,1.5666249999999993,4
H004,2023-01-28,1.5431249999999999,4
H004,2023-01-29,1.4163750000000004,4
H004,2023-01-30,1.5608749999999993,4
H004,2023-01-31,1.4548749999999986,4
H004,2023-02-01,1.5523749999999987,4
H004,2023-02-02,1.4438749999999985,4
H004,2023-02-03,1.5283749999999996,4
H004,2023-02-04,1.4216249999999997,4
H004,2023-02-05,1.5378749999999988,4
H004,2023-02-06,1.4323749999999995,4
H004,2023-02-07,1.4998749999999994,4
H004,2023-02-08,1.3896249999999988,4
H004,2023-02-09,1.4528749999999988,4
H004,2023-02-10,1.3633749999999996,4
H004,2023-02-11,1.4346249999999996,4
H004,2023-02-12,1.318624999999999,4
H004,2023-02-13,1.4148749999999986,4
H004,2023-02-14,1.2818749999999994,4
H004,2023-02-15,1.4256249999999993,4
H004,2023-02-16,1.2966249999999988,4
H004,2023-02-17,1.360125,4
H004,2023-02-18,1.2136249999999995,4
H004,2023-02-19,1.3718749999999993,4
H004,2023-02-20,1.2443749999999998,4
H004,2023-02-21,1.3261249999999993,4
H004,2023-02-22,1.2411249999999994,4
H004,2023-02-23,1.342624999999999,4
H004,2023-02-24,1.1908749999999992,4
H004,2023-02-25,1.3051250000000003,4
H004,2023-02-26,1.1813749999999992,4
H004,2023-02-27,1.2273749999999986,4
H004,2023-02-28,1.1968749999999995,4
H004,2023-03-01,1.3183749999999987,4
H004,2023-03-02,1.1576249999999995,4
H004,2023-03-03,1.240874999999999,4
H004,2023-03-04,1.1786249999999985,4
H004,2023-03-05,1.2783749999999987,4
H004,2023-03-06,1.1288749999999999,4
H004,2023-03-07,1.255374999999999,4
H004,2023-03-08,1.1568749999999994,4
H004,2023-03-09,1.2086249999999996,4
H004,2023-03-10,1.1096249999999985,4
H004,2023-03-11,1.2123749999999998,4
H004,2023-03-12,1.1161249999999994,4
H004,2023-03-13,1.152874999999999,4
H004,2023-03-14,1.027124999999999,4
H004,2023-03-15,1.1503750000000004,4
H004,2023-03-16,1.0861249999999991,4
H004,2023-03-17,1.137624999999999,4
H004,2023-03-18,1.0908749999999996,4
H004,2023-03-19,0.7583749999999991,4
H004,2023-03-20,0.4891249999999996,4
H004,2023-03-21,0.5438749999999981,4
H004,2023-03-22,0.41212499999999874,4
H004,2023-03-23,0.46987500000000004,4
H004,2023-03-24,0.3388749999999989,4
H004,2023-03-25,0.39912499999999973,4
H004,2023-03-26,0.30037499999999895,4
H004,2023-03-27,0.36812499999999826,4
H004,2023-03-28,0.2261249999999997,4
H004,2023-03-29,0.29787499999999945,4
H004,2023-03-30,0.24062499999999964,4
H004,2023-03-31,0.24637499999999868,4
H004,2023-04-01,0.29474999999999807,4
H004,2023-04-02,0.35487499999999894,4
H004,2023-04-03,0.31099999999999905,4
H004,2023-04-04,0.3151249999999983,4
H004,2023-04-05,0.27149999999999785,4
H004,2023-04-06,0.2650000000000001,4
H004,2023-04-07,0.22450000000000037,4
H004,2023-04-08,0.23612499999999947,4
H004,2023-04-09,0.145624999999999,4
H004,2023-04-10,0.19112499999999955,4
H004,2023-04-11,0.09274999999999878,4
H004,2023-04-12,0.19787499999999802,4
H004,2023-04-13,0.17075000000000085,4
H004,2023-04-14,0.19350000000000023,4
H004,2023-04-15,0.16299999999999937,4
H004,2023-04-16,0.15412499999999962,4
H004,2023-04-17,0.04974999999999952,4
H004,2023-04-18,0.15162499999999746,4
H004,2023-04-19,-0.023500000000002075,4
H004,2023-04-20,-0.05374999999999952,4
H004,2023-04-21,-0.03125000000000089,4
H004,2023-04-22,-0.03312500000000096,4
H004,2023-04-23,-0.05050000000000043,4
H004,2023-04-24,-0.054375000000000284,4
H004,2023-04-25,-0.14950000000000063,4
H004,2023-04-26,-0.11487499999999962,4
H004,2023-04-27,-0.20800000000000152,4
H004,2023-04-28,-0.1981250000000001,4
H004,2023-04-29,-0.24900000000000055,4
H004,2023-04-30,-0.16837499999999928,4
H004,2023-05-01,-0.19899999999999984,4
H004,2023-05-02,-0.19475000000000042,4
H004,2023-05-03,-0.29287500000000044,4
H004,2023-05-04,-0.1616249999999999,4
H004,2023-05-05,-0.17925000000000058,4
H004,2023-05-06,-0.15200000000000014,4
H004,2023-05-07,-0.17525000000000102,4
H004,2023-05-08,-0.18875000000000153,4
H004,2023-05-09,-0.21699999999999986,4
H004,2023-05-10,-0.24725000000000152,4
H004,2023-05-11,-0.261000000000001,4
H004,2023-05-12,-0.292250000000001,4
H004,2023-05-13,-0.31450000000000156,4
H004,2023-05-14,-0.34499999999999975,4
H004,2023-05-15,-0.3450000000000015,4
H004,2023-05-16,-0.40275000000000105,4
H004,2023-05-17,-0.53775,4
H004,2023-05-18,-0.42075000000000173,4
H004,2023-05-19,-0.40775000000000006,4
H004,2023-05-20,-0.45225000000000026,4
H004,2023-05-21,-0.5675000000000008,4
H004,2023-05-22,-0.5555000000000021,4
H004,2023-05-23,-0.6057500000000022,4
H004,2023-05-24,-0.6095000000000002,4
H004,2023-05-25,-0.6000000000000001,4
H004,2023-05-26,-0.541125000000001,4
H004,2023-05-27,-0.6228750000000005,4
H004,2023-05-28,-0.4743750000000011,4
H004,2023-05-29,-0.5081249999999997,4
H004,2023-05-30,-0.44087500000000013,4
H004,2023-05-31,-0.5366250000000008,4
H004,2023-06-01,-0.47087500000000126,4
H004,2023-06-02,-0.5771250000000006,4
H004,2023-06-03,-0.5036250000000004,4
H004,2023-06-04,-0.6083750000000006,4
H004,2023-06-05,-0.491625,4
H004,2023-06-06,-0.5553750000000011,4
H004,2023-06-07,-0.5008749999999997,4
H004,2023-06-08,-0.6636250000000006,4
H004,2023-06-09,-0.5823750000000003,4
H004,2023-06-10,-0.6321250000000003,4
H004,2023-06-11,-0.5828750000000005,4
H004,2023-06-12,-0.7753750000000004,4
H004,2023-06-13,-0.6998750000000005,4
H004,2023-06-14,-0.7256250000000013,4
H004,2023-06-15,-0.6403750000000006,4
H004,2023-06-16,-0.785375000000001,4
H004,2023-06-17,-0.6693749999999996,4
H004,2023-06-18,-0.8021250000000011,4
H004,2023-06-19,-0.7391250000000005,4
H004,2023-06-20,-0.7608749999999995,4
H004,2023-06-21,-0.6168750000000012,4
H004,2023-06-22,-0.562625000000001,4
H004,2023-06-23,-0.47862500000000097,4
H004,2023-06-24,-0.5453750000000004,4
H004,2023-06-25,-0.4068750000000003,4
H004,2023-06-26,-0.3706250000000004,4
H004,2023-06-27,-0.29987500000000034,4
H004,2023-06-28,-0.29912500000000053,4
H004,2023-06-29,-0.21887500000000082,4
H004,2023-06-30,-0.39787500000000087,4
H004,2023-07-01,-0.23562500000000064,4
H004,2023-07-02,-0.2703749999999996,4
H004,2023-07-03,-0.16637500000000105,4
H004,2023-07-04,-0.22362500000000063,4
H004,2023-07-05,-0.1296250000000001,4
H004,2023-07-06,-0.18937500000000052,4
H004,2023-07-07,-0.11512500000000037,4
H004,2023-07-08,-0.2003750000000002,4
H004,2023-07-09,-0.04387500000000033,4
H004,2023-07-10,-0.05612500000000065,4
H004,2023-07-11,-0.051375000000000615,4
H004,2023-07-12,-0.07262499999999994,4
H004,2023-07-13,0.06137499999999907,4
H004,2023-07-14,0.005874999999999186,4
H004,2023-07-15,0.10337499999999933,4
H004,2023-07-16,0.05662499999999904,4
H004,2023-07-17,0.10162499999999963,4
H004,2023-07-18,-0.0003750000000009024,4
H004,2023-07-19,0.14187499999999909,4
H004,2023-07-20,0.1348749999999992,4
H004,2023-07-21,0.15962499999999924,4
H004,2023-07-22,0.11887499999999895,4
H004,2023-07-23,0.1766249999999996,4
H004,2023-07-24,0.09137499999999932,4
H004,2023-07-25,0.1656249999999999,4
H004,2023-07-26,0.1691249999999993,4
H004,2023-07-27,0.2971250000000001,4
H004,2023-07-28,0.2556249999999993,4
H004,2023-07-29,0.4186249999999996,4
H004,2023-07-30,0.4071249999999993,4
H004,2023-07-31,0.33474999999999966,3
H004,2023-08-01,-0.2791250000000005,2
H004,2023-08-02,0.4836250000000002,4
H004,2023-08-03,0.4321249999999992,4
H004,2023-08-04,0.48737500000000034,4
H004,2023-08-05,0.4191249999999993,4
H004,2023-08-06,0.5166249999999994,4
H004,2023-08-07,0.4816250000000002,4
H004,2023-08-08,0.5246249999999999,4
H004,2023-08-09,0.46887499999999904,4
H004,2023-08-10,0.5178749999999996,4
H004,2023-08-11,0.4901249999999988,4
H004,2023-08-12,0.5473749999999995,4
H004,2023-08-13,0.4031250000000002,4
H004,2023-08-14,0.417624999999999,4
H004,2023-08-15,0.39762499999999923,4
H004,2023-08-16,0.48987499999999917,4
H004,2023-08-17,0.4501249999999992,4
H004,2023-08-18,0.4683749999999989,4
H004,2023-08-19,0.44687500000000013,4
H004,2023-08-20,0.49387499999999984,4
H004,2023-08-21,0.4263749999999995,4
H004,2023-08-22,0.48287499999999883,4
H004,2023-08-23,0.3973749999999998,4
H004,2023-08-24,0.49937499999999924,4
H004,2023-08-25,0.4601249999999999,4
H004,2023-08-26,0.47912499999999936,4
H004,2023-08-27,0.4328749999999997,4
H004,2023-08-28,0.4523750000000004,4
H004,2023-08-29,0.2881249999999995,4
H004,2023-08-30,0.3558749999999993,4
H004,2023-08-31,0.26337499999999925,4
H004,2023-09-01,0.2572499999999991,3
H004,2023-09-02,0.3511249999999997,2
H004,2023-09-03,,1
H004,2023-09-04,0.30012499999999953,2
H004,2023-09-05,0.34937499999999977,4
H004,2023-09-06,0.26062499999999966,4
H004,2023-09-07,0.3901249999999994,4
H004,2023-09-08,0.2993749999999986,4
H004,2023-09-09,0.39012499999999983,4
H004,2023-09-10,0.3576250000000001,4
H004,2023-09-11,0.5233749999999997,4
H004,2023-09-12,0.39237500000000036,4
H004,2023-09-13,0.47337499999999966,4
H004,2023-09-14,0.3653749999999998,4
H004,2023-09-15,0.45987500000000026,4
H004,2023-09-16,0.3323749999999992,4
H004,2023-09-17,0.4353749999999996,4
H004,2023-09-18,0.34412499999999957,4
H004,2023-09-19,0.4413750000000001,4
H004,2023-09-20,0.3506249999999995,4
H004,2023-09-21,0.4413749999999994,4
H004,2023-09-22,0.33512499999999923,4
H004,2023-09-23,0.40987499999999955,4
H004,2023-09-24,0.36762499999999854,4
H004,2023-09-25,0.4393749999999983,4
H004,2023-09-26,0.3513749999999991,4
H004,2023-09-27,0.39712499999999906,4
H004,2023-09-28,0.33687499999999915,4
H004,2023-09-29,0.4128749999999999,4
H004,2023-09-30,0.30512499999999854,4
H004,2023-10-01,0.36812500000000026,4
H004,2023-10-02,0.3031249999999992,4
H004,2023-10-03,0.3253749999999993,4
H004,2023-10-04,0.26712500000000006,4
H004,2023-10-05,0.2943749999999987,4
H004,2023-10-06,0.1458749999999993,4
H004,2023-10-07,0.23512500000000003,4
H004,2023-10-08,0.16537500000000005,4
H004,2023-10-09,0.1768749999999999,4
H004,2023-10-10,0.08387499999999903,4
H004,2023-10-11,-0.4166250000000007,2
H004,2023-10-12,-0.5416250000000016,2
H004,2023-10-13,0.12787499999999952,4
H004,2023-10-14,0.03337499999999949,4
H004,2023-10-15,0.13162500000000144,4
H004,2023-10-16,0.005124999999997826,4
H004,2023-10-17,0.12337499999999935,4
H004,2023-10-18,0.07462499999999928,4
H004,2023-10-19,0.15237499999999926,4
H004,2023-10-20,0.21199999999999974,3
H004,2023-10-21,0.240375,2
H004,2023-10-22,0.21199999999999974,3
H004,2023-10-23,0.030249999999998778,3
H004,2023-10-24,0.014624999999998778,4
H004,2023-10-25,0.11912500000000037,2
H004,2023-10-26,0.005124999999999602,4
H004,2023-10-27,0.06812500000000021,4
H004,2023-10-28,-0.03712500000000141,4
H004,2023-10-29,0.053124999999999645,4
H004,2023-10-30,-0.058125000000001315,4
H004,2023-10-31,-0.005625000000001101,4
H004,2023-11-01,-0.14637499999999903,4
H004,2023-11-02,-0.07512499999999989,4
H004,2023-11-03,-0.16537499999999916,4
H004,2023-11-04,-0.05962500000000048,4
H004,2023-11-05,-0.14187500000000242,4
H004,2023-11-06,-0.08037500000000009,4
H004,2023-11-07,-0.12162500000000165,4
H004,2023-11-08,-0.001875000000000071,4
H004,2023-11-09,-0.11612500000000114,4
H004,2023-11-10,0.007624999999999105,4
H004,2023-11-11,-0.10412500000000158,4
H004,2023-11-12,-0.04612500000000175,4
H004,2023-11-13,-0.13962500000000055,4
H004,2023-11-14,-0.03437500000000249,4
H004,2023-11-15,-0.12112500000000104,4
H004,2023-11-16,0.005124999999998714,4
H004,2023-11-17,-0.2192500000000006,3
H004,2023-11-18,-0.01774999999999949,3
H004,2023-11-19,-0.1877500000000012,3
H004,2023-11-20,0.026624999999999233,4
H004,2023-11-21,-0.02137500000000081,4
H004,2023-11-22,0.026125000000000398,4
H004,2023-11-23,-0.040124999999999744,4
H004,2023-11-24,0.03262500000000035,4
H004,2023-11-25,-0.03712500000000052,4
H004,2023-11-26,0.034374999999998934,4
H004,2023-11-27,-0.0021250000000012648,4
H004,2023-11-28,0.04187499999999922,4
H004,2023-11-29,-0.041375000000000384,4
H004,2023-11-30,0.031124999999999403,4
H004,2023-12-01,-0.044624999999999915,4
H004,2023-12-02,0.006874999999999076,4
H004,2023-12-03,-0.06687499999999957,4
H004,2023-12-04,-0.010875000000000412,4
H004,2023-12-05,-0.0683750000000014,4
H004,2023-12-06,-0.0031250000000015987,4
H004,2023-12-07,-0.0728749999999998,4
H004,2023-12-08,-0.0046250000000016556,4
H004,2023-12-09,-0.07487500000000225,4
H004,2023-12-10,-0.023875000000000313,4
H004,2023-12-11,-0.07387500000000102,4
H004,2023-12-12,-0.011125000000001606,4
H004,2023-12-13,-0.06512500000000188,4
H004,2023-12-14,-0.022375000000001144,4
H004,2023-12-15,-0.08737499999999976,4
H004,2023-12-16,-0.010625000000000995,4
H004,2023-12-17,-0.06737500000000018,4
H004,2023-12-18,-0.033875000000001876,4
H004,2023-12-19,-0.07712499999999967,4
H004,2023-12-20,-0.03062500000000057,4
H004,2023-12-21,-0.07762500000000117,4
H004,2023-12-22,-0.020250000000000323,4
H004,2023-12-23,-0.06737500000000018,4
H004,2023-12-24,-0.0485000000000011,4
H004,2023-12-25,-0.05250000000000066,4
H004,2023-12-26,-0.04525000000000157,4
H004,2023-12-27,-0.05499999999999927,4
H004,2023-12-28,-0.02725000000000044,4
H004,2023-12-29,-0.03312500000000185,4
H004,2023-12-30,-0.01850000000000085,4
H004,2023-12-31,-0.060875000000000234,4
H004,2024-01-01,-0.03200000000000047,4
H004,2024-01-02,-0.15287500000000165,4
H004,2024-01-03,-0.06162500000000026,4
H004,2024-01-04,-0.16837500000000016,4
H004,2024-01-05,-0.10937500000000178,4
H004,2024-01-06,-0.11112499999999947,4
H004,2024-01-07,-0.09987500000000082,4
H004,2024-01-08,-0.18912500000000065,4
H004,2024-01-09,-0.07162500000000094,4
H004,2024-01-10,-0.1308750000000014,4
H004,2024-01-11,-0.07962500000000006,4
H004,2024-01-12,-0.14437499999999925,4
H004,2024-01-13,-0.15137499999999982,4
H004,2024-01-14,-0.1746250000000007,4
H004,2024-01-15,-0.1226250000000011,4
H004,2024-01-16,-0.16237500000000082,4
H004,2024-01-17,-0.10387500000000038,4
H004,2024-01-18,-0.18787500000000001,4
H004,2024-01-19,-0.14162499999999945,4
H004,2024-01-20,-0.20137500000000053,4
H004,2024-01-21,-0.1566250000000009,4
H004,2024-01-22,-0.2056249999999995,4
H004,2024-01-23,-0.14512500000000106,4
H004,2024-01-24,-0.19587500000000002,4
H004,2024-01-25,-0.15125000000000144,4
H004,2024-01-26,-0.21062500000000028,4
H004,2024-01-27,-0.1563750000000006,4
H004,2024-01-28,-0.20912500000000112,4
H004,2024-01-29,-0.14787500000000087,4
H004,2024-01-30,-0.20437500000000064,4
H004,2024-01-31,-0.15087500000000098,4
H004,2024-02-01,-0.15512500000000085,4
H004,2024-02-02,-0.14300000000000135,4
H004,2024-02-03,-0.15462499999999935,4
H004,2024-02-04,0.0060000000000006715,4
H004,2024-02-05,-0.05312500000000142,4
H004,2024-02-06,-0.03525000000000067,4
H004,2024-02-07,-0.10762500000000141,4
H004,2024-02-08,-0.013750000000000817,4
H004,2024-02-09,-0.07112500000000033,4
H004,2024-02-10,-0.04137500000000216,4
H004,2024-02-11,-0.11312500000000014,4
H004,2024-02-12,-0.0736250000000016,4
H004,2024-02-13,-0.14487500000000075,4
H004,2024-02-14,-0.10387500000000216,4
H004,2024-02-15,-0.18912500000000154,4
H004,2024-02-16,-0.1618750000000011,4
H004,2024-02-17,-0.19912500000000222,4
H004,2024-02-18,-0.1328750000000003,4
H004,2024-02-19,-0.19462500000000027,4
H004,2024-02-20,-0.10312500000000036,4
H004,2024-02-21,-0.16437499999999972,4
H004,2024-02-22,-0.12637499999999946,4
H004,2024-02-23,-0.2218750000000025,4
H004,2024-02-24,-0.16737499999999983,4
H004,2024-02-25,-0.22337500000000077,4
H004,2024-02-26,-0.17812500000000142,4
H004,2024-02-27,-0.24737500000000168,4
H004,2024-02-28,-0.17912499999999998,4
H004,2024-02-29,-0.22537500000000144,4
H004,2024-03-01,-0.1593750000000016,4
H004,2024-03-02,-0.20212500000000055,4
H004,2024-03-03,-0.13412499999999916,4
H004,2024-03-04,-0.23537499999999945,4
H004,2024-03-05,-0.21062500000000206,4
H004,2024-03-06,-0.26112499999999983,4
H004,2024-03-07,-0.20012500000000166,4
H004,2024-03-08,-0.3088749999999987,4
H004,2024-03-09,-0.22675000000000134,4
H004,2024-03-10,-0.3148750000000007,4
H004,2024-03-11,-0.29087500000000066,4
H004,2024-03-12,-0.36837499999999945,4
H004,2024-03-13,-0.3206250000000015,4
H004,2024-03-14,-0.3698749999999986,4
H004,2024-03-15,-0.2516249999999989,4
H004,2024-03-16,-0.2631250000000005,4
H004,2024-03-17,-0.2060000000000004,4
H004,2024-03-18,-0.3236250000000016,4
H004,2024-03-19,-0.2313749999999999,4
H004,2024-03-20,-0.30612500000000065,4
H004,2024-03-21,-0.26537500000000147,4
H004,2024-03-22,-0.35287499999999916,4
H004,2024-03-23,-0.31662500000000016,4
H004,2024-03-24,-0.3913750000000018,4
H004,2024-03-25,-0.4296250000000015,4
H004,2024-03-26,-0.39987500000000153,4
H004,2024-03-27,-0.35062500000000085,4
H004,2024-03-28,-0.4426250000000014,4
H004,2024-03-29,-0.38712500000000105,4
H004,2024-03-30,-0.5603750000000005,4
H004,2024-03-31,-0.5173749999999995,4
H004,2024-04-01,-0.6648750000000003,4
H004,2024-04-02,-0.5278750000000016,4
H004,2024-04-03,-0.6521250000000007,4
H004,2024-04-04,-0.49837500000000023,4
H004,2024-04-05,-0.6613750000000014,4
H004,2024-04-06,-0.5033750000000001,4
H004,2024-04-07,-0.640625,4
H004,2024-04-08,-0.5106250000000001,4
H004,2024-04-09,-0.7013749999999996,4
H004,2024-04-10,-0.5903749999999999,4
H004,2024-04-11,-0.7741250000000015,4
H004,2024-04-12,-0.741125000000002,4
H004,2024-04-13,-0.8011250000000008,4
H004,2024-04-14,-0.6491249999999997,4
H004,2024-04-15,-0.8056250000000009,4
H004,2024-04-16,-0.6648750000000003,4
H004,2024-04-17,-0.8166250000000002,4
H004,2024-04-18,-0.6971250000000007,4
H004,2024-04-19,-0.8363750000000003,4
H004,2024-04-20,-0.7018750000000011,4
H004,2024-04-21,-0.8186250000000008,4
H004,2024-04-22,-0.713375000000001,4
H004,2024-04-23,-0.7518750000000018,4
H004,2024-04-24,-0.6153749999999993,4
H004,2024-04-25,-0.8418749999999999,4
H004,2024-04-26,-0.7551250000000014,4
H004,2024-04-27,-0.8410000000000011,3
H004,2024-04-28,-0.7012499999999999,3
H004,2024-04-29,-0.8640000000000008,3
H004,2024-04-30,-0.808250000000001,3
H004,2024-05-01,-0.9060000000000024,3
H004,2024-05-02,-0.8381250000000016,4
H004,2024-05-03,-0.9846249999999994,4
H004,2024-05-04,-0.8778750000000013,4
H004,2024-05-05,-0.9521250000000023,4
H004,2024-05-06,-0.8653750000000002,4
H004,2024-05-07,-0.9763750000000009,4
H004,2024-05-08,-0.9028749999999999,4
H004,2024-05-09,-0.9098750000000013,4
H004,2024-05-10,-0.8788750000000007,4
H004,2024-05-11,-1.0480000000000018,3
H004,2024-05-12,-0.8571249999999999,4
H004,2024-05-13,-0.9553750000000001,4
H004,2024-05-14,-0.887125000000001,4
H004,2024-05-15,-0.9303749999999997,4
H004,2024-05-16,-0.8873750000000014,4
H004,2024-05-17,-0.9621250000000003,4
H004,2024-05-18,-0.8443750000000012,4
H004,2024-05-19,-0.8948749999999999,4
H004,2024-05-20,-0.8876250000000017,4
H004,2024-05-21,-0.9658750000000005,4
H004,2024-05-22,-0.9328749999999992,4
H004,2024-05-23,-1.0763750000000023,4
H004,2024-05-24,-0.9973750000000008,4
H004,2024-05-25,-1.1206250000000004,4
H004,2024-05-26,-1.0453750000000008,4
H004,2024-05-27,-1.2006250000000005,4
H004,2024-05-28,-1.0308750000000009,4
H004,2024-05-29,-1.145125000000002,4
H004,2024-05-30,-1.0993750000000002,4
H004,2024-05-31,-1.221375,4
H004,2024-06-01,-1.0866250000000006,4
H004,2024-06-02,-1.1961250000000003,4
H004,2024-06-03,-1.1061250000000005,4
H004,2024-06-04,-1.185625,4
H004,2024-06-05,-1.1223750000000017,4
H004,2024-06-06,-1.2813750000000006,4
H004,2024-06-07,-1.0838750000000026,4
H004,2024-06-08,-1.2016250000000008,4
H004,2024-06-09,-1.1803750000000015,4
H004,2024-06-10,-1.3016250000000014,4
H004,2024-06-11,-1.1871250000000018,4
H004,2024-06-12,-1.2918749999999992,4
H004,2024-06-13,-1.2023750000000017,4
H004,2024-06-14,-1.2793750000000017,4
H004,2024-06-15,-1.2886250000000015,4
H004,2024-06-16,-1.3148749999999998,4
H004,2024-06-17,-1.2757500000000004,3
H004,2024-06-18,-1.3218750000000004,4
H004,2024-06-19,-1.2678750000000019,4
H004,2024-06-20,-1.3858749999999986,4
H004,2024-06-21,-1.275125000000001,4
H004,2024-06-22,-1.232375000000001,4
H004,2024-06-23,-1.2041250000000012,4
H004,2024-06-24,-1.2656250000000009,4
H004,2024-06-25,-1.2401250000000008,4
H004,2024-06-26,-1.2691250000000016,4
H004,2024-06-27,-1.0587499999999999,3
H004,2024-06-28,-1.2813750000000006,4
H004,2024-06-29,-1.269375000000002,4
H004,2024-06-30,-1.3518750000000006,4
H004,2024-07-01,-1.2688750000000013,4
H004,2024-07-02,-1.1773749999999996,4
H004,2024-07-03,-1.2103750000000009,4
H004,2024-07-04,-1.3399999999999999,3
H004,2024-07-05,-1.1528749999999999,4
H004,2024-07-06,-1.2978750000000012,4
H004,2024-07-07,-1.232375000000001,4
H004,2024-07-08,-1.318125000000001,4
H004,2024-07-09,-1.2888750000000009,4
H004,2024-07-10,-1.2988750000000007,4
H004,2024-07-11,-1.2428749999999997,4
H004,2024-07-12,-1.3206250000000006,4
H004,2024-07-13,-1.2921250000000004,4
H004,2024-07-14,-1.3346250000000008,4
H004,2024-07-15,-1.278625,4
H004,2024-07-16,-1.354375000000001,4
H004,2024-07-17,-0.9706250000000001,4
H004,2024-07-18,-0.9901250000000017,4
H004,2024-07-19,-0.9113749999999996,4
H004,2024-07-20,-1.0113749999999992,4
H004,2024-07-21,-0.9501250000000017,4
H004,2024-07-22,-1.0051250000000014,4
H004,2024-07-23,-0.914625,4
H004,2024-07-24,-0.9776250000000015,4
H004,2024-07-25,-0.6675000000000004,3
H004,2024-07-26,-1.0135000000000005,4
H004,2024-07-27,-0.9616250000000015,4
H004,2024-07-28,-1.0398750000000003,4
H004,2024-07-29,-0.9676250000000008,4
H004,2024-07-30,-1.0481250000000006,4
H004,2024-07-31,-0.9421250000000008,4
H004,2024-08-01,-0.9666249999999996,2
H004,2024-08-02,-0.9026249999999996,2
H004,2024-08-03,-0.9548750000000004,2
H004,2024-08-04,-0.8851250000000004,2
H004,2024-08-05,-0.9523750000000009,2
H004,2024-08-06,-0.8596250000000012,2
H004,2024-08-07,-0.9331250000000004,2
H004,2024-08-08,-0.8003750000000025,2
H004,2024-08-09,-0.9033750000000005,2
H004,2024-08-10,-0.7818750000000012,2
H004,2024-08-11,-0.697375000000001,2
H004,2024-08-12,-0.6058749999999993,2
H004,2024-08-13,-0.5956250000000001,2
H004,2024-08-14,-0.5143749999999994,2
H004,2024-08-15,-0.4306250000000009,2
H004,2024-08-16,-0.3758750000000006,2
H004,2024-08-17,-0.4036250000000008,2
H004,2024-08-18,,1
H004,2024-08-19,-0.35612500000000047,2
H004,2024-08-20,,1
H004,2024-08-21,-0.287625000000002,2
H004,2024-08-22,-0.20287500000000058,2
H004,2024-08-23,-0.22387500000000138,2
H004,2024-08-24,-0.16837500000000016,2
H004,2024-08-25,-0.21337500000000098,2
H004,2024-08-26,-0.1386250000000011,2
H004,2024-08-27,-0.16962499999999991,2
H004,2024-08-28,-0.10112500000000146,2
H004,2024-08-29,-0.12262499999999932,2
H004,2024-08-30,-0.07287500000000158,2
H004,2024-08-31,-0.1068750000000005,2
H004,2024-09-01,-0.046375000000001165,2
H004,2024-09-02,-0.0703750000000003,2
H004,2024-09-03,-0.007625000000000881,2
H004,2024-09-04,-0.03437500000000071,2
H004,2024-09-05,0.04062499999999858,2
H004,2024-09-06,-0.015375000000000583,2
H004,2024-09-07,0.07962499999999917,2
H004,2024-09-08,0.058374999999999844,2
H004,2024-09-09,0.08637499999999854,2
H004,2024-09-10,0.10737500000000022,2
H004,2024-09-11,0.17587499999999867,2
H004,2024-09-12,0.2078749999999987,2
H004,2024-09-13,0.28737499999999727,2
H004,2024-09-14,0.29287499999999866,2
H004,2024-09-15,0.32187500000000036,2
H004,2024-09-16,0.31562499999999893,2
H004,2024-09-17,0.4343749999999984,2
H004,2024-09-18,0.4286249999999985,2
H004,2024-09-19,0.5166249999999986,2
H004,2024-09-20,0.48837499999999956,2
H004,2024-09-21,0.5543749999999985,2
H004,2024-09-22,0.6313749999999994,2
H004,2024-09-23,0.661624999999999,2
H004,2024-09-24,0.5813750000000004,2
H004,2024-09-25,0.6411249999999988,2
H004,2024-09-26,0.612874999999999,2
H004,2024-09-27,0.6096249999999985,2
H004,2024-09-28,0.5691249999999997,2
H004,2024-09-29,0.6401249999999994,2
H004,2024-09-30,0.6196249999999992,2
H004,2024-10-01,0.6686249999999996,2
H004,2024-10-02,0.6258749999999988,2
H004,2024-10-03,0.6748750000000001,2
H004,2024-10-04,0.6226249999999993,2
H004,2024-10-05,0.6873749999999994,2
H004,2024-10-06,0.6606249999999996,2
H004,2024-10-07,0.7276249999999997,2
H004,2024-10-08,0.7028750000000006,2
H004,2024-10-09,0.7178749999999976,2
H004,2024-10-10,0.5913749999999993,2
H004,2024-10-11,0.6593749999999989,2
H004,2024-10-12,0.551124999999999,2
H004,2024-10-13,0.6701249999999987,2
H004,2024-10-14,0.567874999999999,2
H004,2024-10-15,0.6688749999999981,2
H004,2024-10-16,0.5626250000000006,2
H004,2024-10-17,0.6571250000000006,2
H004,2024-10-18,0.23199999999999932,3
H004,2024-10-19,0.48137499999999944,4
H004,2024-10-20,0.6229999999999998,3
H004,2024-10-21,0.3894999999999986,4
H004,2024-10-22,0.6449999999999996,3
H004,2024-10-23,0.4211249999999991,4
H004,2024-10-24,0.2989999999999995,4
H004,2024-10-25,0.3713749999999991,4
H004,2024-10-26,0.3166250000000004,4
H004,2024-10-27,0.2472499999999993,3
H004,2024-10-28,0.051499999999997215,3
H004,2024-10-29,0.3171250000000001,4
H004,2024-10-30,0.29300000000000037,4
H004,2024-10-31,0.3083749999999992,4
H004,2024-11-01,0.24237499999999956,4
H004,2024-11-02,0.3463749999999992,4
H004,2024-11-03,0.2723749999999998,4
H004,2024-11-04,0.4974999999999996,3
H004,2024-11-05,0.20537499999999964,4
H004,2024-11-06,0.19024999999999892,3
H004,2024-11-07,0.3328749999999998,4
H004,2024-11-08,0.38137499999999935,4
H004,2024-11-09,0.24837499999999935,4
H004,2024-11-10,0.38137499999999913,4
H004,2024-11-11,0.2736249999999991,4
H004,2024-11-12,0.3721249999999998,4
H004,2024-11-13,0.2743749999999998,4
H004,2024-11-14,0.21424999999999983,3
H004,2024-11-15,0.29562499999999936,4
H004,2024-11-16,0.37737499999999913,4
H004,2024-11-17,0.28112499999999985,4
H004,2024-11-18,0.41912499999999886,4
H004,2024-11-19,0.35237499999999855,4
H004,2024-11-20,0.5414999999999996,3
H004,2024-11-21,0.31887499999999935,4
H004,2024-11-22,0.5024999999999995,3
H004,2024-11-23,0.3766249999999993,4
H004,2024-11-24,0.40762499999999946,4
H004,2024-11-25,0.31287499999999957,4
H004,2024-11-26,0.37537499999999935,4
H004,2024-11-27,0.2801249999999993,4
H004,2024-11-28,0.34737499999999955,4
H004,2024-11-29,0.24412499999999948,4
H004,2024-11-30,0.34912499999999946,4
H004,2024-12-01,0.25112499999999915,4
H004,2024-12-02,0.3418749999999995,4
H004,2024-12-03,0.21287499999999948,4
H004,2024-12-04,0.30862499999999904,4
H004,2024-12-05,0.20487499999999925,4
H004,2024-12-06,0.24662499999999987,4
H004,2024-12-07,0.19962499999999972,4
H004,2024-12-08,0.26087499999999997,4
H004,2024-12-09,0.19837499999999997,4
H004,2024-12-10,0.3266249999999997,4
H004,2024-12-11,0.22437499999999955,4
H004,2024-12-12,0.32437499999999897,4
H004,2024-12-13,-0.18175000000000097,3
H004,2024-12-14,0.13175000000000026,3
H004,2024-12-15,0.18712499999999932,4
H004,2024-12-16,0.2156249999999993,4
H004,2024-12-17,0.19512499999999933,4
H004,2024-12-18,0.31337499999999907,4
H004,2024-12-19,0.2036249999999995,4
H004,2024-12-20,0.21537499999999943,4
H004,2024-12-21,0.4514999999999998,3
H004,2024-12-22,0.29587499999999944,4
H004,2024-12-23,0.16337499999999938,4
H004,2024-12-24,0.43049999999999944,3
H004,2024-12-25,0.41649999999999965,3
H004,2024-12-26,0.47262499999999896,2
H004,2024-12-27,0.41849999999999987,3
H004,2024-12-28,0.583124999999999,2
H004,2024-12-29,0.4606249999999985,2
H004,2024-12-30,0.5703749999999985,2
H004,2024-12-31,0.6059999999999999,3
H004,2025-01-01,0.44187499999999935,4
H004,2025-01-02,0.3498749999999997,4
H004,2025-01-03,0.46162499999999973,4
H004,2025-01-04,0.3788750000000003,4
H004,2025-01-05,0.4733750000000003,4
H004,2025-01-06,0.37387499999999996,4
H004,2025-01-07,0.46987499999999915,4
H004,2025-01-08,0.37787499999999996,4
H004,2025-01-09,0.4638749999999989,4
H004,2025-01-10,0.35637500000000033,4
H004,2025-01-11,0.47487499999999994,4
H004,2025-01-12,0.3928749999999992,4
H004,2025-01-13,0.4703749999999991,4
H004,2025-01-14,0.3788749999999992,4
H004,2025-01-15,0.45812499999999967,4
H004,2025-01-16,0.366625,4
H004,2025-01-17,0.47337499999999877,4
H004,2025-01-18,0.3888749999999992,4
H004,2025-01-19,0.48712499999999936,4
H004,2025-01-20,0.37987499999999996,4
H004,2025-01-21,0.48062499999999897,4
H004,2025-01-22,0.3713749999999991,4
H004,2025-01-23,0.4761249999999997,4
H004,2025-01-24,0.5431249999999994,4
H004,2025-01-25,0.5818749999999993,4
H004,2025-01-26,0.7343749999999982,2
H004,2025-01-27,0.7931249999999981,2
H004,2025-01-28,0.4261249999999992,4
H004,2025-01-29,0.5056249999999993,4
H004,2025-01-30,0.5246249999999999,4
H004,2025-01-31,0.7788749999999993,2
H004,2025-02-01,0.7581249999999997,2
H004,2025-02-02,0.4712499999999995,3
H004,2025-02-03,0.5191249999999992,4
H004,2025-02-04,0.5673749999999995,4
H004,2025-02-05,0.5351249999999999,4
H004,2025-02-06,0.5563750000000001,4
H004,2025-02-07,0.5278750000000001,4
H004,2025-02-08,0.5328749999999989,4
H004,2025-02-09,0.40287499999999987,4
H004,2025-02-10,0.5003749999999996,4
H004,2025-02-11,0.32837499999999964,4
H004,2025-02-12,0.40887499999999966,4
H004,2025-02-13,0.2881249999999995,4
H004,2025-02-14,0.322875,4
H004,2025-02-15,0.2716249999999989,4
H004,2025-02-16,0.38012499999999916,4
H004,2025-02-17,0.2198749999999996,4
H004,2025-02-18,0.3351249999999997,4
H004,2025-02-19,0.2568749999999995,4
H004,2025-02-20,0.25624999999999787,3
H004,2025-02-21,0.16137499999999894,4
H004,2025-02-22,0.6088749999999994,2
H004,2025-02-23,0.5506249999999993,2
H004,2025-02-24,0.4314999999999998,3
H004,2025-02-25,0.4314999999999998,3
H004,2025-02-26,0.3774999999999995,3
H004,2025-02-27,0.1876249999999997,4
H004,2025-02-28,0.30762499999999937,4
H004,2025-03-01,0.2068749999999997,4
H004,2025-03-02,0.3211250000000001,4
H004,2025-03-03,0.20737499999999942,4
H004,2025-03-04,0.28812499999999974,4
H004,2025-03-05,0.16187499999999888,4
H004,2025-03-06,0.23762499999999998,4
H004,2025-03-07,0.1408749999999992,4
H004,2025-03-08,0.21037499999999976,4
H004,2025-03-09,0.0923750000000001,4
H004,2025-03-10,0.11412500000000003,4
H004,2025-03-11,0.06937499999999952,4
H004,2025-03-12,0.22362499999999974,4
H004,2025-03-13,0.21262499999999918,4
H004,2025-03-14,0.1891250000000002,4
H004,2025-03-15,0.08837499999999965,4
H004,2025-03-16,0.15337500000000004,4
H004,2025-03-17,0.07062499999999905,4
H004,2025-03-18,0.13737500000000002,4
H004,2025-03-19,0.04637499999999983,4
H004,2025-03-20,0.12712499999999993,4
H004,2025-03-21,0.10137499999999999,4
H004,2025-03-22,0.19287499999999946,4
H004,2025-03-23,0.09162499999999962,4
H004,2025-03-24,0.15437499999999926,4
H004,2025-03-25,0.09262499999999974,4
H004,2025-03-26,0.13337499999999958,4
H004,2025-03-27,0.07387499999999969,4
H004,2025-03-28,-0.015625000000000888,4
H004,2025-03-29,-0.011125000000001162,4
H004,2025-03-30,0.003875000000000073,4
H004,2025-03-31,-0.02012499999999995,4
H004,2025-04-01,0.006124999999999936,4
H004,2025-04-02,-0.07237500000000074,4
H004,2025-04-03,-0.017375000000000584,4
H004,2025-04-04,-0.10537500000000066,4
H004,2025-04-05,-0.01612500000000061,4
H004,2025-04-06,-0.056375000000000064,4
H004,2025-04-07,0.054999999999999716,3
H004,2025-04-08,-0.13312500000000038,4
H004,2025-04-09,-0.674250000000002,2
H004,2025-04-10,-0.34224999999999994,3
H004,2025-04-11,-0.051375000000000615,4
H004,2025-04-12,-0.05712500000000098,4
H004,2025-04-13,-0.06862500000000082,4
H004,2025-04-14,-0.06312500000000121,4
H004,2025-04-15,-0.07262500000000105,4
H004,2025-04-16,-0.08837500000000009,4
H004,2025-04-17,-0.041625000000000245,4
H004,2025-04-18,-0.09712500000000013,4
H004,2025-04-19,-0.031625000000000236,4
H004,2025-04-20,-0.0628750000000009,4
H004,2025-04-21,-0.2682500000000019,3
H004,2025-04-22,-0.17187500000000044,4
H004,2025-04-23,-0.07062500000000038,4
H004,2025-04-24,-0.13287500000000074,4
H004,2025-04-25,0.809124999999999,2
H004,2025-04-26,-0.333750000000002,3
H004,2025-04-27,-0.12912500000000038,4
H004,2025-04-28,-0.06300000000000061,3
H004,2025-04-29,-0.06950000000000056,3
H004,2025-04-30,-0.07250000000000068,3
H004,2025-05-01,-0.06950000000000056,3
H004,2025-05-02,-0.18212500000000054,2
H004,2025-05-03,0.03149999999999986,3
H004,2025-05-04,0.8421250000000002,2
H004,2025-05-05,0.8666249999999991,2
H004,2025-05-06,-0.11612500000000026,4
H004,2025-05-07,-0.052625000000000144,4
H004,2025-05-08,-0.07750000000000057,3
H004,2025-05-09,0.03824999999999967,3
H004,2025-05-10,-0.09550000000000036,3
H004,2025-05-11,-0.07874999999999943,3
H004,2025-05-12,0.8086249999999993,2
H004,2025-05-13,-0.09662500000000063,4
H004,2025-05-14,-0.08000000000000007,3
H004,2025-05-15,-0.07050000000000045,3
H004,2025-05-16,0.06599999999999895,2
H004,2025-05-17,,1
H004,2025-05-18,-0.08250000000000046,3
H004,2025-05-19,-0.10150000000000059,3
H004,2025-05-20,-0.10750000000000037,3
H004,2025-05-21,-0.11850000000000005,3
H004,2025-05-22,-0.11650000000000027,3
H004,2025-05-23,-0.1265000000000005,3
H004,2025-05-24,-0.14650000000000052,3
H004,2025-05-25,-0.10800000000000054,3
H004,2025-05-26,-0.07000000000000028,3
H004,2025-05-27,-0.0365000000000002,3
H004,2025-05-28,-0.040000000000000036,3
H004,2025-05-29,-0.03850000000000042,3
H004,2025-05-30,-0.04150000000000009,3
H004,2025-05-31,-0.05750000000000011,3
H004,2025-06-01,-0.07400000000000029,3
H004,2025-06-02,-0.07550000000000034,3
H004,2025-06-03,-0.09100000000000019,3
H004,2025-06-04,-0.10800000000000054,3
H004,2025-06-05,-0.12450000000000028,3
H004,2025-06-06,0.8864999999999994,2
H004,2025-06-07,0.8679999999999994,2
H004,2025-06-08,0.8577499999999993,2
H004,2025-06-09,0.8389999999999995,2
H004,2025-06-10,0.8257500000000002,2
H004,2025-06-11,0.8154999999999992,2
H004,2025-06-12,0.7977499999999997,2
H004,2025-06-13,0.7889999999999993,2
H004,2025-06-14,-0.24849999999999994,3
H004,2025-06-15,0.8019999999999987,2
H004,2025-06-16,0.810249999999999,2
H004,2025-06-17,0.8052499999999987,2
H004,2025-06-18,0.8187499999999996,2
H004,2025-06-20,0.8212499999999991,2
H004,2025-06-21,0.8177499999999993,2
H004,2025-06-22,0.8224999999999998,2
H004,2025-06-23,,1
H004,2025-06-24,0.8497499999999998,2
H004,2025-06-25,,1
H004,2025-06-26,0.8312499999999989,2
H004,2025-06-27,0.8204999999999991,2
H004,2025-06-28,0.8209999999999997,2
H004,2025-06-29,0.8307499999999992,2
H004,2025-06-30,0.8287499999999994,2
H004,2025-07-01,0.8277499999999991,2
H004,2025-07-02,0.8289999999999993,2
H004,2025-07-03,0.8174999999999999,2
H004,2025-07-05,0.8269999999999995,2
H004,2025-07-06,,1
H004,2025-07-07,,1
H004,2025-07-08,,1
H004,2025-07-09,,1
H004,2025-07-10,,1
H004,2025-07-11,,1
H004,2025-07-12,,1
H004,2025-07-13,,1
H004,2025-07-14,,1
H004,2025-07-15,,1
H004,2025-07-16,,1
H004,2025-07-20,,1
H004,2025-07-21,,1
H004,2025-07-23,,1
H004,2025-07-24,,1
H004,2025-07-27,,1
H004,2025-07-29,,1
H004,2025-07-30,,1
H004,2025-07-31,,1
H004,2025-08-01,,1
H004,2025-08-02,,1
H004,2025-08-03,,1
H004,2025-08-04,,1
H004,2025-08-05,,1
H004,2025-08-06,,1
H004,2025-08-07,,1
H004,2025-08-08,,1
H004,2025-08-09,,1
H004,2025-08-10,,1
H004,2025-08-11,,1
H004,2025-08-13,,1
H004,2025-08-18,,1
H004,2025-08-20,,1
H004,2025-08-21,,1
H004,2025-08-22,,1
H004,2025-08-23,,1
H004,2025-08-24,,1
H004,2025-08-25,,1
H004,2025-08-27,,1
H004,2025-08-28,,1
H004,2025-09-01,,1
H004,2025-09-02,,1
H004,2025-09-03,,1
H004,2025-09-04,,1
H004,2025-09-05,,1
H004,2025-09-06,,1
H004,2025-09-07,,1
H004,2025-09-08,,1
H004,2025-09-09,,1
H004,2025-09-10,,1
H004,2025-09-11,,1
H004,2025-09-12,,1
H004,2025-09-13,,1
H004,2025-09-14,,1
H004,2025-09-15,,1
H004,2025-09-16,,1
H004,2025-09-17,,1
H004,2025-09-18,,1
H004,2025-09-20,,1
H004,2025-09-21,,1
H004,2025-09-24,,1
H004,2025-09-25,,1
H004,2025-09-26,,1
H004,2025-09-27,,1
H004,2025-09-28,,1
H004,2025-09-29,,1
H004,2025-09-30,,1
H004,2025-10-01,,1
H002,2022-08-18,,1
H002,2022-08-19,,2
H002,2022-08-20,,2
H002,2022-08-21,,2
H002,2022-08-22,,2
H002,2022-08-23,,2
H002,2022-08-24,,2
H002,2022-08-25,,2
H002,2022-08-26,,2
H002,2022-08-27,,2
H002,2022-08-28,,2
H002,2022-08-29,,2
H002,2022-08-30,,2
H002,2022-08-31,,2
H002,2022-09-01,,2
H002,2022-09-02,,2
H002,2022-09-03,,2
H002,2022-09-04,,2
H002,2022-09-05,,2
H002,2022-09-06,,2
H002,2022-09-07,,2
H002,2022-09-08,,2
H002,2022-09-09,,2
H002,2022-09-10,,2
H002,2022-09-11,,2
H002,2022-09-12,,2
H002,2022-09-13,,2
H002,2022-09-14,,2
H002,2022-09-15,,2
H002,2022-09-16,,2
H002,2022-09-17,,2
H002,2022-09-18,,2
H002,2022-09-19,,2
H002,2022-09-20,,2
H002,2022-09-21,,2
H002,2022-09-22,,2
H002,2022-09-23,,2
H002,2022-09-24,,2
H002,2022-09-25,,2
H002,2022-09-26,,2
H002,2022-09-27,,2
H002,2022-09-28,,2
H002,2022-09-29,,2
H002,2022-09-30,,2
H002,2022-10-01,,2
H002,2022-10-02,,2
H002,2022-10-03,,2
H002,2022-10-04,,2
H002,2022-10-05,,2
H002,2022-10-06,,2
H002,2022-10-07,,2
H002,2022-10-08,,2
H002,2022-10-09,,2
H002,2022-10-10,,2
H002,2022-10-11,,2
H002,2022-10-12,,2
H002,2022-10-13,,2
H002,2022-10-14,,2
H002,2022-10-15,,2
H002,2022-10-16,,2
H002,2022-10-17,,2
H002,2022-10-18,,2
H002,2022-10-19,,2
H002,2022-10-20,,2
H002,2022-10-21,,2
H002,2022-10-22,,2
H002,2022-10-23,,2
H002,2022-10-24,,2
H002,2022-10-25,,2
H002,2022-10-26,,2
H002,2022-10-27,,2
H002,2022-10-28,,2
H002,2022-10-29,,2
H002,2022-10-30,,2
H002,2022-10-31,,2
H002,2022-11-01,,2
H002,2022-11-02,,2
H002,2022-11-03,,2
H002,2022-11-04,,2
H002,2022-11-05,,2
H002,2022-11-06,,2
H002,2022-11-07,,2
H002,2022-11-08,,2
H002,2022-11-09,,2
H002,2022-11-10,,2
H002,2022-11-11,,2
H002,2022-11-12,,2
H002,2022-11-13,,2
H002,2022-11-14,,2
H002,2022-11-15,,2
H002,2022-11-16,,2
H002,2022-11-17,,2
H002,2022-11-18,,2
H002,2022-11-19,,2
H002,2022-11-20,,2
H002,2022-11-21,,2
H002,2022-11-22,,2
H002,2022-11-23,,2
H002,2022-11-24,,2
H002,2022-11-25,,2
H002,2022-11-26,,2
H002,2022-11-27,,2
H002,2022-11-28,,2
H002,2022-11-29,,2
H002,2022-11-30,,2
H002,2022-12-01,,2
H002,2022-12-02,,2
H002,2022-12-03,,2
H002,2022-12-04,,2
H002,2022-12-05,,2
H002,2022-12-06,,2
H002,2022-12-07,,2
H002,2022-12-08,,2
H002,2022-12-09,,2
H002,2022-12-10,,2
H002,2022-12-11,,2
H002,2022-12-12,,2
H002,2022-12-13,,2
H002,2022-12-14,,2
H002,2022-12-15,,2
H002,2022-12-16,,2
H002,2022-12-17,,2
H002,2022-12-18,,2
H002,2022-12-19,,2
H002,2022-12-20,,2
H002,2022-12-21,,2
H002,2022-12-22,,2
H002,2022-12-23,,2
H002,2022-12-24,,2
H002,2022-12-25,,2
H002,2022-12-26,,2
H002,2022-12-27,,2
H002,2022-12-28,,2
H002,2022-12-29,,2
H002,2022-12-30,,2
H002,2022-12-31,,2
H002,2023-01-01,,2
H002,2023-01-02,,2
H002,2023-01-03,,2
H002,2023-01-04,,2
H002,2023-01-05,,2
H002,2023-01-06,,2
H002,2023-01-07,,2
H002,2023-01-08,,2
H002,2023-01-09,,2
H002,2023-01-10,,2
H002,2023-01-11,,2
H002,2023-01-12,,2
H002,2023-01-13,,2
H002,2023-01-14,,2
H002,2023-01-15,,2
H002,2023-01-16,,2
H002,2023-01-17,,2
H002,2023-01-18,,2
H002,2023-01-19,,2
H002,2023-01-20,,2
H002,2023-01-21,,2
H002,2023-01-22,,2
H002,2023-01-23,,2
H002,2023-01-24,,2
H002,2023-01-25,,2
H002,2023-01-26,,2
H002,2023-01-27,,2
H002,2023-01-28,,2
H002,2023-01-29,,2
H002,2023-01-30,,2
H002,2023-01-31,,2
H002,2023-02-01,,2
H002,2023-02-02,,2
H002,2023-02-03,,2
H002,2023-02-04,,2
H002,2023-02-05,,2
H002,2023-02-06,,2
H002,2023-02-07,,2
H002,2023-02-08,,2
H002,2023-02-09,,2
H002,2023-02-10,,2
H002,2023-02-11,,2
H002,2023-02-12,,2
H002,2023-02-13,,2
H002,2023-02-14,,2
H002,2023-02-15,,2
H002,2023-02-16,,2
H002,2023-02-17,,2
H002,2023-02-18,,2
H002,2023-02-19,,2
H002,2023-02-20,,2
H002,2023-02-21,,2
H002,2023-02-22,,2
H002,2023-02-23,,2
H002,2023-02-24,,2
H002,2023-02-25,,2
H002,2023-02-26,,2
H002,2023-02-27,,2
H002,2023-02-28,,2
H002,2023-03-01,,2
H002,2023-03-02,,2
H002,2023-03-03,,2
H002,2023-03-04,,2
H002,2023-03-05,,2
H002,2023-03-06,,2
H002,2023-03-07,,2
H002,2023-03-08,,2
H002,2023-03-09,,2
H002,2023-03-10,,2
H002,2023-03-11,,2
H002,2023-03-12,,2
H002,2023-03-13,,2
H002,2023-03-14,,2
H002,2023-03-15,,2
H002,2023-03-16,,2
H002,2023-03-17,,2
H002,2023-03-18,,2
H002,2023-03-19,,2
H002,2023-03-20,,2
H002,2023-03-21,,2
H002,2023-03-22,,2
H002,2023-03-23,,2
H002,2023-03-24,,2
H002,2023-03-25,,2
H002,2023-03-26,,2
H002,2023-03-27,,2
H002,2023-03-28,,2
H002,2023-03-29,,2
H002,2023-03-30,,2
H002,2023-03-31,,2
H002,2023-04-01,,2
H002,2023-04-02,,2
H002,2023-04-03,,2
H002,2023-04-04,,2
H002,2023-04-05,,2
H002,2023-04-06,,2
H002,2023-04-07,,2
H002,2023-04-08,,2
H002,2023-04-09,,2
H002,2023-04-10,,2
H002,2023-04-11,,2
H002,2023-04-12,,2
H002,2023-04-13,,2
H002,2023-04-14,,2
H002,2023-04-15,,2
H002,2023-04-16,,2
H002,2023-04-17,,2
H002,2023-04-18,,2
H002,2023-04-19,,2
H002,2023-04-20,,2
H002,2023-04-21,,2
H002,2023-04-22,,2
H002,2023-04-23,,2
H002,2023-04-24,,2
H002,2023-04-25,,2
H002,2023-04-26,,2
H002,2023-04-27,,2
H002,2023-04-28,0.17999999999999972,3
H002,2023-04-29,0.19200000000000017,3
H002,2023-04-30,0.19550000000000267,3
H002,2023-05-01,0.19700000000000273,3
H002,2023-05-02,0.19050000000000367,3
H002,2023-05-03,0.17800000000000082,3
H002,2023-05-04,0.2615000000000016,3
H002,2023-05-05,0.24600000000000222,3
H002,2023-05-06,0.23150000000000048,3
H002,2023-05-07,0.2295000000000016,3
H002,2023-05-08,0.22800000000000153,3
H002,2023-05-09,0.2050000000000054,3
H002,2023-05-10,0.20400000000000063,3
H002,2023-05-11,0.204500000000003,3
H002,2023-05-12,0.20500000000000185,3
H002,2023-05-13,0.18900000000000006,3
H002,2023-05-14,0.13700000000000045,3
H002,2023-05-15,0.17300000000000182,3
H002,2023-05-16,0.20000000000000284,3
H002,2023-05-17,0.0835000000000008,3
H002,2023-05-18,0.1670000000000016,3
H002,2023-05-19,0.0765000000000029,3
H002,2023-05-20,0.19000000000000483,3
H002,2023-05-21,0.09600000000000364,3
H002,2023-05-22,0.09550000000000125,3
H002,2023-05-23,-0.013999999999995794,3
H002,2023-05-24,0.13950000000000173,3
H002,2023-05-25,0.07950000000000301,3
H002,2023-05-26,0.13250000000000028,3
H002,2023-05-27,0.08550000000000324,3
H002,2023-05-28,0.07450000000000045,3
H002,2023-05-29,0.12400000000000233,3
H002,2023-05-30,0.1680000000000028,3
H002,2023-05-31,0.07350000000000279,3
H002,2023-06-01,0.17500000000000426,3
H002,2023-06-02,0.06900000000000261,3
H002,2023-06-03,0.11500000000000199,3
H002,2023-06-04,0.0519999999999996,3
H002,2023-06-05,-0.09199999999999875,3
H002,2023-06-06,-0.026499999999998636,3
H002,2023-06-07,-0.009499999999999176,3
H002,2023-06-08,-0.050499999999999545,3
H002,2023-06-09,0.0,3
H002,2023-06-10,0.06400000000000361,3
H002,2023-06-11,0.030000000000001137,3
H002,2023-06-12,-0.11799999999999855,3
H002,2023-06-13,-0.21599999999999753,3
H002,2023-06-14,-0.1524999999999963,3
H002,2023-06-15,0.0519999999999996,3
H002,2023-06-16,-0.19399999999999906,3
H002,2023-06-17,-0.1839999999999975,3
H002,2023-06-18,0.04650000000000176,3
H002,2023-06-19,0.050499999999999545,3
H002,2023-06-20,0.06050000000000466,3
H002,2023-06-21,0.05000000000000426,3
H002,2023-06-22,-0.0764999999999958,3
H002,2023-06-23,-0.20599999999999596,3
H002,2023-06-24,-0.1634999999999991,3
H002,2023-06-25,-0.18799999999999883,3
H002,2023-06-26,-0.16049999999999898,3
H002,2023-06-27,-0.1664999999999992,3
H002,2023-06-28,-0.19549999999999557,3
H002,2023-06-29,-0.3539999999999992,3
H002,2023-06-30,-0.41249999999999787,3
H002,2023-07-01,-0.3464999999999989,3
H002,2023-07-02,-0.5359999999999978,3
H002,2023-07-03,-0.5285000000000011,3
H002,2023-07-04,-0.5339999999999989,3
H002,2023-07-05,-0.40399999999999636,3
H002,2023-07-06,-0.1769999999999996,3
H002,2023-07-07,-0.5249999999999986,3
H002,2023-07-08,-0.3889999999999958,3
H002,2023-07-09,-0.295499999999997,3
H002,2023-07-10,0.02400000000000091,3
H002,2023-07-11,-0.25349999999999895,3
H002,2023-07-12,-0.3114999999999988,3
H002,2023-07-13,-0.23699999999999832,3
H002,2023-07-14,-0.08849999999999625,3
H002,2023-07-15,-0.3164999999999978,3
H002,2023-07-16,-0.31049999999999756,3
H002,2023-07-17,-0.37249999999999517,3
H002,2023-07-18,-0.29699999999999704,3
H002,2023-07-19,-0.22199999999999775,3
H002,2023-07-20,-0.2609999999999957,3
H002,2023-07-21,-0.41199999999999903,3
H002,2023-07-22,-0.43599999999999994,3
H002,2023-07-23,-0.5379999999999967,3
H002,2023-07-24,-0.39899999999999736,3
H002,2023-07-25,-0.5655000000000001,3
H002,2023-07-26,-0.46399999999999864,3
H002,2023-07-27,-0.26200000000000045,3
H002,2023-07-28,-0.26500000000000057,3
H002,2023-07-29,0.02850000000000108,3
H002,2023-07-30,-0.13249999999999673,3
H002,2023-07-31,-0.1634999999999991,3
H002,2023-08-01,,1
H002,2023-08-02,-0.2544999999999966,3
H002,2023-08-03,-0.18599999999999994,3
H002,2023-08-04,-0.33500000000000085,3
H002,2023-08-05,-0.018000000000000682,3
H002,2023-08-06,-0.16949999999999932,3
H002,2023-08-07,-0.24149999999999494,3
H002,2023-08-08,-0.20599999999999596,3
H002,2023-08-09,-0.2414999999999985,3
H002,2023-08-10,-0.1734999999999971,3
H002,2023-08-11,-0.038999999999997925,3
H002,2023-08-12,-0.12399999999999523,3
H002,2023-08-13,-0.2809999999999988,3
H002,2023-08-14,-0.13949999999999818,3
H002,2023-08-15,-0.2924999999999969,3
H002,2023-08-16,-0.410499999999999,3
H002,2023-08-17,-0.17449999999999832,3
H002,2023-08-18,-0.47399999999999665,3
H002,2023-08-19,-0.16249999999999787,3
H002,2023-08-20,-0.28949999999999676,3
H002,2023-08-21,-0.4809999999999981,3
H002,2023-08-22,-0.32099999999999795,3
H002,2023-08-23,-0.27899999999999636,3
H002,2023-08-24,-0.26599999999999824,3
H002,2023-08-25,-0.15199999999999747,3
H002,2023-08-26,0.040500000000001535,3
H002,2023-08-27,-0.26549999999999585,3
H002,2023-08-28,-0.3644999999999996,3
H002,2023-08-29,-0.5274999999999963,3
H002,2023-08-30,-0.4659999999999975,3
H002,2023-08-31,-0.5259999999999962,3
H002,2023-09-01,-1.1442499999999987,4
H002,2023-09-02,,2
H002,2023-09-03,,1
H002,2023-09-04,,1
H002,2023-09-05,,2
H002,2023-09-06,-1.355249999999999,4
H002,2023-09-07,-1.3427499999999988,4
H002,2023-09-08,-1.320249999999998,4
H002,2023-09-09,-1.3042500000000006,4
H002,2023-09-10,-1.2279999999999989,4
H002,2023-09-11,-1.1829999999999998,4
H002,2023-09-12,-1.147499999999999,4
H002,2023-09-13,-1.221,4
H002,2023-09-14,-0.2669999999999959,3
H002,2023-09-15,-1.0159999999999982,4
H002,2023-09-16,-1.0719999999999974,4
H002,2023-09-17,-0.8487499999999981,4
H002,2023-09-18,-0.820999999999998,4
H002,2023-09-19,-0.8417499999999976,4
H002,2023-09-20,-0.8317499999999978,4
H002,2023-09-21,-0.7669999999999977,4
H002,2023-09-22,-0.7794999999999987,4
H002,2023-09-23,-0.7502499999999994,4
H002,2023-09-24,-0.5964999999999971,4
H002,2023-09-25,-0.5017499999999977,4
H002,2023-09-26,-0.48499999999999766,4
H002,2023-09-27,-0.4532499999999988,4
H002,2023-09-28,-0.45674999999999777,4
H002,2023-09-29,-0.4399999999999977,4
H002,2023-09-30,-0.5189999999999966,4
H002,2023-10-01,-1.1075,4
H002,2023-10-02,-0.9487499999999969,4
H002,2023-10-03,-0.5667499999999972,4
H002,2023-10-04,-0.47274999999999956,4
H002,2023-10-05,-0.4492499999999975,4
H002,2023-10-06,-0.3822499999999964,4
H002,2023-10-07,-0.5179999999999971,4
H002,2023-10-08,-0.4174999999999969,4
H002,2023-10-09,-0.4814999999999987,4
H002,2023-10-10,-0.4704999999999977,4
H002,2023-10-11,0.008000000000002672,3
H002,2023-10-12,,2
H002,2023-10-13,-0.3817499999999985,4
H002,2023-10-14,-0.34499999999999886,4
H002,2023-10-15,-0.3719999999999999,4
H002,2023-10-16,-0.8599999999999985,4
H002,2023-10-17,-0.3514999999999997,4
H002,2023-10-18,-0.36575000000000024,4
H002,2023-10-19,-0.3612499999999983,4
H002,2023-10-20,-0.36699999999999733,4
H002,2023-10-21,,2
H002,2023-10-22,-0.9444999999999979,3
H002,2023-10-23,,2
H002,2023-10-24,,2
H002,2023-10-25,-0.6894999999999989,3
H002,2023-10-26,-0.0764999999999958,4
H002,2023-10-27,-0.4134999999999991,4
H002,2023-10-28,-0.2782499999999981,4
H002,2023-10-29,-0.21774999999999878,4
H002,2023-10-30,-0.20599999999999952,4
H002,2023-10-31,-0.19274999999999842,4
H002,2023-11-01,-0.26374999999999904,4
H002,2023-11-02,-0.12174999999999869,4
H002,2023-11-03,-0.09649999999999714,4
H002,2023-11-04,-0.08224999999999838,4
H002,2023-11-05,-0.10774999999999935,4
H002,2023-11-06,-0.11449999999999871,4
H002,2023-11-07,-0.040249999999998565,4
H002,2023-11-08,-0.03174999999999706,4
H002,2023-11-09,0.0012500000000015277,4
H002,2023-11-10,0.0035000000000007248,4
H002,2023-11-11,0.060000000000001386,4
H002,2023-11-12,0.07025000000000325,4
H002,2023-11-13,0.08075000000000188,4
H002,2023-11-14,0.11400000000000077,4
H002,2023-11-15,0.1650000000000018,4
H002,2023-11-16,0.17725000000000257,4
H002,2023-11-17,0.18375000000000252,4
H002,2023-11-18,0.21100000000000207,4
H002,2023-11-19,0.2587500000000027,4
H002,2023-11-20,0.5465000000000018,3
H002,2023-11-21,0.625,3
H002,2023-11-22,0.31975000000000264,4
H002,2023-11-23,0.318500000000002,4
H002,2023-11-24,0.30150000000000077,4
H002,2023-11-25,0.2842500000000019,4
H002,2023-11-26,0.2817500000000015,4
H002,2023-11-27,0.32700000000000173,4
H002,2023-11-28,0.360000000000003,4
H002,2023-11-29,0.4002500000000033,4
H002,2023-11-30,0.1180000000000021,4
H002,2023-12-01,-0.1137499999999978,4
H002,2023-12-02,0.16125000000000256,4
H002,2023-12-03,0.24925000000000175,4
H002,2023-12-04,0.2010000000000005,4
H002,2023-12-05,0.29900000000000304,4
H002,2023-12-06,0.22675000000000267,4
H002,2023-12-07,0.20124999999999993,4
H002,2023-12-08,-0.06299999999999528,5
H002,2023-12-09,-0.0659999999999954,5
H002,2023-12-10,-0.05699999999999861,5
H002,2023-12-11,-0.06099999999999994,5
H002,2023-12-12,-0.059499999999999886,5
H002,2023-12-13,-0.06499999999999773,5
H002,2023-12-14,-0.08099999999999596,5
H002,2023-12-15,-0.08799999999999741,5
H002,2023-12-16,-0.08199999999999719,5
H002,2023-12-17,-0.08199999999999719,5
H002,2023-12-18,-0.09949999999999903,5
H002,2023-12-19,-0.10549999999999926,5
H002,2023-12-20,-0.1039999999999992,5
H002,2023-12-21,-0.08799999999999741,5
H002,2023-12-22,-0.08199999999999719,5
H002,2023-12-23,-0.09649999999999892,5
H002,2023-12-24,-0.11699999999999733,5
H002,2023-12-25,-0.10799999999999699,5
H002,2023-12-26,-0.09899999999999665,5
H002,2023-12-27,-0.1039999999999992,5
H002,2023-12-28,-0.09949999999999903,5
H002,2023-12-29,0.4765000000000015,5
H002,2023-12-30,-0.09699999999999775,5
H002,2023-12-31,-0.09149999999999636,5
H002,2024-01-01,-0.0954999999999977,5
H002,2024-01-02,-0.09449999999999648,5
H002,2024-01-03,-0.08849999999999625,5
H002,2024-01-04,-0.08799999999999741,5
H002,2024-01-05,-0.08749999999999858,5
H002,2024-01-06,-0.09999999999999787,5
H002,2024-01-07,-0.10949999999999704,5
H002,2024-01-08,-0.10799999999999699,5
H002,2024-01-09,-0.10499999999999687,5
H002,2024-01-10,-0.10949999999999704,5
H002,2024-01-11,0.29249999999999865,5
H002,2024-01-12,-0.09849999999999781,5
H002,2024-01-13,-0.09399999999999764,5
H002,2024-01-14,-0.09249999999999758,5
H002,2024-01-15,-0.09499999999999886,5
H002,2024-01-16,-0.08849999999999625,5
H002,2024-01-17,-0.08899999999999864,5
H002,2024-01-18,0.3060000000000045,5
H002,2024-01-19,-0.026500000000000412,5
H002,2024-01-20,-0.11349999999999483,5
H002,2024-01-21,-0.02450000000000152,5
H002,2024-01-22,-0.11499999999999844,5
H002,2024-01-23,-0.11199999999999832,5
H002,2024-01-24,-0.11699999999999733,5
H002,2024-01-25,-0.1280000000000001,5
H002,2024-01-26,-0.134999999999998,5
H002,2024-01-27,-0.12599999999999767,5
H002,2024-01-28,-0.11999999999999744,5
H002,2024-01-29,-0.12299999999999756,5
H002,2024-01-30,-0.1214999999999975,5
H002,2024-01-31,-0.12799999999999656,5
H002,2024-02-01,-0.117999999999995,5
H002,2024-02-02,-0.134999999999998,5
H002,2024-02-03,-0.12849999999999895,5
H002,2024-02-04,-0.12599999999999767,5
H002,2024-02-05,-0.13799999999999812,5
H002,2024-02-06,-0.14000000000000057,5
H002,2024-02-07,-0.14799999999999613,5
H002,2024-02-08,-0.1444999999999972,5
H002,2024-02-09,-0.15149999999999864,5
H002,2024-02-10,-0.15549999999999642,5
H002,2024-02-11,0.8704999999999998,5
H002,2024-02-12,0.0804999999999989,5
H002,2024-02-13,0.41050000000000253,5
H002,2024-02-14,-0.15099999999999625,5
H002,2024-02-15,-0.028499999999999304,5
H002,2024-02-16,-0.15699999999999648,5
H002,2024-02-17,-0.051000000000000156,5
H002,2024-02-18,0.317499999999999,5
H002,2024-02-19,-0.13450000000000095,5
H002,2024-02-20,-0.2594999999999992,5
H002,2024-02-21,-0.15500000000000114,5
H002,2024-02-22,0.516,5
H002,2024-02-23,-0.03950000000000031,5
H002,2024-02-24,-0.006999999999999673,5
H002,2024-02-25,0.22750000000000092,5
H002,2024-02-26,-0.09249999999999936,5
H002,2024-02-27,-0.009500000000000952,5
H002,2024-02-28,-0.23000000000000043,5
H002,2024-02-29,-0.2924999999999969,5
H002,2024-03-01,-0.2655000000000012,5
H002,2024-03-02,-0.1485000000000003,5
H002,2024-03-03,-0.2734999999999985,5
H002,2024-03-04,-0.29199999999999804,5
H002,2024-03-05,-0.19200000000000017,5
H002,2024-03-06,-0.12899999999999956,5
H002,2024-03-07,-0.012999999999998124,5
H002,2024-03-08,0.13750000000000284,5
H002,2024-03-09,0.19500000000000028,5
H002,2024-03-10,0.12400000000000233,5
H002,2024-03-11,0.10900000000000176,5
H002,2024-03-12,0.005500000000001393,5
H002,2024-03-13,-0.04049999999999976,5
H002,2024-03-14,0.006999999999999673,5
H002,2024-03-15,0.07200000000000095,5
H002,2024-03-16,0.3815000000000026,5
H002,2024-03-17,0.27050000000000196,5
H002,2024-03-18,0.12700000000000067,5
H002,2024-03-19,0.09950000000000081,5
H002,2024-03-20,0.07650000000000112,5
H002,2024-03-21,0.13250000000000117,4
H002,2024-03-22,0.027000000000001023,4
H002,2024-03-23,0.08800000000000185,4
H002,2024-03-24,0.11250000000000071,4
H002,2024-03-25,0.0627500000000012,4
H002,2024-03-26,0.09775000000000045,4
H002,2024-03-27,0.14525000000000077,4
H002,2024-03-28,0.06975000000000087,4
H002,2024-03-29,0.10750000000000082,4
H002,2024-03-30,0.09600000000000097,4
H002,2024-03-31,0.07275000000000098,4
H002,2024-04-01,0.08275000000000077,4
H002,2024-04-02,0.04825000000000035,4
H002,2024-04-03,0.027000000000000135,4
H002,2024-04-04,-0.025999999999998025,4
H002,2024-04-05,-0.07624999999999993,4
H002,2024-04-06,-0.067499999999999,4
H002,2024-04-07,-0.10624999999999929,4
H002,2024-04-08,-0.04774999999999974,4
H002,2024-04-09,-0.026499999999998636,4
H002,2024-04-10,0.061500000000000554,4
H002,2024-04-11,-0.004999999999999005,4
H002,2024-04-12,0.01550000000000118,4
H002,2024-04-13,0.0070000000000014495,4
H002,2024-04-14,0.01750000000000096,4
H002,2024-04-15,0.0002500000000011937,4
H002,2024-04-16,0.017750000000001265,4
H002,2024-04-17,0.010000000000000675,4
H002,2024-04-18,-0.006249999999999645,4
H002,2024-04-19,-0.0572499999999998,4
H002,2024-04-20,-0.06099999999999817,4
H002,2024-04-21,0.042500000000001315,4
H002,2024-04-22,0.04125000000000156,4
H002,2024-04-23,0.15850000000000097,4
H002,2024-04-24,-0.05299999999999905,4
H002,2024-04-25,-0.06099999999999994,4
H002,2024-04-26,-0.03524999999999778,4
H002,2024-04-27,0.12675000000000125,4
H002,2024-04-28,0.4380000000000024,5
H002,2024-04-29,0.11350000000000193,5
H002,2024-04-30,0.04650000000000176,5
H002,2024-05-01,0.32450000000000045,5
H002,2024-05-02,0.1235000000000035,5
H002,2024-05-03,0.6400000000000006,5
H002,2024-05-04,0.45200000000000173,5
H002,2024-05-05,0.6090000000000018,5
H002,2024-05-06,0.5175000000000054,5
H002,2024-05-07,0.5560000000000009,5
H002,2024-05-08,0.32750000000000057,5
H002,2024-05-09,-0.03999999999999915,5
H002,2024-05-10,0.30425000000000146,4
H002,2024-05-11,0.12425000000000175,4
H002,2024-05-12,-0.045999999999999375,5
H002,2024-05-13,-0.051499999999997215,5
H002,2024-05-14,0.09450000000000358,5
H002,2024-05-15,-0.24349999999999739,5
H002,2024-05-16,-0.2079999999999984,5
H002,2024-05-17,-0.14649999999999608,5
H002,2024-05-18,-0.3185000000000002,5
H002,2024-05-19,-0.3484999999999978,5
H002,2024-05-20,-0.25199999999999534,5
H002,2024-05-21,-0.4089999999999989,5
H002,2024-05-22,-0.4194999999999993,5
H002,2024-05-23,-0.42299999999999827,5
H002,2024-05-24,-0.42249999999999943,5
H002,2024-05-25,-0.4159999999999968,5
H002,2024-05-26,-0.415499999999998,5
H002,2024-05-27,-0.22649999999999793,5
H002,2024-05-28,-0.40449999999999875,5
H002,2024-05-29,-0.4024999999999963,5
H002,2024-05-30,-0.4174999999999969,5
H002,2024-05-31,-0.42849999999999966,5
H002,2024-06-01,-0.4359999999999964,5
H002,2024-06-02,-0.4439999999999955,5
H002,2024-06-03,-0.4469999999999992,5
H002,2024-06-04,-0.37699999999999534,5
H002,2024-06-05,-0.43849999999999767,5
H002,2024-06-06,-0.45599999999999596,5
H002,2024-06-07,-0.4539999999999971,5
H002,2024-06-08,-0.3509999999999991,5
H002,2024-06-09,-0.4514999999999958,5
H002,2024-06-10,-0.45649999999999835,5
H002,2024-06-11,-0.45349999999999824,5
H002,2024-06-12,-0.45099999999999696,5
H002,2024-06-13,-0.44999999999999574,5
H002,2024-06-14,-0.44650000000000034,5
H002,2024-06-15,-0.4514999999999958,5
H002,2024-06-16,-0.44650000000000034,5
H002,2024-06-17,-0.44999999999999574,5
H002,2024-06-18,-0.9499999999999993,5
H002,2024-06-19,-0.415499999999998,5
H002,2024-06-20,-0.41799999999999926,5
H002,2024-06-21,-0.4464999999999968,5
H002,2024-06-22,-1.0829999999999984,5
H002,2024-06-23,-0.7109999999999985,5
H002,2024-06-24,-0.45649999999999835,5
H002,2024-06-25,-1.0544999999999973,5
H002,2024-06-26,-1.1439999999999984,5
H002,2024-06-27,-0.47499999999999787,5
H002,2024-06-28,-0.9814999999999969,5
H002,2024-06-29,-0.442499999999999,5
H002,2024-06-30,-0.6729999999999983,5
H002,2024-07-01,-0.714500000000001,5
H002,2024-07-02,-0.7574999999999967,5
H002,2024-07-03,-1.1724999999999994,5
H002,2024-07-04,-0.4539999999999971,5
H002,2024-07-05,-0.43799999999999883,5
H002,2024-07-06,-0.81325,4
H002,2024-07-07,-0.4469999999999956,5
H002,2024-07-08,-0.47199999999999775,5
H002,2024-07-09,-0.48499999999999943,5
H002,2024-07-10,0.6787500000000017,4
H002,2024-07-11,-0.901749999999998,4
H002,2024-07-12,-0.44899999999999807,5
H002,2024-07-13,-0.452499999999997,5
H002,2024-07-14,-0.49149999999999494,5
H002,2024-07-15,-0.457499999999996,5
H002,2024-07-16,-0.4714999999999989,5
H002,2024-07-17,-0.46999999999999886,5
H002,2024-07-18,-0.4674999999999976,5
H002,2024-07-19,-0.4544999999999959,5
H002,2024-07-20,-0.46399999999999864,5
H002,2024-07-21,-0.5019999999999953,5
H002,2024-07-22,-0.4619999999999962,5
H002,2024-07-23,-0.46399999999999864,5
H002,2024-07-24,-0.5574999999999974,5
H002,2024-07-25,-0.5589999999999975,5
H002,2024-07-26,-1.2169999999999987,5
H002,2024-07-27,-0.45599999999999596,5
H002,2024-07-28,-0.5159999999999982,5
H002,2024-07-29,-0.4629999999999974,5
H002,2024-07-30,-0.4754999999999967,5
H002,2024-07-31,-1.0449999999999964,4
H002,2024-08-01,,2
H002,2024-08-02,,2
H002,2024-08-03,,2
H002,2024-08-04,,2
H002,2024-08-05,,2
H002,2024-08-06,,2
H002,2024-08-07,,2
H002,2024-08-08,,2
H002,2024-08-09,,2
H002,2024-08-10,,2
H002,2024-08-11,,2
H002,2024-08-12,,2
H002,2024-08-13,,2
H002,2024-08-14,,2
H002,2024-08-15,,2
H002,2024-08-16,,2
H002,2024-08-17,,2
H002,2024-08-18,,2
H002,2024-08-19,,1
H002,2024-08-20,,1
H002,2024-08-21,,2
H002,2024-08-22,,1
H002,2024-08-23,,1
H002,2024-08-24,,2
H002,2024-08-25,,2
H002,2024-08-26,,2
H002,2024-08-27,,1
H002,2024-08-28,,2
H002,2024-08-29,,2
H002,2024-08-30,,2
H002,2024-08-31,,2
H002,2024-09-01,,2
H002,2024-09-02,,2
H002,2024-09-03,,2
H002,2024-09-04,,2
H002,2024-09-05,,2
H002,2024-09-06,,2
H002,2024-09-07,,2
H002,2024-09-08,,2
H002,2024-09-09,,2
H002,2024-09-10,,2
H002,2024-09-11,,2
H002,2024-09-12,,2
H002,2024-09-13,,2
H002,2024-09-14,,2
H002,2024-09-15,,2
H002,2024-09-16,,2
H002,2024-09-17,,2
H002,2024-09-18,,2
H002,2024-09-19,,2
H002,2024-09-20,,2
H002,2024-09-21,,2
H002,2024-09-22,,2
H002,2024-09-23,,2
H002,2024-09-24,,2
H002,2024-09-25,,2
H002,2024-09-26,,2
H002,2024-09-27,,2
H002,2024-09-28,,2
H002,2024-09-29,,2
H002,2024-09-30,,2
H002,2024-10-01,,2
H002,2024-10-02,,2
H002,2024-10-03,,2
H002,2024-10-04,,2
H002,2024-10-05,,2
H002,2024-10-06,,2
H002,2024-10-07,,2
H002,2024-10-08,,2
H002,2024-10-09,,2
H002,2024-10-10,,2
H002,2024-10-11,,2
H002,2024-10-12,,2
H002,2024-10-13,,2
H002,2024-10-14,,2
H002,2024-10-15,,2
H002,2024-10-16,,2
H002,2024-10-17,,2
H002,2024-10-18,,2
H002,2024-10-19,-0.6739999999999959,5
H002,2024-10-20,-0.22174999999999656,4
H002,2024-10-21,-0.2789999999999999,5
H002,2024-10-22,-0.34999999999999964,5
H002,2024-10-23,-0.3119999999999976,4
H002,2024-10-24,-0.22949999999999982,5
H002,2024-10-25,-0.35399999999999743,4
H002,2024-10-26,-0.4054999999999982,4
H002,2024-10-27,-0.3039999999999985,4
H002,2024-10-28,-0.3484999999999978,5
H002,2024-10-29,-0.31799999999999784,5
H002,2024-10-30,-0.26200000000000045,3
H002,2024-10-31,-0.2309999999999981,3
H002,2024-11-01,-0.22449999999999903,3
H002,2024-11-02,-0.3047499999999985,4
H002,2024-11-03,-0.26924999999999866,4
H002,2024-11-04,-0.22674999999999912,4
H002,2024-11-05,-0.1789999999999976,4
H002,2024-11-06,-0.12899999999999867,4
H002,2024-11-07,-0.04499999999999815,3
H002,2024-11-08,-0.036999999999999034,3
H002,2024-11-09,-0.07374999999999776,4
H002,2024-11-10,0.018000000000000682,3
H002,2024-11-11,0.054999999999999716,3
H002,2024-11-12,0.02525000000000155,4
H002,2024-11-13,0.06950000000000056,4
H002,2024-11-14,0.2585000000000015,4
H002,2024-11-15,0.16350000000000264,3
H002,2024-11-16,0.22300000000000253,4
H002,2024-11-17,0.18299999999999983,3
H002,2024-11-18,0.21850000000000147,4
H002,2024-11-19,0.24650000000000105,3
H002,2024-11-20,0.2170000000000023,3
H002,2024-11-21,0.21724999999999994,4
H002,2024-11-22,0.2532500000000022,4
H002,2024-11-23,0.3242500000000019,4
H002,2024-11-24,-0.10074999999999967,4
H002,2024-11-25,0.13175000000000203,4
H002,2024-11-26,0.19250000000000078,4
H002,2024-11-27,-0.03900000000000059,4
H002,2024-11-28,0.0012500000000006395,4
H002,2024-11-29,-0.00025000000000030553,4
H002,2024-11-30,0.024499999999998856,4
H002,2024-12-01,0.028750000000000497,4
H002,2024-12-02,0.026250000000001883,4
H002,2024-12-03,0.008750000000000036,4
H002,2024-12-04,-0.010250000000000092,4
H002,2024-12-05,-0.027500000000000746,4
H002,2024-12-06,-0.01899999999999924,4
H002,2024-12-07,-0.021249999999998437,4
H002,2024-12-08,-0.0514999999999981,4
H002,2024-12-09,-0.053999999999997605,4
H002,2024-12-10,-0.10599999999999987,4
H002,2024-12-11,-0.07700000000000085,4
H002,2024-12-12,-0.054499999999999105,4
H002,2024-12-13,-0.06325000000000003,4
H002,2024-12-14,-0.2220000000000013,3
H002,2024-12-15,-0.11224999999999863,4
H002,2024-12-16,-0.1274999999999995,4
H002,2024-12-17,-0.0890000000000013,4
H002,2024-12-18,-0.17400000000000038,4
H002,2024-12-19,-0.13149999999999995,4
H002,2024-12-20,-0.1109999999999971,5
H002,2024-12-21,0.0470000000000006,5
H002,2024-12-22,0.1305000000000014,5
H002,2024-12-23,0.2035000000000018,5
H002,2024-12-24,-0.02949999999999875,5
H002,2024-12-25,-0.04100000000000037,5
H002,2024-12-26,-0.12149999999999928,5
H002,2024-12-27,-0.3725000000000005,5
H002,2024-12-28,-0.14149999999999885,4
H002,2024-12-29,-0.12600000000000033,4
H002,2024-12-30,-0.004999999999999005,4
H002,2024-12-31,-0.012999999999998124,4
H002,2025-01-01,-0.37400000000000055,5
H002,2025-01-02,-0.3755000000000006,5
H002,2025-01-03,-0.33649999999999913,5
H002,2025-01-04,-0.33000000000000007,5
H002,2025-01-05,-0.38450000000000095,5
H002,2025-01-06,-0.40750000000000064,5
H002,2025-01-07,-0.41999999999999993,5
H002,2025-01-08,-0.4175000000000004,5
H002,2025-01-09,-0.4140000000000015,5
H002,2025-01-10,-0.45000000000000107,5
H002,2025-01-11,-0.01399999999999757,4
H002,2025-01-12,-0.029249999999997556,4
H002,2025-01-13,-0.6709999999999994,3
H002,2025-01-14,-0.5897500000000004,4
H002,2025-01-15,-0.5994999999999999,4
H002,2025-01-16,-0.6055000000000001,4
H002,2025-01-17,-0.6122500000000004,4
H002,2025-01-18,-0.6085000000000003,4
H002,2025-01-19,-0.6070000000000002,4
H002,2025-01-20,-0.6082499999999991,4
H002,2025-01-21,-0.6137500000000005,4
H002,2025-01-22,-0.6167500000000006,4
H002,2025-01-23,-0.6309999999999993,4
H002,2025-01-24,-0.6225000000000005,4
H002,2025-01-25,-0.6150000000000011,4
H002,2025-01-26,-0.5309999999999997,4
H002,2025-01-27,-0.39649999999999963,3
H002,2025-01-28,-0.33899999999999864,3
H002,2025-01-29,-0.4007500000000004,4
H002,2025-01-30,-0.45924999999999994,4
H002,2025-01-31,-0.43950000000000067,4
H002,2025-02-01,-0.41025000000000045,4
H002,2025-02-02,0.022999999999999687,3
H002,2025-02-03,-0.006000000000000227,3
H002,2025-02-04,-0.3200000000000003,4
H002,2025-02-05,-0.27200000000000024,4
H002,2025-02-06,-0.15824999999999978,4
H002,2025-02-07,-0.2685000000000004,4
H002,2025-02-08,-0.2897500000000006,4
H002,2025-02-09,-0.24774999999999991,4
H002,2025-02-10,-0.2292499999999995,4
H002,2025-02-11,-0.125,3
H002,2025-02-12,-0.13849999999999696,3
H002,2025-02-13,-0.12650000000000006,3
H002,2025-02-14,-0.06550000000000011,3
H002,2025-02-15,-0.08399999999999963,3
H002,2025-02-16,-0.05999999999999517,3
H002,2025-02-17,-0.11850000000000094,3
H002,2025-02-18,-0.28500000000000103,4
H002,2025-02-19,-0.28925,4
H002,2025-02-20,-0.15700000000000003,3
H002,2025-02-21,,2
H002,2025-02-22,,2
H002,2025-02-23,0.035000000000003695,3
H002,2025-02-24,0.013500000000000512,3
H002,2025-02-25,,1
H002,2025-02-26,,1
H002,2025-02-27,-0.01750000000000007,3
H002,2025-02-28,-0.09199999999999875,3
H002,2025-03-01,-0.11849999999999916,3
H002,2025-03-02,-0.13599999999999923,3
H002,2025-03-03,-0.14849999999999852,3
H002,2025-03-04,-0.15549999999999997,3
H002,2025-03-05,-0.17099999999999937,3
H002,2025-03-06,-0.17099999999999937,3
H002,2025-03-07,-0.1529999999999987,3
H002,2025-03-08,-0.10650000000000048,3
H002,2025-03-09,-0.06649999999999778,3
H002,2025-03-10,-0.19999999999999574,3
H002,2025-03-11,-0.17199999999999704,3
H002,2025-03-12,-0.14150000000000063,3
H002,2025-03-13,-0.09749999999999659,3
H002,2025-03-14,-0.04899999999999949,3
H002,2025-03-15,-0.08399999999999608,3
H002,2025-03-16,-0.06549999999999656,3
H002,2025-03-17,0.1460000000000008,3
H002,2025-03-18,-0.0009999999999976694,3
H002,2025-03-19,0.0710000000000015,3
H002,2025-03-20,-0.0034999999999989484,3
H002,2025-03-21,,2
H002,2025-03-22,0.09100000000000108,3
H002,2025-03-23,-0.011499999999998067,3
H002,2025-03-24,0.01600000000000179,3
H002,2025-03-25,0.005500000000001393,3
H002,2025-03-26,0.03249999999999886,3
H002,2025-03-27,,2
H002,2025-03-28,,2
H002,2025-03-29,,2
H002,2025-03-30,,2
H002,2025-03-31,,2
H002,2025-04-01,,2
H002,2025-04-02,,2
H002,2025-04-03,,2
H002,2025-04-04,,2
H002,2025-04-05,,2
H002,2025-04-06,,2
H002,2025-04-07,,1
H002,2025-04-08,,2
H002,2025-04-09,0.0389999999999997,3
H002,2025-04-10,,2
H002,2025-04-11,0.07699999999999996,3
H002,2025-04-12,0.0765000000000029,3
H002,2025-04-13,0.0940000000000012,3
H002,2025-04-14,0.04049999999999976,3
H002,2025-04-15,,2
H002,2025-04-16,0.03700000000000081,3
H002,2025-04-17,0.11599999999999966,3
H002,2025-04-18,0.11400000000000077,3
H002,2025-04-19,0.177500000000002,3
H002,2025-04-20,0.09800000000000075,3
H002,2025-04-21,0.4480000000000004,3
H002,2025-04-22,0.28500000000000014,3
H002,2025-04-23,,2
H002,2025-04-24,0.6210000000000004,3
H002,2025-04-25,0.3200000000000003,3
H002,2025-04-26,,2
H002,2025-04-27,0.42600000000000016,3
H002,2025-04-28,0.4389999999999983,3
H002,2025-04-29,0.37049999999999983,3
H002,2025-04-30,0.3569999999999993,3
H002,2025-05-01,0.42600000000000016,3
H002,2025-05-02,0.4125000000000014,3
H002,2025-05-03,,2
H002,2025-05-04,,1
H002,2025-05-05,,2
H002,2025-05-06,,2
H002,2025-05-07,0.17849999999999966,3
H002,2025-05-08,0.22300000000000075,3
H002,2025-05-09,0.2525000000000013,3
H002,2025-05-10,,2
H002,2025-05-11,,2
H002,2025-05-12,,2
H002,2025-05-13,0.4604999999999997,3
H002,2025-05-14,0.3224999999999998,3
H002,2025-05-15,0.3274999999999988,3
H002,2025-05-16,,2
H002,2025-05-17,,2
H002,2025-05-18,,2
H002,2025-05-19,0.5655000000000001,3
H002,2025-05-20,0.9710000000000001,3
H002,2025-05-21,0.5225000000000009,3
H002,2025-05-22,0.46950000000000003,3
H002,2025-05-23,,2
H002,2025-05-24,,1
H002,2025-05-25,0.4834999999999994,3
H002,2025-05-26,0.4344999999999999,3
H002,2025-05-27,0.40300000000000047,3
H002,2025-05-28,0.39750000000000085,3
H002,2025-05-29,,2
H002,2025-05-30,0.3620000000000001,3
H002,2025-05-31,0.3609999999999989,3
H002,2025-06-01,0.33099999999999774,3
H002,2025-06-02,0.3534999999999986,3
H002,2025-06-03,0.36549999999999905,3
H002,2025-06-04,0.4989999999999988,3
H002,2025-06-05,0.47850000000000037,3
H002,2025-06-06,0.5640000000000001,3
H002,2025-06-07,0.3465000000000007,3
H002,2025-06-08,0.5700000000000003,3
H002,2025-06-09,0.5300000000000011,3
H002,2025-06-10,0.6349999999999998,3
H002,2025-06-11,-0.47499999999999787,3
H002,2025-06-12,,2
H002,2025-06-13,,2
H002,2025-06-14,,2
H002,2025-06-15,,2
H002,2025-06-16,,2
H002,2025-06-17,,1
H002,2025-06-18,,2
H002,2025-06-19,,2
H002,2025-06-20,,2
H002,2025-06-21,,2
H002,2025-06-22,,2
H002,2025-06-23,,1
H002,2025-06-24,,1
H002,2025-06-25,,1
H002,2025-06-27,,2
H002,2025-06-28,,1
H002,2025-06-29,,1
H002,2025-06-30,,1
H002,2025-07-01,,1
H002,2025-07-02,,1
H002,2025-07-03,,1
H002,2025-07-04,,1
H002,2025-07-05,,2
H002,2025-07-06,,2
H002,2025-07-07,,2
H002,2025-07-08,,1
H002,2025-07-09,,1
H002,2025-07-10,,1
H002,2025-07-11,,2
H002,2025-07-12,,2
H002,2025-07-13,,1
H002,2025-07-14,,2
H002,2025-07-15,,2
H002,2025-07-16,,2
H002,2025-07-20,,1
H002,2025-07-23,,1
H002,2025-07-24,,1
H002,2025-07-31,,1
H002,2025-08-01,,1
H002,2025-08-02,,1
H002,2025-08-03,,1
H002,2025-08-04,,1
H002,2025-08-05,,1
H002,2025-08-06,,1
H002,2025-08-07,,1
H002,2025-08-08,,1
H002,2025-08-09,,1
H002,2025-08-10,,1
H002,2025-08-11,,1
H002,2025-08-12,,1
H002,2025-08-20,,1
H002,2025-08-27,,1
H002,2025-08-28,,1
H003,2022-08-18,,1
H003,2022-08-19,,2
H003,2022-08-20,,2
H003,2022-08-21,,2
H003,2022-08-22,,2
H003,2022-08-23,,2
H003,2022-08-24,,2
H003,2022-08-25,,2
H003,2022-08-26,,2
H003,2022-08-27,,2
H003,2022-08-28,,2
H003,2022-08-29,,2
H003,2022-08-30,,2
H003,2022-08-31,,2
H003,2022-09-01,,2
H003,2022-09-02,,2
H003,2022-09-03,,2
H003,2022-09-04,,2
H003,2022-09-05,,2
H003,2022-09-06,,2
H003,2022-09-07,,2
H003,2022-09-08,,2
H003,2022-09-09,,2
H003,2022-09-10,,2
H003,2022-09-11,,2
H003,2022-09-12,,2
H003,2022-09-13,,2
H003,2022-09-14,,2
H003,2022-09-15,,2
H003,2022-09-16,,2
H003,2022-09-17,,2
H003,2022-09-18,,2
H003,2022-09-19,,2
H003,2022-09-20,,2
H003,2022-09-21,,2
H003,2022-09-22,,2
H003,2022-09-23,,2
H003,2022-09-24,,2
H003,2022-09-25,,2
H003,2022-09-26,,2
H003,2022-09-27,,2
H003,2022-09-28,,2
H003,2022-09-29,,2
H003,2022-09-30,,2
H003,2022-10-01,,2
H003,2022-10-02,,2
H003,2022-10-03,,2
H003,2022-10-04,,2
H003,2022-10-05,,2
H003,2022-10-06,,2
H003,2022-10-07,,2
H003,2022-10-08,,2
H003,2022-10-09,,2
H003,2022-10-10,,2
H003,2022-10-11,,2
H003,2022-10-12,,2
H003,2022-10-13,,2
H003,2022-10-14,,2
H003,2022-10-15,,2
H003,2022-10-16,,2
H003,2022-10-17,,2
H003,2022-10-18,,2
H003,2022-10-19,,2
H003,2022-10-20,,2
H003,2022-10-21,,2
H003,2022-10-22,,2
H003,2022-10-23,,2
H003,2022-10-24,,2
H003,2022-10-25,,2
H003,2022-10-26,,2
H003,2022-10-27,,2
H003,2022-10-28,,2
H003,2022-10-29,,2
H003,2022-10-30,,2
H003,2022-10-31,,2
H003,2022-11-01,,2
H003,2022-11-02,,2
H003,2022-11-03,,2
H003,2022-11-04,,2
H003,2022-11-05,,2
H003,2022-11-06,,2
H003,2022-11-07,,2
H003,2022-11-08,,2
H003,2022-11-09,,2
H003,2022-11-10,,2
H003,2022-11-11,,2
H003,2022-11-12,,2
H003,2022-11-13,,2
H003,2022-11-14,,2
H003,2022-11-15,,2
H003,2022-11-16,,2
H003,2022-11-17,,2
H003,2022-11-18,,2
H003,2022-11-19,,2
H003,2022-11-20,,2
H003,2022-11-21,,2
H003,2022-11-22,,2
H003,2022-11-23,,2
H003,2022-11-24,,2
H003,2022-11-25,,2
H003,2022-11-26,,2
H003,2022-11-27,,2
H003,2022-11-28,,2
H003,2022-11-29,,2
H003,2022-11-30,,2
H003,2022-12-01,,2
H003,2022-12-02,,2
H003,2022-12-03,,2
H003,2022-12-04,,2
H003,2022-12-05,,2
H003,2022-12-06,,2
H003,2022-12-07,,2
H003,2022-12-08,,2
H003,2022-12-09,,2
H003,2022-12-10,,2
H003,2022-12-11,,2
H003,2022-12-12,,2
H003,2022-12-13,,2
H003,2022-12-14,,2
H003,2022-12-15,,2
H003,2022-12-16,,2
H003,2022-12-17,,2
H003,2022-12-18,,2
H003,2022-12-19,,2
H003,2022-12-20,,2
H003,2022-12-21,,2
H003,2022-12-22,,2
H003,2022-12-23,,2
H003,2022-12-24,,2
H003,2022-12-25,,2
H003,2022-12-26,,2
H003,2022-12-27,,2
H003,2022-12-28,,2
H003,2022-12-29,,2
H003,2022-12-30,,2
H003,2022-12-31,,2
H003,2023-01-01,,2
H003,2023-01-02,,2
H003,2023-01-03,,2
H003,2023-01-04,,2
H003,2023-01-05,,2
H003,2023-01-06,,2
H003,2023-01-07,,2
H003,2023-01-08,,2
H003,2023-01-09,,2
H003,2023-01-10,,2
H003,2023-01-11,,2
H003,2023-01-12,,2
H003,2023-01-13,,2
H003,2023-01-14,,2
H003,2023-01-15,,2
H003,2023-01-16,,2
H003,2023-01-17,,2
H003,2023-01-18,,2
H003,2023-01-19,,2
H003,2023-01-20,,2
H003,2023-01-21,,2
H003,2023-01-22,,2
H003,2023-01-23,,2
H003,2023-01-24,,2
H003,2023-01-25,,2
H003,2023-01-26,,2
H003,2023-01-27,,2
H003,2023-01-28,,2
H003,2023-01-29,,2
H003,2023-01-30,,2
H003,2023-01-31,,2
H003,2023-02-01,,2
H003,2023-02-02,,2
H003,2023-02-03,,2
H003,2023-02-04,,2
H003,2023-02-05,,2
H003,2023-02-06,,2
H003,2023-02-07,,2
H003,2023-02-08,,2
H003,2023-02-09,,2
H003,2023-02-10,,2
H003,2023-02-11,,2
H003,2023-02-12,,2
H003,2023-02-13,,2
H003,2023-02-14,,2
H003,2023-02-15,,2
H003,2023-02-16,,2
H003,2023-02-17,,2
H003,2023-02-18,,2
H003,2023-02-19,,2
H003,2023-02-20,,2
H003,2023-02-21,,2
H003,2023-02-22,,2
H003,2023-02-23,,2
H003,2023-02-24,,2
H003,2023-02-25,,2
H003,2023-02-26,,2
H003,2023-02-27,,2
H003,2023-02-28,,2
H003,2023-03-01,,2
H003,2023-03-02,,2
H003,2023-03-03,,2
H003,2023-03-04,,2
H003,2023-03-05,,2
H003,2023-03-06,,2
H003,2023-03-07,,2
H003,2023-03-08,,2
H003,2023-03-09,,2
H003,2023-03-10,,2
H003,2023-03-11,,2
H003,2023-03-12,,2
H003,2023-03-13,,2
H003,2023-03-14,,2
H003,2023-03-15,,2
H003,2023-03-16,,2
H003,2023-03-17,,2
H003,2023-03-18,,2
H003,2023-03-19,,2
H003,2023-03-20,,2
H003,2023-03-21,,2
H003,2023-03-22,,2
H003,2023-03-23,,2
H003,2023-03-24,,2
H003,2023-03-25,,2
H003,2023-03-26,,2
H003,2023-03-27,,2
H003,2023-03-28,,2
H003,2023-03-29,,2
H003,2023-03-30,,2
H003,2023-03-31,,2
H003,2023-04-01,,2
H003,2023-04-02,,2
H003,2023-04-03,,2
H003,2023-04-04,,2
H003,2023-04-05,,2
H003,2023-04-06,,2
H003,2023-04-07,,2
H003,2023-04-08,,2
H003,2023-04-09,,2
H003,2023-04-10,,2
H003,2023-04-11,,2
H003,2023-04-12,,2
H003,2023-04-13,,2
H003,2023-04-14,,2
H003,2023-04-15,,2
H003,2023-04-16,,2
H003,2023-04-17,,2
H003,2023-04-18,,2
H003,2023-04-19,,2
H003,2023-04-20,,2
H003,2023-04-21,,2
H003,2023-04-22,,2
H003,2023-04-23,,2
H003,2023-04-24,,2
H003,2023-04-25,,2
H003,2023-04-26,,2
H003,2023-04-27,,2
H003,2023-04-28,,2
H003,2023-04-29,,2
H003,2023-04-30,,2
H003,2023-05-01,,2
H003,2023-05-02,,2
H003,2023-05-03,,2
H003,2023-05-04,,2
H003,2023-05-05,,2
H003,2023-05-06,,2
H003,2023-05-07,,2
H003,2023-05-08,,2
H003,2023-05-09,,2
H003,2023-05-10,,2
H003,2023-05-11,,2
H003,2023-05-12,,2
H003,2023-05-13,,2
H003,2023-05-14,,2
H003,2023-05-15,,2
H003,2023-05-16,-0.1919999999999984,3
H003,2023-05-17,-0.10849999999999937,3
H003,2023-05-18,-0.14199999999999946,3
H003,2023-05-19,-0.2704999999999984,3
H003,2023-05-20,-0.15499999999999936,3
H003,2023-05-21,-0.31299999999999883,3
H003,2023-05-22,-0.2839999999999989,3
H003,2023-05-23,-0.3119999999999976,3
H003,2023-05-24,-0.34699999999999775,3
H003,2023-05-25,-0.03649999999999842,3
H003,2023-05-26,-0.11299999999999955,3
H003,2023-05-27,0.029500000000002302,3
H003,2023-05-28,-0.06599999999999895,3
H003,2023-05-29,-0.01899999999999835,3
H003,2023-05-30,-0.14949999999999974,3
H003,2023-05-31,0.07350000000000279,3
H003,2023-06-01,0.11150000000000126,3
H003,2023-06-02,0.06900000000000261,3
H003,2023-06-03,-0.05149999999999899,3
H003,2023-06-04,-0.125,3
H003,2023-06-05,-0.07199999999999918,3
H003,2023-06-06,-0.08649999999999913,3
H003,2023-06-07,-0.03849999999999909,3
H003,2023-06-08,-0.10149999999999793,3
H003,2023-06-09,-0.07249999999999801,3
H003,2023-06-10,-0.1584999999999983,3
H003,2023-06-11,-0.13049999999999962,3
H003,2023-06-12,-0.17749999999999844,3
H003,2023-06-13,-0.12599999999999767,3
H003,2023-06-14,-0.06049999999999933,3
H003,2023-06-15,-0.07749999999999879,3
H003,2023-06-16,-0.2209999999999983,3
H003,2023-06-17,-0.15649999999999764,3
H003,2023-06-18,-0.08999999999999808,3
H003,2023-06-19,-0.14999999999999858,3
H003,2023-06-20,0.01550000000000118,3
H003,2023-06-21,-0.0909999999999993,3
H003,2023-06-22,0.04600000000000293,3
H003,2023-06-23,-0.053999999999998494,3
H003,2023-06-24,-0.11549999999999905,3
H003,2023-06-25,0.010000000000001563,3
H003,2023-06-26,0.01950000000000074,3
H003,2023-06-27,-0.08549999999999969,3
H003,2023-06-28,-0.15499999999999936,3
H003,2023-06-29,-0.09149999999999991,3
H003,2023-06-30,-0.1559999999999988,3
H003,2023-07-01,-0.22399999999999842,3
H003,2023-07-02,-0.21399999999999864,3
H003,2023-07-03,-0.4469999999999992,3
H003,2023-07-04,-0.509999999999998,3
H003,2023-07-05,-0.40649999999999764,3
H003,2023-07-06,-0.4259999999999984,3
H003,2023-07-07,-0.5094999999999992,3
H003,2023-07-08,-0.4784999999999986,3
H003,2023-07-09,-0.08899999999999864,3
H003,2023-07-10,0.023500000000002075,3
H003,2023-07-11,0.029500000000002302,3
H003,2023-07-12,-0.07649999999999935,3
H003,2023-07-13,-0.15850000000000009,3
H003,2023-07-14,-0.24649999999999928,3
H003,2023-07-15,-0.10749999999999815,3
H003,2023-07-16,-0.06899999999999906,3
H003,2023-07-17,-0.22149999999999892,3
H003,2023-07-18,-0.1429999999999989,3
H003,2023-07-19,-0.21699999999999875,3
H003,2023-07-20,-0.17549999999999955,3
H003,2023-07-21,-0.32949999999999946,3
H003,2023-07-22,-0.25899999999999856,3
H003,2023-07-23,-0.4429999999999996,3
H003,2023-07-24,-0.1789999999999985,3
H003,2023-07-25,-0.4454999999999991,3
H003,2023-07-26,-0.11149999999999949,3
H003,2023-07-27,-0.0799999999999983,3
H003,2023-07-28,-0.1529999999999987,3
H003,2023-07-29,-0.0519999999999996,3
H003,2023-07-30,0.05649999999999977,3
H003,2023-07-31,0.06500000000000128,3
H003,2023-08-01,,1
H003,2023-08-02,0.042500000000000426,3
H003,2023-08-03,-0.018499999999999517,3
H003,2023-08-04,-0.14649999999999963,3
H003,2023-08-05,-0.09299999999999997,3
H003,2023-08-06,-0.13949999999999818,3
H003,2023-08-07,-0.10049999999999848,3
H003,2023-08-08,-0.19650000000000034,3
H003,2023-08-09,-0.41249999999999787,3
H003,2023-08-10,-0.1739999999999995,3
H003,2023-08-11,-0.1659999999999986,3
H003,2023-08-12,-0.23799999999999955,3
H003,2023-08-13,-0.290499999999998,3
H003,2023-08-14,-0.19899999999999807,3
H003,2023-08-15,-0.11199999999999832,3
H003,2023-08-16,-0.1689999999999987,3
H003,2023-08-17,-0.029999999999997584,3
H003,2023-08-18,-0.08249999999999957,3
H003,2023-08-19,-0.16750000000000043,3
H003,2023-08-20,-0.10999999999999943,3
H003,2023-08-21,0.010500000000000398,3
H003,2023-08-22,0.012500000000001066,3
H003,2023-08-23,-0.13949999999999818,3
H003,2023-08-24,-0.038999999999997925,3
H003,2023-08-25,0.05250000000000199,3
H003,2023-08-26,0.023500000000002075,3
H003,2023-08-27,-0.134999999999998,3
H003,2023-08-28,-0.1609999999999978,3
H003,2023-08-29,-0.24599999999999866,3
H003,2023-08-30,-0.29100000000000037,3
H003,2023-08-31,-0.11599999999999966,3
H003,2023-09-01,-1.1542500000000002,4
H003,2023-09-02,,2
H003,2023-09-03,,1
H003,2023-09-04,,2
H003,2023-09-05,-2.0280000000000005,3
H003,2023-09-06,-1.1964999999999995,4
H003,2023-09-07,-1.0904999999999996,4
H003,2023-09-08,-1.1229999999999993,4
H003,2023-09-09,-1.1062500000000002,4
H003,2023-09-10,-1.0867499999999994,4
H003,2023-09-11,-1.0417499999999986,4
H003,2023-09-12,-1.0422499999999992,4
H003,2023-09-13,-1.0469999999999988,4
H003,2023-09-14,0.02400000000000091,3
H003,2023-09-15,-0.9892499999999993,4
H003,2023-09-16,-0.956999999999999,4
H003,2023-09-17,-0.8487499999999981,4
H003,2023-09-18,-0.7604999999999986,4
H003,2023-09-19,-0.7717499999999973,4
H003,2023-09-20,-0.7742499999999968,4
H003,2023-09-21,-0.7347499999999982,4
H003,2023-09-22,-0.6862499999999976,4
H003,2023-09-23,-0.6557499999999994,4
H003,2023-09-24,-0.5657499999999995,4
H003,2023-09-25,-0.5017499999999977,4
H003,2023-09-26,-0.47749999999999737,4
H003,2023-09-27,-0.44324999999999903,4
H003,2023-09-28,-0.45674999999999777,4
H003,2023-09-29,-0.4399999999999977,4
H003,2023-09-30,-0.5189999999999966,4
H003,2023-10-01,-1.1075,4
H003,2023-10-02,-0.9487499999999969,4
H003,2023-10-03,-0.5667499999999972,4
H003,2023-10-04,-0.47274999999999956,4
H003,2023-10-05,-0.4492499999999975,4
H003,2023-10-06,-0.3822499999999964,4
H003,2023-10-07,-0.5179999999999971,4
H003,2023-10-08,-0.4174999999999969,4
H003,2023-10-09,-0.4814999999999987,4
H003,2023-10-10,-0.4704999999999977,4
H003,2023-10-11,0.008000000000002672,3
H003,2023-10-12,,2
H003,2023-10-13,-0.3817499999999985,4
H003,2023-10-14,-0.34499999999999886,4
H003,2023-10-15,-0.3719999999999999,4
H003,2023-10-16,-0.8599999999999985,4
H003,2023-10-17,-0.3514999999999997,4
H003,2023-10-18,-0.36575000000000024,4
H003,2023-10-19,-0.3612499999999983,4
H003,2023-10-20,-0.36699999999999733,4
H003,2023-10-21,,2
H003,2023-10-22,-0.49074999999999847,4
H003,2023-10-23,0.01150000000000162,3
H003,2023-10-24,,2
H003,2023-10-25,-0.6894999999999989,3
H003,2023-10-26,0.1602500000000031,4
H003,2023-10-27,-0.3124999999999982,4
H003,2023-10-28,-0.2782499999999981,4
H003,2023-10-29,-0.21774999999999878,4
H003,2023-10-30,-0.20599999999999952,4
H003,2023-10-31,-0.19274999999999842,4
H003,2023-11-01,-0.26374999999999904,4
H003,2023-11-02,-0.12174999999999869,4
H003,2023-11-03,-0.09649999999999714,4
H003,2023-11-04,-0.08224999999999838,4
H003,2023-11-05,-0.10774999999999935,4
H003,2023-11-06,-0.11449999999999871,4
H003,2023-11-07,-0.040249999999998565,4
H003,2023-11-08,-0.03174999999999706,4
H003,2023-11-09,0.0012500000000015277,4
H003,2023-11-10,0.0035000000000007248,4
H003,2023-11-11,0.060000000000001386,4
H003,2023-11-12,0.07025000000000325,4
H003,2023-11-13,0.02400000000000091,4
H003,2023-11-14,0.11400000000000077,4
H003,2023-11-15,0.1650000000000018,4
H003,2023-11-16,0.17725000000000257,4
H003,2023-11-17,0.18375000000000252,4
H003,2023-11-18,0.028250000000001663,4
H003,2023-11-19,0.1592500000000019,4
H003,2023-11-20,0.5465000000000018,3
H003,2023-11-21,0.615000000000002,3
H003,2023-11-22,0.2925000000000022,4
H003,2023-11-23,0.25250000000000217,4
H003,2023-11-24,0.24550000000000072,4
H003,2023-11-25,0.23075000000000223,4
H003,2023-11-26,0.2267500000000009,4
H003,2023-11-27,0.2795000000000014,4
H003,2023-11-28,0.24950000000000294,4
H003,2023-11-29,0.2585000000000015,4
H003,2023-11-30,0.1180000000000021,4
H003,2023-12-01,-0.1137499999999978,4
H003,2023-12-02,0.16125000000000256,4
H003,2023-12-03,0.1852500000000017,4
H003,2023-12-04,0.22500000000000053,4
H003,2023-12-05,0.20025000000000226,4
H003,2023-12-06,0.22675000000000267,4
H003,2023-12-07,0.20124999999999993,4
H003,2023-12-08,-0.8972499999999979,6
H003,2023-12-09,-0.9244999999999974,6
H003,2023-12-10,-0.9897499999999999,6
H003,2023-12-11,-0.9722499999999998,6
H003,2023-12-12,-0.9652500000000002,6
H003,2023-12-13,-0.873499999999999,6
H003,2023-12-14,-0.8949999999999987,6
H003,2023-12-15,-0.9607499999999982,6
H003,2023-12-16,-1.0199999999999987,6
H003,2023-12-17,-1.0322499999999986,6
H003,2023-12-18,-1.0667499999999999,6
H003,2023-12-19,-0.9692499999999997,6
H003,2023-12-20,-0.9442499999999994,6
H003,2023-12-21,-0.7472499999999993,6
H003,2023-12-22,-0.6707499999999991,6
H003,2023-12-23,-0.9937499999999995,6
H003,2023-12-24,-0.17774999999999785,6
H003,2023-12-25,-0.9739999999999993,6
H003,2023-12-26,-0.840749999999999,6
H003,2023-12-27,-0.4379999999999997,6
H003,2023-12-28,-0.6394999999999991,6
H003,2023-12-29,0.1487500000000006,6
H003,2023-12-30,-0.6839999999999993,6
H003,2023-12-31,-0.9289999999999985,6
H003,2024-01-01,-0.9547499999999998,6
H003,2024-01-02,-0.6642499999999982,6
H003,2024-01-03,-0.4739999999999984,6
H003,2024-01-04,-0.18149999999999888,6
H003,2024-01-05,-0.3177499999999993,6
H003,2024-01-06,-0.21474999999999955,6
H003,2024-01-07,-0.19124999999999925,6
H003,2024-01-08,-0.13174999999999848,6
H003,2024-01-09,-0.24799999999999844,6
H003,2024-01-10,-0.15424999999999844,6
H003,2024-01-11,0.09775000000000045,6
H003,2024-01-12,-0.5589999999999993,6
H003,2024-01-13,-0.8132499999999991,6
H003,2024-01-14,-0.8352499999999994,6
H003,2024-01-15,-0.8494999999999999,6
H003,2024-01-16,-0.8539999999999983,6
H003,2024-01-17,-0.5902500000000002,6
H003,2024-01-18,0.16900000000000048,6
H003,2024-01-19,-0.06999999999999762,6
H003,2024-01-20,-0.2982499999999977,6
H003,2024-01-21,-0.06824999999999992,6
H003,2024-01-22,-0.4734999999999996,6
H003,2024-01-23,-0.7444999999999995,6
H003,2024-01-24,-0.7739999999999991,6
H003,2024-01-25,-0.7652500000000009,6
H003,2024-01-26,-0.8269999999999991,6
H003,2024-01-27,-0.7059999999999986,6
H003,2024-01-28,-0.7919999999999989,6
H003,2024-01-29,-0.8172499999999987,6
H003,2024-01-30,-0.582749999999999,6
H003,2024-01-31,-0.594249999999998,6
H003,2024-02-01,-0.7622499999999981,6
H003,2024-02-02,-0.47274999999999956,6
H003,2024-02-03,-0.49849999999999994,6
H003,2024-02-04,-0.7547499999999987,6
H003,2024-02-05,-0.8007499999999999,6
H003,2024-02-06,-0.6132500000000007,6
H003,2024-02-07,-0.18724999999999792,6
H003,2024-02-08,-0.5279999999999987,6
H003,2024-02-09,-0.50875,6
H003,2024-02-10,-0.5104999999999986,6
H003,2024-02-11,0.1177500000000018,6
H003,2024-02-12,-0.03524999999999867,6
H003,2024-02-13,0.13475000000000126,6
H003,2024-02-14,-0.039749999999997954,6
H003,2024-02-15,0.021000000000000796,6
H003,2024-02-16,-0.04399999999999782,6
H003,2024-02-17,0.009000000000000341,6
H003,2024-02-18,0.28749999999999964,6
H003,2024-02-19,-0.034250000000000114,6
H003,2024-02-20,-0.09724999999999895,6
H003,2024-02-21,-0.04625000000000057,6
H003,2024-02-22,0.1620000000000008,6
H003,2024-02-23,0.012249999999999872,6
H003,2024-02-24,0.02725000000000044,6
H003,2024-02-25,0.12650000000000095,6
H003,2024-02-26,-0.015999999999999126,6
H003,2024-02-27,0.02525000000000066,6
H003,2024-02-28,-0.16524999999999945,6
H003,2024-02-29,-0.28949999999999854,6
H003,2024-03-01,-0.12375000000000025,6
H003,2024-03-02,-0.04424999999999901,6
H003,2024-03-03,-0.10774999999999935,6
H003,2024-03-04,-0.11774999999999824,6
H003,2024-03-05,-0.06924999999999937,6
H003,2024-03-06,-0.03774999999999906,6
H003,2024-03-07,0.02000000000000135,6
H003,2024-03-08,0.11925000000000008,6
H003,2024-03-09,0.15700000000000092,6
H003,2024-03-10,0.13150000000000084,6
H003,2024-03-11,0.11100000000000065,6
H003,2024-03-12,0.0265000000000013,6
H003,2024-03-13,0.002000000000000668,6
H003,2024-03-14,-0.006749999999999368,6
H003,2024-03-15,0.05650000000000066,6
H003,2024-03-16,0.07174999999999976,6
H003,2024-03-17,0.04900000000000038,6
H003,2024-03-18,0.03625000000000078,6
H003,2024-03-19,-0.019249999999999545,6
H003,2024-03-20,-0.0757500000000002,6
H003,2024-03-21,0.025500000000000966,5
H003,2024-03-22,-0.033500000000000085,5
H003,2024-03-23,-0.004999999999999005,5
H003,2024-03-24,-0.04349999999999987,5
H003,2024-03-25,0.0,5
H003,2024-03-26,-0.0589999999999975,5
H003,2024-03-27,0.005500000000001393,5
H003,2024-03-28,0.002000000000000668,5
H003,2024-03-29,-0.059499999999999886,5
H003,2024-03-30,-0.09399999999999942,5
H003,2024-03-31,-0.007500000000000284,5
H003,2024-04-01,-0.01249999999999929,5
H003,2024-04-02,-0.015000000000000568,5
H003,2024-04-03,-0.08500000000000085,5
H003,2024-04-04,-0.12399999999999878,5
H003,2024-04-05,-0.15249999999999986,5
H003,2024-04-06,-0.12249999999999872,5
H003,2024-04-07,-0.10299999999999798,5
H003,2024-04-08,-0.11400000000000077,5
H003,2024-04-09,-0.09649999999999892,5
H003,2024-04-10,-0.030999999999998806,5
H003,2024-04-11,-0.13549999999999862,5
H003,2024-04-12,-0.10299999999999798,5
H003,2024-04-13,-0.0365000000000002,5
H003,2024-04-14,-0.04100000000000037,5
H003,2024-04-15,-0.07099999999999795,5
H003,2024-04-16,-0.08099999999999952,5
H003,2024-04-17,-0.08150000000000013,5
H003,2024-04-18,-0.09550000000000125,5
H003,2024-04-19,-0.09149999999999991,5
H003,2024-04-20,-0.06299999999999883,5
H003,2024-04-21,-0.17049999999999876,5
H003,2024-04-22,-0.10149999999999793,5
H003,2024-04-23,-0.07749999999999879,5
H003,2024-04-24,-0.23699999999999832,5
H003,2024-04-25,-0.2104999999999997,5
H003,2024-04-26,-0.27649999999999864,5
H003,2024-04-27,-0.2834999999999983,5
H003,2024-04-28,-0.17574999999999896,6
H003,2024-04-29,-0.18099999999999827,6
H003,2024-04-30,-0.17774999999999785,6
H003,2024-05-01,-0.1639999999999997,6
H003,2024-05-02,-0.1709999999999985,6
H003,2024-05-03,-0.22674999999999912,6
H003,2024-05-04,-0.1999999999999984,6
H003,2024-05-05,-0.207749999999999,6
H003,2024-05-06,-0.22674999999999912,6
H003,2024-05-07,-0.22524999999999906,6
H003,2024-05-08,-0.19549999999999912,6
H003,2024-05-09,-0.1657499999999983,6
H003,2024-05-10,-0.17499999999999805,6
H003,2024-05-11,-0.19874999999999776,6
H003,2024-05-12,-0.1739999999999977,6
H003,2024-05-13,-0.17424999999999713,6
H003,2024-05-14,-0.17449999999999743,6
H003,2024-05-15,-0.17174999999999763,6
H003,2024-05-16,-0.16949999999999843,6
H003,2024-05-17,-0.15974999999999895,6
H003,2024-05-18,-0.21174999999999855,6
H003,2024-05-19,-0.20624999999999893,6
H003,2024-05-20,-0.20624999999999716,6
H003,2024-05-21,-0.20749999999999869,6
H003,2024-05-22,-0.20999999999999908,6
H003,2024-05-23,-0.21099999999999852,6
H003,2024-05-24,-0.20899999999999963,6
H003,2024-05-25,-0.20349999999999824,6
H003,2024-05-26,-0.20074999999999932,6
H003,2024-05-27,-0.1949999999999985,6
H003,2024-05-28,-0.19099999999999895,6
H003,2024-05-29,-0.18774999999999764,6
H003,2024-05-30,-0.19249999999999812,6
H003,2024-05-31,-0.19674999999999976,6
H003,2024-06-01,-0.197499999999998,6
H003,2024-06-02,-0.20074999999999754,6
H003,2024-06-03,-0.19949999999999868,6
H003,2024-06-04,-0.1972499999999986,6
H003,2024-06-05,-0.19474999999999731,6
H003,2024-06-06,-0.19849999999999746,6
H003,2024-06-07,-0.1947499999999982,6
H003,2024-06-08,-0.1875,6
H003,2024-06-09,-0.18774999999999764,6
H003,2024-06-10,-0.18799999999999883,6
H003,2024-06-11,-0.18374999999999897,6
H003,2024-06-12,-0.18024999999999736,6
H003,2024-06-13,-0.17674999999999752,6
H003,2024-06-14,-0.17124999999999968,6
H003,2024-06-15,-0.1714999999999982,6
H003,2024-06-16,-0.16499999999999915,6
H003,2024-06-17,-0.16274999999999729,6
H003,2024-06-18,-0.5749999999999984,6
H003,2024-06-19,-0.13874999999999815,6
H003,2024-06-20,-0.13824999999999932,6
H003,2024-06-21,-0.39099999999999824,6
H003,2024-06-22,-0.5662499999999984,6
H003,2024-06-23,-0.5787499999999977,6
H003,2024-06-24,-0.38349999999999884,6
H003,2024-06-25,-0.6212499999999981,6
H003,2024-06-26,-0.6179999999999968,6
H003,2024-06-27,-0.14174999999999827,6
H003,2024-06-28,-0.6352499999999974,6
H003,2024-06-29,-0.1297499999999996,6
H003,2024-06-30,-0.6124999999999989,6
H003,2024-07-01,-0.6122499999999969,6
H003,2024-07-02,-0.6464999999999996,6
H003,2024-07-03,-0.6524999999999963,6
H003,2024-07-04,-0.11224999999999774,6
H003,2024-07-05,-0.10049999999999848,6
H003,2024-07-06,-0.6542499999999993,4
H003,2024-07-07,-0.09624999999999773,6
H003,2024-07-08,-0.1059999999999981,6
H003,2024-07-09,-0.1089999999999991,6
H003,2024-07-10,-0.10924999999999763,6
H003,2024-07-11,-0.4659999999999975,5
H003,2024-07-12,-0.08099999999999863,6
H003,2024-07-13,-0.08024999999999771,6
H003,2024-07-14,-0.09624999999999684,6
H003,2024-07-15,-0.07549999999999724,6
H003,2024-07-16,-0.07924999999999915,6
H003,2024-07-17,-0.07474999999999898,6
H003,2024-07-18,-0.07049999999999823,6
H003,2024-07-19,-0.060499999999997556,6
H003,2024-07-20,-0.06199999999999939,6
H003,2024-07-21,-0.07674999999999699,6
H003,2024-07-22,-0.0537499999999973,6
H003,2024-07-23,-0.0519999999999996,6
H003,2024-07-24,-0.12549999999999883,6
H003,2024-07-25,-0.0954999999999977,6
H003,2024-07-26,-0.8517499999999973,6
H003,2024-07-27,-0.039749999999997954,6
H003,2024-07-28,-0.06799999999999873,6
H003,2024-07-29,-0.03874999999999851,6
H003,2024-07-30,-0.04249999999999865,6
H003,2024-07-31,-0.5719999999999956,5
H003,2024-08-01,,2
H003,2024-08-02,,2
H003,2024-08-03,,2
H003,2024-08-04,,2
H003,2024-08-05,,2
H003,2024-08-06,,2
H003,2024-08-07,,2
H003,2024-08-08,,2
H003,2024-08-09,,2
H003,2024-08-10,,2
H003,2024-08-11,,2
H003,2024-08-12,,2
H003,2024-08-13,,2
H003,2024-08-14,,2
H003,2024-08-15,,2
H003,2024-08-16,,2
H003,2024-08-17,,2
H003,2024-08-18,,2
H003,2024-08-19,,2
H003,2024-08-20,,2
H003,2024-08-21,,2
H003,2024-08-22,,2
H003,2024-08-23,,1
H003,2024-08-24,,2
H003,2024-08-25,,2
H003,2024-08-26,,2
H003,2024-08-27,,2
H003,2024-08-28,,2
H003,2024-08-29,,2
H003,2024-08-30,,2
H003,2024-08-31,,2
H003,2024-09-01,,2
H003,2024-09-02,,2
H003,2024-09-03,,2
H003,2024-09-04,,2
H003,2024-09-05,,2
H003,2024-09-06,,2
H003,2024-09-07,,2
H003,2024-09-08,,2
H003,2024-09-09,,2
H003,2024-09-10,,2
H003,2024-09-11,,2
H003,2024-09-12,,2
H003,2024-09-13,,2
H003,2024-09-14,,2
H003,2024-09-15,,2
H003,2024-09-16,,2
H003,2024-09-17,,2
H003,2024-09-18,,2
H003,2024-09-19,,2
H003,2024-09-20,,2
H003,2024-09-21,,2
H003,2024-09-22,,2
H003,2024-09-23,,2
H003,2024-09-24,,2
H003,2024-09-25,,2
H003,2024-09-26,,2
H003,2024-09-27,,2
H003,2024-09-28,,2
H003,2024-09-29,,2
H003,2024-09-30,,2
H003,2024-10-01,,2
H003,2024-10-02,,2
H003,2024-10-03,,2
H003,2024-10-04,,2
H003,2024-10-05,,2
H003,2024-10-06,,2
H003,2024-10-07,,2
H003,2024-10-08,,2
H003,2024-10-09,,2
H003,2024-10-10,,2
H003,2024-10-11,,2
H003,2024-10-12,,2
H003,2024-10-13,,2
H003,2024-10-14,,2
H003,2024-10-15,,2
H003,2024-10-16,,2
H003,2024-10-17,,2
H003,2024-10-18,,2
H003,2024-10-19,-0.1682499999999978,6
H003,2024-10-20,0.33250000000000135,5
H003,2024-10-21,-0.2789999999999999,5
H003,2024-10-22,-0.009749999999999481,6
H003,2024-10-23,0.33000000000000185,5
H003,2024-10-24,-0.22949999999999982,5
H003,2024-10-25,0.3240000000000016,5
H003,2024-10-26,-0.1402499999999982,4
H003,2024-10-27,0.3205000000000009,5
H003,2024-10-28,-0.0012499999999988631,6
H003,2024-10-29,0.4820000000000011,5
H003,2024-10-30,0.4200000000000008,4
H003,2024-10-31,0.24575000000000014,4
H003,2024-11-01,0.3935000000000013,4
H003,2024-11-02,0.3094999999999999,5
H003,2024-11-03,0.09224999999999994,4
H003,2024-11-04,0.11275000000000013,4
H003,2024-11-05,0.3019999999999996,5
H003,2024-11-06,0.16425000000000178,4
H003,2024-11-07,0.4115000000000011,4
H003,2024-11-08,0.4604999999999979,3
H003,2024-11-09,0.29350000000000165,5
H003,2024-11-10,0.4242500000000007,4
H003,2024-11-11,0.3702500000000013,4
H003,2024-11-12,0.28800000000000026,5
H003,2024-11-13,0.2835000000000001,5
H003,2024-11-14,0.2810000000000006,5
H003,2024-11-15,-0.034999999999998366,3
H003,2024-11-16,0.21000000000000085,5
H003,2024-11-17,0.11300000000000132,4
H003,2024-11-18,0.18450000000000077,4
H003,2024-11-19,0.31125000000000114,4
H003,2024-11-20,0.3150000000000004,4
H003,2024-11-21,0.2635000000000005,5
H003,2024-11-22,0.2635000000000005,5
H003,2024-11-23,0.35250000000000004,4
H003,2024-11-24,0.25900000000000034,5
H003,2024-11-25,0.18175000000000185,4
H003,2024-11-26,0.2550000000000008,5
H003,2024-11-27,0.06849999999999845,5
H003,2024-11-28,0.0012500000000006395,4
H003,2024-11-29,-0.05650000000000155,5
H003,2024-11-30,0.23850000000000193,5
H003,2024-12-01,0.24249999999999972,5
H003,2024-12-02,0.24099999999999966,5
H003,2024-12-03,0.23650000000000126,5
H003,2024-12-04,0.2364999999999995,5
H003,2024-12-05,0.16350000000000087,5
H003,2024-12-06,0.120000000000001,5
H003,2024-12-07,0.10900000000000176,5
H003,2024-12-08,-0.0229999999999988,4
H003,2024-12-09,0.1335000000000015,5
H003,2024-12-10,0.22250000000000014,5
H003,2024-12-11,0.22000000000000064,5
H003,2024-12-12,0.21799999999999997,5
H003,2024-12-13,0.15750000000000242,5
H003,2024-12-14,-0.005000000000000782,4
H003,2024-12-15,0.015000000000000568,5
H003,2024-12-16,0.1855000000000011,5
H003,2024-12-17,0.20550000000000068,5
H003,2024-12-18,0.2035000000000018,5
H003,2024-12-19,0.20250000000000057,5
H003,2024-12-20,0.07950000000000035,6
H003,2024-12-21,0.1227500000000008,6
H003,2024-12-22,0.2375000000000016,6
H003,2024-12-23,0.25750000000000206,6
H003,2024-12-24,0.08025000000000126,6
H003,2024-12-25,0.07399999999999984,6
H003,2024-12-26,0.03250000000000064,6
H003,2024-12-27,-0.09325000000000028,6
H003,2024-12-28,0.0495000000000001,4
H003,2024-12-29,-0.018749999999999822,4
H003,2024-12-30,0.004750000000000476,4
H003,2024-12-31,0.17350000000000065,5
H003,2025-01-01,-0.10150000000000059,6
H003,2025-01-02,-0.10325000000000006,6
H003,2025-01-03,-0.08449999999999935,6
H003,2025-01-04,-0.0832499999999996,6
H003,2025-01-05,-0.11099999999999977,6
H003,2025-01-06,-0.12450000000000028,6
H003,2025-01-07,-0.13099999999999934,6
H003,2025-01-08,-0.13100000000000023,6
H003,2025-01-09,-0.1302500000000002,6
H003,2025-01-10,-0.15050000000000008,6
H003,2025-01-11,0.14700000000000024,5
H003,2025-01-12,0.14300000000000068,5
H003,2025-01-13,-0.2647499999999994,4
H003,2025-01-14,-0.4985000000000017,5
H003,2025-01-15,-0.5065000000000008,5
H003,2025-01-16,-0.5155000000000012,5
H003,2025-01-17,-0.5155000000000012,5
H003,2025-01-18,-0.49100000000000144,5
H003,2025-01-19,-0.48050000000000104,5
H003,2025-01-20,-0.4689999999999994,5
H003,2025-01-21,-0.4720000000000013,5
H003,2025-01-22,-0.47300000000000075,5
H003,2025-01-23,-0.49600000000000044,5
H003,2025-01-24,-0.4845000000000006,5
H003,2025-01-25,-0.4770000000000021,5
H003,2025-01-26,-0.5114999999999998,5
H003,2025-01-27,-0.14474999999999927,4
H003,2025-01-28,-0.11849999999999916,4
H003,2025-01-29,-0.3254999999999999,5
H003,2025-01-30,-0.4444999999999997,5
H003,2025-01-31,-0.4035000000000011,5
H003,2025-02-01,-0.41025000000000045,4
H003,2025-02-02,0.022999999999999687,3
H003,2025-02-03,0.03925000000000001,4
H003,2025-02-04,-0.17050000000000054,5
H003,2025-02-05,-0.046499999999999986,5
H003,2025-02-06,0.07850000000000001,5
H003,2025-02-07,-0.10350000000000037,5
H003,2025-02-08,-0.1490000000000009,5
H003,2025-02-09,0.07200000000000095,5
H003,2025-02-10,0.010000000000001563,5
H003,2025-02-11,0.02850000000000108,4
H003,2025-02-12,0.02200000000000024,4
H003,2025-02-13,0.034250000000000114,4
H003,2025-02-14,-0.003750000000000142,4
H003,2025-02-15,-0.014249999999999652,4
H003,2025-02-16,0.0012500000000006395,4
H003,2025-02-17,-0.03325000000000067,4
H003,2025-02-18,-0.1509999999999998,5
H003,2025-02-19,-0.14749999999999908,5
H003,2025-02-20,-0.05649999999999977,4
H003,2025-02-21,,2
H003,2025-02-22,0.040000000000000924,3
H003,2025-02-23,-0.1609999999999978,3
H003,2025-02-24,-0.15625,4
H003,2025-02-25,,1
H003,2025-02-26,,1
H003,2025-02-27,0.0055000000000005045,4
H003,2025-02-28,-0.032999999999999474,4
H003,2025-03-01,-0.04774999999999974,4
H003,2025-03-02,-0.09274999999999878,4
H003,2025-03-03,-0.11024999999999885,4
H003,2025-03-04,-0.08799999999999919,4
H003,2025-03-05,-0.07824999999999971,4
H003,2025-03-06,-0.07850000000000001,4
H003,2025-03-07,-0.07074999999999854,4
H003,2025-03-08,-0.14400000000000013,4
H003,2025-03-09,-0.10524999999999896,4
H003,2025-03-10,-0.12349999999999905,4
H003,2025-03-11,-0.04699999999999971,4
H003,2025-03-12,-0.00274999999999892,4
H003,2025-03-13,-0.06949999999999967,4
H003,2025-03-14,-0.0012499999999997513,4
H003,2025-03-15,-0.0029999999999992255,4
H003,2025-03-16,-0.05599999999999827,4
H003,2025-03-17,0.011250000000000426,4
H003,2025-03-18,0.009750000000001258,4
H003,2025-03-19,-0.03324999999999889,4
H003,2025-03-20,-0.023999999999999133,4
H003,2025-03-21,,2
H003,2025-03-22,-0.21974999999999856,4
H003,2025-03-23,-0.22550000000000026,4
H003,2025-03-24,-0.22499999999999876,4
H003,2025-03-25,-0.2237499999999999,4
H003,2025-03-26,-0.2212499999999995,4
H003,2025-03-27,-0.021999999999998465,3
H003,2025-03-28,-0.023499999999998522,3
H003,2025-03-29,-0.027499999999999858,3
H003,2025-03-30,-0.028499999999999304,3
H003,2025-03-31,-0.03049999999999997,3
H003,2025-04-01,-0.030999999999998806,3
H003,2025-04-02,-0.03249999999999886,3
H003,2025-04-03,-0.03399999999999892,3
H003,2025-04-04,-0.03200000000000003,3
H003,2025-04-05,-0.03649999999999842,3
H003,2025-04-06,-0.03549999999999898,3
H003,2025-04-07,-0.036999999999999034,3
H003,2025-04-08,-0.03799999999999848,3
H003,2025-04-09,0.0004999999999997229,4
H003,2025-04-10,-0.039499999999998536,3
H003,2025-04-11,0.01750000000000096,4
H003,2025-04-12,-0.0007500000000000284,4
H003,2025-04-13,0.003750000000000142,4
H003,2025-04-14,-0.0024999999999995026,4
H003,2025-04-15,-0.047999999999998266,3
H003,2025-04-16,-0.005499999999998728,4
H003,2025-04-17,0.034250000000000114,4
H003,2025-04-18,0.03225000000000122,4
H003,2025-04-19,0.04300000000000015,4
H003,2025-04-20,0.023000000000000576,4
H003,2025-04-21,0.4480000000000004,3
H003,2025-04-22,0.28500000000000014,3
H003,2025-04-23,,2
H003,2025-04-24,0.6210000000000004,3
H003,2025-04-25,0.3200000000000003,3
H003,2025-04-26,,2
H003,2025-04-27,0.42600000000000016,3
H003,2025-04-28,0.4389999999999983,3
H003,2025-04-29,0.15525000000000055,4
H003,2025-04-30,0.1479999999999997,4
H003,2025-05-01,0.1822500000000007,4
H003,2025-05-02,0.4125000000000014,3
H003,2025-05-03,0.08975000000000044,4
H003,2025-05-04,,2
H003,2025-05-05,-0.06550000000000011,3
H003,2025-05-06,-0.017499999999998295,3
H003,2025-05-07,0.09850000000000048,4
H003,2025-05-08,0.12125000000000075,4
H003,2025-05-09,0.2525000000000013,3
H003,2025-05-10,,2
H003,2025-05-11,-0.067499999999999,3
H003,2025-05-12,-0.06799999999999784,3
H003,2025-05-13,0.19700000000000006,4
H003,2025-05-14,0.12725000000000097,4
H003,2025-05-15,0.1305000000000005,4
H003,2025-05-16,-0.067499999999999,3
H003,2025-05-17,-0.067499999999999,3
H003,2025-05-18,-0.06799999999999784,3
H003,2025-05-19,0.24924999999999997,4
H003,2025-05-20,0.45225000000000026,4
H003,2025-05-21,0.22800000000000153,4
H003,2025-05-22,0.46950000000000003,3
H003,2025-05-23,-0.06449999999999889,3
H003,2025-05-24,,2
H003,2025-05-25,0.20725000000000016,4
H003,2025-05-26,0.4344999999999999,3
H003,2025-05-27,0.16600000000000126,4
H003,2025-05-28,0.16375000000000028,4
H003,2025-05-29,-0.07149999999999856,3
H003,2025-05-30,0.14425000000000043,4
H003,2025-05-31,0.3609999999999989,3
H003,2025-06-01,0.33099999999999774,3
H003,2025-06-02,0.3534999999999986,3
H003,2025-06-03,0.36549999999999905,3
H003,2025-06-04,0.4989999999999988,3
H003,2025-06-05,0.47850000000000037,3
H003,2025-06-06,0.5640000000000001,3
H003,2025-06-07,0.3465000000000007,3
H003,2025-06-08,0.5700000000000003,3
H003,2025-06-09,0.5300000000000011,3
H003,2025-06-10,0.6349999999999998,3
H003,2025-06-11,-0.0804999999999989,3
H003,2025-06-12,,2
H003,2025-06-13,,2
H003,2025-06-14,,2
H003,2025-06-15,,2
H003,2025-06-16,,2
H003,2025-06-17,,1
H003,2025-06-18,,2
H003,2025-06-19,,2
H003,2025-06-20,,1
H003,2025-06-21,,2
H003,2025-06-22,,2
H003,2025-06-23,,1
H003,2025-06-25,,1
H003,2025-06-26,,2
H003,2025-06-27,-0.08899999999999864,3
H003,2025-06-28,,1
H003,2025-06-29,,2
H003,2025-06-30,,2
H003,2025-07-01,,2
H003,2025-07-02,,2
H003,2025-07-03,,2
H003,2025-07-04,,1
H003,2025-07-05,-0.08699999999999974,3
H003,2025-07-06,-0.08699999999999974,3
H003,2025-07-07,-0.08799999999999919,3
H003,2025-07-08,,2
H003,2025-07-09,,2
H003,2025-07-10,,2
H003,2025-07-11,-0.09049999999999869,3
H003,2025-07-12,-0.08949999999999925,3
H003,2025-07-13,,2
H003,2025-07-14,-0.09149999999999991,3
H003,2025-07-15,,2
H003,2025-07-16,,2
H003,2025-07-20,,1
H003,2025-07-21,,1
H003,2025-07-23,,1
H003,2025-07-24,,1
H003,2025-07-27,,1
H003,2025-07-29,,1
H003,2025-07-30,,1
H003,2025-07-31,,1
H003,2025-08-01,,1
H003,2025-08-02,,2
H003,2025-08-03,,1
H003,2025-08-04,,1
H003,2025-08-05,,1
H003,2025-08-06,,1
H003,2025-08-07,,1
H003,2025-08-08,,1
H003,2025-08-09,,1
H003,2025-08-10,,1
H003,2025-08-11,,1
H003,2025-08-12,,1
H003,2025-08-17,,1
H003,2025-08-20,,1
H003,2025-08-21,,1
H003,2025-08-22,,1
H003,2025-08-23,,1
H003,2025-08-24,,1
H003,2025-08-25,,1
H003,2025-08-27,,1
H003,2025-09-01,,1
H003,2025-09-02,,1
H003,2025-09-03,,1
H003,2025-09-04,,1
H003,2025-09-05,,1
H003,2025-09-06,,1
H003,2025-09-07,,1
H003,2025-09-08,,1
H003,2025-09-09,,1
H003,2025-09-10,,1
H003,2025-09-11,,1
H003,2025-09-12,,1
H003,2025-09-13,,1
H003,2025-09-14,,1
H003,2025-09-15,,1
H003,2025-09-16,,1
H003,2025-09-17,,1
H003,2025-09-18,,1
H003,2025-09-20,,1
