date,start_time,scene_name,full_burst_id,relative_burst_id,absolute_burst_id,burst_index,subswath,azimuth_time,azimuth_anx_time,path,direction,polarization,platform,absolute_orbit,group_id,bytes,url,query_method
2021-10-06,2021-10-06T12:55:37.471211+00:00,S1_056011_IW2_20211006T125536_VV_4BD1-BURST,027_056011_IW2,56011,85912984,8,IW2,2021-10-06T12:55:36.455828,454.1446225494,27,ASCENDING,VV,SENTINEL-1A,39999,S1A_IWDV_0086_0092_039999_027,152943336,https://sentinel1-burst.asf.alaska.edu/S1A_IW_SLC__1SDV_20211006T125513_20211006T125543_039999_04BC10_4BD1/IW2/VV/8.tiff,cmr_umm
2021-10-06,2021-10-06T12:55:40.229488+00:00,S1_056012_IW2_20211006T125539_VV_4BD1-BURST,027_056012_IW2,56012,85912985,9,IW2,2021-10-06T12:55:39.212329,456.9011235477,27,ASCENDING,VV,SENTINEL-1A,39999,S1A_IWDV_0086_0092_039999_027,152943336,https://sentinel1-burst.asf.alaska.edu/S1A_IW_SLC__1SDV_20211006T125513_20211006T125543_039999_04BC10_4BD1/IW2/VV/9.tiff,cmr_umm
2021-10-06,2021-10-06T12:55:42.987764+00:00,S1_056013_IW2_20211006T125541_VV_3B97-BURST,027_056013_IW2,56013,85912986,0,IW2,2021-10-06T12:55:41.970885,459.6596795546,27,ASCENDING,VV,SENTINEL-1A,39999,S1A_IWDV_0091_0097_039999_027,152943336,https://sentinel1-burst.asf.alaska.edu/S1A_IW_SLC__1SDV_20211006T125541_20211006T125608_039999_04BC10_3B97/IW2/VV/0.tiff,cmr_umm
2021-10-06,2021-10-06T12:55:45.746041+00:00,S1_056014_IW2_20211006T125544_VV_3B97-BURST,027_056014_IW2,56014,85912987,1,IW2,2021-10-06T12:55:44.731497,462.4202916655,27,ASCENDING,VV,SENTINEL-1A,39999,S1A_IWDV_0091_0097_039999_027,152943336,https://sentinel1-burst.asf.alaska.edu/S1A_IW_SLC__1SDV_20211006T125541_20211006T125608_039999_04BC10_3B97/IW2/VV/1.tiff,cmr_umm
2021-10-18,2021-10-18T12:55:37.680393+00:00,S1_056011_IW2_20211018T125536_VV_F83A-BURST,027_056011_IW2,56011,86288871,8,IW2,2021-10-18T12:55:36.671162,454.1521035494,27,ASCENDING,VV,SENTINEL-1A,40174,S1A_IWDV_0086_0092_040174_027,152943336,https://sentinel1-burst.asf.alaska.edu/S1A_IW_SLC__1SDV_20211018T125513_20211018T125543_040174_04C225_F83A/IW2/VV/8.tiff,cmr_umm
2021-10-18,2021-10-18T12:55:40.438670+00:00,S1_056012_IW2_20211018T125539_VV_F83A-BURST,027_056012_IW2,56012,86288872,9,IW2,2021-10-18T12:55:39.425607,456.9065489914,27,ASCENDING,VV,SENTINEL-1A,40174,S1A_IWDV_0086_0092_040174_027,152943336,https://sentinel1-burst.asf.alaska.edu/S1A_IW_SLC__1SDV_20211018T125513_20211018T125543_040174_04C225_F83A/IW2/VV/9.tiff,cmr_umm
2021-10-18,2021-10-18T12:55:43.196946+00:00,S1_056013_IW2_20211018T125542_VV_8434-BURST,027_056013_IW2,56013,86288873,0,IW2,2021-10-18T12:55:42.184164,459.6651055546,27,ASCENDING,VV,SENTINEL-1A,40174,S1A_IWDV_0091_0097_040174_027,152943336,https://sentinel1-burst.asf.alaska.edu/S1A_IW_SLC__1SDV_20211018T125541_20211018T125609_040174_04C225_8434/IW2/VV/0.tiff,cmr_umm
2021-10-18,2021-10-18T12:55:45.955223+00:00,S1_056014_IW2_20211018T125544_VV_8434-BURST,027_056014_IW2,56014,86288874,1,IW2,2021-10-18T12:55:44.942720,462.4236621092,27,ASCENDING,VV,SENTINEL-1A,40174,S1A_IWDV_0091_0097_040174_027,152943336,https://sentinel1-burst.asf.alaska.edu/S1A_IW_SLC__1SDV_20211018T125541_20211018T125609_040174_04C225_8434/IW2/VV/1.tiff,cmr_umm
2021-10-30,2021-10-30T12:55:37.503605+00:00,S1_056011_IW2_20211030T125536_VV_6B5A-BURST,027_056011_IW2,56011,86664758,8,IW2,2021-10-30T12:55:36.498487,454.1563864368,27,ASCENDING,VV,SENTINEL-1A,40349,S1A_IWDV_0086_0092_040349_027,152943336,https://sentinel1-burst.asf.alaska.edu/S1A_IW_SLC__1SDV_20211030T125513_20211030T125543_040349_04C839_6B5A/IW2/VV/8.tiff,cmr_umm
2021-10-30,2021-10-30T12:55:40.261882+00:00,S1_056012_IW2_20211030T125539_VV_6B5A-BURST,027_056012_IW2,56012,86664759,9,IW2,2021-10-30T12:55:39.254988,456.9128874351,27,ASCENDING,VV,SENTINEL-1A,40349,S1A_IWDV_0086_0092_040349_027,152943336,https://sentinel1-burst.asf.alaska.edu/S1A_IW_SLC__1SDV_20211030T125513_20211030T125543_040349_04C839_6B5A/IW2/VV/9.tiff,cmr_umm
2021-10-30,2021-10-30T12:55:43.020158+00:00,S1_056013_IW2_20211030T125542_VV_A8F8-BURST,027_056013_IW2,56013,86664760,0,IW2,2021-10-30T12:55:42.013545,459.6714435546,27,ASCENDING,VV,SENTINEL-1A,40349,S1A_IWDV_0092_0097_040349_027,152943336,https://sentinel1-burst.asf.alaska.edu/S1A_IW_SLC__1SDV_20211030T125541_20211030T125608_040349_04C839_A8F8/IW2/VV/0.tiff,cmr_umm
2021-10-30,2021-10-30T12:55:45.778435+00:00,S1_056014_IW2_20211030T125544_VV_A8F8-BURST,027_056014_IW2,56014,86664761,1,IW2,2021-10-30T12:55:44.772101,462.4300001092,27,ASCENDING,VV,SENTINEL-1A,40349,S1A_IWDV_0092_0097_040349_027,152943336,https://sentinel1-burst.asf.alaska.edu/S1A_IW_SLC__1SDV_20211030T125541_20211030T125608_040349_04C839_A8F8/IW2/VV/1.tiff,cmr_umm
2021-11-11,2021-11-11T12:55:37.206806+00:00,S1_056011_IW2_20211111T125536_VV_B09E-BURST,027_056011_IW2,56011,87040646,8,IW2,2021-11-11T12:55:36.201704,454.1573655494,27,ASCENDING,VV,SENTINEL-1A,40524,S1A_IWDV_0086_0092_040524_027,152943336,https://sentinel1-burst.asf.alaska.edu/S1A_IW_SLC__1SDV_20211111T125513_20211111T125543_040524_04CE50_B09E/IW2/VV/8.tiff,cmr_umm
2021-11-11,2021-11-11T12:55:39.965083+00:00,S1_056012_IW2_20211111T125538_VV_B09E-BURST,027_056012_IW2,56012,87040647,9,IW2,2021-11-11T12:55:38.958205,456.9138665477,27,ASCENDING,VV,SENTINEL-1A,40524,S1A_IWDV_0086_0092_040524_027,152943336,https://sentinel1-burst.asf.alaska.edu/S1A_IW_SLC__1SDV_20211111T125513_20211111T125543_040524_04CE50_B09E/IW2/VV/9.tiff,cmr_umm
2021-11-11,2021-11-11T12:55:42.723359+00:00,S1_056013_IW2_20211111T125541_VV_EA07-BURST,027_056013_IW2,56013,87040648,0,IW2,2021-11-11T12:55:41.712650,459.668312442,27,ASCENDING,VV,SENTINEL-1A,40524,S1A_IWDV_0091_0097_040524_027,152943336,https://sentinel1-burst.asf.alaska.edu/S1A_IW_SLC__1SDV_20211111T125540_20211111T125608_040524_04CE50_EA07/IW2/VV/0.tiff,cmr_umm
2021-11-11,2021-11-11T12:55:45.481636+00:00,S1_056014_IW2_20211111T125544_VV_EA07-BURST,027_056014_IW2,56014,87040649,1,IW2,2021-11-11T12:55:44.473263,462.4289245529,27,ASCENDING,VV,SENTINEL-1A,40524,S1A_IWDV_0091_0097_040524_027,152943336,https://sentinel1-burst.asf.alaska.edu/S1A_IW_SLC__1SDV_20211111T125540_20211111T125608_040524_04CE50_EA07/IW2/VV/1.tiff,cmr_umm
2021-11-23,2021-11-23T12:55:36.972965+00:00,S1_056011_IW2_20211123T125535_VV_75A3-BURST,027_056011_IW2,56011,87416533,8,IW2,2021-11-23T12:55:35.967865,454.1572504368,27,ASCENDING,VV,SENTINEL-1A,40699,S1A_IWDV_0086_0092_040699_027,152943336,https://sentinel1-burst.asf.alaska.edu/S1A_IW_SLC__1SDV_20211123T125512_20211123T125542_040699_04D45B_75A3/IW2/VV/8.tiff,cmr_umm
2021-11-23,2021-11-23T12:55:39.731242+00:00,S1_056012_IW2_20211123T125538_VV_75A3-BURST,027_056012_IW2,56012,87416534,9,IW2,2021-11-23T12:55:38.724366,456.9137514351,27,ASCENDING,VV,SENTINEL-1A,40699,S1A_IWDV_0086_0092_040699_027,152943336,https://sentinel1-burst.asf.alaska.edu/S1A_IW_SLC__1SDV_20211123T125512_20211123T125542_040699_04D45B_75A3/IW2/VV/9.tiff,cmr_umm
2021-11-23,2021-11-23T12:55:42.489518+00:00,S1_056013_IW2_20211123T125541_VV_DD2D-BURST,027_056013_IW2,56013,87416535,0,IW2,2021-11-23T12:55:41.480867,459.6702519983,27,ASCENDING,VV,SENTINEL-1A,40699,S1A_IWDV_0091_0097_040699_027,152943336,https://sentinel1-burst.asf.alaska.edu/S1A_IW_SLC__1SDV_20211123T125540_20211123T125608_040699_04D45B_DD2D/IW2/VV/0.tiff,cmr_umm
2021-11-23,2021-11-23T12:55:45.247795+00:00,S1_056014_IW2_20211123T125544_VV_DD2D-BURST,027_056014_IW2,56014,87416536,1,IW2,2021-11-23T12:55:44.241479,462.4308641092,27,ASCENDING,VV,SENTINEL-1A,40699,S1A_IWDV_0091_0097_040699_027,152943336,https://sentinel1-burst.asf.alaska.edu/S1A_IW_SLC__1SDV_20211123T125540_20211123T125608_040699_04D45B_DD2D/IW2/VV/1.tiff,cmr_umm
2021-12-05,2021-12-05T12:55:36.412022+00:00,S1_056011_IW2_20211205T125535_VV_6B05-BURST,027_056011_IW2,56011,87792420,8,IW2,2021-12-05T12:55:35.413090,454.1632445494,27,ASCENDING,VV,SENTINEL-1A,40874,S1A_IWDV_0086_0092_040874_027,152943336,https://sentinel1-burst.asf.alaska.edu/S1A_IW_SLC__1SDV_20211205T125512_20211205T125542_040874_04DA78_6B05/IW2/VV/8.tiff,cmr_umm
2021-12-05,2021-12-05T12:55:39.170299+00:00,S1_056012_IW2_20211205T125538_VV_6B05-BURST,027_056012_IW2,56012,87792421,9,IW2,2021-12-05T12:55:38.167535,456.9176899914,27,ASCENDING,VV,SENTINEL-1A,40874,S1A_IWDV_0086_0092_040874_027,152943336,https://sentinel1-burst.asf.alaska.edu/S1A_IW_SLC__1SDV_20211205T125512_20211205T125542_040874_04DA78_6B05/IW2/VV/9.tiff,cmr_umm
2021-12-05,2021-12-05T12:55:41.928575+00:00,S1_056013_IW2_20211205T125540_VV_AACE-BURST,027_056013_IW2,56013,87792422,0,IW2,2021-12-05T12:55:40.924036,459.6741909983,27,ASCENDING,VV,SENTINEL-1A,40874,S1A_IWDV_0091_0097_040874_027,152943336,https://sentinel1-burst.asf.alaska.edu/S1A_IW_SLC__1SDV_20211205T125539_20211205T125607_040874_04DA78_AACE/IW2/VV/0.tiff,cmr_umm
2021-12-05,2021-12-05T12:55:44.686852+00:00,S1_056014_IW2_20211205T125543_VV_AACE-BURST,027_056014_IW2,56014,87792423,1,IW2,2021-12-05T12:55:43.684648,462.4348031092,27,ASCENDING,VV,SENTINEL-1A,40874,S1A_IWDV_0091_0097_040874_027,152943336,https://sentinel1-burst.asf.alaska.edu/S1A_IW_SLC__1SDV_20211205T125539_20211205T125607_040874_04DA78_AACE/IW2/VV/1.tiff,cmr_umm
2021-12-17,2021-12-17T12:55:35.998249+00:00,S1_056011_IW2_20211217T125534_VV_9F5A-BURST,027_056011_IW2,56011,88168308,8,IW2,2021-12-17T12:55:34.993150,454.1557269931,27,ASCENDING,VV,SENTINEL-1A,41049,S1A_IWDV_0086_0092_041049_027,152943336,https://sentinel1-burst.asf.alaska.edu/S1A_IW_SLC__1SDV_20211217T125511_20211217T125541_041049_04E069_9F5A/IW2/VV/8.tiff,cmr_umm
2021-12-17,2021-12-17T12:55:38.756526+00:00,S1_056012_IW2_20211217T125537_VV_9F5A-BURST,027_056012_IW2,56012,88168309,9,IW2,2021-12-17T12:55:37.749651,456.9122279914,27,ASCENDING,VV,SENTINEL-1A,41049,S1A_IWDV_0086_0092_041049_027,152943336,https://sentinel1-burst.asf.alaska.edu/S1A_IW_SLC__1SDV_20211217T125511_20211217T125541_041049_04E069_9F5A/IW2/VV/9.tiff,cmr_umm
2021-12-17,2021-12-17T12:55:41.514802+00:00,S1_056013_IW2_20211217T125540_VV_3ADB-BURST,027_056013_IW2,56013,88168310,0,IW2,2021-12-17T12:55:40.506152,459.6687289983,27,ASCENDING,VV,SENTINEL-1A,41049,S1A_IWDV_0091_0097_041049_027,152943336,https://sentinel1-burst.asf.alaska.edu/S1A_IW_SLC__1SDV_20211217T125539_20211217T125607_041049_04E069_3ADB/IW2/VV/0.tiff,cmr_umm
2021-12-17,2021-12-17T12:55:44.273079+00:00,S1_056014_IW2_20211217T125543_VV_3ADB-BURST,027_056014_IW2,56014,88168311,1,IW2,2021-12-17T12:55:43.266764,462.4293411092,27,ASCENDING,VV,SENTINEL-1A,41049,S1A_IWDV_0091_0097_041049_027,152943336,https://sentinel1-burst.asf.alaska.edu/S1A_IW_SLC__1SDV_20211217T125539_20211217T125607_041049_04E069_3ADB/IW2/VV/1.tiff,cmr_umm
2021-12-29,2021-12-29T12:55:35.238209+00:00,S1_056011_IW2_20211229T125534_VV_F2C2-BURST,027_056011_IW2,56011,88544195,8,IW2,2021-12-29T12:55:34.233095,454.1545541057,27,ASCENDING,VV,SENTINEL-1A,41224,S1A_IWDV_0086_0092_041224_027,152943336,https://sentinel1-burst.asf.alaska.edu/S1A_IW_SLC__1SDV_20211229T125511_20211229T125541_041224_04E63A_F2C2/IW2/VV/8.tiff,cmr_umm
2021-12-29,2021-12-29T12:55:37.996486+00:00,S1_056012_IW2_20211229T125536_VV_F2C2-BURST,027_056012_IW2,56012,88544196,9,IW2,2021-12-29T12:55:36.989596,456.911055104,27,ASCENDING,VV,SENTINEL-1A,41224,S1A_IWDV_0086_0092_041224_027,152943336,https://sentinel1-burst.asf.alaska.edu/S1A_IW_SLC__1SDV_20211229T125511_20211229T125541_041224_04E63A_F2C2/IW2/VV/9.tiff,cmr_umm
2021-12-29,2021-12-29T12:55:40.754762+00:00,S1_056013_IW2_20211229T125539_VV_DF14-BURST,027_056013_IW2,56013,88544197,0,IW2,2021-12-29T12:55:39.746097,459.6675559983,27,ASCENDING,VV,SENTINEL-1A,41224,S1A_IWDV_0091_0097_041224_027,152943336,https://sentinel1-burst.asf.alaska.edu/S1A_IW_SLC__1SDV_20211229T125538_20211229T125606_041224_04E63A_DF14/IW2/VV/0.tiff,cmr_umm
2021-12-29,2021-12-29T12:55:43.513039+00:00,S1_056014_IW2_20211229T125542_VV_DF14-BURST,027_056014_IW2,56014,88544198,1,IW2,2021-12-29T12:55:42.506709,462.4281681092,27,ASCENDING,VV,SENTINEL-1A,41224,S1A_IWDV_0091_0097_041224_027,152943336,https://sentinel1-burst.asf.alaska.edu/S1A_IW_SLC__1SDV_20211229T125538_20211229T125606_041224_04E63A_DF14/IW2/VV/1.tiff,cmr_umm
2022-01-10,2022-01-10T12:55:34.861881+00:00,S1_056011_IW2_20220110T125533_VV_C5F0-BURST,027_056011_IW2,56011,88920083,8,IW2,2022-01-10T12:55:33.871169,454.1691434368,27,ASCENDING,VV,SENTINEL-1A,41399,S1A_IWDV_0086_0092_041399_027,152943336,https://sentinel1-burst.asf.alaska.edu/S1A_IW_SLC__1SDV_20220110T125510_20220110T125540_041399_04EC23_C5F0/IW2/VV/8.tiff,cmr_umm
2022-01-10,2022-01-10T12:55:37.620158+00:00,S1_056012_IW2_20220110T125536_VV_C5F0-BURST,027_056012_IW2,56012,88920084,9,IW2,2022-01-10T12:55:36.627670,456.9256444351,27,ASCENDING,VV,SENTINEL-1A,41399,S1A_IWDV_0086_0092_041399_027,152943336,https://sentinel1-burst.asf.alaska.edu/S1A_IW_SLC__1SDV_20220110T125510_20220110T125540_041399_04EC23_C5F0/IW2/VV/9.tiff,cmr_umm
2022-01-10,2022-01-10T12:55:40.378434+00:00,S1_056013_IW2_20220110T125539_VV_4A4F-BURST,027_056013_IW2,56013,88920085,0,IW2,2022-01-10T12:55:39.386228,459.6842015546,27,ASCENDING,VV,SENTINEL-1A,41399,S1A_IWDV_0091_0097_041399_027,152943336,https://sentinel1-burst.asf.alaska.edu/S1A_IW_SLC__1SDV_20220110T125538_20220110T125606_041399_04EC23_4A4F/IW2/VV/0.tiff,cmr_umm
2022-01-10,2022-01-10T12:55:43.136711+00:00,S1_056014_IW2_20220110T125542_VV_4A4F-BURST,027_056014_IW2,56014,88920086,1,IW2,2022-01-10T12:55:42.146840,462.4448136655,27,ASCENDING,VV,SENTINEL-1A,41399,S1A_IWDV_0091_0097_041399_027,152943336,https://sentinel1-burst.asf.alaska.edu/S1A_IW_SLC__1SDV_20220110T125538_20220110T125606_041399_04EC23_4A4F/IW2/VV/1.tiff,cmr_umm
2022-01-22,2022-01-22T12:55:34.183445+00:00,S1_056011_IW2_20220122T125533_VV_7B5A-BURST,027_056011_IW2,56011,89295970,8,IW2,2022-01-22T12:55:33.168065,454.1433654368,27,ASCENDING,VV,SENTINEL-1A,41574,S1A_IWDV_0086_0092_041574_027,152943336,https://sentinel1-burst.asf.alaska.edu/S1A_IW_SLC__1SDV_20220122T125510_20220122T125539_041574_04F1E1_7B5A/IW2/VV/8.tiff,cmr_umm
2022-01-22,2022-01-22T12:55:36.941722+00:00,S1_056012_IW2_20220122T125535_VV_7B5A-BURST,027_056012_IW2,56012,89295971,9,IW2,2022-01-22T12:55:35.924566,456.8998664351,27,ASCENDING,VV,SENTINEL-1A,41574,S1A_IWDV_0086_0092_041574_027,152943336,https://sentinel1-burst.asf.alaska.edu/S1A_IW_SLC__1SDV_20220122T125510_20220122T125539_041574_04F1E1_7B5A/IW2/VV/9.tiff,cmr_umm
2022-01-22,2022-01-22T12:55:39.699998+00:00,S1_056013_IW2_20220122T125538_VV_2473-BURST,027_056013_IW2,56013,89295972,0,IW2,2022-01-22T12:55:38.681067,459.6563669983,27,ASCENDING,VV,SENTINEL-1A,41574,S1A_IWDV_0091_0097_041574_027,152943336,https://sentinel1-burst.asf.alaska.edu/S1A_IW_SLC__1SDV_20220122T125537_20220122T125605_041574_04F1E1_2473/IW2/VV/0.tiff,cmr_umm
2022-01-22,2022-01-22T12:55:42.458275+00:00,S1_056014_IW2_20220122T125541_VV_2473-BURST,027_056014_IW2,56014,89295973,1,IW2,2022-01-22T12:55:41.439624,462.4149235528999,27,ASCENDING,VV,SENTINEL-1A,41574,S1A_IWDV_0091_0097_041574_027,152943336,https://sentinel1-burst.asf.alaska.edu/S1A_IW_SLC__1SDV_20220122T125537_20220122T125605_041574_04F1E1_2473/IW2/VV/1.tiff,cmr_umm
2022-02-03,2022-02-03T12:55:33.511311+00:00,S1_056011_IW2_20220203T125532_VV_04F6-BURST,027_056011_IW2,56011,89671857,8,IW2,2022-02-03T12:55:32.497985,454.1466484368,27,ASCENDING,VV,SENTINEL-1A,41749,S1A_IWDV_0086_0092_041749_027,152943336,https://sentinel1-burst.asf.alaska.edu/S1A_IW_SLC__1SDV_20220203T125509_20220203T125539_041749_04F7D1_04F6/IW2/VV/8.tiff,cmr_umm
2022-02-03,2022-02-03T12:55:36.269588+00:00,S1_056012_IW2_20220203T125535_VV_04F6-BURST,027_056012_IW2,56012,89671858,9,IW2,2022-02-03T12:55:35.254486,456.9031494351,27,ASCENDING,VV,SENTINEL-1A,41749,S1A_IWDV_0086_0092_041749_027,152943336,https://sentinel1-burst.asf.alaska.edu/S1A_IW_SLC__1SDV_20220203T125509_20220203T125539_041749_04F7D1_04F6/IW2/VV/9.tiff,cmr_umm
2022-02-03,2022-02-03T12:55:39.027864+00:00,S1_056013_IW2_20220203T125538_VV_FCD4-BURST,027_056013_IW2,56013,89671859,0,IW2,2022-02-03T12:55:38.010988,459.6596509983,27,ASCENDING,VV,SENTINEL-1A,41749,S1A_IWDV_0091_0097_041749_027,152943336,https://sentinel1-burst.asf.alaska.edu/S1A_IW_SLC__1SDV_20220203T125537_20220203T125604_041749_04F7D1_FCD4/IW2/VV/0.tiff,cmr_umm
2022-02-03,2022-02-03T12:55:41.786141+00:00,S1_056014_IW2_20220203T125540_VV_FCD4-BURST,027_056014_IW2,56014,89671860,1,IW2,2022-02-03T12:55:40.769545,462.4182075529,27,ASCENDING,VV,SENTINEL-1A,41749,S1A_IWDV_0091_0097_041749_027,152943336,https://sentinel1-burst.asf.alaska.edu/S1A_IW_SLC__1SDV_20220203T125537_20220203T125604_041749_04F7D1_FCD4/IW2/VV/1.tiff,cmr_umm
2022-02-15,2022-02-15T12:55:33.568302+00:00,S1_056011_IW2_20220215T125532_VV_3B5F-BURST,027_056011_IW2,56011,90047745,8,IW2,2022-02-15T12:55:32.554976,454.1457644368,27,ASCENDING,VV,SENTINEL-1A,41924,S1A_IWDV_0086_0092_041924_027,152943336,https://sentinel1-burst.asf.alaska.edu/S1A_IW_SLC__1SDV_20220215T125509_20220215T125539_041924_04FDF9_3B5F/IW2/VV/8.tiff,cmr_umm
2022-02-15,2022-02-15T12:55:36.326579+00:00,S1_056012_IW2_20220215T125535_VV_3B5F-BURST,027_056012_IW2,56012,90047746,9,IW2,2022-02-15T12:55:35.311477,456.9022654351,27,ASCENDING,VV,SENTINEL-1A,41924,S1A_IWDV_0086_0092_041924_027,152943336,https://sentinel1-burst.asf.alaska.edu/S1A_IW_SLC__1SDV_20220215T125509_20220215T125539_041924_04FDF9_3B5F/IW2/VV/9.tiff,cmr_umm
2022-02-15,2022-02-15T12:55:39.084855+00:00,S1_056013_IW2_20220215T125538_VV_FDC2-BURST,027_056013_IW2,56013,90047747,0,IW2,2022-02-15T12:55:38.065923,459.656711442,27,ASCENDING,VV,SENTINEL-1A,41924,S1A_IWDV_0091_0097_041924_027,152943336,https://sentinel1-burst.asf.alaska.edu/S1A_IW_SLC__1SDV_20220215T125537_20220215T125605_041924_04FDF9_FDC2/IW2/VV/0.tiff,cmr_umm
2022-02-15,2022-02-15T12:55:41.843132+00:00,S1_056014_IW2_20220215T125540_VV_FDC2-BURST,027_056014_IW2,56014,90047748,1,IW2,2022-02-15T12:55:40.826536,462.4173235529,27,ASCENDING,VV,SENTINEL-1A,41924,S1A_IWDV_0091_0097_041924_027,152943336,https://sentinel1-burst.asf.alaska.edu/S1A_IW_SLC__1SDV_20220215T125537_20220215T125605_041924_04FDF9_FDC2/IW2/VV/1.tiff,cmr_umm
2022-02-27,2022-02-27T12:55:33.474735+00:00,S1_056011_IW2_20220227T125532_VV_D031-BURST,027_056011_IW2,56011,90423632,8,IW2,2022-02-27T12:55:32.455242,454.1388348804999,27,ASCENDING,VV,SENTINEL-1A,42099,S1A_IWDV_0086_0092_042099_027,152943336,https://sentinel1-burst.asf.alaska.edu/S1A_IW_SLC__1SDV_20220227T125509_20220227T125539_042099_0503FF_D031/IW2/VV/8.tiff,cmr_umm
2022-02-27,2022-02-27T12:55:36.233012+00:00,S1_056012_IW2_20220227T125535_VV_D031-BURST,027_056012_IW2,56012,90423633,9,IW2,2022-02-27T12:55:35.209687,456.8932803224999,27,ASCENDING,VV,SENTINEL-1A,42099,S1A_IWDV_0086_0092_042099_027,152943336,https://sentinel1-burst.asf.alaska.edu/S1A_IW_SLC__1SDV_20220227T125509_20220227T125539_042099_0503FF_D031/IW2/VV/9.tiff,cmr_umm
2022-02-27,2022-02-27T12:55:38.991288+00:00,S1_056013_IW2_20220227T125537_VV_D61E-BURST,027_056013_IW2,56013,90423634,0,IW2,2022-02-27T12:55:37.966189,459.6497819983,27,ASCENDING,VV,SENTINEL-1A,42099,S1A_IWDV_0091_0097_042099_027,152943336,https://sentinel1-burst.asf.alaska.edu/S1A_IW_SLC__1SDV_20220227T125537_20220227T125604_042099_0503FF_D61E/IW2/VV/0.tiff,cmr_umm
2022-02-27,2022-02-27T12:55:41.749565+00:00,S1_056014_IW2_20220227T125540_VV_D61E-BURST,027_056014_IW2,56014,90423635,1,IW2,2022-02-27T12:55:40.726801,462.4103941092,27,ASCENDING,VV,SENTINEL-1A,42099,S1A_IWDV_0091_0097_042099_027,152943336,https://sentinel1-burst.asf.alaska.edu/S1A_IW_SLC__1SDV_20220227T125537_20220227T125604_042099_0503FF_D61E/IW2/VV/1.tiff,cmr_umm
2022-03-11,2022-03-11T12:55:33.500050+00:00,S1_056011_IW2_20220311T125532_VV_236F-BURST,027_056011_IW2,56011,90799519,8,IW2,2022-03-11T12:55:32.492889,454.1526369931,27,ASCENDING,VV,SENTINEL-1A,42274,S1A_IWDV_0086_0092_042274_027,152943336,https://sentinel1-burst.asf.alaska.edu/S1A_IW_SLC__1SDV_20220311T125509_20220311T125539_042274_0509EE_236F/IW2/VV/8.tiff,cmr_umm
2022-03-11,2022-03-11T12:55:36.258327+00:00,S1_056012_IW2_20220311T125535_VV_236F-BURST,027_056012_IW2,56012,90799520,9,IW2,2022-03-11T12:55:35.249390,456.9091379914,27,ASCENDING,VV,SENTINEL-1A,42274,S1A_IWDV_0086_0092_042274_027,152943336,https://sentinel1-burst.asf.alaska.edu/S1A_IW_SLC__1SDV_20220311T125509_20220311T125539_042274_0509EE_236F/IW2/VV/9.tiff,cmr_umm
2022-03-11,2022-03-11T12:55:39.016603+00:00,S1_056013_IW2_20220311T125538_VV_7E32-BURST,027_056013_IW2,56013,90799521,0,IW2,2022-03-11T12:55:38.005891,459.6656389983,27,ASCENDING,VV,SENTINEL-1A,42274,S1A_IWDV_0091_0097_042274_027,152943336,https://sentinel1-burst.asf.alaska.edu/S1A_IW_SLC__1SDV_20220311T125537_20220311T125604_042274_0509EE_7E32/IW2/VV/0.tiff,cmr_umm
2022-03-11,2022-03-11T12:55:41.774880+00:00,S1_056014_IW2_20220311T125540_VV_7E32-BURST,027_056014_IW2,56014,90799522,1,IW2,2022-03-11T12:55:40.766503,462.4262511092,27,ASCENDING,VV,SENTINEL-1A,42274,S1A_IWDV_0091_0097_042274_027,152943336,https://sentinel1-burst.asf.alaska.edu/S1A_IW_SLC__1SDV_20220311T125537_20220311T125604_042274_0509EE_7E32/IW2/VV/1.tiff,cmr_umm
2022-03-23,2022-03-23T12:55:33.873997+00:00,S1_056011_IW2_20220323T125532_VV_4807-BURST,027_056011_IW2,56011,91175407,8,IW2,2022-03-23T12:55:32.852448,454.1384905494,27,ASCENDING,VV,SENTINEL-1A,42449,S1A_IWDV_0086_0092_042449_027,152943336,https://sentinel1-burst.asf.alaska.edu/S1A_IW_SLC__1SDV_20220323T125509_20220323T125539_042449_050FE4_4807/IW2/VV/8.tiff,cmr_umm
2022-03-23,2022-03-23T12:55:36.632274+00:00,S1_056012_IW2_20220323T125535_VV_4807-BURST,027_056012_IW2,56012,91175408,9,IW2,2022-03-23T12:55:35.608949,456.8949915477,27,ASCENDING,VV,SENTINEL-1A,42449,S1A_IWDV_0086_0092_042449_027,152943336,https://sentinel1-burst.asf.alaska.edu/S1A_IW_SLC__1SDV_20220323T125509_20220323T125539_042449_050FE4_4807/IW2/VV/9.tiff,cmr_umm
2022-03-23,2022-03-23T12:55:39.390550+00:00,S1_056013_IW2_20220323T125538_VV_0DD9-BURST,027_056013_IW2,56013,91175409,0,IW2,2022-03-23T12:55:38.365450,459.6514929983,27,ASCENDING,VV,SENTINEL-1A,42449,S1A_IWDV_0091_0097_042449_027,152943336,https://sentinel1-burst.asf.alaska.edu/S1A_IW_SLC__1SDV_20220323T125537_20220323T125605_042449_050FE4_0DD9/IW2/VV/0.tiff,cmr_umm
2022-03-23,2022-03-23T12:55:42.148827+00:00,S1_056014_IW2_20220323T125541_VV_0DD9-BURST,027_056014_IW2,56014,91175410,1,IW2,2022-03-23T12:55:41.124007,462.4100495529,27,ASCENDING,VV,SENTINEL-1A,42449,S1A_IWDV_0091_0097_042449_027,152943336,https://sentinel1-burst.asf.alaska.edu/S1A_IW_SLC__1SDV_20220323T125537_20220323T125605_042449_050FE4_0DD9/IW2/VV/1.tiff,cmr_umm
2022-04-04,2022-04-04T12:55:34.039082+00:00,S1_056011_IW2_20220404T125533_VV_FA07-BURST,027_056011_IW2,56011,91551294,8,IW2,2022-04-04T12:55:33.017532,454.1378744368,27,ASCENDING,VV,SENTINEL-1A,42624,S1A_IWDV_0086_0092_042624_027,152943336,https://sentinel1-burst.asf.alaska.edu/S1A_IW_SLC__1SDV_20220404T125510_20220404T125539_042624_0515D9_FA07/IW2/VV/8.tiff,cmr_umm
2022-04-04,2022-04-04T12:55:36.797359+00:00,S1_056012_IW2_20220404T125535_VV_FA07-BURST,027_056012_IW2,56012,91551295,9,IW2,2022-04-04T12:55:35.771978,456.8923198787999,27,ASCENDING,VV,SENTINEL-1A,42624,S1A_IWDV_0086_0092_042624_027,152943336,https://sentinel1-burst.asf.alaska.edu/S1A_IW_SLC__1SDV_20220404T125510_20220404T125539_042624_0515D9_FA07/IW2/VV/9.tiff,cmr_umm
2022-04-04,2022-04-04T12:55:39.555635+00:00,S1_056013_IW2_20220404T125538_VV_6C4B-BURST,027_056013_IW2,56013,91551296,0,IW2,2022-04-04T12:55:38.530535,459.6508765546,27,ASCENDING,VV,SENTINEL-1A,42624,S1A_IWDV_0091_0097_042624_027,152943336,https://sentinel1-burst.asf.alaska.edu/S1A_IW_SLC__1SDV_20220404T125537_20220404T125605_042624_0515D9_6C4B/IW2/VV/0.tiff,cmr_umm
2022-04-04,2022-04-04T12:55:42.313912+00:00,S1_056014_IW2_20220404T125541_VV_6C4B-BURST,027_056014_IW2,56014,91551297,1,IW2,2022-04-04T12:55:41.291147,462.4114886655,27,ASCENDING,VV,SENTINEL-1A,42624,S1A_IWDV_0091_0097_042624_027,152943336,https://sentinel1-burst.asf.alaska.edu/S1A_IW_SLC__1SDV_20220404T125537_20220404T125605_042624_0515D9_6C4B/IW2/VV/1.tiff,cmr_umm
2022-04-16,2022-04-16T12:55:34.279408+00:00,S1_056011_IW2_20220416T125533_VV_064F-BURST,027_056011_IW2,56011,91927182,8,IW2,2022-04-16T12:55:33.253747,454.1303564368,27,ASCENDING,VV,SENTINEL-1A,42799,S1A_IWDV_0086_0092_042799_027,152943336,https://sentinel1-burst.asf.alaska.edu/S1A_IW_SLC__1SDV_20220416T125510_20220416T125540_042799_051BBC_064F/IW2/VV/8.tiff,cmr_umm
2022-04-16,2022-04-16T12:55:37.037685+00:00,S1_056012_IW2_20220416T125536_VV_064F-BURST,027_056012_IW2,56012,91927183,9,IW2,2022-04-16T12:55:36.008193,456.8848018788,27,ASCENDING,VV,SENTINEL-1A,42799,S1A_IWDV_0086_0092_042799_027,152943336,https://sentinel1-burst.asf.alaska.edu/S1A_IW_SLC__1SDV_20220416T125510_20220416T125540_042799_051BBC_064F/IW2/VV/9.tiff,cmr_umm
2022-04-16,2022-04-16T12:55:39.795961+00:00,S1_056013_IW2_20220416T125538_VV_8E15-BURST,027_056013_IW2,56013,91927184,0,IW2,2022-04-16T12:55:38.764694,459.6413029983,27,ASCENDING,VV,SENTINEL-1A,42799,S1A_IWDV_0091_0097_042799_027,152943336,https://sentinel1-burst.asf.alaska.edu/S1A_IW_SLC__1SDV_20220416T125537_20220416T125605_042799_051BBC_8E15/IW2/VV/0.tiff,cmr_umm
2022-04-16,2022-04-16T12:55:42.554238+00:00,S1_056014_IW2_20220416T125541_VV_8E15-BURST,027_056014_IW2,56014,91927185,1,IW2,2022-04-16T12:55:41.525306,462.4019151092,27,ASCENDING,VV,SENTINEL-1A,42799,S1A_IWDV_0091_0097_042799_027,152943336,https://sentinel1-burst.asf.alaska.edu/S1A_IW_SLC__1SDV_20220416T125537_20220416T125605_042799_051BBC_8E15/IW2/VV/1.tiff,cmr_umm
2022-04-28,2022-04-28T12:55:34.941792+00:00,S1_056011_IW2_20220428T125533_VV_880C-BURST,027_056011_IW2,56011,92303069,8,IW2,2022-04-28T12:55:33.920245,454.1330265494,27,ASCENDING,VV,SENTINEL-1A,42974,S1A_IWDV_0086_0092_042974_027,152943336,https://sentinel1-burst.asf.alaska.edu/S1A_IW_SLC__1SDV_20220428T125510_20220428T125540_042974_052174_880C/IW2/VV/8.tiff,cmr_umm
2022-04-28,2022-04-28T12:55:37.700069+00:00,S1_056012_IW2_20220428T125536_VV_880C-BURST,027_056012_IW2,56012,92303070,9,IW2,2022-04-28T12:55:36.674690,456.8874719914,27,ASCENDING,VV,SENTINEL-1A,42974,S1A_IWDV_0086_0092_042974_027,152943336,https://sentinel1-burst.asf.alaska.edu/S1A_IW_SLC__1SDV_20220428T125510_20220428T125540_042974_052174_880C/IW2/VV/9.tiff,cmr_umm
2022-04-28,2022-04-28T12:55:40.458345+00:00,S1_056013_IW2_20220428T125539_VV_F168-BURST,027_056013_IW2,56013,92303071,0,IW2,2022-04-28T12:55:39.431191,459.6439729983,27,ASCENDING,VV,SENTINEL-1A,42974,S1A_IWDV_0091_0097_042974_027,152943336,https://sentinel1-burst.asf.alaska.edu/S1A_IW_SLC__1SDV_20220428T125538_20220428T125606_042974_052174_F168/IW2/VV/0.tiff,cmr_umm
2022-04-28,2022-04-28T12:55:43.216622+00:00,S1_056014_IW2_20220428T125542_VV_F168-BURST,027_056014_IW2,56014,92303072,1,IW2,2022-04-28T12:55:42.191803,462.4045851092,27,ASCENDING,VV,SENTINEL-1A,42974,S1A_IWDV_0091_0097_042974_027,152943336,https://sentinel1-burst.asf.alaska.edu/S1A_IW_SLC__1SDV_20220428T125538_20220428T125606_042974_052174_F168/IW2/VV/1.tiff,cmr_umm
2022-05-10,2022-05-10T12:55:35.531330+00:00,S1_056011_IW2_20220510T125534_VV_CE2D-BURST,027_056011_IW2,56011,92678956,8,IW2,2022-05-10T12:55:34.524171,454.1488919931,27,ASCENDING,VV,SENTINEL-1A,43149,S1A_IWDV_0086_0092_043149_027,152943336,https://sentinel1-burst.asf.alaska.edu/S1A_IW_SLC__1SDV_20220510T125511_20220510T125541_043149_052740_CE2D/IW2/VV/8.tiff,cmr_umm
2022-05-10,2022-05-10T12:55:38.289607+00:00,S1_056012_IW2_20220510T125537_VV_CE2D-BURST,027_056012_IW2,56012,92678957,9,IW2,2022-05-10T12:55:37.280672,456.9053929914,27,ASCENDING,VV,SENTINEL-1A,43149,S1A_IWDV_0086_0092_043149_027,152943336,https://sentinel1-burst.asf.alaska.edu/S1A_IW_SLC__1SDV_20220510T125511_20220510T125541_043149_052740_CE2D/IW2/VV/9.tiff,cmr_umm
2022-05-10,2022-05-10T12:55:41.047883+00:00,S1_056013_IW2_20220510T125540_VV_CF5B-BURST,027_056013_IW2,56013,92678958,0,IW2,2022-05-10T12:55:40.039229,459.6639495546,27,ASCENDING,VV,SENTINEL-1A,43149,S1A_IWDV_0091_0097_043149_027,152943336,https://sentinel1-burst.asf.alaska.edu/S1A_IW_SLC__1SDV_20220510T125539_20220510T125606_043149_052740_CF5B/IW2/VV/0.tiff,cmr_umm
2022-05-10,2022-05-10T12:55:43.806160+00:00,S1_056014_IW2_20220510T125542_VV_CF5B-BURST,027_056014_IW2,56014,92678959,1,IW2,2022-05-10T12:55:42.797785,462.4225061092,27,ASCENDING,VV,SENTINEL-1A,43149,S1A_IWDV_0091_0097_043149_027,152943336,https://sentinel1-burst.asf.alaska.edu/S1A_IW_SLC__1SDV_20220510T125539_20220510T125606_043149_052740_CF5B/IW2/VV/1.tiff,cmr_umm
2022-05-22,2022-05-22T12:55:36.314564+00:00,S1_056011_IW2_20220522T125535_VV_FB43-BURST,027_056011_IW2,56011,93054844,8,IW2,2022-05-22T12:55:35.290963,454.1322749930999,27,ASCENDING,VV,SENTINEL-1A,43324,S1A_IWDV_0086_0092_043324_027,152943336,https://sentinel1-burst.asf.alaska.edu/S1A_IW_SLC__1SDV_20220522T125512_20220522T125542_043324_052C76_FB43/IW2/VV/8.tiff,cmr_umm
2022-05-22,2022-05-22T12:55:39.072841+00:00,S1_056012_IW2_20220522T125538_VV_FB43-BURST,027_056012_IW2,56012,93054845,9,IW2,2022-05-22T12:55:38.045408,456.8867204351,27,ASCENDING,VV,SENTINEL-1A,43324,S1A_IWDV_0086_0092_043324_027,152943336,https://sentinel1-burst.asf.alaska.edu/S1A_IW_SLC__1SDV_20220522T125512_20220522T125542_043324_052C76_FB43/IW2/VV/9.tiff,cmr_umm
2022-05-22,2022-05-22T12:55:41.831117+00:00,S1_056013_IW2_20220522T125540_VV_9CA9-BURST,027_056013_IW2,56013,93054846,0,IW2,2022-05-22T12:55:40.803965,459.6452765546,27,ASCENDING,VV,SENTINEL-1A,43324,S1A_IWDV_0091_0097_043324_027,152943336,https://sentinel1-burst.asf.alaska.edu/S1A_IW_SLC__1SDV_20220522T125539_20220522T125607_043324_052C76_9CA9/IW2/VV/0.tiff,cmr_umm
2022-05-22,2022-05-22T12:55:44.589394+00:00,S1_056014_IW2_20220522T125543_VV_9CA9-BURST,027_056014_IW2,56014,93054847,1,IW2,2022-05-22T12:55:43.562521,462.4038331092,27,ASCENDING,VV,SENTINEL-1A,43324,S1A_IWDV_0091_0097_043324_027,152943336,https://sentinel1-burst.asf.alaska.edu/S1A_IW_SLC__1SDV_20220522T125539_20220522T125607_043324_052C76_9CA9/IW2/VV/1.tiff,cmr_umm
2022-06-03,2022-06-03T12:55:37.479282+00:00,S1_056011_IW2_20220603T125536_VV_798B-BURST,027_056011_IW2,56011,93430731,8,IW2,2022-06-03T12:55:36.472127,454.1509689931,27,ASCENDING,VV,SENTINEL-1A,43499,S1A_IWDV_0086_0092_043499_027,152943336,https://sentinel1-burst.asf.alaska.edu/S1A_IW_SLC__1SDV_20220603T125513_20220603T125543_043499_05319C_798B/IW2/VV/8.tiff,cmr_umm
2022-06-03,2022-06-03T12:55:40.237559+00:00,S1_056012_IW2_20220603T125539_VV_798B-BURST,027_056012_IW2,56012,93430732,9,IW2,2022-06-03T12:55:39.228628,456.9074699914,27,ASCENDING,VV,SENTINEL-1A,43499,S1A_IWDV_0086_0092_043499_027,152943336,https://sentinel1-burst.asf.alaska.edu/S1A_IW_SLC__1SDV_20220603T125513_20220603T125543_043499_05319C_798B/IW2/VV/9.tiff,cmr_umm
2022-06-03,2022-06-03T12:55:42.995835+00:00,S1_056013_IW2_20220603T125541_VV_F280-BURST,027_056013_IW2,56013,93430733,0,IW2,2022-06-03T12:55:41.987185,459.6660265546,27,ASCENDING,VV,SENTINEL-1A,43499,S1A_IWDV_0091_0097_043499_027,152943336,https://sentinel1-burst.asf.alaska.edu/S1A_IW_SLC__1SDV_20220603T125541_20220603T125608_043499_05319C_F280/IW2/VV/0.tiff,cmr_umm
2022-06-03,2022-06-03T12:55:45.754112+00:00,S1_056014_IW2_20220603T125544_VV_F280-BURST,027_056014_IW2,56014,93430734,1,IW2,2022-06-03T12:55:44.747797,462.4266386655,27,ASCENDING,VV,SENTINEL-1A,43499,S1A_IWDV_0091_0097_043499_027,152943336,https://sentinel1-burst.asf.alaska.edu/S1A_IW_SLC__1SDV_20220603T125541_20220603T125608_043499_05319C_F280/IW2/VV/1.tiff,cmr_umm
2022-06-15,2022-06-15T12:55:37.924000+00:00,S1_056011_IW2_20220615T125536_VV_E905-BURST,027_056011_IW2,56011,93806618,8,IW2,2022-06-15T12:55:36.912735,454.1448485494,27,ASCENDING,VV,SENTINEL-1A,43674,S1A_IWDV_0086_0092_043674_027,152943336,https://sentinel1-burst.asf.alaska.edu/S1A_IW_SLC__1SDV_20220615T125513_20220615T125543_043674_0536DA_E905/IW2/VV/8.tiff,cmr_umm
2022-06-15,2022-06-15T12:55:40.682277+00:00,S1_056012_IW2_20220615T125539_VV_E905-BURST,027_056012_IW2,56012,93806619,9,IW2,2022-06-15T12:55:39.671291,456.903405104,27,ASCENDING,VV,SENTINEL-1A,43674,S1A_IWDV_0086_0092_043674_027,152943336,https://sentinel1-burst.asf.alaska.edu/S1A_IW_SLC__1SDV_20220615T125513_20220615T125543_043674_0536DA_E905/IW2/VV/9.tiff,cmr_umm
2022-06-15,2022-06-15T12:55:43.440553+00:00,S1_056013_IW2_20220615T125542_VV_2854-BURST,027_056013_IW2,56013,93806620,0,IW2,2022-06-15T12:55:42.427792,459.6599059983,27,ASCENDING,VV,SENTINEL-1A,43674,S1A_IWDV_0091_0097_043674_027,152943336,https://sentinel1-burst.asf.alaska.edu/S1A_IW_SLC__1SDV_20220615T125541_20220615T125609_043674_0536DA_2854/IW2/VV/0.tiff,cmr_umm
2022-06-15,2022-06-15T12:55:46.198830+00:00,S1_056014_IW2_20220615T125545_VV_2854-BURST,027_056014_IW2,56014,93806621,1,IW2,2022-06-15T12:55:45.188404,462.4205181092,27,ASCENDING,VV,SENTINEL-1A,43674,S1A_IWDV_0091_0097_043674_027,152943336,https://sentinel1-burst.asf.alaska.edu/S1A_IW_SLC__1SDV_20220615T125541_20220615T125609_043674_0536DA_2854/IW2/VV/1.tiff,cmr_umm
2022-06-27,2022-06-27T12:55:38.953220+00:00,S1_056011_IW2_20220627T125537_VV_5A82-BURST,027_056011_IW2,56011,94182506,8,IW2,2022-06-27T12:55:37.925509,454.1304054368,27,ASCENDING,VV,SENTINEL-1A,43849,S1A_IWDV_0086_0092_043849_027,152943336,https://sentinel1-burst.asf.alaska.edu/S1A_IW_SLC__1SDV_20220627T125514_20220627T125544_043849_053C18_5A82/IW2/VV/8.tiff,cmr_umm
2022-06-27,2022-06-27T12:55:41.711497+00:00,S1_056012_IW2_20220627T125540_VV_5A82-BURST,027_056012_IW2,56012,94182507,9,IW2,2022-06-27T12:55:40.682010,456.8869064351,27,ASCENDING,VV,SENTINEL-1A,43849,S1A_IWDV_0086_0092_043849_027,152943336,https://sentinel1-burst.asf.alaska.edu/S1A_IW_SLC__1SDV_20220627T125514_20220627T125544_043849_053C18_5A82/IW2/VV/9.tiff,cmr_umm
2022-06-27,2022-06-27T12:55:44.469773+00:00,S1_056013_IW2_20220627T125543_VV_049A-BURST,027_056013_IW2,56013,94182508,0,IW2,2022-06-27T12:55:43.440568,459.6454635546,27,ASCENDING,VV,SENTINEL-1A,43849,S1A_IWDV_0091_0097_043849_027,152943336,https://sentinel1-burst.asf.alaska.edu/S1A_IW_SLC__1SDV_20220627T125542_20220627T125610_043849_053C18_049A/IW2/VV/0.tiff,cmr_umm
2022-06-27,2022-06-27T12:55:47.228050+00:00,S1_056014_IW2_20220627T125546_VV_049A-BURST,027_056014_IW2,56014,94182509,1,IW2,2022-06-27T12:55:46.201180,462.4060756655,27,ASCENDING,VV,SENTINEL-1A,43849,S1A_IWDV_0091_0097_043849_027,152943336,https://sentinel1-burst.asf.alaska.edu/S1A_IW_SLC__1SDV_20220627T125542_20220627T125610_043849_053C18_049A/IW2/VV/1.tiff,cmr_umm
2022-07-09,2022-07-09T12:55:39.577274+00:00,S1_056011_IW2_20220709T125538_VV_E938-BURST,027_056011_IW2,56011,94558393,8,IW2,2022-07-09T12:55:38.553659,454.1326869931,27,ASCENDING,VV,SENTINEL-1A,44024,S1A_IWDV_0086_0092_044024_027,152943336,https://sentinel1-burst.asf.alaska.edu/S1A_IW_SLC__1SDV_20220709T125515_20220709T125545_044024_054146_E938/IW2/VV/8.tiff,cmr_umm
2022-07-09,2022-07-09T12:55:42.335551+00:00,S1_056012_IW2_20220709T125541_VV_E938-BURST,027_056012_IW2,56012,94558394,9,IW2,2022-07-09T12:55:41.308104,456.8871324351,27,ASCENDING,VV,SENTINEL-1A,44024,S1A_IWDV_0086_0092_044024_027,152943336,https://sentinel1-burst.asf.alaska.edu/S1A_IW_SLC__1SDV_20220709T125515_20220709T125545_044024_054146_E938/IW2/VV/9.tiff,cmr_umm
2022-07-09,2022-07-09T12:55:45.093827+00:00,S1_056013_IW2_20220709T125544_VV_1646-BURST,027_056013_IW2,56013,94558395,0,IW2,2022-07-09T12:55:44.066661,459.6456885546,27,ASCENDING,VV,SENTINEL-1A,44024,S1A_IWDV_0091_0097_044024_027,152943336,https://sentinel1-burst.asf.alaska.edu/S1A_IW_SLC__1SDV_20220709T125543_20220709T125611_044024_054146_1646/IW2/VV/0.tiff,cmr_umm
2022-07-09,2022-07-09T12:55:47.852104+00:00,S1_056014_IW2_20220709T125546_VV_1646-BURST,027_056014_IW2,56014,94558396,1,IW2,2022-07-09T12:55:46.827273,462.4063006655,27,ASCENDING,VV,SENTINEL-1A,44024,S1A_IWDV_0091_0097_044024_027,152943336,https://sentinel1-burst.asf.alaska.edu/S1A_IW_SLC__1SDV_20220709T125543_20220709T125611_044024_054146_1646/IW2/VV/1.tiff,cmr_umm
2022-07-21,2022-07-21T12:55:40.314121+00:00,S1_056011_IW2_20220721T125539_VV_80CC-BURST,027_056011_IW2,56011,94934281,8,IW2,2022-07-21T12:55:39.284338,454.1274014368,27,ASCENDING,VV,SENTINEL-1A,44199,S1A_IWDV_0086_0092_044199_027,152943336,https://sentinel1-burst.asf.alaska.edu/S1A_IW_SLC__1SDV_20220721T125516_20220721T125546_044199_054682_80CC/IW2/VV/8.tiff,cmr_umm
2022-07-21,2022-07-21T12:55:43.072398+00:00,S1_056012_IW2_20220721T125542_VV_80CC-BURST,027_056012_IW2,56012,94934282,9,IW2,2022-07-21T12:55:42.038784,456.8818468787999,27,ASCENDING,VV,SENTINEL-1A,44199,S1A_IWDV_0086_0092_044199_027,152943336,https://sentinel1-burst.asf.alaska.edu/S1A_IW_SLC__1SDV_20220721T125516_20220721T125546_044199_054682_80CC/IW2/VV/9.tiff,cmr_umm
2022-07-21,2022-07-21T12:55:45.830674+00:00,S1_056013_IW2_20220721T125544_VV_F9C6-BURST,027_056013_IW2,56013,94934283,0,IW2,2022-07-21T12:55:44.797341,459.6404035546,27,ASCENDING,VV,SENTINEL-1A,44199,S1A_IWDV_0091_0097_044199_027,152943336,https://sentinel1-burst.asf.alaska.edu/S1A_IW_SLC__1SDV_20220721T125543_20220721T125611_044199_054682_F9C6/IW2/VV/0.tiff,cmr_umm
2022-07-21,2022-07-21T12:55:48.588951+00:00,S1_056014_IW2_20220721T125547_VV_F9C6-BURST,027_056014_IW2,56014,94934284,1,IW2,2022-07-21T12:55:47.555897,462.3989601092,27,ASCENDING,VV,SENTINEL-1A,44199,S1A_IWDV_0091_0097_044199_027,152943336,https://sentinel1-burst.asf.alaska.edu/S1A_IW_SLC__1SDV_20220721T125543_20220721T125611_044199_054682_F9C6/IW2/VV/1.tiff,cmr_umm
2022-08-02,2022-08-02T12:55:41.145435+00:00,S1_056011_IW2_20220802T125540_VV_2F4E-BURST,027_056011_IW2,56011,95310168,8,IW2,2022-08-02T12:55:40.121833,454.1340364368,27,ASCENDING,VV,SENTINEL-1A,44374,S1A_IWDV_0086_0092_044374_027,152943336,https://sentinel1-burst.asf.alaska.edu/S1A_IW_SLC__1SDV_20220802T125517_20220802T125546_044374_054BAC_2F4E/IW2/VV/8.tiff,cmr_umm
2022-08-02,2022-08-02T12:55:43.903712+00:00,S1_056012_IW2_20220802T125542_VV_2F4E-BURST,027_056012_IW2,56012,95310169,9,IW2,2022-08-02T12:55:42.878334,456.8905374351,27,ASCENDING,VV,SENTINEL-1A,44374,S1A_IWDV_0086_0092_044374_027,152943336,https://sentinel1-burst.asf.alaska.edu/S1A_IW_SLC__1SDV_20220802T125517_20220802T125546_044374_054BAC_2F4E/IW2/VV/9.tiff,cmr_umm
2022-08-02,2022-08-02T12:55:46.661988+00:00,S1_056013_IW2_20220802T125545_VV_BD8B-BURST,027_056013_IW2,56013,95310170,0,IW2,2022-08-02T12:55:45.636891,459.6490935546,27,ASCENDING,VV,SENTINEL-1A,44374,S1A_IWDV_0091_0097_044374_027,152943336,https://sentinel1-burst.asf.alaska.edu/S1A_IW_SLC__1SDV_20220802T125544_20220802T125612_044374_054BAC_BD8B/IW2/VV/0.tiff,cmr_umm
2022-08-02,2022-08-02T12:55:49.420265+00:00,S1_056014_IW2_20220802T125548_VV_BD8B-BURST,027_056014_IW2,56014,95310171,1,IW2,2022-08-02T12:55:48.397503,462.4097056655,27,ASCENDING,VV,SENTINEL-1A,44374,S1A_IWDV_0091_0097_044374_027,152943336,https://sentinel1-burst.asf.alaska.edu/S1A_IW_SLC__1SDV_20220802T125544_20220802T125612_044374_054BAC_BD8B/IW2/VV/1.tiff,cmr_umm
2022-08-14,2022-08-14T12:55:41.878346+00:00,S1_056011_IW2_20220814T125540_VV_7CE5-BURST,027_056011_IW2,56011,95686055,8,IW2,2022-08-14T12:55:40.856798,454.1364854368,27,ASCENDING,VV,SENTINEL-1A,44549,S1A_IWDV_0086_0092_044549_027,152943336,https://sentinel1-burst.asf.alaska.edu/S1A_IW_SLC__1SDV_20220814T125517_20220814T125547_044549_055128_7CE5/IW2/VV/8.tiff,cmr_umm
2022-08-14,2022-08-14T12:55:44.636623+00:00,S1_056012_IW2_20220814T125543_VV_7CE5-BURST,027_056012_IW2,56012,95686056,9,IW2,2022-08-14T12:55:43.613299,456.8929864351,27,ASCENDING,VV,SENTINEL-1A,44549,S1A_IWDV_0086_0092_044549_027,152943336,https://sentinel1-burst.asf.alaska.edu/S1A_IW_SLC__1SDV_20220814T125517_20220814T125547_044549_055128_7CE5/IW2/VV/9.tiff,cmr_umm
2022-08-14,2022-08-14T12:55:47.394899+00:00,S1_056013_IW2_20220814T125546_VV_82F0-BURST,027_056013_IW2,56013,95686057,0,IW2,2022-08-14T12:55:46.369801,459.6494879983,27,ASCENDING,VV,SENTINEL-1A,44549,S1A_IWDV_0091_0097_044549_027,152943336,https://sentinel1-burst.asf.alaska.edu/S1A_IW_SLC__1SDV_20220814T125545_20220814T125613_044549_055128_82F0/IW2/VV/0.tiff,cmr_umm
2022-08-14,2022-08-14T12:55:50.153176+00:00,S1_056014_IW2_20220814T125549_VV_82F0-BURST,027_056014_IW2,56014,95686058,1,IW2,2022-08-14T12:55:49.128358,462.4080445529,27,ASCENDING,VV,SENTINEL-1A,44549,S1A_IWDV_0091_0097_044549_027,152943336,https://sentinel1-burst.asf.alaska.edu/S1A_IW_SLC__1SDV_20220814T125545_20220814T125613_044549_055128_82F0/IW2/VV/1.tiff,cmr_umm
2022-08-26,2022-08-26T12:55:42.270557+00:00,S1_056011_IW2_20220826T125541_VV_B5B7-BURST,027_056011_IW2,56011,96061943,8,IW2,2022-08-26T12:55:41.244882,454.1315754368,27,ASCENDING,VV,SENTINEL-1A,44724,S1A_IWDV_0086_0092_044724_027,152943336,https://sentinel1-burst.asf.alaska.edu/S1A_IW_SLC__1SDV_20220826T125518_20220826T125548_044724_05570E_B5B7/IW2/VV/8.tiff,cmr_umm
2022-08-26,2022-08-26T12:55:45.028834+00:00,S1_056012_IW2_20220826T125544_VV_B5B7-BURST,027_056012_IW2,56012,96061944,9,IW2,2022-08-26T12:55:44.001383,456.8880764351,27,ASCENDING,VV,SENTINEL-1A,44724,S1A_IWDV_0086_0092_044724_027,152943336,https://sentinel1-burst.asf.alaska.edu/S1A_IW_SLC__1SDV_20220826T125518_20220826T125548_044724_05570E_B5B7/IW2/VV/9.tiff,cmr_umm
2022-08-26,2022-08-26T12:55:47.787110+00:00,S1_056013_IW2_20220826T125546_VV_F72C-BURST,027_056013_IW2,56013,96061945,0,IW2,2022-08-26T12:55:46.759940,459.6466325546,27,ASCENDING,VV,SENTINEL-1A,44724,S1A_IWDV_0091_0097_044724_027,152943336,https://sentinel1-burst.asf.alaska.edu/S1A_IW_SLC__1SDV_20220826T125545_20220826T125613_044724_05570E_F72C/IW2/VV/0.tiff,cmr_umm
2022-08-26,2022-08-26T12:55:50.545387+00:00,S1_056014_IW2_20220826T125549_VV_F72C-BURST,027_056014_IW2,56014,96061946,1,IW2,2022-08-26T12:55:49.520552,462.4072446655,27,ASCENDING,VV,SENTINEL-1A,44724,S1A_IWDV_0091_0097_044724_027,152943336,https://sentinel1-burst.asf.alaska.edu/S1A_IW_SLC__1SDV_20220826T125545_20220826T125613_044724_05570E_F72C/IW2/VV/1.tiff,cmr_umm
2022-09-07,2022-09-07T12:55:43.164143+00:00,S1_056011_IW2_20220907T125542_VV_3B2E-BURST,027_056011_IW2,56011,96437830,8,IW2,2022-09-07T12:55:42.144635,454.1387105494,27,ASCENDING,VV,SENTINEL-1A,44899,S1A_IWDV_0086_0092_044899_027,152943336,https://sentinel1-burst.asf.alaska.edu/S1A_IW_SLC__1SDV_20220907T125519_20220907T125548_044899_055CF1_3B2E/IW2/VV/8.tiff,cmr_umm
2022-09-07,2022-09-07T12:55:45.922420+00:00,S1_056012_IW2_20220907T125544_VV_3B2E-BURST,027_056012_IW2,56012,96437831,9,IW2,2022-09-07T12:55:44.901136,456.8952115477,27,ASCENDING,VV,SENTINEL-1A,44899,S1A_IWDV_0086_0092_044899_027,152943336,https://sentinel1-burst.asf.alaska.edu/S1A_IW_SLC__1SDV_20220907T125519_20220907T125548_044899_055CF1_3B2E/IW2/VV/9.tiff,cmr_umm
2022-09-07,2022-09-07T12:55:48.680696+00:00,S1_056013_IW2_20220907T125547_VV_6E8F-BURST,027_056013_IW2,56013,96437832,0,IW2,2022-09-07T12:55:47.659692,459.6537675546,27,ASCENDING,VV,SENTINEL-1A,44899,S1A_IWDV_0091_0097_044899_027,152943336,https://sentinel1-burst.asf.alaska.edu/S1A_IW_SLC__1SDV_20220907T125546_20220907T125614_044899_055CF1_6E8F/IW2/VV/0.tiff,cmr_umm
2022-09-07,2022-09-07T12:55:51.438973+00:00,S1_056014_IW2_20220907T125550_VV_6E8F-BURST,027_056014_IW2,56014,96437833,1,IW2,2022-09-07T12:55:50.418248,462.4123241092,27,ASCENDING,VV,SENTINEL-1A,44899,S1A_IWDV_0091_0097_044899_027,152943336,https://sentinel1-burst.asf.alaska.edu/S1A_IW_SLC__1SDV_20220907T125546_20220907T125614_044899_055CF1_6E8F/IW2/VV/1.tiff,cmr_umm
2022-09-19,2022-09-19T12:55:42.750340+00:00,S1_056011_IW2_20220919T125541_VV_62CE-BURST,027_056011_IW2,56011,96813717,8,IW2,2022-09-19T12:55:41.730846,454.1375144368,27,ASCENDING,VV,SENTINEL-1A,45074,S1A_IWDV_0086_0092_045074_027,152943336,https://sentinel1-burst.asf.alaska.edu/S1A_IW_SLC__1SDV_20220919T125518_20220919T125548_045074_0562DA_62CE/IW2/VV/8.tiff,cmr_umm
2022-09-19,2022-09-19T12:55:45.508617+00:00,S1_056012_IW2_20220919T125544_VV_62CE-BURST,027_056012_IW2,56012,96813718,9,IW2,2022-09-19T12:55:44.485292,456.8919598787999,27,ASCENDING,VV,SENTINEL-1A,45074,S1A_IWDV_0086_0092_045074_027,152943336,https://sentinel1-burst.asf.alaska.edu/S1A_IW_SLC__1SDV_20220919T125518_20220919T125548_045074_0562DA_62CE/IW2/VV/9.tiff,cmr_umm
2022-09-19,2022-09-19T12:55:48.266893+00:00,S1_056013_IW2_20220919T125547_VV_EA41-BURST,027_056013_IW2,56013,96813719,0,IW2,2022-09-19T12:55:47.243849,459.6505165546,27,ASCENDING,VV,SENTINEL-1A,45074,S1A_IWDV_0091_0097_045074_027,152943336,https://sentinel1-burst.asf.alaska.edu/S1A_IW_SLC__1SDV_20220919T125546_20220919T125614_045074_0562DA_EA41/IW2/VV/0.tiff,cmr_umm
2022-09-19,2022-09-19T12:55:51.025170+00:00,S1_056014_IW2_20220919T125550_VV_EA41-BURST,027_056014_IW2,56014,96813720,1,IW2,2022-09-19T12:55:50.002405,462.4090731092,27,ASCENDING,VV,SENTINEL-1A,45074,S1A_IWDV_0091_0097_045074_027,152943336,https://sentinel1-burst.asf.alaska.edu/S1A_IW_SLC__1SDV_20220919T125546_20220919T125614_045074_0562DA_EA41/IW2/VV/1.tiff,cmr_umm
2022-10-01,2022-10-01T12:55:43.563709+00:00,S1_056011_IW2_20221001T125542_VV_FF71-BURST,027_056011_IW2,56011,97189605,8,IW2,2022-10-01T12:55:42.550382,454.1445755494,27,ASCENDING,VV,SENTINEL-1A,45249,S1A_IWDV_0086_0092_045249_027,152943336,https://sentinel1-burst.asf.alaska.edu/S1A_IW_SLC__1SDV_20221001T125519_20221001T125549_045249_0568B6_FF71/IW2/VV/8.tiff,cmr_umm
2022-10-01,2022-10-01T12:55:46.321986+00:00,S1_056012_IW2_20221001T125545_VV_FF71-BURST,027_056012_IW2,56012,97189606,9,IW2,2022-10-01T12:55:45.306883,456.9010765477,27,ASCENDING,VV,SENTINEL-1A,45249,S1A_IWDV_0086_0092_045249_027,152943336,https://sentinel1-burst.asf.alaska.edu/S1A_IW_SLC__1SDV_20221001T125519_20221001T125549_045249_0568B6_FF71/IW2/VV/9.tiff,cmr_umm
2022-10-01,2022-10-01T12:55:49.080262+00:00,S1_056013_IW2_20221001T125548_VV_EC3F-BURST,027_056013_IW2,56013,97189607,0,IW2,2022-10-01T12:55:48.063384,459.6575779983,27,ASCENDING,VV,SENTINEL-1A,45249,S1A_IWDV_0091_0097_045249_027,152949360,https://sentinel1-burst.asf.alaska.edu/S1A_IW_SLC__1SDV_20221001T125547_20221001T125615_045249_0568B6_EC3F/IW2/VV/0.tiff,cmr_umm
2022-10-01,2022-10-01T12:55:51.838539+00:00,S1_056014_IW2_20221001T125550_VV_EC3F-BURST,027_056014_IW2,56014,97189608,1,IW2,2022-10-01T12:55:50.821941,462.4161345529,27,ASCENDING,VV,SENTINEL-1A,45249,S1A_IWDV_0091_0097_045249_027,152949360,https://sentinel1-burst.asf.alaska.edu/S1A_IW_SLC__1SDV_20221001T125547_20221001T125615_045249_0568B6_EC3F/IW2/VV/1.tiff,cmr_umm
2022-10-13,2022-10-13T12:55:43.361942+00:00,S1_056011_IW2_20221013T125542_VV_E197-BURST,027_056011_IW2,56011,97565492,8,IW2,2022-10-13T12:55:42.352727,454.1502779931,27,ASCENDING,VV,SENTINEL-1A,45424,S1A_IWDV_0086_0092_045424_027,152943336,https://sentinel1-burst.asf.alaska.edu/S1A_IW_SLC__1SDV_20221013T125519_20221013T125549_045424_056E94_E197/IW2/VV/8.tiff,cmr_umm
2022-10-13,2022-10-13T12:55:46.120219+00:00,S1_056012_IW2_20221013T125545_VV_E197-BURST,027_056012_IW2,56012,97565493,9,IW2,2022-10-13T12:55:45.107172,456.9047234351,27,ASCENDING,VV,SENTINEL-1A,45424,S1A_IWDV_0086_0092_045424_027,152943336,https://sentinel1-burst.asf.alaska.edu/S1A_IW_SLC__1SDV_20221013T125519_20221013T125549_045424_056E94_E197/IW2/VV/9.tiff,cmr_umm
2022-10-13,2022-10-13T12:55:48.878495+00:00,S1_056013_IW2_20221013T125547_VV_7E77-BURST,027_056013_IW2,56013,97565494,0,IW2,2022-10-13T12:55:47.865729,459.6632795546,27,ASCENDING,VV,SENTINEL-1A,45424,S1A_IWDV_0091_0097_045424_027,152943336,https://sentinel1-burst.asf.alaska.edu/S1A_IW_SLC__1SDV_20221013T125546_20221013T125614_045424_056E94_7E77/IW2/VV/0.tiff,cmr_umm
2022-10-13,2022-10-13T12:55:51.636772+00:00,S1_056014_IW2_20221013T125550_VV_7E77-BURST,027_056014_IW2,56014,97565495,1,IW2,2022-10-13T12:55:50.624285,462.4218361092,27,ASCENDING,VV,SENTINEL-1A,45424,S1A_IWDV_0091_0097_045424_027,152943336,https://sentinel1-burst.asf.alaska.edu/S1A_IW_SLC__1SDV_20221013T125546_20221013T125614_045424_056E94_7E77/IW2/VV/1.tiff,cmr_umm
2022-10-25,2022-10-25T12:55:43.685780+00:00,S1_056011_IW2_20221025T125542_VV_0DE5-BURST,027_056011_IW2,56011,97941380,8,IW2,2022-10-25T12:55:42.672454,454.1473555494,27,ASCENDING,VV,SENTINEL-1A,45599,S1A_IWDV_0086_0092_045599_027,152943336,https://sentinel1-burst.asf.alaska.edu/S1A_IW_SLC__1SDV_20221025T125519_20221025T125549_045599_0573C6_0DE5/IW2/VV/8.tiff,cmr_umm
2022-10-25,2022-10-25T12:55:46.444057+00:00,S1_056012_IW2_20221025T125545_VV_0DE5-BURST,027_056012_IW2,56012,97941381,9,IW2,2022-10-25T12:55:45.428955,456.9038565477,27,ASCENDING,VV,SENTINEL-1A,45599,S1A_IWDV_0086_0092_045599_027,152943336,https://sentinel1-burst.asf.alaska.edu/S1A_IW_SLC__1SDV_20221025T125519_20221025T125549_045599_0573C6_0DE5/IW2/VV/9.tiff,cmr_umm
2022-10-25,2022-10-25T12:55:49.202333+00:00,S1_056013_IW2_20221025T125548_VV_D74C-BURST,027_056013_IW2,56013,97941382,0,IW2,2022-10-25T12:55:48.185456,459.6603579983,27,ASCENDING,VV,SENTINEL-1A,45599,S1A_IWDV_0091_0097_045599_027,152943336,https://sentinel1-burst.asf.alaska.edu/S1A_IW_SLC__1SDV_20221025T125547_20221025T125615_045599_0573C6_D74C/IW2/VV/0.tiff,cmr_umm
2022-10-25,2022-10-25T12:55:51.960610+00:00,S1_056014_IW2_20221025T125550_VV_D74C-BURST,027_056014_IW2,56014,97941383,1,IW2,2022-10-25T12:55:50.946068,462.4209701092,27,ASCENDING,VV,SENTINEL-1A,45599,S1A_IWDV_0091_0097_045599_027,152943336,https://sentinel1-burst.asf.alaska.edu/S1A_IW_SLC__1SDV_20221025T125547_20221025T125615_045599_0573C6_D74C/IW2/VV/1.tiff,cmr_umm
2022-11-06,2022-11-06T12:55:43.213200+00:00,S1_056011_IW2_20221106T125542_VV_9598-BURST,027_056011_IW2,56011,98317267,8,IW2,2022-11-06T12:55:42.199875,454.1471055494,27,ASCENDING,VV,SENTINEL-1A,45774,S1A_IWDV_0086_0092_045774_027,152943336,https://sentinel1-burst.asf.alaska.edu/S1A_IW_SLC__1SDV_20221106T125519_20221106T125549_045774_0579B1_9598/IW2/VV/8.tiff,cmr_umm
2022-11-06,2022-11-06T12:55:45.971477+00:00,S1_056012_IW2_20221106T125544_VV_9598-BURST,027_056012_IW2,56012,98317268,9,IW2,2022-11-06T12:55:44.954320,456.9015509914,27,ASCENDING,VV,SENTINEL-1A,45774,S1A_IWDV_0086_0092_045774_027,152943336,https://sentinel1-burst.asf.alaska.edu/S1A_IW_SLC__1SDV_20221106T125519_20221106T125549_045774_0579B1_9598/IW2/VV/9.tiff,cmr_umm
2022-11-06,2022-11-06T12:55:48.729753+00:00,S1_056013_IW2_20221106T125547_VV_AAC3-BURST,027_056013_IW2,56013,98317269,0,IW2,2022-11-06T12:55:47.712877,459.6601075546,27,ASCENDING,VV,SENTINEL-1A,45774,S1A_IWDV_0091_0097_045774_027,152943336,https://sentinel1-burst.asf.alaska.edu/S1A_IW_SLC__1SDV_20221106T125546_20221106T125614_045774_0579B1_AAC3/IW2/VV/0.tiff,cmr_umm
2022-11-06,2022-11-06T12:55:51.488030+00:00,S1_056014_IW2_20221106T125550_VV_AAC3-BURST,027_056014_IW2,56014,98317270,1,IW2,2022-11-06T12:55:50.473489,462.4207196655,27,ASCENDING,VV,SENTINEL-1A,45774,S1A_IWDV_0091_0097_045774_027,152943336,https://sentinel1-burst.asf.alaska.edu/S1A_IW_SLC__1SDV_20221106T125546_20221106T125614_045774_0579B1_AAC3/IW2/VV/1.tiff,cmr_umm
2022-11-18,2022-11-18T12:55:43.089909+00:00,S1_056011_IW2_20221118T125542_VV_F1C1-BURST,027_056011_IW2,56011,98693154,8,IW2,2022-11-18T12:55:42.072474,454.1440605494,27,ASCENDING,VV,SENTINEL-1A,45949,S1A_IWDV_0086_0092_045949_027,152943336,https://sentinel1-burst.asf.alaska.edu/S1A_IW_SLC__1SDV_20221118T125519_20221118T125548_045949_057F96_F1C1/IW2/VV/8.tiff,cmr_umm
2022-11-18,2022-11-18T12:55:45.848186+00:00,S1_056012_IW2_20221118T125544_VV_F1C1-BURST,027_056012_IW2,56012,98693155,9,IW2,2022-11-18T12:55:44.828975,456.9005615477,27,ASCENDING,VV,SENTINEL-1A,45949,S1A_IWDV_0086_0092_045949_027,152943336,https://sentinel1-burst.asf.alaska.edu/S1A_IW_SLC__1SDV_20221118T125519_20221118T125548_045949_057F96_F1C1/IW2/VV/9.tiff,cmr_umm
2022-11-18,2022-11-18T12:55:48.606462+00:00,S1_056013_IW2_20221118T125547_VV_0F37-BURST,027_056013_IW2,56013,98693156,0,IW2,2022-11-18T12:55:47.587532,459.6591185546,27,ASCENDING,VV,SENTINEL-1A,45949,S1A_IWDV_0091_0097_045949_027,152943336,https://sentinel1-burst.asf.alaska.edu/S1A_IW_SLC__1SDV_20221118T125546_20221118T125614_045949_057F96_0F37/IW2/VV/0.tiff,cmr_umm
2022-11-18,2022-11-18T12:55:51.364739+00:00,S1_056014_IW2_20221118T125550_VV_0F37-BURST,027_056014_IW2,56014,98693157,1,IW2,2022-11-18T12:55:50.350199,462.4217862217999,27,ASCENDING,VV,SENTINEL-1A,45949,S1A_IWDV_0091_0097_045949_027,152943336,https://sentinel1-burst.asf.alaska.edu/S1A_IW_SLC__1SDV_20221118T125546_20221118T125614_045949_057F96_0F37/IW2/VV/1.tiff,cmr_umm
2022-11-30,2022-11-30T12:55:42.491795+00:00,S1_056011_IW2_20221130T125541_VV_55A5-BURST,027_056011_IW2,56011,99069042,8,IW2,2022-11-30T12:55:41.472291,454.1398694368,27,ASCENDING,VV,SENTINEL-1A,46124,S1A_IWDV_0086_0092_046124_027,152943336,https://sentinel1-burst.asf.alaska.edu/S1A_IW_SLC__1SDV_20221130T125518_20221130T125548_046124_058589_55A5/IW2/VV/8.tiff,cmr_umm
2022-11-30,2022-11-30T12:55:45.250072+00:00,S1_056012_IW2_20221130T125544_VV_55A5-BURST,027_056012_IW2,56012,99069043,9,IW2,2022-11-30T12:55:44.228792,456.8963704351,27,ASCENDING,VV,SENTINEL-1A,46124,S1A_IWDV_0086_0092_046124_027,152943336,https://sentinel1-burst.asf.alaska.edu/S1A_IW_SLC__1SDV_20221130T125518_20221130T125548_046124_058589_55A5/IW2/VV/9.tiff,cmr_umm
2022-11-30,2022-11-30T12:55:48.008348+00:00,S1_056013_IW2_20221130T125546_VV_DA89-BURST,027_056013_IW2,56013,99069044,0,IW2,2022-11-30T12:55:46.985293,459.6528709983,27,ASCENDING,VV,SENTINEL-1A,46124,S1A_IWDV_0091_0097_046124_027,152943336,https://sentinel1-burst.asf.alaska.edu/S1A_IW_SLC__1SDV_20221130T125546_20221130T125613_046124_058589_DA89/IW2/VV/0.tiff,cmr_umm
2022-11-30,2022-11-30T12:55:50.766625+00:00,S1_056014_IW2_20221130T125549_VV_DA89-BURST,027_056014_IW2,56014,99069045,1,IW2,2022-11-30T12:55:49.747961,462.4155386655,27,ASCENDING,VV,SENTINEL-1A,46124,S1A_IWDV_0091_0097_046124_027,152943336,https://sentinel1-burst.asf.alaska.edu/S1A_IW_SLC__1SDV_20221130T125546_20221130T125613_046124_058589_DA89/IW2/VV/1.tiff,cmr_umm
2022-12-12,2022-12-12T12:55:42.092548+00:00,S1_056011_IW2_20221212T125541_VV_6083-BURST,027_056011_IW2,56011,99444929,8,IW2,2022-12-12T12:55:41.073060,454.1406014368,27,ASCENDING,VV,SENTINEL-1A,46299,S1A_IWDV_0086_0092_046299_027,152943336,https://sentinel1-burst.asf.alaska.edu/S1A_IW_SLC__1SDV_20221212T125518_20221212T125547_046299_058B7F_6083/IW2/VV/8.tiff,cmr_umm
2022-12-12,2022-12-12T12:55:44.850825+00:00,S1_056012_IW2_20221212T125543_VV_6083-BURST,027_056012_IW2,56012,99444930,9,IW2,2022-12-12T12:55:43.829561,456.8971024351,27,ASCENDING,VV,SENTINEL-1A,46299,S1A_IWDV_0086_0092_046299_027,152943336,https://sentinel1-burst.asf.alaska.edu/S1A_IW_SLC__1SDV_20221212T125518_20221212T125547_046299_058B7F_6083/IW2/VV/9.tiff,cmr_umm
2022-12-12,2022-12-12T12:55:47.609101+00:00,S1_056013_IW2_20221212T125546_VV_FA61-BURST,027_056013_IW2,56013,99444931,0,IW2,2022-12-12T12:55:46.586062,459.6536029983,27,ASCENDING,VV,SENTINEL-1A,46299,S1A_IWDV_0091_0097_046299_027,152943336,https://sentinel1-burst.asf.alaska.edu/S1A_IW_SLC__1SDV_20221212T125545_20221212T125613_046299_058B7F_FA61/IW2/VV/0.tiff,cmr_umm
2022-12-12,2022-12-12T12:55:50.367378+00:00,S1_056014_IW2_20221212T125549_VV_FA61-BURST,027_056014_IW2,56014,99444932,1,IW2,2022-12-12T12:55:49.344619,462.4121595529,27,ASCENDING,VV,SENTINEL-1A,46299,S1A_IWDV_0091_0097_046299_027,152943336,https://sentinel1-burst.asf.alaska.edu/S1A_IW_SLC__1SDV_20221212T125545_20221212T125613_046299_058B7F_FA61/IW2/VV/1.tiff,cmr_umm
2022-12-24,2022-12-24T12:55:41.383900+00:00,S1_056011_IW2_20221224T125540_VV_964B-BURST,027_056011_IW2,56011,99820816,8,IW2,2022-12-24T12:55:40.372618,454.1487804368,27,ASCENDING,VV,SENTINEL-1A,46474,S1A_IWDV_0086_0092_046474_027,152943336,https://sentinel1-burst.asf.alaska.edu/S1A_IW_SLC__1SDV_20221224T125517_20221224T125547_046474_05917B_964B/IW2/VV/8.tiff,cmr_umm
2022-12-24,2022-12-24T12:55:44.142177+00:00,S1_056012_IW2_20221224T125543_VV_964B-BURST,027_056012_IW2,56012,99820817,9,IW2,2022-12-24T12:55:43.129119,456.9052814351,27,ASCENDING,VV,SENTINEL-1A,46474,S1A_IWDV_0086_0092_046474_027,152943336,https://sentinel1-burst.asf.alaska.edu/S1A_IW_SLC__1SDV_20221224T125517_20221224T125547_046474_05917B_964B/IW2/VV/9.tiff,cmr_umm
2022-12-24,2022-12-24T12:55:46.900453+00:00,S1_056013_IW2_20221224T125545_VV_8FE8-BURST,027_056013_IW2,56013,99820818,0,IW2,2022-12-24T12:55:45.885620,459.6617819983,27,ASCENDING,VV,SENTINEL-1A,46474,S1A_IWDV_0091_0097_046474_027,152943336,https://sentinel1-burst.asf.alaska.edu/S1A_IW_SLC__1SDV_20221224T125544_20221224T125612_046474_05917B_8FE8/IW2/VV/0.tiff,cmr_umm
2022-12-24,2022-12-24T12:55:49.658730+00:00,S1_056014_IW2_20221224T125548_VV_8FE8-BURST,027_056014_IW2,56014,99820819,1,IW2,2022-12-24T12:55:48.646232,462.4223941092,27,ASCENDING,VV,SENTINEL-1A,46474,S1A_IWDV_0091_0097_046474_027,152943336,https://sentinel1-burst.asf.alaska.edu/S1A_IW_SLC__1SDV_20221224T125544_20221224T125612_046474_05917B_8FE8/IW2/VV/1.tiff,cmr_umm
2023-01-05,2023-01-05T12:55:40.721195+00:00,S1_056011_IW2_20230105T125539_VV_F306-BURST,027_056011_IW2,56011,100196704,8,IW2,2023-01-05T12:55:39.711985,454.1514649931,27,ASCENDING,VV,SENTINEL-1A,46649,S1A_IWDV_0086_0092_046649_027,152943336,https://sentinel1-burst.asf.alaska.edu/S1A_IW_SLC__1SDV_20230105T125516_20230105T125546_046649_059763_F306/IW2/VV/8.tiff,cmr_umm
2023-01-05,2023-01-05T12:55:43.479472+00:00,S1_056012_IW2_20230105T125542_VV_F306-BURST,027_056012_IW2,56012,100196705,9,IW2,2023-01-05T12:55:42.466430,456.9059104351,27,ASCENDING,VV,SENTINEL-1A,46649,S1A_IWDV_0086_0092_046649_027,152943336,https://sentinel1-burst.asf.alaska.edu/S1A_IW_SLC__1SDV_20230105T125516_20230105T125546_046649_059763_F306/IW2/VV/9.tiff,cmr_umm
2023-01-05,2023-01-05T12:55:46.237748+00:00,S1_056013_IW2_20230105T125545_VV_8C23-BURST,027_056013_IW2,56013,100196706,0,IW2,2023-01-05T12:55:45.222931,459.6624109983,27,ASCENDING,VV,SENTINEL-1A,46649,S1A_IWDV_0091_0097_046649_027,152943336,https://sentinel1-burst.asf.alaska.edu/S1A_IW_SLC__1SDV_20230105T125544_20230105T125612_046649_059763_8C23/IW2/VV/0.tiff,cmr_umm
2023-01-05,2023-01-05T12:55:48.996025+00:00,S1_056014_IW2_20230105T125547_VV_8C23-BURST,027_056014_IW2,56014,100196707,1,IW2,2023-01-05T12:55:47.981488,462.4209675529,27,ASCENDING,VV,SENTINEL-1A,46649,S1A_IWDV_0091_0097_046649_027,152943336,https://sentinel1-burst.asf.alaska.edu/S1A_IW_SLC__1SDV_20230105T125544_20230105T125612_046649_059763_8C23/IW2/VV/1.tiff,cmr_umm
2023-01-17,2023-01-17T12:55:39.881794+00:00,S1_056011_IW2_20230117T125538_VV_848E-BURST,027_056011_IW2,56011,100572591,8,IW2,2023-01-17T12:55:38.878750,454.1557699931,27,ASCENDING,VV,SENTINEL-1A,46824,S1A_IWDV_0086_0092_046824_027,152943336,https://sentinel1-burst.asf.alaska.edu/S1A_IW_SLC__1SDV_20230117T125515_20230117T125545_046824_059D4D_848E/IW2/VV/8.tiff,cmr_umm
2023-01-17,2023-01-17T12:55:42.640071+00:00,S1_056012_IW2_20230117T125541_VV_848E-BURST,027_056012_IW2,56012,100572592,9,IW2,2023-01-17T12:55:41.635251,456.9122709914,27,ASCENDING,VV,SENTINEL-1A,46824,S1A_IWDV_0086_0092_046824_027,152943336,https://sentinel1-burst.asf.alaska.edu/S1A_IW_SLC__1SDV_20230117T125515_20230117T125545_046824_059D4D_848E/IW2/VV/9.tiff,cmr_umm
2023-01-17,2023-01-17T12:55:45.398347+00:00,S1_056013_IW2_20230117T125544_VV_56AE-BURST,027_056013_IW2,56013,100572593,0,IW2,2023-01-17T12:55:44.391752,459.6687719983,27,ASCENDING,VV,SENTINEL-1A,46824,S1A_IWDV_0091_0097_046824_027,152943336,https://sentinel1-burst.asf.alaska.edu/S1A_IW_SLC__1SDV_20230117T125543_20230117T125611_046824_059D4D_56AE/IW2/VV/0.tiff,cmr_umm
2023-01-17,2023-01-17T12:55:48.156624+00:00,S1_056014_IW2_20230117T125547_VV_56AE-BURST,027_056014_IW2,56014,100572594,1,IW2,2023-01-17T12:55:47.150309,462.4273285529,27,ASCENDING,VV,SENTINEL-1A,46824,S1A_IWDV_0091_0097_046824_027,152943336,https://sentinel1-burst.asf.alaska.edu/S1A_IW_SLC__1SDV_20230117T125543_20230117T125611_046824_059D4D_56AE/IW2/VV/1.tiff,cmr_umm
2023-01-29,2023-01-29T12:55:40.110966+00:00,S1_056011_IW2_20230129T125539_VV_B64A-BURST,027_056011_IW2,56011,100948479,8,IW2,2023-01-29T12:55:39.103808,454.1512289930999,27,ASCENDING,VV,SENTINEL-1A,46999,S1A_IWDV_0086_0092_046999_027,152943336,https://sentinel1-burst.asf.alaska.edu/S1A_IW_SLC__1SDV_20230129T125516_20230129T125545_046999_05A335_B64A/IW2/VV/8.tiff,cmr_umm
2023-01-29,2023-01-29T12:55:42.869243+00:00,S1_056012_IW2_20230129T125541_VV_B64A-BURST,027_056012_IW2,56012,100948480,9,IW2,2023-01-29T12:55:41.860309,456.9077299913999,27,ASCENDING,VV,SENTINEL-1A,46999,S1A_IWDV_0086_0092_046999_027,152943336,https://sentinel1-burst.asf.alaska.edu/S1A_IW_SLC__1SDV_20230129T125516_20230129T125545_046999_05A335_B64A/IW2/VV/9.tiff,cmr_umm
2023-01-29,2023-01-29T12:55:45.627519+00:00,S1_056013_IW2_20230129T125544_VV_D8A3-BURST,027_056013_IW2,56013,100948481,0,IW2,2023-01-29T12:55:44.616810,459.6642309983,27,ASCENDING,VV,SENTINEL-1A,46999,S1A_IWDV_0091_0097_046999_027,152943336,https://sentinel1-burst.asf.alaska.edu/S1A_IW_SLC__1SDV_20230129T125543_20230129T125611_046999_05A335_D8A3/IW2/VV/0.tiff,cmr_umm
2023-01-29,2023-01-29T12:55:48.385796+00:00,S1_056014_IW2_20230129T125547_VV_D8A3-BURST,027_056014_IW2,56014,100948482,1,IW2,2023-01-29T12:55:47.375367,462.4227875529,27,ASCENDING,VV,SENTINEL-1A,46999,S1A_IWDV_0091_0097_046999_027,152943336,https://sentinel1-burst.asf.alaska.edu/S1A_IW_SLC__1SDV_20230129T125543_20230129T125611_046999_05A335_D8A3/IW2/VV/1.tiff,cmr_umm
2023-02-10,2023-02-10T12:55:39.309834+00:00,S1_056011_IW2_20230210T125538_VV_DEB0-BURST,027_056011_IW2,56011,101324366,8,IW2,2023-02-10T12:55:38.308842,454.1600331057,27,ASCENDING,VV,SENTINEL-1A,47174,S1A_IWDV_0086_0092_047174_027,152943336,https://sentinel1-burst.asf.alaska.edu/S1A_IW_SLC__1SDV_20230210T125515_20230210T125545_047174_05A903_DEB0/IW2/VV/8.tiff,cmr_umm
2023-02-10,2023-02-10T12:55:42.068111+00:00,S1_056012_IW2_20230210T125541_VV_DEB0-BURST,027_056012_IW2,56012,101324367,9,IW2,2023-02-10T12:55:41.065343,456.916534104,27,ASCENDING,VV,SENTINEL-1A,47174,S1A_IWDV_0086_0092_047174_027,152943336,https://sentinel1-burst.asf.alaska.edu/S1A_IW_SLC__1SDV_20230210T125515_20230210T125545_047174_05A903_DEB0/IW2/VV/9.tiff,cmr_umm
2023-02-10,2023-02-10T12:55:44.826387+00:00,S1_056013_IW2_20230210T125543_VV_4490-BURST,027_056013_IW2,56013,101324368,0,IW2,2023-02-10T12:55:43.821844,459.6730349983,27,ASCENDING,VV,SENTINEL-1A,47174,S1A_IWDV_0091_0097_047174_027,152943336,https://sentinel1-burst.asf.alaska.edu/S1A_IW_SLC__1SDV_20230210T125542_20230210T125610_047174_05A903_4490/IW2/VV/0.tiff,cmr_umm
2023-02-10,2023-02-10T12:55:47.584664+00:00,S1_056014_IW2_20230210T125546_VV_4490-BURST,027_056014_IW2,56014,101324369,1,IW2,2023-02-10T12:55:46.582456,462.4336471092,27,ASCENDING,VV,SENTINEL-1A,47174,S1A_IWDV_0091_0097_047174_027,152943336,https://sentinel1-burst.asf.alaska.edu/S1A_IW_SLC__1SDV_20230210T125542_20230210T125610_047174_05A903_4490/IW2/VV/1.tiff,cmr_umm
2023-02-22,2023-02-22T12:55:38.761265+00:00,S1_056011_IW2_20230222T125537_VV_8A86-BURST,027_056011_IW2,56011,101700253,8,IW2,2023-02-22T12:55:37.756160,454.1539009931,27,ASCENDING,VV,SENTINEL-1A,47349,S1A_IWDV_0086_0092_047349_027,152943336,https://sentinel1-burst.asf.alaska.edu/S1A_IW_SLC__1SDV_20230222T125514_20230222T125544_047349_05AEFD_8A86/IW2/VV/8.tiff,cmr_umm
2023-02-22,2023-02-22T12:55:41.519542+00:00,S1_056012_IW2_20230222T125540_VV_8A86-BURST,027_056012_IW2,56012,101700254,9,IW2,2023-02-22T12:55:40.514717,456.9124575477,27,ASCENDING,VV,SENTINEL-1A,47349,S1A_IWDV_0086_0092_047349_027,152943336,https://sentinel1-burst.asf.alaska.edu/S1A_IW_SLC__1SDV_20230222T125514_20230222T125544_047349_05AEFD_8A86/IW2/VV/9.tiff,cmr_umm
2023-02-22,2023-02-22T12:55:44.277818+00:00,S1_056013_IW2_20230222T125543_VV_9A87-BURST,027_056013_IW2,56013,101700255,0,IW2,2023-02-22T12:55:43.271218,459.6689589983,27,ASCENDING,VV,SENTINEL-1A,47349,S1A_IWDV_0091_0097_047349_027,152943336,https://sentinel1-burst.asf.alaska.edu/S1A_IW_SLC__1SDV_20230222T125542_20230222T125610_047349_05AEFD_9A87/IW2/VV/0.tiff,cmr_umm
2023-02-22,2023-02-22T12:55:47.036095+00:00,S1_056014_IW2_20230222T125546_VV_9A87-BURST,027_056014_IW2,56014,101700256,1,IW2,2023-02-22T12:55:46.031830,462.4295711092,27,ASCENDING,VV,SENTINEL-1A,47349,S1A_IWDV_0091_0097_047349_027,152943336,https://sentinel1-burst.asf.alaska.edu/S1A_IW_SLC__1SDV_20230222T125542_20230222T125610_047349_05AEFD_9A87/IW2/VV/1.tiff,cmr_umm
2023-03-06,2023-03-06T12:55:39.236988+00:00,S1_056011_IW2_20230306T125538_VV_71D7-BURST,027_056011_IW2,56011,102076141,8,IW2,2023-03-06T12:55:38.229827,454.1521779930999,27,ASCENDING,VV,SENTINEL-1A,47524,S1A_IWDV_0086_0092_047524_027,152943336,https://sentinel1-burst.asf.alaska.edu/S1A_IW_SLC__1SDV_20230306T125515_20230306T125545_047524_05B4E7_71D7/IW2/VV/8.tiff,cmr_umm
2023-03-06,2023-03-06T12:55:41.995265+00:00,S1_056012_IW2_20230306T125540_VV_71D7-BURST,027_056012_IW2,56012,102076142,9,IW2,2023-03-06T12:55:40.986328,456.9086789913999,27,ASCENDING,VV,SENTINEL-1A,47524,S1A_IWDV_0086_0092_047524_027,152943336,https://sentinel1-burst.asf.alaska.edu/S1A_IW_SLC__1SDV_20230306T125515_20230306T125545_047524_05B4E7_71D7/IW2/VV/9.tiff,cmr_umm
2023-03-06,2023-03-06T12:55:44.753541+00:00,S1_056013_IW2_20230306T125543_VV_DB6B-BURST,027_056013_IW2,56013,102076143,0,IW2,2023-03-06T12:55:43.742829,459.6651799983,27,ASCENDING,VV,SENTINEL-1A,47524,S1A_IWDV_0091_0097_047524_027,152943336,https://sentinel1-burst.asf.alaska.edu/S1A_IW_SLC__1SDV_20230306T125542_20230306T125610_047524_05B4E7_DB6B/IW2/VV/0.tiff,cmr_umm
2023-03-06,2023-03-06T12:55:47.511818+00:00,S1_056014_IW2_20230306T125546_VV_DB6B-BURST,027_056014_IW2,56014,102076144,1,IW2,2023-03-06T12:55:46.501386,462.4237365529,27,ASCENDING,VV,SENTINEL-1A,47524,S1A_IWDV_0091_0097_047524_027,152943336,https://sentinel1-burst.asf.alaska.edu/S1A_IW_SLC__1SDV_20230306T125542_20230306T125610_047524_05B4E7_DB6B/IW2/VV/1.tiff,cmr_umm
2023-03-18,2023-03-18T12:55:39.182240+00:00,S1_056011_IW2_20230318T125538_VV_B3D6-BURST,027_056011_IW2,56011,102452028,8,IW2,2023-03-18T12:55:38.175078,454.1536771057,27,ASCENDING,VV,SENTINEL-1A,47699,S1A_IWDV_0086_0092_047699_027,152943336,https://sentinel1-burst.asf.alaska.edu/S1A_IW_SLC__1SDV_20230318T125515_20230318T125544_047699_05BAD5_B3D6/IW2/VV/8.tiff,cmr_umm
2023-03-18,2023-03-18T12:55:41.940517+00:00,S1_056012_IW2_20230318T125540_VV_B3D6-BURST,027_056012_IW2,56012,102452029,9,IW2,2023-03-18T12:55:40.929524,456.9081225477,27,ASCENDING,VV,SENTINEL-1A,47699,S1A_IWDV_0086_0092_047699_027,152943336,https://sentinel1-burst.asf.alaska.edu/S1A_IW_SLC__1SDV_20230318T125515_20230318T125544_047699_05BAD5_B3D6/IW2/VV/9.tiff,cmr_umm
2023-03-18,2023-03-18T12:55:44.698793+00:00,S1_056013_IW2_20230318T125543_VV_6AE0-BURST,027_056013_IW2,56013,102452030,0,IW2,2023-03-18T12:55:43.683969,459.662568442,27,ASCENDING,VV,SENTINEL-1A,47699,S1A_IWDV_0091_0097_047699_027,152943336,https://sentinel1-burst.asf.alaska.edu/S1A_IW_SLC__1SDV_20230318T125542_20230318T125610_047699_05BAD5_6AE0/IW2/VV/0.tiff,cmr_umm
2023-03-18,2023-03-18T12:55:47.457070+00:00,S1_056014_IW2_20230318T125546_VV_6AE0-BURST,027_056014_IW2,56014,102452031,1,IW2,2023-03-18T12:55:46.446637,462.4252361092,27,ASCENDING,VV,SENTINEL-1A,47699,S1A_IWDV_0091_0097_047699_027,152943336,https://sentinel1-burst.asf.alaska.edu/S1A_IW_SLC__1SDV_20230318T125542_20230318T125610_047699_05BAD5_6AE0/IW2/VV/1.tiff,cmr_umm
2023-03-30,2023-03-30T12:55:39.509480+00:00,S1_056011_IW2_20230330T125538_VV_34BA-BURST,027_056011_IW2,56011,102827915,8,IW2,2023-03-30T12:55:38.496152,454.1468864368,27,ASCENDING,VV,SENTINEL-1A,47874,S1A_IWDV_0086_0092_047874_027,152943336,https://sentinel1-burst.asf.alaska.edu/S1A_IW_SLC__1SDV_20230330T125515_20230330T125545_047874_05C0AC_34BA/IW2/VV/8.tiff,cmr_umm
2023-03-30,2023-03-30T12:55:42.267757+00:00,S1_056012_IW2_20230330T125541_VV_34BA-BURST,027_056012_IW2,56012,102827916,9,IW2,2023-03-30T12:55:41.250598,456.9013318788,27,ASCENDING,VV,SENTINEL-1A,47874,S1A_IWDV_0086_0092_047874_027,152943336,https://sentinel1-burst.asf.alaska.edu/S1A_IW_SLC__1SDV_20230330T125515_20230330T125545_047874_05C0AC_34BA/IW2/VV/9.tiff,cmr_umm
2023-03-30,2023-03-30T12:55:45.026033+00:00,S1_056013_IW2_20230330T125544_VV_7877-BURST,027_056013_IW2,56013,102827917,0,IW2,2023-03-30T12:55:44.009155,459.6598885546,27,ASCENDING,VV,SENTINEL-1A,47874,S1A_IWDV_0091_0097_047874_027,152943336,https://sentinel1-burst.asf.alaska.edu/S1A_IW_SLC__1SDV_20230330T125543_20230330T125610_047874_05C0AC_7877/IW2/VV/0.tiff,cmr_umm
2023-03-30,2023-03-30T12:55:47.784310+00:00,S1_056014_IW2_20230330T125546_VV_7877-BURST,027_056014_IW2,56014,102827918,1,IW2,2023-03-30T12:55:46.767711,462.4184451092,27,ASCENDING,VV,SENTINEL-1A,47874,S1A_IWDV_0091_0097_047874_027,152943336,https://sentinel1-burst.asf.alaska.edu/S1A_IW_SLC__1SDV_20230330T125543_20230330T125610_047874_05C0AC_7877/IW2/VV/1.tiff,cmr_umm
2023-04-11,2023-04-11T12:55:40.125904+00:00,S1_056011_IW2_20230411T125539_VV_ED06-BURST,027_056011_IW2,56011,103203803,8,IW2,2023-04-11T12:55:39.100244,454.1344574368,27,ASCENDING,VV,SENTINEL-1A,48049,S1A_IWDV_0086_0092_048049_027,152943336,https://sentinel1-burst.asf.alaska.edu/S1A_IW_SLC__1SDV_20230411T125516_20230411T125545_048049_05C6A2_ED06/IW2/VV/8.tiff,cmr_umm
2023-04-11,2023-04-11T12:55:42.884181+00:00,S1_056012_IW2_20230411T125541_VV_ED06-BURST,027_056012_IW2,56012,103203804,9,IW2,2023-04-11T12:55:41.856745,456.8909584351,27,ASCENDING,VV,SENTINEL-1A,48049,S1A_IWDV_0086_0092_048049_027,152943336,https://sentinel1-burst.asf.alaska.edu/S1A_IW_SLC__1SDV_20230411T125516_20230411T125545_048049_05C6A2_ED06/IW2/VV/9.tiff,cmr_umm
2023-04-11,2023-04-11T12:55:45.642457+00:00,S1_056013_IW2_20230411T125544_VV_41A0-BURST,027_056013_IW2,56013,103203805,0,IW2,2023-04-11T12:55:44.615302,459.6495145546,27,ASCENDING,VV,SENTINEL-1A,48049,S1A_IWDV_0091_0097_048049_027,152943336,https://sentinel1-burst.asf.alaska.edu/S1A_IW_SLC__1SDV_20230411T125543_20230411T125611_048049_05C6A2_41A0/IW2/VV/0.tiff,cmr_umm
2023-04-11,2023-04-11T12:55:48.400734+00:00,S1_056014_IW2_20230411T125547_VV_41A0-BURST,027_056014_IW2,56014,103203806,1,IW2,2023-04-11T12:55:47.373858,462.4080711092,27,ASCENDING,VV,SENTINEL-1A,48049,S1A_IWDV_0091_0097_048049_027,152943336,https://sentinel1-burst.asf.alaska.edu/S1A_IW_SLC__1SDV_20230411T125543_20230411T125611_048049_05C6A2_41A0/IW2/VV/1.tiff,cmr_umm
2023-04-23,2023-04-23T12:55:40.335392+00:00,S1_056011_IW2_20230423T125539_VV_33BF-BURST,027_056011_IW2,56011,103579690,8,IW2,2023-04-23T12:55:39.313829,454.1351954368,27,ASCENDING,VV,SENTINEL-1A,48224,S1A_IWDV_0086_0092_048224_027,152943336,https://sentinel1-burst.asf.alaska.edu/S1A_IW_SLC__1SDV_20230423T125516_20230423T125546_048224_05CC78_33BF/IW2/VV/8.tiff,cmr_umm
2023-04-23,2023-04-23T12:55:43.093669+00:00,S1_056012_IW2_20230423T125542_VV_33BF-BURST,027_056012_IW2,56012,103579691,9,IW2,2023-04-23T12:55:42.070330,456.8916964351,27,ASCENDING,VV,SENTINEL-1A,48224,S1A_IWDV_0086_0092_048224_027,152943336,https://sentinel1-burst.asf.alaska.edu/S1A_IW_SLC__1SDV_20230423T125516_20230423T125546_048224_05CC78_33BF/IW2/VV/9.tiff,cmr_umm
2023-04-23,2023-04-23T12:55:45.851945+00:00,S1_056013_IW2_20230423T125544_VV_176B-BURST,027_056013_IW2,56013,103579692,0,IW2,2023-04-23T12:55:44.826832,459.6481979983,27,ASCENDING,VV,SENTINEL-1A,48224,S1A_IWDV_0091_0097_048224_027,152943336,https://sentinel1-burst.asf.alaska.edu/S1A_IW_SLC__1SDV_20230423T125543_20230423T125611_048224_05CC78_176B/IW2/VV/0.tiff,cmr_umm
2023-04-23,2023-04-23T12:55:48.610222+00:00,S1_056014_IW2_20230423T125547_VV_176B-BURST,027_056014_IW2,56014,103579693,1,IW2,2023-04-23T12:55:47.587444,462.4088101092,27,ASCENDING,VV,SENTINEL-1A,48224,S1A_IWDV_0091_0097_048224_027,152943336,https://sentinel1-burst.asf.alaska.edu/S1A_IW_SLC__1SDV_20230423T125543_20230423T125611_048224_05CC78_176B/IW2/VV/1.tiff,cmr_umm
2023-05-05,2023-05-05T12:55:40.989109+00:00,S1_056011_IW2_20230505T125539_VV_EEBD-BURST,027_056011_IW2,56011,103955578,8,IW2,2023-05-05T12:55:39.963450,454.1298491057,27,ASCENDING,VV,SENTINEL-1A,48399,S1A_IWDV_0086_0092_048399_027,152943336,https://sentinel1-burst.asf.alaska.edu/S1A_IW_SLC__1SDV_20230505T125516_20230505T125546_048399_05D258_EEBD/IW2/VV/8.tiff,cmr_umm
2023-05-05,2023-05-05T12:55:43.747386+00:00,S1_056012_IW2_20230505T125542_VV_EEBD-BURST,027_056012_IW2,56012,103955579,9,IW2,2023-05-05T12:55:42.719951,456.886350104,27,ASCENDING,VV,SENTINEL-1A,48399,S1A_IWDV_0086_0092_048399_027,152943336,https://sentinel1-burst.asf.alaska.edu/S1A_IW_SLC__1SDV_20230505T125516_20230505T125546_048399_05D258_EEBD/IW2/VV/9.tiff,cmr_umm
2023-05-05,2023-05-05T12:55:46.505662+00:00,S1_056013_IW2_20230505T125545_VV_14B3-BURST,027_056013_IW2,56013,103955580,0,IW2,2023-05-05T12:55:45.478508,459.6449065546,27,ASCENDING,VV,SENTINEL-1A,48399,S1A_IWDV_0091_0097_048399_027,152943336,https://sentinel1-burst.asf.alaska.edu/S1A_IW_SLC__1SDV_20230505T125544_20230505T125612_048399_05D258_14B3/IW2/VV/0.tiff,cmr_umm
2023-05-05,2023-05-05T12:55:49.263939+00:00,S1_056014_IW2_20230505T125548_VV_14B3-BURST,027_056014_IW2,56014,103955581,1,IW2,2023-05-05T12:55:48.237064,462.4034631092,27,ASCENDING,VV,SENTINEL-1A,48399,S1A_IWDV_0091_0097_048399_027,152943336,https://sentinel1-burst.asf.alaska.edu/S1A_IW_SLC__1SDV_20230505T125544_20230505T125612_048399_05D258_14B3/IW2/VV/1.tiff,cmr_umm
2023-05-17,2023-05-17T12:55:41.691380+00:00,S1_056011_IW2_20230517T125540_VV_960C-BURST,027_056011_IW2,56011,104331465,8,IW2,2023-05-17T12:55:40.663667,454.1284165494,27,ASCENDING,VV,SENTINEL-1A,48574,S1A_IWDV_0086_0092_048574_027,152943336,https://sentinel1-burst.asf.alaska.edu/S1A_IW_SLC__1SDV_20230517T125517_20230517T125547_048574_05D7AA_960C/IW2/VV/8.tiff,cmr_umm
2023-05-17,2023-05-17T12:55:44.449657+00:00,S1_056012_IW2_20230517T125543_VV_960C-BURST,027_056012_IW2,56012,104331466,9,IW2,2023-05-17T12:55:43.420168,456.8849175477,27,ASCENDING,VV,SENTINEL-1A,48574,S1A_IWDV_0086_0092_048574_027,152943336,https://sentinel1-burst.asf.alaska.edu/S1A_IW_SLC__1SDV_20230517T125517_20230517T125547_048574_05D7AA_960C/IW2/VV/9.tiff,cmr_umm
2023-05-17,2023-05-17T12:55:47.207933+00:00,S1_056013_IW2_20230517T125546_VV_8F8E-BURST,027_056013_IW2,56013,104331467,0,IW2,2023-05-17T12:55:46.178725,459.6434745546,27,ASCENDING,VV,SENTINEL-1A,48574,S1A_IWDV_0091_0097_048574_027,152943336,https://sentinel1-burst.asf.alaska.edu/S1A_IW_SLC__1SDV_20230517T125545_20230517T125613_048574_05D7AA_8F8E/IW2/VV/0.tiff,cmr_umm
2023-05-17,2023-05-17T12:55:49.966210+00:00,S1_056014_IW2_20230517T125548_VV_8F8E-BURST,027_056014_IW2,56014,104331468,1,IW2,2023-05-17T12:55:48.937281,462.4020311092,27,ASCENDING,VV,SENTINEL-1A,48574,S1A_IWDV_0091_0097_048574_027,152943336,https://sentinel1-burst.asf.alaska.edu/S1A_IW_SLC__1SDV_20230517T125545_20230517T125613_048574_05D7AA_8F8E/IW2/VV/1.tiff,cmr_umm
2023-05-29,2023-05-29T12:55:42.298115+00:00,S1_056011_IW2_20230529T125541_VV_EC04-BURST,027_056011_IW2,56011,104707352,8,IW2,2023-05-29T12:55:41.295069,454.1544724368,27,ASCENDING,VV,SENTINEL-1A,48749,S1A_IWDV_0086_0092_048749_027,152943336,https://sentinel1-burst.asf.alaska.edu/S1A_IW_SLC__1SDV_20230529T125518_20230529T125548_048749_05DCDD_EC04/IW2/VV/8.tiff,cmr_umm
2023-05-29,2023-05-29T12:55:45.056392+00:00,S1_056012_IW2_20230529T125544_VV_EC04-BURST,027_056012_IW2,56012,104707353,9,IW2,2023-05-29T12:55:44.051570,456.9109734351,27,ASCENDING,VV,SENTINEL-1A,48749,S1A_IWDV_0086_0092_048749_027,152943336,https://sentinel1-burst.asf.alaska.edu/S1A_IW_SLC__1SDV_20230529T125518_20230529T125548_048749_05DCDD_EC04/IW2/VV/9.tiff,cmr_umm
2023-05-29,2023-05-29T12:55:47.814668+00:00,S1_056013_IW2_20230529T125546_VV_B769-BURST,027_056013_IW2,56013,104707354,0,IW2,2023-05-29T12:55:46.810128,459.6695305546,27,ASCENDING,VV,SENTINEL-1A,48749,S1A_IWDV_0091_0097_048749_027,152943336,https://sentinel1-burst.asf.alaska.edu/S1A_IW_SLC__1SDV_20230529T125545_20230529T125613_048749_05DCDD_B769/IW2/VV/0.tiff,cmr_umm
2023-05-29,2023-05-29T12:55:50.572945+00:00,S1_056014_IW2_20230529T125549_VV_B769-BURST,027_056014_IW2,56014,104707355,1,IW2,2023-05-29T12:55:49.566629,462.4260315529,27,ASCENDING,VV,SENTINEL-1A,48749,S1A_IWDV_0091_0097_048749_027,152943336,https://sentinel1-burst.asf.alaska.edu/S1A_IW_SLC__1SDV_20230529T125545_20230529T125613_048749_05DCDD_B769/IW2/VV/1.tiff,cmr_umm
2023-06-10,2023-06-10T12:55:42.668064+00:00,S1_056011_IW2_20230610T125541_VV_B4A6-BURST,027_056011_IW2,56011,105083240,8,IW2,2023-06-10T12:55:41.646505,454.1368365494,27,ASCENDING,VV,SENTINEL-1A,48924,S1A_IWDV_0086_0092_048924_027,152943336,https://sentinel1-burst.asf.alaska.edu/S1A_IW_SLC__1SDV_20230610T125518_20230610T125548_048924_05E228_B4A6/IW2/VV/8.tiff,cmr_umm
2023-06-10,2023-06-10T12:55:45.426341+00:00,S1_056012_IW2_20230610T125544_VV_B4A6-BURST,027_056012_IW2,56012,105083241,9,IW2,2023-06-10T12:55:44.403006,456.8933375477,27,ASCENDING,VV,SENTINEL-1A,48924,S1A_IWDV_0086_0092_048924_027,152943336,https://sentinel1-burst.asf.alaska.edu/S1A_IW_SLC__1SDV_20230610T125518_20230610T125548_048924_05E228_B4A6/IW2/VV/9.tiff,cmr_umm
2023-06-10,2023-06-10T12:55:48.184617+00:00,S1_056013_IW2_20230610T125547_VV_04C0-BURST,027_056013_IW2,56013,105083242,0,IW2,2023-06-10T12:55:47.159507,459.6498389983,27,ASCENDING,VV,SENTINEL-1A,48924,S1A_IWDV_0091_0097_048924_027,152943336,https://sentinel1-burst.asf.alaska.edu/S1A_IW_SLC__1SDV_20230610T125546_20230610T125614_048924_05E228_04C0/IW2/VV/0.tiff,cmr_umm
2023-06-10,2023-06-10T12:55:50.942894+00:00,S1_056014_IW2_20230610T125549_VV_04C0-BURST,027_056014_IW2,56014,105083243,1,IW2,2023-06-10T12:55:49.920119,462.4104511092,27,ASCENDING,VV,SENTINEL-1A,48924,S1A_IWDV_0091_0097_048924_027,152943336,https://sentinel1-burst.asf.alaska.edu/S1A_IW_SLC__1SDV_20230610T125546_20230610T125614_048924_05E228_04C0/IW2/VV/1.tiff,cmr_umm
2023-06-22,2023-06-22T12:55:43.187367+00:00,S1_056011_IW2_20230622T125542_VV_F4E7-BURST,027_056011_IW2,56011,105459127,8,IW2,2023-06-22T12:55:42.169935,454.1409725494,27,ASCENDING,VV,SENTINEL-1A,49099,S1A_IWDV_0086_0092_049099_027,152943336,https://sentinel1-burst.asf.alaska.edu/S1A_IW_SLC__1SDV_20230622T125519_20230622T125548_049099_05E777_F4E7/IW2/VV/8.tiff,cmr_umm
2023-06-22,2023-06-22T12:55:45.945644+00:00,S1_056012_IW2_20230622T125544_VV_F4E7-BURST,027_056012_IW2,56012,105459128,9,IW2,2023-06-22T12:55:44.926436,456.8974735477,27,ASCENDING,VV,SENTINEL-1A,49099,S1A_IWDV_0086_0092_049099_027,152943336,https://sentinel1-burst.asf.alaska.edu/S1A_IW_SLC__1SDV_20230622T125519_20230622T125548_049099_05E777_F4E7/IW2/VV/9.tiff,cmr_umm
2023-06-22,2023-06-22T12:55:48.703920+00:00,S1_056013_IW2_20230622T125547_VV_00B0-BURST,027_056013_IW2,56013,105459129,0,IW2,2023-06-22T12:55:47.682937,459.6539749983,27,ASCENDING,VV,SENTINEL-1A,49099,S1A_IWDV_0091_0097_049099_027,152943336,https://sentinel1-burst.asf.alaska.edu/S1A_IW_SLC__1SDV_20230622T125546_20230622T125614_049099_05E777_00B0/IW2/VV/0.tiff,cmr_umm
2023-06-22,2023-06-22T12:55:51.462197+00:00,S1_056014_IW2_20230622T125550_VV_00B0-BURST,027_056014_IW2,56014,105459130,1,IW2,2023-06-22T12:55:50.443549,462.4145871092,27,ASCENDING,VV,SENTINEL-1A,49099,S1A_IWDV_0091_0097_049099_027,152943336,https://sentinel1-burst.asf.alaska.edu/S1A_IW_SLC__1SDV_20230622T125546_20230622T125614_049099_05E777_00B0/IW2/VV/1.tiff,cmr_umm
2023-07-04,2023-07-04T12:55:44.178059+00:00,S1_056011_IW2_20230704T125543_VV_A464-BURST,027_056011_IW2,56011,105835014,8,IW2,2023-07-04T12:55:43.166793,454.1466179931,27,ASCENDING,VV,SENTINEL-1A,49274,S1A_IWDV_0086_0092_049274_027,152943336,https://sentinel1-burst.asf.alaska.edu/S1A_IW_SLC__1SDV_20230704T125520_20230704T125549_049274_05ECD4_A464/IW2/VV/8.tiff,cmr_umm
2023-07-04,2023-07-04T12:55:46.936336+00:00,S1_056012_IW2_20230704T125545_VV_A464-BURST,027_056012_IW2,56012,105835015,9,IW2,2023-07-04T12:55:45.923294,456.9031189914,27,ASCENDING,VV,SENTINEL-1A,49274,S1A_IWDV_0086_0092_049274_027,152943336,https://sentinel1-burst.asf.alaska.edu/S1A_IW_SLC__1SDV_20230704T125520_20230704T125549_049274_05ECD4_A464/IW2/VV/9.tiff,cmr_umm
2023-07-04,2023-07-04T12:55:49.694612+00:00,S1_056013_IW2_20230704T125548_VV_5E18-BURST,027_056013_IW2,56013,105835016,0,IW2,2023-07-04T12:55:48.679795,459.6596199983,27,ASCENDING,VV,SENTINEL-1A,49274,S1A_IWDV_0091_0097_049274_027,152943336,https://sentinel1-burst.asf.alaska.edu/S1A_IW_SLC__1SDV_20230704T125547_20230704T125615_049274_05ECD4_5E18/IW2/VV/0.tiff,cmr_umm
2023-07-04,2023-07-04T12:55:52.452889+00:00,S1_056014_IW2_20230704T125551_VV_5E18-BURST,027_056014_IW2,56014,105835017,1,IW2,2023-07-04T12:55:51.440407,462.4202321092,27,ASCENDING,VV,SENTINEL-1A,49274,S1A_IWDV_0091_0097_049274_027,152943336,https://sentinel1-burst.asf.alaska.edu/S1A_IW_SLC__1SDV_20230704T125547_20230704T125615_049274_05ECD4_5E18/IW2/VV/1.tiff,cmr_umm
2023-07-16,2023-07-16T12:55:45.123875+00:00,S1_056011_IW2_20230716T125544_VV_9FE5-BURST,027_056011_IW2,56011,106210902,8,IW2,2023-07-16T12:55:44.112608,454.1471011057,27,ASCENDING,VV,SENTINEL-1A,49449,S1A_IWDV_0086_0092_049449_027,152943336,https://sentinel1-burst.asf.alaska.edu/S1A_IW_SLC__1SDV_20230716T125521_20230716T125550_049449_05F23F_9FE5/IW2/VV/8.tiff,cmr_umm
2023-07-16,2023-07-16T12:55:47.882152+00:00,S1_056012_IW2_20230716T125546_VV_9FE5-BURST,027_056012_IW2,56012,106210903,9,IW2,2023-07-16T12:55:46.871165,456.9056576602999,27,ASCENDING,VV,SENTINEL-1A,49449,S1A_IWDV_0086_0092_049449_027,152943336,https://sentinel1-burst.asf.alaska.edu/S1A_IW_SLC__1SDV_20230716T125521_20230716T125550_049449_05F23F_9FE5/IW2/VV/9.tiff,cmr_umm
2023-07-16,2023-07-16T12:55:50.640428+00:00,S1_056013_IW2_20230716T125549_VV_FE72-BURST,027_056013_IW2,56013,106210904,0,IW2,2023-07-16T12:55:49.627666,459.6621589983,27,ASCENDING,VV,SENTINEL-1A,49449,S1A_IWDV_0092_0097_049449_027,152943336,https://sentinel1-burst.asf.alaska.edu/S1A_IW_SLC__1SDV_20230716T125548_20230716T125616_049449_05F23F_FE72/IW2/VV/0.tiff,cmr_umm
2023-07-16,2023-07-16T12:55:53.398705+00:00,S1_056014_IW2_20230716T125552_VV_FE72-BURST,027_056014_IW2,56014,106210905,1,IW2,2023-07-16T12:55:52.388278,462.4227711092,27,ASCENDING,VV,SENTINEL-1A,49449,S1A_IWDV_0092_0097_049449_027,152943336,https://sentinel1-burst.asf.alaska.edu/S1A_IW_SLC__1SDV_20230716T125548_20230716T125616_049449_05F23F_FE72/IW2/VV/1.tiff,cmr_umm
2023-07-28,2023-07-28T12:55:45.677036+00:00,S1_056011_IW2_20230728T125544_VV_9C0B-BURST,027_056011_IW2,56011,106586789,8,IW2,2023-07-28T12:55:44.665769,454.1480499931,27,ASCENDING,VV,SENTINEL-1A,49624,S1A_IWDV_0086_0092_049624_027,152943336,https://sentinel1-burst.asf.alaska.edu/S1A_IW_SLC__1SDV_20230728T125521_20230728T125551_049624_05F79E_9C0B/IW2/VV/8.tiff,cmr_umm
2023-07-28,2023-07-28T12:55:48.435313+00:00,S1_056012_IW2_20230728T125547_VV_9C0B-BURST,027_056012_IW2,56012,106586790,9,IW2,2023-07-28T12:55:47.422270,456.9045509914,27,ASCENDING,VV,SENTINEL-1A,49624,S1A_IWDV_0086_0092_049624_027,152943336,https://sentinel1-burst.asf.alaska.edu/S1A_IW_SLC__1SDV_20230728T125521_20230728T125551_049624_05F79E_9C0B/IW2/VV/9.tiff,cmr_umm
2023-07-28,2023-07-28T12:55:51.193589+00:00,S1_056013_IW2_20230728T125550_VV_F7F5-BURST,027_056013_IW2,56013,106586791,0,IW2,2023-07-28T12:55:50.178771,459.6610519983,27,ASCENDING,VV,SENTINEL-1A,49624,S1A_IWDV_0091_0097_049624_027,152943336,https://sentinel1-burst.asf.alaska.edu/S1A_IW_SLC__1SDV_20230728T125549_20230728T125617_049624_05F79E_F7F5/IW2/VV/0.tiff,cmr_umm
2023-07-28,2023-07-28T12:55:53.951866+00:00,S1_056014_IW2_20230728T125552_VV_F7F5-BURST,027_056014_IW2,56014,106586792,1,IW2,2023-07-28T12:55:52.939383,462.4216641092,27,ASCENDING,VV,SENTINEL-1A,49624,S1A_IWDV_0091_0097_049624_027,152943336,https://sentinel1-burst.asf.alaska.edu/S1A_IW_SLC__1SDV_20230728T125549_20230728T125617_049624_05F79E_F7F5/IW2/VV/1.tiff,cmr_umm
2023-08-09,2023-08-09T12:55:45.591099+00:00,S1_056011_IW2_20230809T125544_VV_5670-BURST,027_056011_IW2,56011,106962677,8,IW2,2023-08-09T12:55:44.581870,454.1496811057,27,ASCENDING,VV,SENTINEL-1A,49799,S1A_IWDV_0086_0092_049799_027,152943336,https://sentinel1-burst.asf.alaska.edu/S1A_IW_SLC__1SDV_20230809T125521_20230809T125551_049799_05FD28_5670/IW2/VV/8.tiff,cmr_umm
2023-08-09,2023-08-09T12:55:48.349376+00:00,S1_056012_IW2_20230809T125547_VV_5670-BURST,027_056012_IW2,56012,106962678,9,IW2,2023-08-09T12:55:47.338371,456.906182104,27,ASCENDING,VV,SENTINEL-1A,49799,S1A_IWDV_0086_0092_049799_027,152943336,https://sentinel1-burst.asf.alaska.edu/S1A_IW_SLC__1SDV_20230809T125521_20230809T125551_049799_05FD28_5670/IW2/VV/9.tiff,cmr_umm
2023-08-09,2023-08-09T12:55:51.107652+00:00,S1_056013_IW2_20230809T125550_VV_113B-BURST,027_056013_IW2,56013,106962679,0,IW2,2023-08-09T12:55:50.096928,459.6647385546,27,ASCENDING,VV,SENTINEL-1A,49799,S1A_IWDV_0091_0097_049799_027,152943336,https://sentinel1-burst.asf.alaska.edu/S1A_IW_SLC__1SDV_20230809T125549_20230809T125617_049799_05FD28_113B/IW2/VV/0.tiff,cmr_umm
2023-08-09,2023-08-09T12:55:53.865929+00:00,S1_056014_IW2_20230809T125552_VV_113B-BURST,027_056014_IW2,56014,106962680,1,IW2,2023-08-09T12:55:52.857540,462.4253506655,27,ASCENDING,VV,SENTINEL-1A,49799,S1A_IWDV_0091_0097_049799_027,152943336,https://sentinel1-burst.asf.alaska.edu/S1A_IW_SLC__1SDV_20230809T125549_20230809T125617_049799_05FD28_113B/IW2/VV/1.tiff,cmr_umm
2023-08-21,2023-08-21T12:55:46.759693+00:00,S1_056011_IW2_20230821T125545_VV_5E26-BURST,027_056011_IW2,56011,107338564,8,IW2,2023-08-21T12:55:45.750477,454.1510084368,27,ASCENDING,VV,SENTINEL-1A,49974,S1A_IWDV_0086_0092_049974_027,152943336,https://sentinel1-burst.asf.alaska.edu/S1A_IW_SLC__1SDV_20230821T125522_20230821T125552_049974_060323_5E26/IW2/VV/8.tiff,cmr_umm
2023-08-21,2023-08-21T12:55:49.517970+00:00,S1_056012_IW2_20230821T125548_VV_5E26-BURST,027_056012_IW2,56012,107338565,9,IW2,2023-08-21T12:55:48.506978,456.9075094351,27,ASCENDING,VV,SENTINEL-1A,49974,S1A_IWDV_0086_0092_049974_027,152943336,https://sentinel1-burst.asf.alaska.edu/S1A_IW_SLC__1SDV_20230821T125522_20230821T125552_049974_060323_5E26/IW2/VV/9.tiff,cmr_umm
2023-08-21,2023-08-21T12:55:52.276246+00:00,S1_056013_IW2_20230821T125551_VV_9598-BURST,027_056013_IW2,56013,107338566,0,IW2,2023-08-21T12:55:51.263480,459.6640109983,27,ASCENDING,VV,SENTINEL-1A,49974,S1A_IWDV_0091_0097_049974_027,152943336,https://sentinel1-burst.asf.alaska.edu/S1A_IW_SLC__1SDV_20230821T125550_20230821T125618_049974_060323_9598/IW2/VV/0.tiff,cmr_umm
2023-08-21,2023-08-21T12:55:55.034523+00:00,S1_056014_IW2_20230821T125554_VV_9598-BURST,027_056014_IW2,56014,107338567,1,IW2,2023-08-21T12:55:54.024092,462.4246231092,27,ASCENDING,VV,SENTINEL-1A,49974,S1A_IWDV_0091_0097_049974_027,152943336,https://sentinel1-burst.asf.alaska.edu/S1A_IW_SLC__1SDV_20230821T125550_20230821T125618_049974_060323_9598/IW2/VV/1.tiff,cmr_umm
2023-09-02,2023-09-02T12:55:47.782414+00:00,S1_056011_IW2_20230902T125546_VV_7981-BURST,027_056011_IW2,56011,107714451,8,IW2,2023-09-02T12:55:46.748532,454.1258095494,27,ASCENDING,VV,SENTINEL-1A,50149,S1A_IWDV_0086_0092_050149_027,152943336,https://sentinel1-burst.asf.alaska.edu/S1A_IW_SLC__1SDV_20230902T125523_20230902T125553_050149_060927_7981/IW2/VV/8.tiff,cmr_umm
2023-09-02,2023-09-02T12:55:50.540691+00:00,S1_056012_IW2_20230902T125549_VV_7981-BURST,027_056012_IW2,56012,107714452,9,IW2,2023-09-02T12:55:49.505033,456.8823105477,27,ASCENDING,VV,SENTINEL-1A,50149,S1A_IWDV_0086_0092_050149_027,152943336,https://sentinel1-burst.asf.alaska.edu/S1A_IW_SLC__1SDV_20230902T125523_20230902T125553_050149_060927_7981/IW2/VV/9.tiff,cmr_umm
2023-09-02,2023-09-02T12:55:53.298967+00:00,S1_056013_IW2_20230902T125552_VV_6DC2-BURST,027_056013_IW2,56013,107714453,0,IW2,2023-09-02T12:55:52.263589,459.6408665546,27,ASCENDING,VV,SENTINEL-1A,50149,S1A_IWDV_0091_0097_050149_027,152943336,https://sentinel1-burst.asf.alaska.edu/S1A_IW_SLC__1SDV_20230902T125551_20230902T125619_050149_060927_6DC2/IW2/VV/0.tiff,cmr_umm
2023-09-02,2023-09-02T12:55:56.057244+00:00,S1_056014_IW2_20230902T125555_VV_6DC2-BURST,027_056014_IW2,56014,107714454,1,IW2,2023-09-02T12:55:55.022145,462.3994231092,27,ASCENDING,VV,SENTINEL-1A,50149,S1A_IWDV_0091_0097_050149_027,152943336,https://sentinel1-burst.asf.alaska.edu/S1A_IW_SLC__1SDV_20230902T125551_20230902T125619_050149_060927_6DC2/IW2/VV/1.tiff,cmr_umm
2023-09-14,2023-09-14T12:55:48.074558+00:00,S1_056011_IW2_20230914T125547_VV_557A-BURST,027_056011_IW2,56011,108090339,8,IW2,2023-09-14T12:55:47.053009,454.1355238804999,27,ASCENDING,VV,SENTINEL-1A,50324,S1A_IWDV_0086_0092_050324_027,152943336,https://sentinel1-burst.asf.alaska.edu/S1A_IW_SLC__1SDV_20230914T125524_20230914T125553_050324_060F12_557A/IW2/VV/8.tiff,cmr_umm
2023-09-14,2023-09-14T12:55:50.832835+00:00,S1_056012_IW2_20230914T125549_VV_557A-BURST,027_056012_IW2,56012,108090340,9,IW2,2023-09-14T12:55:49.807454,456.8899693225,27,ASCENDING,VV,SENTINEL-1A,50324,S1A_IWDV_0086_0092_050324_027,152943336,https://sentinel1-burst.asf.alaska.edu/S1A_IW_SLC__1SDV_20230914T125524_20230914T125553_050324_060F12_557A/IW2/VV/9.tiff,cmr_umm
2023-09-14,2023-09-14T12:55:53.591111+00:00,S1_056013_IW2_20230914T125552_VV_BAAD-BURST,027_056013_IW2,56013,108090341,0,IW2,2023-09-14T12:55:52.563955,459.6464699983,27,ASCENDING,VV,SENTINEL-1A,50324,S1A_IWDV_0091_0097_050324_027,152943336,https://sentinel1-burst.asf.alaska.edu/S1A_IW_SLC__1SDV_20230914T125551_20230914T125619_050324_060F12_BAAD/IW2/VV/0.tiff,cmr_umm
2023-09-14,2023-09-14T12:55:56.349388+00:00,S1_056014_IW2_20230914T125555_VV_BAAD-BURST,027_056014_IW2,56014,108090342,1,IW2,2023-09-14T12:55:55.322512,462.4050265529,27,ASCENDING,VV,SENTINEL-1A,50324,S1A_IWDV_0091_0097_050324_027,152943336,https://sentinel1-burst.asf.alaska.edu/S1A_IW_SLC__1SDV_20230914T125551_20230914T125619_050324_060F12_BAAD/IW2/VV/1.tiff,cmr_umm
2023-09-26,2023-09-26T12:55:48.555744+00:00,S1_056011_IW2_20230926T125547_VV_FA51-BURST,027_056011_IW2,56011,108466226,8,IW2,2023-09-26T12:55:47.542415,454.1443654368,27,ASCENDING,VV,SENTINEL-1A,50499,S1A_IWDV_0086_0092_050499_027,152943336,https://sentinel1-burst.asf.alaska.edu/S1A_IW_SLC__1SDV_20230926T125524_20230926T125554_050499_061511_FA51/IW2/VV/8.tiff,cmr_umm
2023-09-26,2023-09-26T12:55:51.314021+00:00,S1_056012_IW2_20230926T125550_VV_FA51-BURST,027_056012_IW2,56012,108466227,9,IW2,2023-09-26T12:55:50.298916,456.9008664351,27,ASCENDING,VV,SENTINEL-1A,50499,S1A_IWDV_0086_0092_050499_027,152943336,https://sentinel1-burst.asf.alaska.edu/S1A_IW_SLC__1SDV_20230926T125524_20230926T125554_050499_061511_FA51/IW2/VV/9.tiff,cmr_umm
2023-09-26,2023-09-26T12:55:54.072297+00:00,S1_056013_IW2_20230926T125553_VV_EA9D-BURST,027_056013_IW2,56013,108466228,0,IW2,2023-09-26T12:55:53.057474,459.6594235546,27,ASCENDING,VV,SENTINEL-1A,50499,S1A_IWDV_0091_0097_050499_027,152943336,https://sentinel1-burst.asf.alaska.edu/S1A_IW_SLC__1SDV_20230926T125552_20230926T125620_050499_061511_EA9D/IW2/VV/0.tiff,cmr_umm
2023-09-26,2023-09-26T12:55:56.830574+00:00,S1_056014_IW2_20230926T125555_VV_EA9D-BURST,027_056014_IW2,56014,108466229,1,IW2,2023-09-26T12:55:55.816030,462.4179801092,27,ASCENDING,VV,SENTINEL-1A,50499,S1A_IWDV_0091_0097_050499_027,152943336,https://sentinel1-burst.asf.alaska.edu/S1A_IW_SLC__1SDV_20230926T125552_20230926T125620_050499_061511_EA9D/IW2/VV/1.tiff,cmr_umm
2023-10-08,2023-10-08T12:55:48.521977+00:00,S1_056011_IW2_20231008T125547_VV_A180-BURST,027_056011_IW2,56011,108842113,8,IW2,2023-10-08T12:55:47.500428,454.1383145494,27,ASCENDING,VV,SENTINEL-1A,50674,S1A_IWDV_0086_0092_050674_027,152943336,https://sentinel1-burst.asf.alaska.edu/S1A_IW_SLC__1SDV_20231008T125524_20231008T125554_050674_061B12_A180/IW2/VV/8.tiff,cmr_umm
2023-10-08,2023-10-08T12:55:51.280254+00:00,S1_056012_IW2_20231008T125550_VV_A180-BURST,027_056012_IW2,56012,108842114,9,IW2,2023-10-08T12:55:50.256929,456.8948155477,27,ASCENDING,VV,SENTINEL-1A,50674,S1A_IWDV_0086_0092_050674_027,152943336,https://sentinel1-burst.asf.alaska.edu/S1A_IW_SLC__1SDV_20231008T125524_20231008T125554_050674_061B12_A180/IW2/VV/9.tiff,cmr_umm
2023-10-08,2023-10-08T12:55:54.038530+00:00,S1_056013_IW2_20231008T125553_VV_5CEE-BURST,027_056013_IW2,56013,108842115,0,IW2,2023-10-08T12:55:53.013430,459.6513169983,27,ASCENDING,VV,SENTINEL-1A,50674,S1A_IWDV_0091_0097_050674_027,152943336,https://sentinel1-burst.asf.alaska.edu/S1A_IW_SLC__1SDV_20231008T125552_20231008T125619_050674_061B12_5CEE/IW2/VV/0.tiff,cmr_umm
2023-10-08,2023-10-08T12:55:56.796807+00:00,S1_056014_IW2_20231008T125555_VV_5CEE-BURST,027_056014_IW2,56014,108842116,1,IW2,2023-10-08T12:55:55.771987,462.4098735529,27,ASCENDING,VV,SENTINEL-1A,50674,S1A_IWDV_0091_0097_050674_027,152943336,https://sentinel1-burst.asf.alaska.edu/S1A_IW_SLC__1SDV_20231008T125552_20231008T125619_050674_061B12_5CEE/IW2/VV/1.tiff,cmr_umm
2023-10-20,2023-10-20T12:55:48.705967+00:00,S1_056011_IW2_20231020T125547_VV_9875-BURST,027_056011_IW2,56011,109218001,8,IW2,2023-10-20T12:55:47.678252,454.1324315494,27,ASCENDING,VV,SENTINEL-1A,50849,S1A_IWDV_0086_0092_050849_027,152943336,https://sentinel1-burst.asf.alaska.edu/S1A_IW_SLC__1SDV_20231020T125524_20231020T125554_050849_062107_9875/IW2/VV/8.tiff,cmr_umm
2023-10-20,2023-10-20T12:55:51.464244+00:00,S1_056012_IW2_20231020T125550_VV_9875-BURST,027_056012_IW2,56012,109218002,9,IW2,2023-10-20T12:55:50.434753,456.8889325477,27,ASCENDING,VV,SENTINEL-1A,50849,S1A_IWDV_0086_0092_050849_027,152943336,https://sentinel1-burst.asf.alaska.edu/S1A_IW_SLC__1SDV_20231020T125524_20231020T125554_050849_062107_9875/IW2/VV/9.tiff,cmr_umm
2023-10-20,2023-10-20T12:55:54.222520+00:00,S1_056013_IW2_20231020T125553_VV_CD22-BURST,027_056013_IW2,56013,109218003,0,IW2,2023-10-20T12:55:53.191254,459.6454339983,27,ASCENDING,VV,SENTINEL-1A,50849,S1A_IWDV_0091_0097_050849_027,152943336,https://sentinel1-burst.asf.alaska.edu/S1A_IW_SLC__1SDV_20231020T125552_20231020T125620_050849_062107_CD22/IW2/VV/0.tiff,cmr_umm
2023-10-20,2023-10-20T12:55:56.980797+00:00,S1_056014_IW2_20231020T125555_VV_CD22-BURST,027_056014_IW2,56014,109218004,1,IW2,2023-10-20T12:55:55.951866,462.4060461092,27,ASCENDING,VV,SENTINEL-1A,50849,S1A_IWDV_0091_0097_050849_027,152943336,https://sentinel1-burst.asf.alaska.edu/S1A_IW_SLC__1SDV_20231020T125552_20231020T125620_050849_062107_CD22/IW2/VV/1.tiff,cmr_umm
2023-11-01,2023-11-01T12:55:48.010166+00:00,S1_056011_IW2_20231101T125546_VV_CED9-BURST,027_056011_IW2,56011,109593888,8,IW2,2023-11-01T12:55:46.976285,454.1258564368,27,ASCENDING,VV,SENTINEL-1A,51024,S1A_IWDV_0086_0092_051024_027,152943336,https://sentinel1-burst.asf.alaska.edu/S1A_IW_SLC__1SDV_20231101T125523_20231101T125553_051024_06270A_CED9/IW2/VV/8.tiff,cmr_umm
2023-11-01,2023-11-01T12:55:50.768443+00:00,S1_056012_IW2_20231101T125549_VV_CED9-BURST,027_056012_IW2,56012,109593889,9,IW2,2023-11-01T12:55:49.732786,456.8823574351,27,ASCENDING,VV,SENTINEL-1A,51024,S1A_IWDV_0086_0092_051024_027,152943336,https://sentinel1-burst.asf.alaska.edu/S1A_IW_SLC__1SDV_20231101T125523_20231101T125553_051024_06270A_CED9/IW2/VV/9.tiff,cmr_umm
2023-11-01,2023-11-01T12:55:53.526719+00:00,S1_056013_IW2_20231101T125552_VV_46B6-BURST,027_056013_IW2,56013,109593890,0,IW2,2023-11-01T12:55:52.491343,459.6409135546,27,ASCENDING,VV,SENTINEL-1A,51024,S1A_IWDV_0091_0097_051024_027,152943336,https://sentinel1-burst.asf.alaska.edu/S1A_IW_SLC__1SDV_20231101T125551_20231101T125619_051024_06270A_46B6/IW2/VV/0.tiff,cmr_umm
2023-11-01,2023-11-01T12:55:56.284996+00:00,S1_056014_IW2_20231101T125555_VV_46B6-BURST,027_056014_IW2,56014,109593891,1,IW2,2023-11-01T12:55:55.251955,462.4015256655,27,ASCENDING,VV,SENTINEL-1A,51024,S1A_IWDV_0091_0097_051024_027,152943336,https://sentinel1-burst.asf.alaska.edu/S1A_IW_SLC__1SDV_20231101T125551_20231101T125619_051024_06270A_46B6/IW2/VV/1.tiff,cmr_umm
2023-11-13,2023-11-13T12:55:48.119221+00:00,S1_056011_IW2_20231113T125547_VV_C755-BURST,027_056011_IW2,56011,109969776,8,IW2,2023-11-13T12:55:47.110008,454.1521853242,27,ASCENDING,VV,SENTINEL-1A,51199,S1A_IWDV_0086_0092_051199_027,152943336,https://sentinel1-burst.asf.alaska.edu/S1A_IW_SLC__1SDV_20231113T125524_20231113T125553_051199_062D0F_C755/IW2/VV/8.tiff,cmr_umm
2023-11-13,2023-11-13T12:55:50.877498+00:00,S1_056012_IW2_20231113T125549_VV_C755-BURST,027_056012_IW2,56012,109969777,9,IW2,2023-11-13T12:55:49.866509,456.9086863225,27,ASCENDING,VV,SENTINEL-1A,51199,S1A_IWDV_0086_0092_051199_027,152943336,https://sentinel1-burst.asf.alaska.edu/S1A_IW_SLC__1SDV_20231113T125524_20231113T125553_051199_062D0F_C755/IW2/VV/9.tiff,cmr_umm
2023-11-13,2023-11-13T12:55:53.635774+00:00,S1_056013_IW2_20231113T125552_VV_31F3-BURST,027_056013_IW2,56013,109969778,0,IW2,2023-11-13T12:55:52.625066,459.6672425546,27,ASCENDING,VV,SENTINEL-1A,51199,S1A_IWDV_0091_0097_051199_027,152943336,https://sentinel1-burst.asf.alaska.edu/S1A_IW_SLC__1SDV_20231113T125551_20231113T125619_051199_062D0F_31F3/IW2/VV/0.tiff,cmr_umm
2023-11-13,2023-11-13T12:55:56.394051+00:00,S1_056014_IW2_20231113T125555_VV_31F3-BURST,027_056014_IW2,56014,109969779,1,IW2,2023-11-13T12:55:55.383622,462.4257991092,27,ASCENDING,VV,SENTINEL-1A,51199,S1A_IWDV_0091_0097_051199_027,152943336,https://sentinel1-burst.asf.alaska.edu/S1A_IW_SLC__1SDV_20231113T125551_20231113T125619_051199_062D0F_31F3/IW2/VV/1.tiff,cmr_umm
2023-11-25,2023-11-25T12:55:47.296330+00:00,S1_056011_IW2_20231125T125546_VV_FF98-BURST,027_056011_IW2,56011,110345663,8,IW2,2023-11-25T12:55:46.287103,454.1524133242,27,ASCENDING,VV,SENTINEL-1A,51374,S1A_IWDV_0086_0092_051374_027,152943336,https://sentinel1-burst.asf.alaska.edu/S1A_IW_SLC__1SDV_20231125T125523_20231125T125553_051374_063317_FF98/IW2/VV/8.tiff,cmr_umm
2023-11-25,2023-11-25T12:55:50.054607+00:00,S1_056012_IW2_20231125T125549_VV_FF98-BURST,027_056012_IW2,56012,110345664,9,IW2,2023-11-25T12:55:49.041549,456.9068587662,27,ASCENDING,VV,SENTINEL-1A,51374,S1A_IWDV_0086_0092_051374_027,152943336,https://sentinel1-burst.asf.alaska.edu/S1A_IW_SLC__1SDV_20231125T125523_20231125T125553_051374_063317_FF98/IW2/VV/9.tiff,cmr_umm
2023-11-25,2023-11-25T12:55:52.812883+00:00,S1_056013_IW2_20231125T125551_VV_CE78-BURST,027_056013_IW2,56013,110345665,0,IW2,2023-11-25T12:55:51.800105,459.6654145546,27,ASCENDING,VV,SENTINEL-1A,51374,S1A_IWDV_0091_0097_051374_027,152943336,https://sentinel1-burst.asf.alaska.edu/S1A_IW_SLC__1SDV_20231125T125550_20231125T125618_051374_063317_CE78/IW2/VV/0.tiff,cmr_umm
2023-11-25,2023-11-25T12:55:55.571160+00:00,S1_056014_IW2_20231125T125554_VV_CE78-BURST,027_056014_IW2,56014,110345666,1,IW2,2023-11-25T12:55:54.560717,462.4260266655,27,ASCENDING,VV,SENTINEL-1A,51374,S1A_IWDV_0091_0097_051374_027,152943336,https://sentinel1-burst.asf.alaska.edu/S1A_IW_SLC__1SDV_20231125T125550_20231125T125618_051374_063317_CE78/IW2/VV/1.tiff,cmr_umm
2023-12-07,2023-12-07T12:55:47.158009+00:00,S1_056011_IW2_20231207T125546_VV_12CE-BURST,027_056011_IW2,56011,110721550,8,IW2,2023-12-07T12:55:46.159076,454.1624775494,27,ASCENDING,VV,SENTINEL-1A,51549,S1A_IWDV_0086_0092_051549_027,152943336,https://sentinel1-burst.asf.alaska.edu/S1A_IW_SLC__1SDV_20231207T125523_20231207T125552_051549_063918_12CE/IW2/VV/8.tiff,cmr_umm
2023-12-07,2023-12-07T12:55:49.916286+00:00,S1_056012_IW2_20231207T125548_VV_12CE-BURST,027_056012_IW2,56012,110721551,9,IW2,2023-12-07T12:55:48.913521,456.9169229914,27,ASCENDING,VV,SENTINEL-1A,51549,S1A_IWDV_0086_0092_051549_027,152943336,https://sentinel1-burst.asf.alaska.edu/S1A_IW_SLC__1SDV_20231207T125523_20231207T125552_051549_063918_12CE/IW2/VV/9.tiff,cmr_umm
2023-12-07,2023-12-07T12:55:52.674562+00:00,S1_056013_IW2_20231207T125551_VV_ECA9-BURST,027_056013_IW2,56013,110721552,0,IW2,2023-12-07T12:55:51.670022,459.6734239983,27,ASCENDING,VV,SENTINEL-1A,51549,S1A_IWDV_0091_0097_051549_027,152943336,https://sentinel1-burst.asf.alaska.edu/S1A_IW_SLC__1SDV_20231207T125550_20231207T125618_051549_063918_ECA9/IW2/VV/0.tiff,cmr_umm
2023-12-07,2023-12-07T12:55:55.432839+00:00,S1_056014_IW2_20231207T125554_VV_ECA9-BURST,027_056014_IW2,56014,110721553,1,IW2,2023-12-07T12:55:54.430634,462.4340361092,27,ASCENDING,VV,SENTINEL-1A,51549,S1A_IWDV_0091_0097_051549_027,152943336,https://sentinel1-burst.asf.alaska.edu/S1A_IW_SLC__1SDV_20231207T125550_20231207T125618_051549_063918_ECA9/IW2/VV/1.tiff,cmr_umm
2023-12-19,2023-12-19T12:55:46.293049+00:00,S1_056011_IW2_20231219T125545_VV_C994-BURST,027_056011_IW2,56011,111097438,8,IW2,2023-12-19T12:55:45.292047,454.1551525494,27,ASCENDING,VV,SENTINEL-1A,51724,S1A_IWDV_0086_0092_051724_027,152943336,https://sentinel1-burst.asf.alaska.edu/S1A_IW_SLC__1SDV_20231219T125522_20231219T125552_051724_063F3C_C994/IW2/VV/8.tiff,cmr_umm
2023-12-19,2023-12-19T12:55:49.051326+00:00,S1_056012_IW2_20231219T125548_VV_C994-BURST,027_056012_IW2,56012,111097439,9,IW2,2023-12-19T12:55:48.048548,456.9116535477,27,ASCENDING,VV,SENTINEL-1A,51724,S1A_IWDV_0086_0092_051724_027,152943336,https://sentinel1-burst.asf.alaska.edu/S1A_IW_SLC__1SDV_20231219T125522_20231219T125552_051724_063F3C_C994/IW2/VV/9.tiff,cmr_umm
2023-12-19,2023-12-19T12:55:51.809602+00:00,S1_056013_IW2_20231219T125550_VV_14A3-BURST,027_056013_IW2,56013,111097440,0,IW2,2023-12-19T12:55:50.807104,459.6702095546,27,ASCENDING,VV,SENTINEL-1A,51724,S1A_IWDV_0091_0097_051724_027,152943336,https://sentinel1-burst.asf.alaska.edu/S1A_IW_SLC__1SDV_20231219T125549_20231219T125617_051724_063F3C_14A3/IW2/VV/0.tiff,cmr_umm
2023-12-19,2023-12-19T12:55:54.567879+00:00,S1_056014_IW2_20231219T125553_VV_14A3-BURST,027_056014_IW2,56014,111097441,1,IW2,2023-12-19T12:55:53.565660,462.4287661092,27,ASCENDING,VV,SENTINEL-1A,51724,S1A_IWDV_0091_0097_051724_027,152943336,https://sentinel1-burst.asf.alaska.edu/S1A_IW_SLC__1SDV_20231219T125549_20231219T125617_051724_063F3C_14A3/IW2/VV/1.tiff,cmr_umm
2023-12-31,2023-12-31T12:55:45.941059+00:00,S1_056011_IW2_20231231T125544_VV_C241-BURST,027_056011_IW2,56011,111473325,8,IW2,2023-12-31T12:55:44.935959,454.1550648804999,27,ASCENDING,VV,SENTINEL-1A,51899,S1A_IWDV_0086_0092_051899_027,152943336,https://sentinel1-burst.asf.alaska.edu/S1A_IW_SLC__1SDV_20231231T125521_20231231T125551_051899_06453F_C241/IW2/VV/8.tiff,cmr_umm
2023-12-31,2023-12-31T12:55:48.699336+00:00,S1_056012_IW2_20231231T125547_VV_C241-BURST,027_056012_IW2,56012,111473326,9,IW2,2023-12-31T12:55:47.692460,456.9115658787999,27,ASCENDING,VV,SENTINEL-1A,51899,S1A_IWDV_0086_0092_051899_027,152943336,https://sentinel1-burst.asf.alaska.edu/S1A_IW_SLC__1SDV_20231231T125521_20231231T125551_051899_06453F_C241/IW2/VV/9.tiff,cmr_umm
2023-12-31,2023-12-31T12:55:51.457612+00:00,S1_056013_IW2_20231231T125550_VV_7288-BURST,027_056013_IW2,56013,111473327,0,IW2,2023-12-31T12:55:50.448961,459.6680669983,27,ASCENDING,VV,SENTINEL-1A,51899,S1A_IWDV_0091_0097_051899_027,152943336,https://sentinel1-burst.asf.alaska.edu/S1A_IW_SLC__1SDV_20231231T125549_20231231T125617_051899_06453F_7288/IW2/VV/0.tiff,cmr_umm
2023-12-31,2023-12-31T12:55:54.215889+00:00,S1_056014_IW2_20231231T125553_VV_7288-BURST,027_056014_IW2,56014,111473328,1,IW2,2023-12-31T12:55:53.207518,462.4266235529,27,ASCENDING,VV,SENTINEL-1A,51899,S1A_IWDV_0091_0097_051899_027,152943336,https://sentinel1-burst.asf.alaska.edu/S1A_IW_SLC__1SDV_20231231T125549_20231231T125617_051899_06453F_7288/IW2/VV/1.tiff,cmr_umm
2024-01-12,2024-01-12T12:55:45.173542+00:00,S1_056011_IW2_20240112T125544_VV_7379-BURST,027_056011_IW2,56011,111849212,8,IW2,2024-01-12T12:55:44.170483,454.1553777679,27,ASCENDING,VV,SENTINEL-1A,52074,S1A_IWDV_0086_0092_052074_027,152943336,https://sentinel1-burst.asf.alaska.edu/S1A_IW_SLC__1SDV_20240112T125521_20240112T125550_052074_064B35_7379/IW2/VV/8.tiff,cmr_umm
2024-01-12,2024-01-12T12:55:47.931819+00:00,S1_056012_IW2_20240112T125546_VV_7379-BURST,027_056012_IW2,56012,111849213,9,IW2,2024-01-12T12:55:46.926984,456.9118787662,27,ASCENDING,VV,SENTINEL-1A,52074,S1A_IWDV_0086_0092_052074_027,152943336,https://sentinel1-burst.asf.alaska.edu/S1A_IW_SLC__1SDV_20240112T125521_20240112T125550_052074_064B35_7379/IW2/VV/9.tiff,cmr_umm
2024-01-12,2024-01-12T12:55:50.690095+00:00,S1_056013_IW2_20240112T125549_VV_5A0B-BURST,027_056013_IW2,56013,111849214,0,IW2,2024-01-12T12:55:49.683485,459.6683799983,27,ASCENDING,VV,SENTINEL-1A,52074,S1A_IWDV_0091_0097_052074_027,152943336,https://sentinel1-burst.asf.alaska.edu/S1A_IW_SLC__1SDV_20240112T125548_20240112T125616_052074_064B35_5A0B/IW2/VV/0.tiff,cmr_umm
2024-01-12,2024-01-12T12:55:53.448372+00:00,S1_056014_IW2_20240112T125552_VV_5A0B-BURST,027_056014_IW2,56014,111849215,1,IW2,2024-01-12T12:55:52.444097,462.4289921092,27,ASCENDING,VV,SENTINEL-1A,52074,S1A_IWDV_0091_0097_052074_027,152943336,https://sentinel1-burst.asf.alaska.edu/S1A_IW_SLC__1SDV_20240112T125548_20240112T125616_052074_064B35_5A0B/IW2/VV/1.tiff,cmr_umm
2024-01-24,2024-01-24T12:55:44.808125+00:00,S1_056011_IW2_20240124T125543_VV_021D-BURST,027_056011_IW2,56011,112225100,8,IW2,2024-01-24T12:55:43.803024,454.1552629930999,27,ASCENDING,VV,SENTINEL-1A,52249,S1A_IWDV_0086_0092_052249_027,152943336,https://sentinel1-burst.asf.alaska.edu/S1A_IW_SLC__1SDV_20240124T125520_20240124T125550_052249_065114_021D/IW2/VV/8.tiff,cmr_umm
2024-01-24,2024-01-24T12:55:47.566402+00:00,S1_056012_IW2_20240124T125546_VV_021D-BURST,027_056012_IW2,56012,112225101,9,IW2,2024-01-24T12:55:46.557469,456.9097084351,27,ASCENDING,VV,SENTINEL-1A,52249,S1A_IWDV_0086_0092_052249_027,152943336,https://sentinel1-burst.asf.alaska.edu/S1A_IW_SLC__1SDV_20240124T125520_20240124T125550_052249_065114_021D/IW2/VV/9.tiff,cmr_umm
2024-01-24,2024-01-24T12:55:50.324678+00:00,S1_056013_IW2_20240124T125549_VV_311F-BURST,027_056013_IW2,56013,112225102,0,IW2,2024-01-24T12:55:49.313970,459.6662089983,27,ASCENDING,VV,SENTINEL-1A,52249,S1A_IWDV_0091_0097_052249_027,152943336,https://sentinel1-burst.asf.alaska.edu/S1A_IW_SLC__1SDV_20240124T125548_20240124T125616_052249_065114_311F/IW2/VV/0.tiff,cmr_umm
2024-01-24,2024-01-24T12:55:53.082955+00:00,S1_056014_IW2_20240124T125552_VV_311F-BURST,027_056014_IW2,56014,112225103,1,IW2,2024-01-24T12:55:52.074582,462.4268211092,27,ASCENDING,VV,SENTINEL-1A,52249,S1A_IWDV_0091_0097_052249_027,152943336,https://sentinel1-burst.asf.alaska.edu/S1A_IW_SLC__1SDV_20240124T125548_20240124T125616_052249_065114_311F/IW2/VV/1.tiff,cmr_umm
2024-02-05,2024-02-05T12:55:44.497349+00:00,S1_056011_IW2_20240205T125543_VV_8D90-BURST,027_056011_IW2,56011,112600987,8,IW2,2024-02-05T12:55:43.494301,454.1568333242,27,ASCENDING,VV,SENTINEL-1A,52424,S1A_IWDV_0086_0092_052424_027,152943336,https://sentinel1-burst.asf.alaska.edu/S1A_IW_SLC__1SDV_20240205T125520_20240205T125550_052424_06570A_8D90/IW2/VV/8.tiff,cmr_umm
2024-02-05,2024-02-05T12:55:47.255626+00:00,S1_056012_IW2_20240205T125546_VV_8D90-BURST,027_056012_IW2,56012,112600988,9,IW2,2024-02-05T12:55:46.250802,456.9133343225,27,ASCENDING,VV,SENTINEL-1A,52424,S1A_IWDV_0086_0092_052424_027,152943336,https://sentinel1-burst.asf.alaska.edu/S1A_IW_SLC__1SDV_20240205T125520_20240205T125550_052424_06570A_8D90/IW2/VV/9.tiff,cmr_umm
2024-02-05,2024-02-05T12:55:50.013902+00:00,S1_056013_IW2_20240205T125549_VV_645C-BURST,027_056013_IW2,56013,112600989,0,IW2,2024-02-05T12:55:49.007304,459.6698359983,27,ASCENDING,VV,SENTINEL-1A,52424,S1A_IWDV_0091_0097_052424_027,152943336,https://sentinel1-burst.asf.alaska.edu/S1A_IW_SLC__1SDV_20240205T125548_20240205T125615_052424_06570A_645C/IW2/VV/0.tiff,cmr_umm
2024-02-05,2024-02-05T12:55:52.772179+00:00,S1_056014_IW2_20240205T125551_VV_645C-BURST,027_056014_IW2,56014,112600990,1,IW2,2024-02-05T12:55:51.765861,462.4283925529,27,ASCENDING,VV,SENTINEL-1A,52424,S1A_IWDV_0091_0097_052424_027,152943336,https://sentinel1-burst.asf.alaska.edu/S1A_IW_SLC__1SDV_20240205T125548_20240205T125615_052424_06570A_645C/IW2/VV/1.tiff,cmr_umm
2024-02-17,2024-02-17T12:55:44.308125+00:00,S1_056011_IW2_20240217T125543_VV_64BC-BURST,027_056011_IW2,56011,112976875,8,IW2,2024-02-17T12:55:43.307118,454.1594779931,27,ASCENDING,VV,SENTINEL-1A,52599,S1A_IWDV_0086_0092_052599_027,152943336,https://sentinel1-burst.asf.alaska.edu/S1A_IW_SLC__1SDV_20240217T125520_20240217T125550_052599_065CEE_64BC/IW2/VV/8.tiff,cmr_umm
2024-02-17,2024-02-17T12:55:47.066402+00:00,S1_056012_IW2_20240217T125546_VV_64BC-BURST,027_056012_IW2,56012,112976876,9,IW2,2024-02-17T12:55:46.063619,456.9159789914,27,ASCENDING,VV,SENTINEL-1A,52599,S1A_IWDV_0086_0092_052599_027,152943336,https://sentinel1-burst.asf.alaska.edu/S1A_IW_SLC__1SDV_20240217T125520_20240217T125550_052599_065CEE_64BC/IW2/VV/9.tiff,cmr_umm
2024-02-17,2024-02-17T12:55:49.824678+00:00,S1_056013_IW2_20240217T125548_VV_1DF9-BURST,027_056013_IW2,56013,112976877,0,IW2,2024-02-17T12:55:48.818064,459.670424442,27,ASCENDING,VV,SENTINEL-1A,52599,S1A_IWDV_0091_0097_052599_027,152943336,https://sentinel1-burst.asf.alaska.edu/S1A_IW_SLC__1SDV_20240217T125547_20240217T125615_052599_065CEE_1DF9/IW2/VV/0.tiff,cmr_umm
2024-02-17,2024-02-17T12:55:52.582955+00:00,S1_056014_IW2_20240217T125551_VV_1DF9-BURST,027_056014_IW2,56014,112976878,1,IW2,2024-02-17T12:55:51.578677,462.4310365529,27,ASCENDING,VV,SENTINEL-1A,52599,S1A_IWDV_0091_0097_052599_027,152943336,https://sentinel1-burst.asf.alaska.edu/S1A_IW_SLC__1SDV_20240217T125547_20240217T125615_052599_065CEE_1DF9/IW2/VV/1.tiff,cmr_umm
2024-02-29,2024-02-29T12:55:44.297215+00:00,S1_056011_IW2_20240229T125543_VV_61AC-BURST,027_056011_IW2,56011,113352762,8,IW2,2024-02-29T12:55:43.265388,454.1287088805,27,ASCENDING,VV,SENTINEL-1A,52774,S1A_IWDV_0086_0092_052774_027,152943336,https://sentinel1-burst.asf.alaska.edu/S1A_IW_SLC__1SDV_20240229T125520_20240229T125550_052774_0662E9_61AC/IW2/VV/8.tiff,cmr_umm
2024-02-29,2024-02-29T12:55:47.055492+00:00,S1_056012_IW2_20240229T125546_VV_61AC-BURST,027_056012_IW2,56012,113352763,9,IW2,2024-02-29T12:55:46.023944,456.8872654351,27,ASCENDING,VV,SENTINEL-1A,52774,S1A_IWDV_0086_0092_052774_027,152943336,https://sentinel1-burst.asf.alaska.edu/S1A_IW_SLC__1SDV_20240229T125520_20240229T125550_052774_0662E9_61AC/IW2/VV/9.tiff,cmr_umm
2024-02-29,2024-02-29T12:55:49.813768+00:00,S1_056013_IW2_20240229T125548_VV_30A1-BURST,027_056013_IW2,56013,113352764,0,IW2,2024-02-29T12:55:48.778389,459.641710442,27,ASCENDING,VV,SENTINEL-1A,52774,S1A_IWDV_0091_0097_052774_027,152943336,https://sentinel1-burst.asf.alaska.edu/S1A_IW_SLC__1SDV_20240229T125547_20240229T125615_052774_0662E9_30A1/IW2/VV/0.tiff,cmr_umm
2024-02-29,2024-02-29T12:55:52.572045+00:00,S1_056014_IW2_20240229T125551_VV_30A1-BURST,027_056014_IW2,56014,113352765,1,IW2,2024-02-29T12:55:51.539002,462.4023225529,27,ASCENDING,VV,SENTINEL-1A,52774,S1A_IWDV_0091_0097_052774_027,152943336,https://sentinel1-burst.asf.alaska.edu/S1A_IW_SLC__1SDV_20240229T125547_20240229T125615_052774_0662E9_30A1/IW2/VV/1.tiff,cmr_umm
2024-03-12,2024-03-12T12:55:44.375019+00:00,S1_056011_IW2_20240312T125543_VV_3C20-BURST,027_056011_IW2,56011,113728649,8,IW2,2024-03-12T12:55:43.347287,454.1317155494,27,ASCENDING,VV,SENTINEL-1A,52949,S1A_IWDV_0086_0092_052949_027,152943336,https://sentinel1-burst.asf.alaska.edu/S1A_IW_SLC__1SDV_20240312T125520_20240312T125550_052949_0668DE_3C20/IW2/VV/8.tiff,cmr_umm
2024-03-12,2024-03-12T12:55:47.133296+00:00,S1_056012_IW2_20240312T125546_VV_3C20-BURST,027_056012_IW2,56012,113728650,9,IW2,2024-03-12T12:55:46.101732,456.8861609913999,27,ASCENDING,VV,SENTINEL-1A,52949,S1A_IWDV_0086_0092_052949_027,152943336,https://sentinel1-burst.asf.alaska.edu/S1A_IW_SLC__1SDV_20240312T125520_20240312T125550_052949_0668DE_3C20/IW2/VV/9.tiff,cmr_umm
2024-03-12,2024-03-12T12:55:49.891572+00:00,S1_056013_IW2_20240312T125548_VV_E305-BURST,027_056013_IW2,56013,113728651,0,IW2,2024-03-12T12:55:48.858233,459.6426619983,27,ASCENDING,VV,SENTINEL-1A,52949,S1A_IWDV_0091_0097_052949_027,152943336,https://sentinel1-burst.asf.alaska.edu/S1A_IW_SLC__1SDV_20240312T125547_20240312T125615_052949_0668DE_E305/IW2/VV/0.tiff,cmr_umm
2024-03-12,2024-03-12T12:55:52.649849+00:00,S1_056014_IW2_20240312T125551_VV_E305-BURST,027_056014_IW2,56014,113728652,1,IW2,2024-03-12T12:55:51.616790,462.4012185529,27,ASCENDING,VV,SENTINEL-1A,52949,S1A_IWDV_0091_0097_052949_027,152943336,https://sentinel1-burst.asf.alaska.edu/S1A_IW_SLC__1SDV_20240312T125547_20240312T125615_052949_0668DE_E305/IW2/VV/1.tiff,cmr_umm
2024-03-24,2024-03-24T12:55:44.647892+00:00,S1_056011_IW2_20240324T125543_VV_5AC4-BURST,027_056011_IW2,56011,114104537,8,IW2,2024-03-24T12:55:43.634548,454.1463064368,27,ASCENDING,VV,SENTINEL-1A,53124,S1A_IWDV_0086_0092_053124_027,152943336,https://sentinel1-burst.asf.alaska.edu/S1A_IW_SLC__1SDV_20240324T125520_20240324T125550_053124_066F69_5AC4/IW2/VV/8.tiff,cmr_umm
2024-03-24,2024-03-24T12:55:47.406169+00:00,S1_056012_IW2_20240324T125546_VV_5AC4-BURST,027_056012_IW2,56012,114104538,9,IW2,2024-03-24T12:55:46.391049,456.9028074351,27,ASCENDING,VV,SENTINEL-1A,53124,S1A_IWDV_0086_0092_053124_027,152943336,https://sentinel1-burst.asf.alaska.edu/S1A_IW_SLC__1SDV_20240324T125520_20240324T125550_053124_066F69_5AC4/IW2/VV/9.tiff,cmr_umm
2024-03-24,2024-03-24T12:55:50.164445+00:00,S1_056013_IW2_20240324T125549_VV_4D5B-BURST,027_056013_IW2,56013,114104539,0,IW2,2024-03-24T12:55:49.149607,459.6613645546,27,ASCENDING,VV,SENTINEL-1A,53124,S1A_IWDV_0091_0097_053124_027,152943336,https://sentinel1-burst.asf.alaska.edu/S1A_IW_SLC__1SDV_20240324T125548_20240324T125616_053124_066F69_4D5B/IW2/VV/0.tiff,cmr_umm
2024-03-24,2024-03-24T12:55:52.922722+00:00,S1_056014_IW2_20240324T125551_VV_4D5B-BURST,027_056014_IW2,56014,114104540,1,IW2,2024-03-24T12:55:51.908163,462.4199211092,27,ASCENDING,VV,SENTINEL-1A,53124,S1A_IWDV_0091_0097_053124_027,152943336,https://sentinel1-burst.asf.alaska.edu/S1A_IW_SLC__1SDV_20240324T125548_20240324T125616_053124_066F69_4D5B/IW2/VV/1.tiff,cmr_umm
2024-04-05,2024-04-05T12:55:45.195393+00:00,S1_056011_IW2_20240405T125544_VV_2A79-BURST,027_056011_IW2,56011,114480424,8,IW2,2024-04-05T12:55:44.188232,454.1472539931,27,ASCENDING,VV,SENTINEL-1A,53299,S1A_IWDV_0086_0092_053299_027,152943336,https://sentinel1-burst.asf.alaska.edu/S1A_IW_SLC__1SDV_20240405T125521_20240405T125551_053299_067618_2A79/IW2/VV/8.tiff,cmr_umm
2024-04-05,2024-04-05T12:55:47.953670+00:00,S1_056012_IW2_20240405T125546_VV_2A79-BURST,027_056012_IW2,56012,114480425,9,IW2,2024-04-05T12:55:46.946789,456.9058105477,27,ASCENDING,VV,SENTINEL-1A,53299,S1A_IWDV_0086_0092_053299_027,152943336,https://sentinel1-burst.asf.alaska.edu/S1A_IW_SLC__1SDV_20240405T125521_20240405T125551_053299_067618_2A79/IW2/VV/9.tiff,cmr_umm
2024-04-05,2024-04-05T12:55:50.711946+00:00,S1_056013_IW2_20240405T125549_VV_B8E9-BURST,027_056013_IW2,56013,114480426,0,IW2,2024-04-05T12:55:49.705346,459.6643675546,27,ASCENDING,VV,SENTINEL-1A,53299,S1A_IWDV_0091_0097_053299_027,152943336,https://sentinel1-burst.asf.alaska.edu/S1A_IW_SLC__1SDV_20240405T125548_20240405T125616_053299_067618_B8E9/IW2/VV/0.tiff,cmr_umm
2024-04-05,2024-04-05T12:55:53.470223+00:00,S1_056014_IW2_20240405T125552_VV_B8E9-BURST,027_056014_IW2,56014,114480427,1,IW2,2024-04-05T12:55:52.463902,462.4229241092,27,ASCENDING,VV,SENTINEL-1A,53299,S1A_IWDV_0091_0097_053299_027,152943336,https://sentinel1-burst.asf.alaska.edu/S1A_IW_SLC__1SDV_20240405T125548_20240405T125616_053299_067618_B8E9/IW2/VV/1.tiff,cmr_umm
2024-04-17,2024-04-17T12:55:45.493458+00:00,S1_056011_IW2_20240417T125544_VV_A892-BURST,027_056011_IW2,56011,114856311,8,IW2,2024-04-17T12:55:44.484228,454.1463385494,27,ASCENDING,VV,SENTINEL-1A,53474,S1A_IWDV_0086_0092_053474_027,152943336,https://sentinel1-burst.asf.alaska.edu/S1A_IW_SLC__1SDV_20240417T125521_20240417T125551_053474_067D06_A892/IW2/VV/8.tiff,cmr_umm
2024-04-17,2024-04-17T12:55:48.251735+00:00,S1_056012_IW2_20240417T125547_VV_A892-BURST,027_056012_IW2,56012,114856312,9,IW2,2024-04-17T12:55:47.238673,456.9007839914,27,ASCENDING,VV,SENTINEL-1A,53474,S1A_IWDV_0086_0092_053474_027,152943336,https://sentinel1-burst.asf.alaska.edu/S1A_IW_SLC__1SDV_20240417T125521_20240417T125551_053474_067D06_A892/IW2/VV/9.tiff,cmr_umm
2024-04-17,2024-04-17T12:55:51.010011+00:00,S1_056013_IW2_20240417T125549_VV_A1E9-BURST,027_056013_IW2,56013,114856313,0,IW2,2024-04-17T12:55:49.997230,459.6593405546,27,ASCENDING,VV,SENTINEL-1A,53474,S1A_IWDV_0091_0097_053474_027,152943336,https://sentinel1-burst.asf.alaska.edu/S1A_IW_SLC__1SDV_20240417T125549_20240417T125616_053474_067D06_A1E9/IW2/VV/0.tiff,cmr_umm
2024-04-17,2024-04-17T12:55:53.768288+00:00,S1_056014_IW2_20240417T125552_VV_A1E9-BURST,027_056014_IW2,56014,114856314,1,IW2,2024-04-17T12:55:52.755786,462.4178971092,27,ASCENDING,VV,SENTINEL-1A,53474,S1A_IWDV_0091_0097_053474_027,152943336,https://sentinel1-burst.asf.alaska.edu/S1A_IW_SLC__1SDV_20240417T125549_20240417T125616_053474_067D06_A1E9/IW2/VV/1.tiff,cmr_umm
2024-04-29,2024-04-29T12:55:45.876698+00:00,S1_056011_IW2_20240429T125544_VV_E520-BURST,027_056011_IW2,56011,115232199,8,IW2,2024-04-29T12:55:44.844872,454.1237474368,27,ASCENDING,VV,SENTINEL-1A,53649,S1A_IWDV_0086_0092_053649_027,152943336,https://sentinel1-burst.asf.alaska.edu/S1A_IW_SLC__1SDV_20240429T125521_20240429T125551_053649_0683E9_E520/IW2/VV/8.tiff,cmr_umm
2024-04-29,2024-04-29T12:55:48.634975+00:00,S1_056012_IW2_20240429T125547_VV_E520-BURST,027_056012_IW2,56012,115232200,9,IW2,2024-04-29T12:55:47.601373,456.8802484351,27,ASCENDING,VV,SENTINEL-1A,53649,S1A_IWDV_0086_0092_053649_027,152943336,https://sentinel1-burst.asf.alaska.edu/S1A_IW_SLC__1SDV_20240429T125521_20240429T125551_053649_0683E9_E520/IW2/VV/9.tiff,cmr_umm
2024-04-29,2024-04-29T12:55:51.393251+00:00,S1_056013_IW2_20240429T125550_VV_BE6B-BURST,027_056013_IW2,56013,115232201,0,IW2,2024-04-29T12:55:50.357875,459.6367499983,27,ASCENDING,VV,SENTINEL-1A,53649,S1A_IWDV_0091_0097_053649_027,152943336,https://sentinel1-burst.asf.alaska.edu/S1A_IW_SLC__1SDV_20240429T125549_20240429T125617_053649_0683E9_BE6B/IW2/VV/0.tiff,cmr_umm
2024-04-29,2024-04-29T12:55:54.151528+00:00,S1_056014_IW2_20240429T125553_VV_BE6B-BURST,027_056014_IW2,56014,115232202,1,IW2,2024-04-29T12:55:53.118487,462.3973621092,27,ASCENDING,VV,SENTINEL-1A,53649,S1A_IWDV_0091_0097_053649_027,152943336,https://sentinel1-burst.asf.alaska.edu/S1A_IW_SLC__1SDV_20240429T125549_20240429T125617_053649_0683E9_BE6B/IW2/VV/1.tiff,cmr_umm
2024-05-11,2024-05-11T12:55:45.948078+00:00,S1_056011_IW2_20240511T125544_VV_4321-BURST,027_056011_IW2,56011,115608086,8,IW2,2024-05-11T12:55:44.932699,454.1389415494,27,ASCENDING,VV,SENTINEL-1A,53824,S1A_IWDV_0086_0092_053824_027,152943336,https://sentinel1-burst.asf.alaska.edu/S1A_IW_SLC__1SDV_20240511T125521_20240511T125551_053824_068A89_4321/IW2/VV/8.tiff,cmr_umm
2024-05-11,2024-05-11T12:55:48.706355+00:00,S1_056012_IW2_20240511T125547_VV_4321-BURST,027_056012_IW2,56012,115608087,9,IW2,2024-05-11T12:55:47.689200,456.8954425477,27,ASCENDING,VV,SENTINEL-1A,53824,S1A_IWDV_0086_0092_053824_027,152943336,https://sentinel1-burst.asf.alaska.edu/S1A_IW_SLC__1SDV_20240511T125521_20240511T125551_053824_068A89_4321/IW2/VV/9.tiff,cmr_umm
2024-05-11,2024-05-11T12:55:51.464631+00:00,S1_056013_IW2_20240511T125550_VV_1AC0-BURST,027_056013_IW2,56013,115608088,0,IW2,2024-05-11T12:55:50.447756,459.6539985546,27,ASCENDING,VV,SENTINEL-1A,53824,S1A_IWDV_0091_0097_053824_027,152943336,https://sentinel1-burst.asf.alaska.edu/S1A_IW_SLC__1SDV_20240511T125549_20240511T125617_053824_068A89_1AC0/IW2/VV/0.tiff,cmr_umm
2024-05-11,2024-05-11T12:55:54.222908+00:00,S1_056014_IW2_20240511T125553_VV_1AC0-BURST,027_056014_IW2,56014,115608089,1,IW2,2024-05-11T12:55:53.208368,462.4146106655,27,ASCENDING,VV,SENTINEL-1A,53824,S1A_IWDV_0091_0097_053824_027,152943336,https://sentinel1-burst.asf.alaska.edu/S1A_IW_SLC__1SDV_20240511T125549_20240511T125617_053824_068A89_1AC0/IW2/VV/1.tiff,cmr_umm
2024-05-23,2024-05-23T12:55:45.531498+00:00,S1_056011_IW2_20240523T125544_VV_39C1-BURST,027_056011_IW2,56011,115983974,8,IW2,2024-05-23T12:55:44.520231,454.1468375494,27,ASCENDING,VV,SENTINEL-1A,53999,S1A_IWDV_0086_0092_053999_027,152943336,https://sentinel1-burst.asf.alaska.edu/S1A_IW_SLC__1SDV_20240523T125521_20240523T125551_053999_06908E_39C1/IW2/VV/8.tiff,cmr_umm
2024-05-23,2024-05-23T12:55:48.289775+00:00,S1_056012_IW2_20240523T125547_VV_39C1-BURST,027_056012_IW2,56012,115983975,9,IW2,2024-05-23T12:55:47.276732,456.9033385477,27,ASCENDING,VV,SENTINEL-1A,53999,S1A_IWDV_0086_0092_053999_027,152943336,https://sentinel1-burst.asf.alaska.edu/S1A_IW_SLC__1SDV_20240523T125521_20240523T125551_053999_06908E_39C1/IW2/VV/9.tiff,cmr_umm
2024-05-23,2024-05-23T12:55:51.048051+00:00,S1_056013_IW2_20240523T125550_VV_CF19-BURST,027_056013_IW2,56013,115983976,0,IW2,2024-05-23T12:55:50.035288,459.6618945546,27,ASCENDING,VV,SENTINEL-1A,53999,S1A_IWDV_0091_0097_053999_027,152943336,https://sentinel1-burst.asf.alaska.edu/S1A_IW_SLC__1SDV_20240523T125549_20240523T125616_053999_06908E_CF19/IW2/VV/0.tiff,cmr_umm
2024-05-23,2024-05-23T12:55:53.806328+00:00,S1_056014_IW2_20240523T125552_VV_CF19-BURST,027_056014_IW2,56014,115983977,1,IW2,2024-05-23T12:55:52.793844,462.4204511092,27,ASCENDING,VV,SENTINEL-1A,53999,S1A_IWDV_0091_0097_053999_027,152943336,https://sentinel1-burst.asf.alaska.edu/S1A_IW_SLC__1SDV_20240523T125549_20240523T125616_053999_06908E_CF19/IW2/VV/1.tiff,cmr_umm
2024-06-04,2024-06-04T12:55:45.231922+00:00,S1_056011_IW2_20240604T125544_VV_14FF-BURST,027_056011_IW2,56011,116359861,8,IW2,2024-06-04T12:55:44.218584,454.1422004368,27,ASCENDING,VV,SENTINEL-1A,54174,S1A_IWDV_0086_0092_054174_027,152943336,https://sentinel1-burst.asf.alaska.edu/S1A_IW_SLC__1SDV_20240604T125521_20240604T125551_054174_06969B_14FF/IW2/VV/8.tiff,cmr_umm
2024-06-04,2024-06-04T12:55:47.990199+00:00,S1_056012_IW2_20240604T125546_VV_14FF-BURST,027_056012_IW2,56012,116359862,9,IW2,2024-06-04T12:55:46.977141,456.9007569914,27,ASCENDING,VV,SENTINEL-1A,54174,S1A_IWDV_0086_0092_054174_027,152943336,https://sentinel1-burst.asf.alaska.edu/S1A_IW_SLC__1SDV_20240604T125521_20240604T125551_054174_06969B_14FF/IW2/VV/9.tiff,cmr_umm
2024-06-04,2024-06-04T12:55:50.748475+00:00,S1_056013_IW2_20240604T125549_VV_7620-BURST,027_056013_IW2,56013,116359863,0,IW2,2024-06-04T12:55:49.735698,459.6593135546,27,ASCENDING,VV,SENTINEL-1A,54174,S1A_IWDV_0091_0097_054174_027,152943336,https://sentinel1-burst.asf.alaska.edu/S1A_IW_SLC__1SDV_20240604T125548_20240604T125616_054174_06969B_7620/IW2/VV/0.tiff,cmr_umm
2024-06-04,2024-06-04T12:55:53.506752+00:00,S1_056014_IW2_20240604T125552_VV_7620-BURST,027_056014_IW2,56014,116359864,1,IW2,2024-06-04T12:55:52.496310,462.4199256655,27,ASCENDING,VV,SENTINEL-1A,54174,S1A_IWDV_0091_0097_054174_027,152943336,https://sentinel1-burst.asf.alaska.edu/S1A_IW_SLC__1SDV_20240604T125548_20240604T125616_054174_06969B_7620/IW2/VV/1.tiff,cmr_umm
2024-06-16,2024-06-16T12:55:44.890003+00:00,S1_056011_IW2_20240616T125543_VV_1515-BURST,027_056011_IW2,56011,116735748,8,IW2,2024-06-16T12:55:43.866404,454.1331488805,27,ASCENDING,VV,SENTINEL-1A,54349,S1A_IWDV_0086_0092_054349_027,152943336,https://sentinel1-burst.asf.alaska.edu/S1A_IW_SLC__1SDV_20240616T125520_20240616T125550_054349_069CA9_1515/IW2/VV/8.tiff,cmr_umm
2024-06-16,2024-06-16T12:55:47.648280+00:00,S1_056012_IW2_20240616T125546_VV_1515-BURST,027_056012_IW2,56012,116735749,9,IW2,2024-06-16T12:55:46.624960,456.8917054351,27,ASCENDING,VV,SENTINEL-1A,54349,S1A_IWDV_0086_0092_054349_027,152943336,https://sentinel1-burst.asf.alaska.edu/S1A_IW_SLC__1SDV_20240616T125520_20240616T125550_054349_069CA9_1515/IW2/VV/9.tiff,cmr_umm
2024-06-16,2024-06-16T12:55:50.406556+00:00,S1_056013_IW2_20240616T125549_VV_BA3A-BURST,027_056013_IW2,56013,116735750,0,IW2,2024-06-16T12:55:49.383518,459.6502625546,27,ASCENDING,VV,SENTINEL-1A,54349,S1A_IWDV_0091_0097_054349_027,152943336,https://sentinel1-burst.asf.alaska.edu/S1A_IW_SLC__1SDV_20240616T125548_20240616T125616_054349_069CA9_BA3A/IW2/VV/0.tiff,cmr_umm
2024-06-16,2024-06-16T12:55:53.164833+00:00,S1_056014_IW2_20240616T125552_VV_BA3A-BURST,027_056014_IW2,56014,116735751,1,IW2,2024-06-16T12:55:52.144130,462.4108746655,27,ASCENDING,VV,SENTINEL-1A,54349,S1A_IWDV_0091_0097_054349_027,152943336,https://sentinel1-burst.asf.alaska.edu/S1A_IW_SLC__1SDV_20240616T125548_20240616T125616_054349_069CA9_BA3A/IW2/VV/1.tiff,cmr_umm
2024-07-10,2024-07-10T12:55:43.725727+00:00,S1_056011_IW2_20240710T125542_VV_2262-BURST,027_056011_IW2,56011,117487523,8,IW2,2024-07-10T12:55:42.710350,454.1459605494,27,ASCENDING,VV,SENTINEL-1A,54699,S1A_IWDV_0086_0092_054699_027,152943336,https://sentinel1-burst.asf.alaska.edu/S1A_IW_SLC__1SDV_20240710T125519_20240710T125549_054699_06A8D5_2262/IW2/VV/8.tiff,cmr_umm
2024-07-10,2024-07-10T12:55:46.484004+00:00,S1_056012_IW2_20240710T125545_VV_2262-BURST,027_056012_IW2,56012,117487524,9,IW2,2024-07-10T12:55:45.464795,456.9004059914,27,ASCENDING,VV,SENTINEL-1A,54699,S1A_IWDV_0086_0092_054699_027,152943336,https://sentinel1-burst.asf.alaska.edu/S1A_IW_SLC__1SDV_20240710T125519_20240710T125549_054699_06A8D5_2262/IW2/VV/9.tiff,cmr_umm
2024-07-10,2024-07-10T12:55:49.242280+00:00,S1_056013_IW2_20240710T125548_VV_33F3-BURST,027_056013_IW2,56013,117487525,0,IW2,2024-07-10T12:55:48.221296,459.6569069983,27,ASCENDING,VV,SENTINEL-1A,54699,S1A_IWDV_0091_0097_054699_027,152943336,https://sentinel1-burst.asf.alaska.edu/S1A_IW_SLC__1SDV_20240710T125547_20240710T125615_054699_06A8D5_33F3/IW2/VV/0.tiff,cmr_umm
2024-07-10,2024-07-10T12:55:52.000557+00:00,S1_056014_IW2_20240710T125550_VV_33F3-BURST,027_056014_IW2,56014,117487526,1,IW2,2024-07-10T12:55:50.981908,462.4175191092,27,ASCENDING,VV,SENTINEL-1A,54699,S1A_IWDV_0091_0097_054699_027,152943336,https://sentinel1-burst.asf.alaska.edu/S1A_IW_SLC__1SDV_20240710T125547_20240710T125615_054699_06A8D5_33F3/IW2/VV/1.tiff,cmr_umm
2024-07-22,2024-07-22T12:55:43.364201+00:00,S1_056011_IW2_20240722T125542_VV_C137-BURST,027_056011_IW2,56011,117863410,8,IW2,2024-07-22T12:55:42.348808,454.1454435494,27,ASCENDING,VV,SENTINEL-1A,54874,S1A_IWDV_0086_0092_054874_027,152943336,https://sentinel1-burst.asf.alaska.edu/S1A_IW_SLC__1SDV_20240722T125519_20240722T125549_054874_06AEE3_C137/IW2/VV/8.tiff,cmr_umm
2024-07-22,2024-07-22T12:55:46.122478+00:00,S1_056012_IW2_20240722T125545_VV_C137-BURST,027_056012_IW2,56012,117863411,9,IW2,2024-07-22T12:55:45.103253,456.8998889914,27,ASCENDING,VV,SENTINEL-1A,54874,S1A_IWDV_0086_0092_054874_027,152943336,https://sentinel1-burst.asf.alaska.edu/S1A_IW_SLC__1SDV_20240722T125519_20240722T125549_054874_06AEE3_C137/IW2/VV/9.tiff,cmr_umm
2024-07-22,2024-07-22T12:55:48.880754+00:00,S1_056013_IW2_20240722T125547_VV_1896-BURST,027_056013_IW2,56013,117863412,0,IW2,2024-07-22T12:55:47.859754,459.6563899983,27,ASCENDING,VV,SENTINEL-1A,54874,S1A_IWDV_0091_0097_054874_027,152943336,https://sentinel1-burst.asf.alaska.edu/S1A_IW_SLC__1SDV_20240722T125546_20240722T125614_054874_06AEE3_1896/IW2/VV/0.tiff,cmr_umm
2024-07-22,2024-07-22T12:55:51.639031+00:00,S1_056014_IW2_20240722T125550_VV_1896-BURST,027_056014_IW2,56014,117863413,1,IW2,2024-07-22T12:55:50.620366,462.4170021092,27,ASCENDING,VV,SENTINEL-1A,54874,S1A_IWDV_0091_0097_054874_027,152943336,https://sentinel1-burst.asf.alaska.edu/S1A_IW_SLC__1SDV_20240722T125546_20240722T125614_054874_06AEE3_1896/IW2/VV/1.tiff,cmr_umm
2024-08-03,2024-08-03T12:55:43.434239+00:00,S1_056011_IW2_20240803T125542_VV_B036-BURST,027_056011_IW2,56011,118239298,8,IW2,2024-08-03T12:55:42.420899,454.1475651057,27,ASCENDING,VV,SENTINEL-1A,55049,S1A_IWDV_0086_0092_055049_027,152943336,https://sentinel1-burst.asf.alaska.edu/S1A_IW_SLC__1SDV_20240803T125519_20240803T125549_055049_06B4EE_B036/IW2/VV/8.tiff,cmr_umm
2024-08-03,2024-08-03T12:55:46.192516+00:00,S1_056012_IW2_20240803T125545_VV_B036-BURST,027_056012_IW2,56012,118239299,9,IW2,2024-08-03T12:55:45.177400,456.904066104,27,ASCENDING,VV,SENTINEL-1A,55049,S1A_IWDV_0086_0092_055049_027,152943336,https://sentinel1-burst.asf.alaska.edu/S1A_IW_SLC__1SDV_20240803T125519_20240803T125549_055049_06B4EE_B036/IW2/VV/9.tiff,cmr_umm
2024-08-03,2024-08-03T12:55:48.950792+00:00,S1_056013_IW2_20240803T125547_VV_A258-BURST,027_056013_IW2,56013,118239300,0,IW2,2024-08-03T12:55:47.935957,459.6626225546,27,ASCENDING,VV,SENTINEL-1A,55049,S1A_IWDV_0091_0097_055049_027,152943336,https://sentinel1-burst.asf.alaska.edu/S1A_IW_SLC__1SDV_20240803T125546_20240803T125614_055049_06B4EE_A258/IW2/VV/0.tiff,cmr_umm
2024-08-03,2024-08-03T12:55:51.709069+00:00,S1_056014_IW2_20240803T125550_VV_A258-BURST,027_056014_IW2,56014,118239301,1,IW2,2024-08-03T12:55:50.696569,462.4232346655,27,ASCENDING,VV,SENTINEL-1A,55049,S1A_IWDV_0091_0097_055049_027,152943336,https://sentinel1-burst.asf.alaska.edu/S1A_IW_SLC__1SDV_20240803T125546_20240803T125614_055049_06B4EE_A258/IW2/VV/1.tiff,cmr_umm
2024-08-15,2024-08-15T12:55:43.098362+00:00,S1_056011_IW2_20240815T125542_VV_C805-BURST,027_056011_IW2,56011,118615185,8,IW2,2024-08-15T12:55:42.089148,454.1533199931,27,ASCENDING,VV,SENTINEL-1A,55224,S1A_IWDV_0086_0092_055224_027,152943336,https://sentinel1-burst.asf.alaska.edu/S1A_IW_SLC__1SDV_20240815T125519_20240815T125548_055224_06BB4D_C805/IW2/VV/8.tiff,cmr_umm
2024-08-15,2024-08-15T12:55:45.856639+00:00,S1_056012_IW2_20240815T125544_VV_C805-BURST,027_056012_IW2,56012,118615186,9,IW2,2024-08-15T12:55:44.845649,456.9098209914,27,ASCENDING,VV,SENTINEL-1A,55224,S1A_IWDV_0086_0092_055224_027,152943336,https://sentinel1-burst.asf.alaska.edu/S1A_IW_SLC__1SDV_20240815T125519_20240815T125548_055224_06BB4D_C805/IW2/VV/9.tiff,cmr_umm
2024-08-15,2024-08-15T12:55:48.614915+00:00,S1_056013_IW2_20240815T125547_VV_C153-BURST,027_056013_IW2,56013,118615187,0,IW2,2024-08-15T12:55:47.602150,459.6663219983,27,ASCENDING,VV,SENTINEL-1A,55224,S1A_IWDV_0091_0097_055224_027,152943336,https://sentinel1-burst.asf.alaska.edu/S1A_IW_SLC__1SDV_20240815T125546_20240815T125614_055224_06BB4D_C153/IW2/VV/0.tiff,cmr_umm
2024-08-15,2024-08-15T12:55:51.373192+00:00,S1_056014_IW2_20240815T125550_VV_C153-BURST,027_056014_IW2,56014,118615188,1,IW2,2024-08-15T12:55:50.362762,462.4269341092,27,ASCENDING,VV,SENTINEL-1A,55224,S1A_IWDV_0091_0097_055224_027,152943336,https://sentinel1-burst.asf.alaska.edu/S1A_IW_SLC__1SDV_20240815T125546_20240815T125614_055224_06BB4D_C153/IW2/VV/1.tiff,cmr_umm
2024-08-27,2024-08-27T12:55:43.584919+00:00,S1_056011_IW2_20240827T125542_VV_1FE1-BURST,027_056011_IW2,56011,118991073,8,IW2,2024-08-27T12:55:42.565411,454.1442574368,27,ASCENDING,VV,SENTINEL-1A,55399,S1A_IWDV_0086_0092_055399_027,152943336,https://sentinel1-burst.asf.alaska.edu/S1A_IW_SLC__1SDV_20240827T125519_20240827T125549_055399_06C1CC_1FE1/IW2/VV/8.tiff,cmr_umm
2024-08-27,2024-08-27T12:55:46.343196+00:00,S1_056012_IW2_20240827T125545_VV_1FE1-BURST,027_056012_IW2,56012,118991074,9,IW2,2024-08-27T12:55:45.321912,456.9007584351,27,ASCENDING,VV,SENTINEL-1A,55399,S1A_IWDV_0086_0092_055399_027,152943336,https://sentinel1-burst.asf.alaska.edu/S1A_IW_SLC__1SDV_20240827T125519_20240827T125549_055399_06C1CC_1FE1/IW2/VV/9.tiff,cmr_umm
2024-08-27,2024-08-27T12:55:49.101472+00:00,S1_056013_IW2_20240827T125548_VV_E2A8-BURST,027_056013_IW2,56013,118991075,0,IW2,2024-08-27T12:55:48.080469,459.6593145546,27,ASCENDING,VV,SENTINEL-1A,55399,S1A_IWDV_0091_0097_055399_027,152943336,https://sentinel1-burst.asf.alaska.edu/S1A_IW_SLC__1SDV_20240827T125547_20240827T125615_055399_06C1CC_E2A8/IW2/VV/0.tiff,cmr_umm
2024-08-27,2024-08-27T12:55:51.859749+00:00,S1_056014_IW2_20240827T125550_VV_E2A8-BURST,027_056014_IW2,56014,118991076,1,IW2,2024-08-27T12:55:50.839025,462.4178711092,27,ASCENDING,VV,SENTINEL-1A,55399,S1A_IWDV_0091_0097_055399_027,152943336,https://sentinel1-burst.asf.alaska.edu/S1A_IW_SLC__1SDV_20240827T125547_20240827T125615_055399_06C1CC_E2A8/IW2/VV/1.tiff,cmr_umm
2024-09-08,2024-09-08T12:55:43.871739+00:00,S1_056011_IW2_20240908T125542_VV_6F1B-BURST,027_056011_IW2,56011,119366960,8,IW2,2024-09-08T12:55:42.856356,454.1478198804999,27,ASCENDING,VV,SENTINEL-1A,55574,S1A_IWDV_0086_0092_055574_027,152943336,https://sentinel1-burst.asf.alaska.edu/S1A_IW_SLC__1SDV_20240908T125519_20240908T125549_055574_06C878_6F1B/IW2/VV/8.tiff,cmr_umm
2024-09-08,2024-09-08T12:55:46.630016+00:00,S1_056012_IW2_20240908T125545_VV_6F1B-BURST,027_056012_IW2,56012,119366961,9,IW2,2024-09-08T12:55:45.612857,456.9043208787999,27,ASCENDING,VV,SENTINEL-1A,55574,S1A_IWDV_0086_0092_055574_027,152943336,https://sentinel1-burst.asf.alaska.edu/S1A_IW_SLC__1SDV_20240908T125519_20240908T125549_055574_06C878_6F1B/IW2/VV/9.tiff,cmr_umm
2024-09-08,2024-09-08T12:55:49.388292+00:00,S1_056013_IW2_20240908T125548_VV_FCEB-BURST,027_056013_IW2,56013,119366962,0,IW2,2024-09-08T12:55:48.371414,459.6628775546,27,ASCENDING,VV,SENTINEL-1A,55574,S1A_IWDV_0091_0097_055574_027,152943336,https://sentinel1-burst.asf.alaska.edu/S1A_IW_SLC__1SDV_20240908T125547_20240908T125615_055574_06C878_FCEB/IW2/VV/0.tiff,cmr_umm
2024-09-08,2024-09-08T12:55:52.146569+00:00,S1_056014_IW2_20240908T125551_VV_FCEB-BURST,027_056014_IW2,56014,119366963,1,IW2,2024-09-08T12:55:51.132026,462.4234896655,27,ASCENDING,VV,SENTINEL-1A,55574,S1A_IWDV_0091_0097_055574_027,152943336,https://sentinel1-burst.asf.alaska.edu/S1A_IW_SLC__1SDV_20240908T125547_20240908T125615_055574_06C878_FCEB/IW2/VV/1.tiff,cmr_umm
2024-09-20,2024-09-20T12:55:44.191410+00:00,S1_056011_IW2_20240920T125543_VV_F381-BURST,027_056011_IW2,56011,119742847,8,IW2,2024-09-20T12:55:43.178081,454.1469724368,27,ASCENDING,VV,SENTINEL-1A,55749,S1A_IWDV_0086_0092_055749_027,152943336,https://sentinel1-burst.asf.alaska.edu/S1A_IW_SLC__1SDV_20240920T125520_20240920T125549_055749_06CF5F_F381/IW2/VV/8.tiff,cmr_umm
2024-09-20,2024-09-20T12:55:46.949687+00:00,S1_056012_IW2_20240920T125545_VV_F381-BURST,027_056012_IW2,56012,119742848,9,IW2,2024-09-20T12:55:45.932527,456.9014178788,27,ASCENDING,VV,SENTINEL-1A,55749,S1A_IWDV_0086_0092_055749_027,152943336,https://sentinel1-burst.asf.alaska.edu/S1A_IW_SLC__1SDV_20240920T125520_20240920T125549_055749_06CF5F_F381/IW2/VV/9.tiff,cmr_umm
2024-09-20,2024-09-20T12:55:49.707963+00:00,S1_056013_IW2_20240920T125548_VV_37A9-BURST,027_056013_IW2,56013,119742849,0,IW2,2024-09-20T12:55:48.689028,459.6579189983,27,ASCENDING,VV,SENTINEL-1A,55749,S1A_IWDV_0091_0097_055749_027,152943336,https://sentinel1-burst.asf.alaska.edu/S1A_IW_SLC__1SDV_20240920T125547_20240920T125615_055749_06CF5F_37A9/IW2/VV/0.tiff,cmr_umm
2024-09-20,2024-09-20T12:55:52.466240+00:00,S1_056014_IW2_20240920T125551_VV_37A9-BURST,027_056014_IW2,56014,119742850,1,IW2,2024-09-20T12:55:51.449640,462.4185311092,27,ASCENDING,VV,SENTINEL-1A,55749,S1A_IWDV_0091_0097_055749_027,152943336,https://sentinel1-burst.asf.alaska.edu/S1A_IW_SLC__1SDV_20240920T125547_20240920T125615_055749_06CF5F_37A9/IW2/VV/1.tiff,cmr_umm
2024-10-02,2024-10-02T12:55:44.435093+00:00,S1_056011_IW2_20241002T125543_VV_CA28-BURST,027_056011_IW2,56011,120118735,8,IW2,2024-10-02T12:55:43.413542,454.1379964368,27,ASCENDING,VV,SENTINEL-1A,55924,S1A_IWDV_0086_0092_055924_027,152943336,https://sentinel1-burst.asf.alaska.edu/S1A_IW_SLC__1SDV_20241002T125520_20241002T125550_055924_06D64E_CA28/IW2/VV/8.tiff,cmr_umm
2024-10-02,2024-10-02T12:55:47.193370+00:00,S1_056012_IW2_20241002T125546_VV_CA28-BURST,027_056012_IW2,56012,120118736,9,IW2,2024-10-02T12:55:46.170043,456.8944974351,27,ASCENDING,VV,SENTINEL-1A,55924,S1A_IWDV_0086_0092_055924_027,152943336,https://sentinel1-burst.asf.alaska.edu/S1A_IW_SLC__1SDV_20241002T125520_20241002T125550_055924_06D64E_CA28/IW2/VV/9.tiff,cmr_umm
2024-10-02,2024-10-02T12:55:49.951646+00:00,S1_056013_IW2_20241002T125548_VV_FAE6-BURST,027_056013_IW2,56013,120118737,0,IW2,2024-10-02T12:55:48.928601,459.6530545546,27,ASCENDING,VV,SENTINEL-1A,55924,S1A_IWDV_0091_0097_055924_027,152943336,https://sentinel1-burst.asf.alaska.edu/S1A_IW_SLC__1SDV_20241002T125547_20241002T125615_055924_06D64E_FAE6/IW2/VV/0.tiff,cmr_umm
2024-10-02,2024-10-02T12:55:52.709923+00:00,S1_056014_IW2_20241002T125551_VV_FAE6-BURST,027_056014_IW2,56014,120118738,1,IW2,2024-10-02T12:55:51.687157,462.4116111092,27,ASCENDING,VV,SENTINEL-1A,55924,S1A_IWDV_0091_0097_055924_027,152943336,https://sentinel1-burst.asf.alaska.edu/S1A_IW_SLC__1SDV_20241002T125547_20241002T125615_055924_06D64E_FAE6/IW2/VV/1.tiff,cmr_umm
2024-10-14,2024-10-14T12:55:44.847004+00:00,S1_056011_IW2_20241014T125543_VV_897C-BURST,027_056011_IW2,56011,120494622,8,IW2,2024-10-14T12:55:43.831621,454.1412989931,27,ASCENDING,VV,SENTINEL-1A,56099,S1A_IWDV_0086_0092_056099_027,152943336,https://sentinel1-burst.asf.alaska.edu/S1A_IW_SLC__1SDV_20241014T125520_20241014T125550_056099_06DD30_897C/IW2/VV/8.tiff,cmr_umm
2024-10-14,2024-10-14T12:55:47.605281+00:00,S1_056012_IW2_20241014T125546_VV_897C-BURST,027_056012_IW2,56012,120494623,9,IW2,2024-10-14T12:55:46.586066,456.8957444351,27,ASCENDING,VV,SENTINEL-1A,56099,S1A_IWDV_0086_0092_056099_027,152943336,https://sentinel1-burst.asf.alaska.edu/S1A_IW_SLC__1SDV_20241014T125520_20241014T125550_056099_06DD30_897C/IW2/VV/9.tiff,cmr_umm
2024-10-14,2024-10-14T12:55:50.363557+00:00,S1_056013_IW2_20241014T125549_VV_168B-BURST,027_056013_IW2,56013,120494624,0,IW2,2024-10-14T12:55:49.344624,459.6543015546,27,ASCENDING,VV,SENTINEL-1A,56099,S1A_IWDV_0091_0097_056099_027,152943336,https://sentinel1-burst.asf.alaska.edu/S1A_IW_SLC__1SDV_20241014T125548_20241014T125616_056099_06DD30_168B/IW2/VV/0.tiff,cmr_umm
2024-10-14,2024-10-14T12:55:53.121834+00:00,S1_056014_IW2_20241014T125552_VV_168B-BURST,027_056014_IW2,56014,120494625,1,IW2,2024-10-14T12:55:52.103180,462.4128581092,27,ASCENDING,VV,SENTINEL-1A,56099,S1A_IWDV_0091_0097_056099_027,152943336,https://sentinel1-burst.asf.alaska.edu/S1A_IW_SLC__1SDV_20241014T125548_20241014T125616_056099_06DD30_168B/IW2/VV/1.tiff,cmr_umm
2024-10-26,2024-10-26T12:55:44.532887+00:00,S1_056011_IW2_20241026T125543_VV_3FFB-BURST,027_056011_IW2,56011,120870509,8,IW2,2024-10-26T12:55:43.527769,454.1550995494,27,ASCENDING,VV,SENTINEL-1A,56274,S1A_IWDV_0086_0092_056274_027,152943336,https://sentinel1-burst.asf.alaska.edu/S1A_IW_SLC__1SDV_20241026T125520_20241026T125550_056274_06E424_3FFB/IW2/VV/8.tiff,cmr_umm
2024-10-26,2024-10-26T12:55:47.291164+00:00,S1_056012_IW2_20241026T125546_VV_3FFB-BURST,027_056012_IW2,56012,120870510,9,IW2,2024-10-26T12:55:46.284270,456.9116005477,27,ASCENDING,VV,SENTINEL-1A,56274,S1A_IWDV_0086_0092_056274_027,152943336,https://sentinel1-burst.asf.alaska.edu/S1A_IW_SLC__1SDV_20241026T125520_20241026T125550_056274_06E424_3FFB/IW2/VV/9.tiff,cmr_umm
2024-10-26,2024-10-26T12:55:50.049440+00:00,S1_056013_IW2_20241026T125549_VV_8420-BURST,027_056013_IW2,56013,120870511,0,IW2,2024-10-26T12:55:49.040771,459.6681019983,27,ASCENDING,VV,SENTINEL-1A,56274,S1A_IWDV_0091_0097_056274_027,152943336,https://sentinel1-burst.asf.alaska.edu/S1A_IW_SLC__1SDV_20241026T125548_20241026T125615_056274_06E424_8420/IW2/VV/0.tiff,cmr_umm
2024-10-26,2024-10-26T12:55:52.807717+00:00,S1_056014_IW2_20241026T125551_VV_8420-BURST,027_056014_IW2,56014,120870512,1,IW2,2024-10-26T12:55:51.801383,462.4287141092,27,ASCENDING,VV,SENTINEL-1A,56274,S1A_IWDV_0091_0097_056274_027,152943336,https://sentinel1-burst.asf.alaska.edu/S1A_IW_SLC__1SDV_20241026T125548_20241026T125615_056274_06E424_8420/IW2/VV/1.tiff,cmr_umm
2024-11-07,2024-11-07T12:55:44.397282+00:00,S1_056011_IW2_20241107T125543_VV_7F06-BURST,027_056011_IW2,56011,121246397,8,IW2,2024-11-07T12:55:43.383957,454.1472509931,27,ASCENDING,VV,SENTINEL-1A,56449,S1A_IWDV_0086_0092_056449_027,152943336,https://sentinel1-burst.asf.alaska.edu/S1A_IW_SLC__1SDV_20241107T125520_20241107T125550_056449_06EB11_7F06/IW2/VV/8.tiff,cmr_umm
2024-11-07,2024-11-07T12:55:47.155559+00:00,S1_056012_IW2_20241107T125546_VV_7F06-BURST,027_056012_IW2,56012,121246398,9,IW2,2024-11-07T12:55:46.140458,456.9037519914,27,ASCENDING,VV,SENTINEL-1A,56449,S1A_IWDV_0086_0092_056449_027,152943336,https://sentinel1-burst.asf.alaska.edu/S1A_IW_SLC__1SDV_20241107T125520_20241107T125550_056449_06EB11_7F06/IW2/VV/9.tiff,cmr_umm
2024-11-07,2024-11-07T12:55:49.913835+00:00,S1_056013_IW2_20241107T125548_VV_DAA9-BURST,027_056013_IW2,56013,121246399,0,IW2,2024-11-07T12:55:48.899015,459.6623085546,27,ASCENDING,VV,SENTINEL-1A,56449,S1A_IWDV_0091_0097_056449_027,152943336,https://sentinel1-burst.asf.alaska.edu/S1A_IW_SLC__1SDV_20241107T125547_20241107T125615_056449_06EB11_DAA9/IW2/VV/0.tiff,cmr_umm
2024-11-07,2024-11-07T12:55:52.672112+00:00,S1_056014_IW2_20241107T125551_VV_DAA9-BURST,027_056014_IW2,56014,121246400,1,IW2,2024-11-07T12:55:51.659627,462.4229206655,27,ASCENDING,VV,SENTINEL-1A,56449,S1A_IWDV_0091_0097_056449_027,152943336,https://sentinel1-burst.asf.alaska.edu/S1A_IW_SLC__1SDV_20241107T125547_20241107T125615_056449_06EB11_DAA9/IW2/VV/1.tiff,cmr_umm
2024-11-19,2024-11-19T12:55:43.901020+00:00,S1_056011_IW2_20241119T125542_VV_9DBC-BURST,027_056011_IW2,56011,121622284,8,IW2,2024-11-19T12:55:42.889753,454.1478098804999,27,ASCENDING,VV,SENTINEL-1A,56624,S1A_IWDV_0086_0092_056624_027,152943336,https://sentinel1-burst.asf.alaska.edu/S1A_IW_SLC__1SDV_20241119T125519_20241119T125549_056624_06F215_9DBC/IW2/VV/8.tiff,cmr_umm
2024-11-19,2024-11-19T12:55:46.659297+00:00,S1_056012_IW2_20241119T125545_VV_9DBC-BURST,027_056012_IW2,56012,121622285,9,IW2,2024-11-19T12:55:45.644198,456.9022553225,27,ASCENDING,VV,SENTINEL-1A,56624,S1A_IWDV_0086_0092_056624_027,152943336,https://sentinel1-burst.asf.alaska.edu/S1A_IW_SLC__1SDV_20241119T125519_20241119T125549_056624_06F215_9DBC/IW2/VV/9.tiff,cmr_umm
2024-11-19,2024-11-19T12:55:49.417573+00:00,S1_056013_IW2_20241119T125548_VV_453A-BURST,027_056013_IW2,56013,121622286,0,IW2,2024-11-19T12:55:48.402756,459.6608125546,27,ASCENDING,VV,SENTINEL-1A,56624,S1A_IWDV_0091_0097_056624_027,152943336,https://sentinel1-burst.asf.alaska.edu/S1A_IW_SLC__1SDV_20241119T125547_20241119T125615_056624_06F215_453A/IW2/VV/0.tiff,cmr_umm
2024-11-19,2024-11-19T12:55:52.175850+00:00,S1_056014_IW2_20241119T125551_VV_453A-BURST,027_056014_IW2,56014,121622287,1,IW2,2024-11-19T12:55:51.163368,462.4214246655,27,ASCENDING,VV,SENTINEL-1A,56624,S1A_IWDV_0091_0097_056624_027,152943336,https://sentinel1-burst.asf.alaska.edu/S1A_IW_SLC__1SDV_20241119T125547_20241119T125615_056624_06F215_453A/IW2/VV/1.tiff,cmr_umm
2024-12-13,2024-12-13T12:55:42.372364+00:00,S1_056011_IW2_20241213T125541_VV_755F-BURST,027_056011_IW2,56011,122374059,8,IW2,2024-12-13T12:55:41.369305,454.1576421057,27,ASCENDING,VV,SENTINEL-1A,56974,S1A_IWDV_0086_0092_056974_027,152943336,https://sentinel1-burst.asf.alaska.edu/S1A_IW_SLC__1SDV_20241213T125518_20241213T125548_056974_06FFE6_755F/IW2/VV/8.tiff,cmr_umm
2024-12-13,2024-12-13T12:55:45.130641+00:00,S1_056012_IW2_20241213T125544_VV_755F-BURST,027_056012_IW2,56012,122374060,9,IW2,2024-12-13T12:55:44.123751,456.9120875477,27,ASCENDING,VV,SENTINEL-1A,56974,S1A_IWDV_0086_0092_056974_027,152943336,https://sentinel1-burst.asf.alaska.edu/S1A_IW_SLC__1SDV_20241213T125518_20241213T125548_056974_06FFE6_755F/IW2/VV/9.tiff,cmr_umm
2024-12-13,2024-12-13T12:55:47.888917+00:00,S1_056013_IW2_20241213T125546_VV_A2BB-BURST,027_056013_IW2,56013,122374061,0,IW2,2024-12-13T12:55:46.880252,459.6685889983,27,ASCENDING,VV,SENTINEL-1A,56974,S1A_IWDV_0091_0097_056974_027,152943336,https://sentinel1-burst.asf.alaska.edu/S1A_IW_SLC__1SDV_20241213T125545_20241213T125613_056974_06FFE6_A2BB/IW2/VV/0.tiff,cmr_umm
2024-12-13,2024-12-13T12:55:50.647194+00:00,S1_056014_IW2_20241213T125549_VV_A2BB-BURST,027_056014_IW2,56014,122374062,1,IW2,2024-12-13T12:55:49.642920,462.4312566655,27,ASCENDING,VV,SENTINEL-1A,56974,S1A_IWDV_0091_0097_056974_027,152943336,https://sentinel1-burst.asf.alaska.edu/S1A_IW_SLC__1SDV_20241213T125545_20241213T125613_056974_06FFE6_A2BB/IW2/VV/1.tiff,cmr_umm
2024-12-25,2024-12-25T12:55:40.880940+00:00,S1_056011_IW2_20241225T125539_VV_77A5-BURST,027_056011_IW2,56011,122749946,8,IW2,2024-12-25T12:55:39.873785,454.1551589931,27,ASCENDING,VV,SENTINEL-1A,57149,S1A_IWDV_0086_0092_057149_027,153044892,https://sentinel1-burst.asf.alaska.edu/S1A_IW_SLC__1SDV_20241225T125516_20241225T125546_057149_0706ED_77A5/IW2/VV/8.tiff,cmr_umm
2024-12-25,2024-12-25T12:55:43.639217+00:00,S1_056012_IW2_20241225T125542_VV_77A5-BURST,027_056012_IW2,56012,122749947,9,IW2,2024-12-25T12:55:42.630286,456.9116599914,27,ASCENDING,VV,SENTINEL-1A,57149,S1A_IWDV_0086_0092_057149_027,153044892,https://sentinel1-burst.asf.alaska.edu/S1A_IW_SLC__1SDV_20241225T125516_20241225T125546_057149_0706ED_77A5/IW2/VV/9.tiff,cmr_umm
2024-12-25,2024-12-25T12:55:46.397493+00:00,S1_056013_IW2_20241225T125545_VV_8B32-BURST,027_056013_IW2,56013,122749948,0,IW2,2024-12-25T12:55:45.388843,459.6702165546,27,ASCENDING,VV,SENTINEL-1A,57149,S1A_IWDV_0091_0097_057149_027,153044892,https://sentinel1-burst.asf.alaska.edu/S1A_IW_SLC__1SDV_20241225T125544_20241225T125612_057149_0706ED_8B32/IW2/VV/0.tiff,cmr_umm
2024-12-25,2024-12-25T12:55:49.155770+00:00,S1_056014_IW2_20241225T125548_VV_8B32-BURST,027_056014_IW2,56014,122749949,1,IW2,2024-12-25T12:55:48.149455,462.4308286655,27,ASCENDING,VV,SENTINEL-1A,57149,S1A_IWDV_0091_0097_057149_027,153044892,https://sentinel1-burst.asf.alaska.edu/S1A_IW_SLC__1SDV_20241225T125544_20241225T125612_057149_0706ED_8B32/IW2/VV/1.tiff,cmr_umm
2025-01-06,2025-01-06T12:55:39.877171+00:00,S1_056011_IW2_20250106T125538_VV_4C4D-BURST,027_056011_IW2,56011,123125834,8,IW2,2025-01-06T12:55:38.874126,454.1580382183,27,ASCENDING,VV,SENTINEL-1A,57324,S1A_IWDV_0086_0092_057324_027,152943336,https://sentinel1-burst.asf.alaska.edu/S1A_IW_SLC__1SDV_20250106T125515_20250106T125545_057324_070DCA_4C4D/IW2/VV/8.tiff,cmr_umm
2025-01-06,2025-01-06T12:55:42.635448+00:00,S1_056012_IW2_20250106T125541_VV_4C4D-BURST,027_056012_IW2,56012,123125835,9,IW2,2025-01-06T12:55:41.628572,456.9124836603,27,ASCENDING,VV,SENTINEL-1A,57324,S1A_IWDV_0086_0092_057324_027,152943336,https://sentinel1-burst.asf.alaska.edu/S1A_IW_SLC__1SDV_20250106T125515_20250106T125545_057324_070DCA_4C4D/IW2/VV/9.tiff,cmr_umm
2025-01-06,2025-01-06T12:55:45.393724+00:00,S1_056013_IW2_20250106T125544_VV_E185-BURST,027_056013_IW2,56013,123125836,0,IW2,2025-01-06T12:55:44.387129,459.6710405546,27,ASCENDING,VV,SENTINEL-1A,57324,S1A_IWDV_0091_0097_057324_027,152943336,https://sentinel1-burst.asf.alaska.edu/S1A_IW_SLC__1SDV_20250106T125543_20250106T125611_057324_070DCA_E185/IW2/VV/0.tiff,cmr_umm
2025-01-06,2025-01-06T12:55:48.152001+00:00,S1_056014_IW2_20250106T125547_VV_E185-BURST,027_056014_IW2,56014,123125837,1,IW2,2025-01-06T12:55:47.145685,462.4295971092,27,ASCENDING,VV,SENTINEL-1A,57324,S1A_IWDV_0091_0097_057324_027,152943336,https://sentinel1-burst.asf.alaska.edu/S1A_IW_SLC__1SDV_20250106T125543_20250106T125611_057324_070DCA_E185/IW2/VV/1.tiff,cmr_umm
2025-01-18,2025-01-18T12:55:38.703831+00:00,S1_056011_IW2_20250118T125537_VV_5061-BURST,027_056011_IW2,56011,123501721,8,IW2,2025-01-18T12:55:37.700786,454.1593945494,27,ASCENDING,VV,SENTINEL-1A,57499,S1A_IWDV_0086_0092_057499_027,153044892,https://sentinel1-burst.asf.alaska.edu/S1A_IW_SLC__1SDV_20250118T125514_20250118T125544_057499_0714B9_5061/IW2/VV/8.tiff,cmr_umm
2025-01-18,2025-01-18T12:55:41.462108+00:00,S1_056012_IW2_20250118T125540_VV_5061-BURST,027_056012_IW2,56012,123501722,9,IW2,2025-01-18T12:55:40.455231,456.9138399914,27,ASCENDING,VV,SENTINEL-1A,57499,S1A_IWDV_0086_0092_057499_027,153044892,https://sentinel1-burst.asf.alaska.edu/S1A_IW_SLC__1SDV_20250118T125514_20250118T125544_057499_0714B9_5061/IW2/VV/9.tiff,cmr_umm
2025-01-18,2025-01-18T12:55:44.220384+00:00,S1_056013_IW2_20250118T125543_VV_607E-BURST,027_056013_IW2,56013,123501723,0,IW2,2025-01-18T12:55:43.211732,459.6703409983,27,ASCENDING,VV,SENTINEL-1A,57499,S1A_IWDV_0091_0097_057499_027,153044892,https://sentinel1-burst.asf.alaska.edu/S1A_IW_SLC__1SDV_20250118T125542_20250118T125610_057499_0714B9_607E/IW2/VV/0.tiff,cmr_umm
2025-01-18,2025-01-18T12:55:46.978661+00:00,S1_056014_IW2_20250118T125545_VV_607E-BURST,027_056014_IW2,56014,123501724,1,IW2,2025-01-18T12:55:45.970289,462.4288975529,27,ASCENDING,VV,SENTINEL-1A,57499,S1A_IWDV_0091_0097_057499_027,153044892,https://sentinel1-burst.asf.alaska.edu/S1A_IW_SLC__1SDV_20250118T125542_20250118T125610_057499_0714B9_607E/IW2/VV/1.tiff,cmr_umm
2025-01-30,2025-01-30T12:55:38.043293+00:00,S1_056011_IW2_20250130T125537_VV_95EE-BURST,027_056011_IW2,56011,123877608,8,IW2,2025-01-30T12:55:37.038191,454.1542775494,27,ASCENDING,VV,SENTINEL-1A,57674,S1A_IWDV_0086_0092_057674_027,152943336,https://sentinel1-burst.asf.alaska.edu/S1A_IW_SLC__1SDV_20250130T125514_20250130T125543_057674_071BA5_95EE/IW2/VV/8.tiff,cmr_umm
2025-01-30,2025-01-30T12:55:40.801570+00:00,S1_056012_IW2_20250130T125539_VV_95EE-BURST,027_056012_IW2,56012,123877609,9,IW2,2025-01-30T12:55:39.792636,456.9087229913999,27,ASCENDING,VV,SENTINEL-1A,57674,S1A_IWDV_0086_0092_057674_027,152943336,https://sentinel1-burst.asf.alaska.edu/S1A_IW_SLC__1SDV_20250130T125514_20250130T125543_057674_071BA5_95EE/IW2/VV/9.tiff,cmr_umm
2025-01-30,2025-01-30T12:55:43.559846+00:00,S1_056013_IW2_20250130T125542_VV_4577-BURST,027_056013_IW2,56013,123877610,0,IW2,2025-01-30T12:55:42.549137,459.6652239983,27,ASCENDING,VV,SENTINEL-1A,57674,S1A_IWDV_0091_0097_057674_027,152943336,https://sentinel1-burst.asf.alaska.edu/S1A_IW_SLC__1SDV_20250130T125541_20250130T125609_057674_071BA5_4577/IW2/VV/0.tiff,cmr_umm
2025-01-30,2025-01-30T12:55:46.318123+00:00,S1_056014_IW2_20250130T125545_VV_4577-BURST,027_056014_IW2,56014,123877611,1,IW2,2025-01-30T12:55:45.309749,462.4258361092,27,ASCENDING,VV,SENTINEL-1A,57674,S1A_IWDV_0091_0097_057674_027,152943336,https://sentinel1-burst.asf.alaska.edu/S1A_IW_SLC__1SDV_20250130T125541_20250130T125609_057674_071BA5_4577/IW2/VV/1.tiff,cmr_umm
2025-02-11,2025-02-11T12:55:37.664661+00:00,S1_056011_IW2_20250211T125536_VV_93A3-BURST,027_056011_IW2,56011,124253496,8,IW2,2025-02-11T12:55:36.663670,454.1576888805,27,ASCENDING,VV,SENTINEL-1A,57849,S1A_IWDV_0086_0092_057849_027,152943336,https://sentinel1-burst.asf.alaska.edu/S1A_IW_SLC__1SDV_20250211T125513_20250211T125543_057849_0722A5_93A3/IW2/VV/8.tiff,cmr_umm
2025-02-11,2025-02-11T12:55:40.422938+00:00,S1_056012_IW2_20250211T125539_VV_93A3-BURST,027_056012_IW2,56012,124253497,9,IW2,2025-02-11T12:55:39.418115,456.9121343225,27,ASCENDING,VV,SENTINEL-1A,57849,S1A_IWDV_0086_0092_057849_027,152943336,https://sentinel1-burst.asf.alaska.edu/S1A_IW_SLC__1SDV_20250211T125513_20250211T125543_057849_0722A5_93A3/IW2/VV/9.tiff,cmr_umm
2025-02-11,2025-02-11T12:55:43.181214+00:00,S1_056013_IW2_20250211T125542_VV_D918-BURST,027_056013_IW2,56013,124253498,0,IW2,2025-02-11T12:55:42.174617,459.6686359983,27,ASCENDING,VV,SENTINEL-1A,57849,S1A_IWDV_0091_0097_057849_027,152943336,https://sentinel1-burst.asf.alaska.edu/S1A_IW_SLC__1SDV_20250211T125541_20250211T125609_057849_0722A5_D918/IW2/VV/0.tiff,cmr_umm
2025-02-11,2025-02-11T12:55:45.939491+00:00,S1_056014_IW2_20250211T125544_VV_D918-BURST,027_056014_IW2,56014,124253499,1,IW2,2025-02-11T12:55:44.935229,462.4292481092,27,ASCENDING,VV,SENTINEL-1A,57849,S1A_IWDV_0091_0097_057849_027,152943336,https://sentinel1-burst.asf.alaska.edu/S1A_IW_SLC__1SDV_20250211T125541_20250211T125609_057849_0722A5_D918/IW2/VV/1.tiff,cmr_umm
2025-02-23,2025-02-23T12:55:37.420063+00:00,S1_056011_IW2_20250223T125536_VV_96BF-BURST,027_056011_IW2,56011,124629383,8,IW2,2025-02-23T12:55:36.412903,454.1514783242,27,ASCENDING,VV,SENTINEL-1A,58024,S1A_IWDV_0086_0092_058024_027,152943336,https://sentinel1-burst.asf.alaska.edu/S1A_IW_SLC__1SDV_20250223T125513_20250223T125543_058024_0729C2_96BF/IW2/VV/8.tiff,cmr_umm
2025-02-23,2025-02-23T12:55:40.178340+00:00,S1_056012_IW2_20250223T125539_VV_96BF-BURST,027_056012_IW2,56012,124629384,9,IW2,2025-02-23T12:55:39.169404,456.9079793225,27,ASCENDING,VV,SENTINEL-1A,58024,S1A_IWDV_0086_0092_058024_027,152943336,https://sentinel1-burst.asf.alaska.edu/S1A_IW_SLC__1SDV_20250223T125513_20250223T125543_058024_0729C2_96BF/IW2/VV/9.tiff,cmr_umm
2025-02-23,2025-02-23T12:55:42.936616+00:00,S1_056013_IW2_20250223T125541_VV_C3A0-BURST,027_056013_IW2,56013,124629385,0,IW2,2025-02-23T12:55:41.927961,459.6665355546,27,ASCENDING,VV,SENTINEL-1A,58024,S1A_IWDV_0091_0097_058024_027,152943336,https://sentinel1-burst.asf.alaska.edu/S1A_IW_SLC__1SDV_20250223T125540_20250223T125608_058024_0729C2_C3A0/IW2/VV/0.tiff,cmr_umm
2025-02-23,2025-02-23T12:55:45.694893+00:00,S1_056014_IW2_20250223T125544_VV_C3A0-BURST,027_056014_IW2,56014,124629386,1,IW2,2025-02-23T12:55:44.688573,462.4271476655,27,ASCENDING,VV,SENTINEL-1A,58024,S1A_IWDV_0091_0097_058024_027,152943336,https://sentinel1-burst.asf.alaska.edu/S1A_IW_SLC__1SDV_20250223T125540_20250223T125608_058024_0729C2_C3A0/IW2/VV/1.tiff,cmr_umm
2025-03-07,2025-03-07T12:55:37.539219+00:00,S1_056011_IW2_20250307T125536_VV_B7C9-BURST,027_056011_IW2,56011,125005271,8,IW2,2025-03-07T12:55:36.527947,454.1470313242,27,ASCENDING,VV,SENTINEL-1A,58199,S1A_IWDV_0086_0092_058199_027,152943336,https://sentinel1-burst.asf.alaska.edu/S1A_IW_SLC__1SDV_20250307T125513_20250307T125543_058199_0730ED_B7C9/IW2/VV/8.tiff,cmr_umm
2025-03-07,2025-03-07T12:55:40.297496+00:00,S1_056012_IW2_20250307T125539_VV_B7C9-BURST,027_056012_IW2,56012,125005272,9,IW2,2025-03-07T12:55:39.284448,456.9035323225,27,ASCENDING,VV,SENTINEL-1A,58199,S1A_IWDV_0086_0092_058199_027,152943336,https://sentinel1-burst.asf.alaska.edu/S1A_IW_SLC__1SDV_20250307T125513_20250307T125543_058199_0730ED_B7C9/IW2/VV/9.tiff,cmr_umm
2025-03-07,2025-03-07T12:55:43.055772+00:00,S1_056013_IW2_20250307T125542_VV_22BB-BURST,027_056013_IW2,56013,125005273,0,IW2,2025-03-07T12:55:42.040949,459.6600329983,27,ASCENDING,VV,SENTINEL-1A,58199,S1A_IWDV_0091_0097_058199_027,152943336,https://sentinel1-burst.asf.alaska.edu/S1A_IW_SLC__1SDV_20250307T125541_20250307T125609_058199_0730ED_22BB/IW2/VV/0.tiff,cmr_umm
2025-03-07,2025-03-07T12:55:45.814049+00:00,S1_056014_IW2_20250307T125544_VV_22BB-BURST,027_056014_IW2,56014,125005274,1,IW2,2025-03-07T12:55:44.799506,462.4185895529,27,ASCENDING,VV,SENTINEL-1A,58199,S1A_IWDV_0091_0097_058199_027,152943336,https://sentinel1-burst.asf.alaska.edu/S1A_IW_SLC__1SDV_20250307T125541_20250307T125609_058199_0730ED_22BB/IW2/VV/1.tiff,cmr_umm
2025-03-19,2025-03-19T12:55:37.675022+00:00,S1_056011_IW2_20250319T125536_VV_6841-BURST,027_056011_IW2,56011,125381158,8,IW2,2025-03-19T12:55:36.661679,454.1456258805,27,ASCENDING,VV,SENTINEL-1A,58374,S1A_IWDV_0086_0092_058374_027,152943336,https://sentinel1-burst.asf.alaska.edu/S1A_IW_SLC__1SDV_20250319T125513_20250319T125543_058374_0737D0_6841/IW2/VV/8.tiff,cmr_umm
2025-03-19,2025-03-19T12:55:40.433299+00:00,S1_056012_IW2_20250319T125539_VV_6841-BURST,027_056012_IW2,56012,125381159,9,IW2,2025-03-19T12:55:39.418180,456.9021268788,27,ASCENDING,VV,SENTINEL-1A,58374,S1A_IWDV_0086_0092_058374_027,152943336,https://sentinel1-burst.asf.alaska.edu/S1A_IW_SLC__1SDV_20250319T125513_20250319T125543_058374_0737D0_6841/IW2/VV/9.tiff,cmr_umm
2025-03-19,2025-03-19T12:55:43.191575+00:00,S1_056013_IW2_20250319T125542_VV_4B1C-BURST,027_056013_IW2,56013,125381160,0,IW2,2025-03-19T12:55:42.174681,459.6586279983,27,ASCENDING,VV,SENTINEL-1A,58374,S1A_IWDV_0091_0097_058374_027,152943336,https://sentinel1-burst.asf.alaska.edu/S1A_IW_SLC__1SDV_20250319T125541_20250319T125609_058374_0737D0_4B1C/IW2/VV/0.tiff,cmr_umm
2025-03-19,2025-03-19T12:55:45.949852+00:00,S1_056014_IW2_20250319T125544_VV_4B1C-BURST,027_056014_IW2,56014,125381161,1,IW2,2025-03-19T12:55:44.935293,462.4192401092,27,ASCENDING,VV,SENTINEL-1A,58374,S1A_IWDV_0091_0097_058374_027,152943336,https://sentinel1-burst.asf.alaska.edu/S1A_IW_SLC__1SDV_20250319T125541_20250319T125609_058374_0737D0_4B1C/IW2/VV/1.tiff,cmr_umm
2025-03-31,2025-03-31T12:55:38.118748+00:00,S1_056011_IW2_20250331T125537_VV_BB04-BURST,027_056011_IW2,56011,125757045,8,IW2,2025-03-31T12:55:37.097198,454.1374768804999,27,ASCENDING,VV,SENTINEL-1A,58549,S1A_IWDV_0086_0092_058549_027,154708736,https://sentinel1-burst.asf.alaska.edu/S1A_IW_SLC__1SDV_20250331T125514_20250331T125543_058549_073ED5_BB04/IW2/VV/8.tiff,cmr_umm
2025-03-31,2025-03-31T12:55:40.877025+00:00,S1_056012_IW2_20250331T125539_VV_BB04-BURST,027_056012_IW2,56012,125757046,9,IW2,2025-03-31T12:55:39.853699,456.8939778787999,27,ASCENDING,VV,SENTINEL-1A,58549,S1A_IWDV_0086_0092_058549_027,154708736,https://sentinel1-burst.asf.alaska.edu/S1A_IW_SLC__1SDV_20250331T125514_20250331T125543_058549_073ED5_BB04/IW2/VV/9.tiff,cmr_umm
2025-03-31,2025-03-31T12:55:43.635301+00:00,S1_056013_IW2_20250331T125542_VV_9A77-BURST,027_056013_IW2,56013,125757047,0,IW2,2025-03-31T12:55:42.616366,459.6566446672,27,ASCENDING,VV,SENTINEL-1A,58549,S1A_IWDV_0092_0097_058549_027,154708736,https://sentinel1-burst.asf.alaska.edu/S1A_IW_SLC__1SDV_20250331T125541_20250331T125609_058549_073ED5_9A77/IW2/VV/0.tiff,cmr_umm
2025-03-31,2025-03-31T12:55:46.393578+00:00,S1_056014_IW2_20250331T125545_VV_9A77-BURST,027_056014_IW2,56014,125757048,1,IW2,2025-03-31T12:55:45.376978,462.4172567781,27,ASCENDING,VV,SENTINEL-1A,58549,S1A_IWDV_0092_0097_058549_027,154708736,https://sentinel1-burst.asf.alaska.edu/S1A_IW_SLC__1SDV_20250331T125541_20250331T125609_058549_073ED5_9A77/IW2/VV/1.tiff,cmr_umm
2025-04-12,2025-04-12T12:55:37.774113+00:00,S1_056011_IW2_20250412T125536_VV_A4A5-BURST,027_056011_IW2,56011,126132933,8,IW2,2025-04-12T12:55:36.760785,454.1470404368,27,ASCENDING,VV,SENTINEL-1A,58724,S1A_IWDV_0086_0092_058724_027,152943336,https://sentinel1-burst.asf.alaska.edu/S1A_IW_SLC__1SDV_20250412T125513_20250412T125543_058724_0745FF_A4A5/IW2/VV/8.tiff,cmr_umm
2025-04-12,2025-04-12T12:55:40.532390+00:00,S1_056012_IW2_20250412T125539_VV_A4A5-BURST,027_056012_IW2,56012,126132934,9,IW2,2025-04-12T12:55:39.519342,456.9055969914,27,ASCENDING,VV,SENTINEL-1A,58724,S1A_IWDV_0086_0092_058724_027,152943336,https://sentinel1-burst.asf.alaska.edu/S1A_IW_SLC__1SDV_20250412T125513_20250412T125543_058724_0745FF_A4A5/IW2/VV/9.tiff,cmr_umm
2025-04-12,2025-04-12T12:55:43.290666+00:00,S1_056013_IW2_20250412T125542_VV_4A2C-BURST,027_056013_IW2,56013,126132935,0,IW2,2025-04-12T12:55:42.275843,459.6620979983,27,ASCENDING,VV,SENTINEL-1A,58724,S1A_IWDV_0091_0097_058724_027,152943336,https://sentinel1-burst.asf.alaska.edu/S1A_IW_SLC__1SDV_20250412T125541_20250412T125609_058724_0745FF_4A2C/IW2/VV/0.tiff,cmr_umm
2025-04-12,2025-04-12T12:55:46.048943+00:00,S1_056014_IW2_20250412T125545_VV_4A2C-BURST,027_056014_IW2,56014,126132936,1,IW2,2025-04-12T12:55:45.036455,462.4227101092,27,ASCENDING,VV,SENTINEL-1A,58724,S1A_IWDV_0091_0097_058724_027,152943336,https://sentinel1-burst.asf.alaska.edu/S1A_IW_SLC__1SDV_20250412T125541_20250412T125609_058724_0745FF_4A2C/IW2/VV/1.tiff,cmr_umm
2025-04-24,2025-04-24T12:55:38.094364+00:00,S1_056011_IW2_20250424T125537_VV_629F-BURST,027_056011_IW2,56011,126508820,8,IW2,2025-04-24T12:55:37.078983,454.1400438804999,27,ASCENDING,VV,SENTINEL-1A,58899,S1A_IWDV_0086_0092_058899_027,152943336,https://sentinel1-burst.asf.alaska.edu/S1A_IW_SLC__1SDV_20250424T125514_20250424T125543_058899_074D29_629F/IW2/VV/8.tiff,cmr_umm
2025-04-24,2025-04-24T12:55:40.852641+00:00,S1_056012_IW2_20250424T125539_VV_629F-BURST,027_056012_IW2,56012,126508821,9,IW2,2025-04-24T12:55:39.835484,456.8965448787999,27,ASCENDING,VV,SENTINEL-1A,58899,S1A_IWDV_0086_0092_058899_027,152943336,https://sentinel1-burst.asf.alaska.edu/S1A_IW_SLC__1SDV_20250424T125514_20250424T125543_058899_074D29_629F/IW2/VV/9.tiff,cmr_umm
2025-04-24,2025-04-24T12:55:43.610917+00:00,S1_056013_IW2_20250424T125542_VV_D030-BURST,027_056013_IW2,56013,126508822,0,IW2,2025-04-24T12:55:42.591985,459.6530459983,27,ASCENDING,VV,SENTINEL-1A,58899,S1A_IWDV_0091_0097_058899_027,152949360,https://sentinel1-burst.asf.alaska.edu/S1A_IW_SLC__1SDV_20250424T125541_20250424T125609_058899_074D29_D030/IW2/VV/0.tiff,cmr_umm
2025-04-24,2025-04-24T12:55:46.369194+00:00,S1_056014_IW2_20250424T125545_VV_D030-BURST,027_056014_IW2,56014,126508823,1,IW2,2025-04-24T12:55:45.352597,462.4136581092,27,ASCENDING,VV,SENTINEL-1A,58899,S1A_IWDV_0091_0097_058899_027,152949360,https://sentinel1-burst.asf.alaska.edu/S1A_IW_SLC__1SDV_20250424T125541_20250424T125609_058899_074D29_D030/IW2/VV/1.tiff,cmr_umm
2025-05-06,2025-05-06T12:55:38.087238+00:00,S1_056011_IW2_20250506T125537_VV_DE01-BURST,027_056011_IW2,56011,126884707,8,IW2,2025-05-06T12:55:37.067747,454.1381558804999,27,ASCENDING,VV,SENTINEL-1A,59074,S1A_IWDV_0086_0092_059074_027,152943336,https://sentinel1-burst.asf.alaska.edu/S1A_IW_SLC__1SDV_20250506T125514_20250506T125543_059074_075420_DE01/IW2/VV/8.tiff,cmr_umm
2025-05-06,2025-05-06T12:55:40.845515+00:00,S1_056012_IW2_20250506T125539_VV_DE01-BURST,027_056012_IW2,56012,126884708,9,IW2,2025-05-06T12:55:39.824248,456.8946568787999,27,ASCENDING,VV,SENTINEL-1A,59074,S1A_IWDV_0086_0092_059074_027,152943336,https://sentinel1-burst.asf.alaska.edu/S1A_IW_SLC__1SDV_20250506T125514_20250506T125543_059074_075420_DE01/IW2/VV/9.tiff,cmr_umm
2025-05-06,2025-05-06T12:55:43.603791+00:00,S1_056013_IW2_20250506T125542_VV_6419-BURST,027_056013_IW2,56013,126884709,0,IW2,2025-05-06T12:55:42.578693,459.649102442,27,ASCENDING,VV,SENTINEL-1A,59074,S1A_IWDV_0091_0097_059074_027,152943336,https://sentinel1-burst.asf.alaska.edu/S1A_IW_SLC__1SDV_20250506T125541_20250506T125609_059074_075420_6419/IW2/VV/0.tiff,cmr_umm
2025-05-06,2025-05-06T12:55:46.362068+00:00,S1_056014_IW2_20250506T125545_VV_6419-BURST,027_056014_IW2,56014,126884710,1,IW2,2025-05-06T12:55:45.339306,462.4097145529,27,ASCENDING,VV,SENTINEL-1A,59074,S1A_IWDV_0091_0097_059074_027,152943336,https://sentinel1-burst.asf.alaska.edu/S1A_IW_SLC__1SDV_20250506T125541_20250506T125609_059074_075420_6419/IW2/VV/1.tiff,cmr_umm
2025-05-18,2025-05-18T12:55:40.522395+00:00,S1_056012_IW2_20250518T125539_VV_6366-BURST,027_056012_IW2,56012,127260596,9,IW2,2025-05-18T12:55:39.501129,456.892890104,27,ASCENDING,VV,SENTINEL-1A,59249,S1A_IWDV_0086_0092_059249_027,152943336,https://sentinel1-burst.asf.alaska.edu/S1A_IW_SLC__1SDV_20250518T125513_20250518T125543_059249_075A3B_6366/IW2/VV/9.tiff,cmr_umm
2025-05-18,2025-05-18T12:55:43.280671+00:00,S1_056013_IW2_20250518T125542_VV_FCD3-BURST,027_056013_IW2,56013,127260597,0,IW2,2025-05-18T12:55:42.257630,459.6493909983,27,ASCENDING,VV,SENTINEL-1A,59249,S1A_IWDV_0091_0097_059249_027,152943336,https://sentinel1-burst.asf.alaska.edu/S1A_IW_SLC__1SDV_20250518T125541_20250518T125609_059249_075A3B_FCD3/IW2/VV/0.tiff,cmr_umm
2025-05-18,2025-05-18T12:55:46.038948+00:00,S1_056014_IW2_20250518T125545_VV_FCD3-BURST,027_056014_IW2,56014,127260598,1,IW2,2025-05-18T12:55:45.016187,462.4079475529,27,ASCENDING,VV,SENTINEL-1A,59249,S1A_IWDV_0091_0097_059249_027,152943336,https://sentinel1-burst.asf.alaska.edu/S1A_IW_SLC__1SDV_20250518T125541_20250518T125609_059249_075A3B_FCD3/IW2/VV/1.tiff,cmr_umm
2025-05-30,2025-05-30T12:55:37.363239+00:00,S1_056011_IW2_20250530T125536_VV_FD27-BURST,027_056011_IW2,56011,127636482,8,IW2,2025-05-30T12:55:36.347862,454.1420209930999,27,ASCENDING,VV,SENTINEL-1A,59424,S1A_IWDV_0086_0092_059424_027,152943336,https://sentinel1-burst.asf.alaska.edu/S1A_IW_SLC__1SDV_20250530T125513_20250530T125543_059424_076051_FD27/IW2/VV/8.tiff,cmr_umm
2025-05-30,2025-05-30T12:55:40.121516+00:00,S1_056012_IW2_20250530T125539_VV_FD27-BURST,027_056012_IW2,56012,127636483,9,IW2,2025-05-30T12:55:39.104363,456.8985219913999,27,ASCENDING,VV,SENTINEL-1A,59424,S1A_IWDV_0086_0092_059424_027,152943336,https://sentinel1-burst.asf.alaska.edu/S1A_IW_SLC__1SDV_20250530T125513_20250530T125543_059424_076051_FD27/IW2/VV/9.tiff,cmr_umm
2025-05-30,2025-05-30T12:55:42.879792+00:00,S1_056013_IW2_20250530T125541_VV_310D-BURST,027_056013_IW2,56013,127636484,0,IW2,2025-05-30T12:55:41.862920,459.6570785546,27,ASCENDING,VV,SENTINEL-1A,59424,S1A_IWDV_0091_0097_059424_027,152943336,https://sentinel1-burst.asf.alaska.edu/S1A_IW_SLC__1SDV_20250530T125540_20250530T125608_059424_076051_310D/IW2/VV/0.tiff,cmr_umm
2025-05-30,2025-05-30T12:55:45.638069+00:00,S1_056014_IW2_20250530T125544_VV_310D-BURST,027_056014_IW2,56014,127636485,1,IW2,2025-05-30T12:55:44.623532,462.4176906655,27,ASCENDING,VV,SENTINEL-1A,59424,S1A_IWDV_0091_0097_059424_027,152943336,https://sentinel1-burst.asf.alaska.edu/S1A_IW_SLC__1SDV_20250530T125540_20250530T125608_059424_076051_310D/IW2/VV/1.tiff,cmr_umm
2025-06-11,2025-06-11T12:55:36.666859+00:00,S1_056011_IW2_20250611T125535_VV_69BA-BURST,027_056011_IW2,56011,128012370,8,IW2,2025-06-11T12:55:35.651468,454.1424975494,27,ASCENDING,VV,SENTINEL-1A,59599,S1A_IWDV_0086_0092_059599_027,152943336,https://sentinel1-burst.asf.alaska.edu/S1A_IW_SLC__1SDV_20250611T125512_20250611T125542_059599_076647_69BA/IW2/VV/8.tiff,cmr_umm
2025-06-11,2025-06-11T12:55:39.425136+00:00,S1_056012_IW2_20250611T125538_VV_69BA-BURST,027_056012_IW2,56012,128012371,9,IW2,2025-06-11T12:55:38.405913,456.8969429914,27,ASCENDING,VV,SENTINEL-1A,59599,S1A_IWDV_0086_0092_059599_027,152943336,https://sentinel1-burst.asf.alaska.edu/S1A_IW_SLC__1SDV_20250611T125512_20250611T125542_059599_076647_69BA/IW2/VV/9.tiff,cmr_umm
2025-06-11,2025-06-11T12:55:42.183412+00:00,S1_056013_IW2_20250611T125541_VV_D5A4-BURST,027_056013_IW2,56013,128012372,0,IW2,2025-06-11T12:55:41.162414,459.6534439983,27,ASCENDING,VV,SENTINEL-1A,59599,S1A_IWDV_0091_0097_059599_027,152943336,https://sentinel1-burst.asf.alaska.edu/S1A_IW_SLC__1SDV_20250611T125540_20250611T125608_059599_076647_D5A4/IW2/VV/0.tiff,cmr_umm
2025-06-11,2025-06-11T12:55:44.941689+00:00,S1_056014_IW2_20250611T125543_VV_D5A4-BURST,027_056014_IW2,56014,128012373,1,IW2,2025-06-11T12:55:43.923026,462.4140561092,27,ASCENDING,VV,SENTINEL-1A,59599,S1A_IWDV_0091_0097_059599_027,152943336,https://sentinel1-burst.asf.alaska.edu/S1A_IW_SLC__1SDV_20250611T125540_20250611T125608_059599_076647_D5A4/IW2/VV/1.tiff,cmr_umm
2025-06-23,2025-06-23T12:55:36.065220+00:00,S1_056011_IW2_20250623T125535_VV_4FB8-BURST,027_056011_IW2,56011,128388257,8,IW2,2025-06-23T12:55:35.053954,454.1472942183,27,ASCENDING,VV,SENTINEL-1A,59774,S1A_IWDV_0086_0092_059774_027,152943336,https://sentinel1-burst.asf.alaska.edu/S1A_IW_SLC__1SDV_20250623T125512_20250623T125541_059774_076C55_4FB8/IW2/VV/8.tiff,cmr_umm
2025-06-23,2025-06-23T12:55:38.823497+00:00,S1_056012_IW2_20250623T125537_VV_4FB8-BURST,027_056012_IW2,56012,128388258,9,IW2,2025-06-23T12:55:37.806344,456.899684104,27,ASCENDING,VV,SENTINEL-1A,59774,S1A_IWDV_0086_0092_059774_027,152943336,https://sentinel1-burst.asf.alaska.edu/S1A_IW_SLC__1SDV_20250623T125512_20250623T125541_059774_076C55_4FB8/IW2/VV/9.tiff,cmr_umm
2025-06-23,2025-06-23T12:55:41.581773+00:00,S1_056013_IW2_20250623T125540_VV_B190-BURST,027_056013_IW2,56013,128388259,0,IW2,2025-06-23T12:55:40.562845,459.6561849983,27,ASCENDING,VV,SENTINEL-1A,59774,S1A_IWDV_0091_0097_059774_027,152943336,https://sentinel1-burst.asf.alaska.edu/S1A_IW_SLC__1SDV_20250623T125539_20250623T125607_059774_076C55_B190/IW2/VV/0.tiff,cmr_umm
2025-06-23,2025-06-23T12:55:44.340050+00:00,S1_056014_IW2_20250623T125543_VV_B190-BURST,027_056014_IW2,56014,128388260,1,IW2,2025-06-23T12:55:43.323457,462.4167971092,27,ASCENDING,VV,SENTINEL-1A,59774,S1A_IWDV_0091_0097_059774_027,152943336,https://sentinel1-burst.asf.alaska.edu/S1A_IW_SLC__1SDV_20250623T125539_20250623T125607_059774_076C55_B190/IW2/VV/1.tiff,cmr_umm
2025-07-05,2025-07-05T12:55:35.336216+00:00,S1_056011_IW2_20250705T125534_VV_D4EB-BURST,027_056011_IW2,56011,128764144,8,IW2,2025-07-05T12:55:34.320839,454.1452355494,27,ASCENDING,VV,SENTINEL-1A,59949,S1A_IWDV_0086_0092_059949_027,152943336,https://sentinel1-burst.asf.alaska.edu/S1A_IW_SLC__1SDV_20250705T125511_20250705T125541_059949_07726A_D4EB/IW2/VV/8.tiff,cmr_umm
2025-07-05,2025-07-05T12:55:38.094493+00:00,S1_056012_IW2_20250705T125537_VV_D4EB-BURST,027_056012_IW2,56012,128764145,9,IW2,2025-07-05T12:55:37.077340,456.9017365477,27,ASCENDING,VV,SENTINEL-1A,59949,S1A_IWDV_0086_0092_059949_027,152943336,https://sentinel1-burst.asf.alaska.edu/S1A_IW_SLC__1SDV_20250705T125511_20250705T125541_059949_07726A_D4EB/IW2/VV/9.tiff,cmr_umm
2025-07-05,2025-07-05T12:55:40.852769+00:00,S1_056013_IW2_20250705T125539_VV_71CB-BURST,027_056013_IW2,56013,128764146,0,IW2,2025-07-05T12:55:39.835896,459.6602925546,27,ASCENDING,VV,SENTINEL-1A,59949,S1A_IWDV_0091_0097_059949_027,152943336,https://sentinel1-burst.asf.alaska.edu/S1A_IW_SLC__1SDV_20250705T125538_20250705T125606_059949_07726A_71CB/IW2/VV/0.tiff,cmr_umm
2025-07-05,2025-07-05T12:55:43.611046+00:00,S1_056014_IW2_20250705T125542_VV_71CB-BURST,027_056014_IW2,56014,128764147,1,IW2,2025-07-05T12:55:42.596508,462.4209046655,27,ASCENDING,VV,SENTINEL-1A,59949,S1A_IWDV_0091_0097_059949_027,152943336,https://sentinel1-burst.asf.alaska.edu/S1A_IW_SLC__1SDV_20250705T125538_20250705T125606_059949_07726A_71CB/IW2/VV/1.tiff,cmr_umm
2025-07-17,2025-07-17T12:55:34.764103+00:00,S1_056011_IW2_20250717T125533_VV_DF08-BURST,027_056011_IW2,56011,129140032,8,IW2,2025-07-17T12:55:33.750780,454.1429405494,27,ASCENDING,VV,SENTINEL-1A,60124,S1A_IWDV_0086_0092_060124_027,152943336,https://sentinel1-burst.asf.alaska.edu/S1A_IW_SLC__1SDV_20250717T125510_20250717T125540_060124_07786D_DF08/IW2/VV/8.tiff,cmr_umm
2025-07-17,2025-07-17T12:55:37.522380+00:00,S1_056012_IW2_20250717T125536_VV_DF08-BURST,027_056012_IW2,56012,129140033,9,IW2,2025-07-17T12:55:36.505225,456.8973859914,27,ASCENDING,VV,SENTINEL-1A,60124,S1A_IWDV_0086_0092_060124_027,152943336,https://sentinel1-burst.asf.alaska.edu/S1A_IW_SLC__1SDV_20250717T125510_20250717T125540_060124_07786D_DF08/IW2/VV/9.tiff,cmr_umm
2025-07-17,2025-07-17T12:55:40.280656+00:00,S1_056013_IW2_20250717T125539_VV_A66C-BURST,027_056013_IW2,56013,129140034,0,IW2,2025-07-17T12:55:39.263782,459.6559425546,27,ASCENDING,VV,SENTINEL-1A,60124,S1A_IWDV_0091_0097_060124_027,152943336,https://sentinel1-burst.asf.alaska.edu/S1A_IW_SLC__1SDV_20250717T125538_20250717T125606_060124_07786D_A66C/IW2/VV/0.tiff,cmr_umm
2025-07-17,2025-07-17T12:55:43.038933+00:00,S1_056014_IW2_20250717T125542_VV_A66C-BURST,027_056014_IW2,56014,129140035,1,IW2,2025-07-17T12:55:42.022338,462.4144991092,27,ASCENDING,VV,SENTINEL-1A,60124,S1A_IWDV_0091_0097_060124_027,152943336,https://sentinel1-burst.asf.alaska.edu/S1A_IW_SLC__1SDV_20250717T125538_20250717T125606_060124_07786D_A66C/IW2/VV/1.tiff,cmr_umm
2025-07-29,2025-07-29T12:55:34.491673+00:00,S1_056011_IW2_20250729T125533_VV_48BF-BURST,027_056011_IW2,56011,129515919,8,IW2,2025-07-29T12:55:33.480404,454.1465731057,27,ASCENDING,VV,SENTINEL-1A,60299,S1A_IWDV_0086_0092_060299_027,152943336,https://sentinel1-burst.asf.alaska.edu/S1A_IW_SLC__1SDV_20250729T125510_20250729T125540_060299_077E6E_48BF/IW2/VV/8.tiff,cmr_umm
2025-07-29,2025-07-29T12:55:37.249950+00:00,S1_056012_IW2_20250729T125536_VV_48BF-BURST,027_056012_IW2,56012,129515920,9,IW2,2025-07-29T12:55:36.234850,456.9010185477,27,ASCENDING,VV,SENTINEL-1A,60299,S1A_IWDV_0086_0092_060299_027,152943336,https://sentinel1-burst.asf.alaska.edu/S1A_IW_SLC__1SDV_20250729T125510_20250729T125540_060299_077E6E_48BF/IW2/VV/9.tiff,cmr_umm
2025-07-29,2025-07-29T12:55:40.008226+00:00,S1_056013_IW2_20250729T125538_VV_DCD7-BURST,027_056013_IW2,56013,129515921,0,IW2,2025-07-29T12:55:38.991351,459.6575199983,27,ASCENDING,VV,SENTINEL-1A,60299,S1A_IWDV_0091_0097_060299_027,152943336,https://sentinel1-burst.asf.alaska.edu/S1A_IW_SLC__1SDV_20250729T125538_20250729T125605_060299_077E6E_DCD7/IW2/VV/0.tiff,cmr_umm
2025-07-29,2025-07-29T12:55:42.766503+00:00,S1_056014_IW2_20250729T125541_VV_DCD7-BURST,027_056014_IW2,56014,129515922,1,IW2,2025-07-29T12:55:41.751963,462.4181321092,27,ASCENDING,VV,SENTINEL-1A,60299,S1A_IWDV_0091_0097_060299_027,152943336,https://sentinel1-burst.asf.alaska.edu/S1A_IW_SLC__1SDV_20250729T125538_20250729T125605_060299_077E6E_DCD7/IW2/VV/1.tiff,cmr_umm
2025-08-10,2025-08-10T12:55:34.434650+00:00,S1_056011_IW2_20250810T125533_VV_EB06-BURST,027_056011_IW2,56011,129891807,8,IW2,2025-08-10T12:55:33.419254,454.1431648805,27,ASCENDING,VV,SENTINEL-1A,60474,S1A_IWDV_0086_0092_060474_027,152943336,https://sentinel1-burst.asf.alaska.edu/S1A_IW_SLC__1SDV_20250810T125510_20250810T125540_060474_0784D2_EB06/IW2/VV/8.tiff,cmr_umm
2025-08-10,2025-08-10T12:55:37.192927+00:00,S1_056012_IW2_20250810T125536_VV_EB06-BURST,027_056012_IW2,56012,129891808,9,IW2,2025-08-10T12:55:36.175755,456.8996658788,27,ASCENDING,VV,SENTINEL-1A,60474,S1A_IWDV_0086_0092_060474_027,152943336,https://sentinel1-burst.asf.alaska.edu/S1A_IW_SLC__1SDV_20250810T125510_20250810T125540_060474_0784D2_EB06/IW2/VV/9.tiff,cmr_umm
2025-08-10,2025-08-10T12:55:39.951203+00:00,S1_056013_IW2_20250810T125538_VV_141F-BURST,027_056013_IW2,56013,129891809,0,IW2,2025-08-10T12:55:38.934312,459.6582225546,27,ASCENDING,VV,SENTINEL-1A,60474,S1A_IWDV_0091_0097_060474_027,152943336,https://sentinel1-burst.asf.alaska.edu/S1A_IW_SLC__1SDV_20250810T125537_20250810T125605_060474_0784D2_141F/IW2/VV/0.tiff,cmr_umm
2025-08-10,2025-08-10T12:55:42.709480+00:00,S1_056014_IW2_20250810T125541_VV_141F-BURST,027_056014_IW2,56014,129891810,1,IW2,2025-08-10T12:55:41.692868,462.4167791092,27,ASCENDING,VV,SENTINEL-1A,60474,S1A_IWDV_0091_0097_060474_027,152943336,https://sentinel1-burst.asf.alaska.edu/S1A_IW_SLC__1SDV_20250810T125537_20250810T125605_060474_0784D2_141F/IW2/VV/1.tiff,cmr_umm
2025-08-22,2025-08-22T12:55:34.493488+00:00,S1_056011_IW2_20250822T125533_VV_6D36-BURST,027_056011_IW2,56011,130267694,8,IW2,2025-08-22T12:55:33.476036,454.1415939930999,27,ASCENDING,VV,SENTINEL-1A,60649,S1A_IWDV_0086_0092_060649_027,152943336,https://sentinel1-burst.asf.alaska.edu/S1A_IW_SLC__1SDV_20250822T125510_20250822T125540_060649_078BB6_6D36/IW2/VV/8.tiff,cmr_umm
2025-08-22,2025-08-22T12:55:37.251765+00:00,S1_056012_IW2_20250822T125536_VV_6D36-BURST,027_056012_IW2,56012,130267695,9,IW2,2025-08-22T12:55:36.230481,456.8960394351,27,ASCENDING,VV,SENTINEL-1A,60649,S1A_IWDV_0086_0092_060649_027,152943336,https://sentinel1-burst.asf.alaska.edu/S1A_IW_SLC__1SDV_20250822T125510_20250822T125540_060649_078BB6_6D36/IW2/VV/9.tiff,cmr_umm
2025-08-22,2025-08-22T12:55:40.010041+00:00,S1_056013_IW2_20250822T125538_VV_EDA6-BURST,027_056013_IW2,56013,130267696,0,IW2,2025-08-22T12:55:38.986982,459.6525399983,27,ASCENDING,VV,SENTINEL-1A,60649,S1A_IWDV_0091_0097_060649_027,152943336,https://sentinel1-burst.asf.alaska.edu/S1A_IW_SLC__1SDV_20250822T125538_20250822T125605_060649_078BB6_EDA6/IW2/VV/0.tiff,cmr_umm
2025-08-22,2025-08-22T12:55:42.768318+00:00,S1_056014_IW2_20250822T125541_VV_EDA6-BURST,027_056014_IW2,56014,130267697,1,IW2,2025-08-22T12:55:41.747594,462.4131521092,27,ASCENDING,VV,SENTINEL-1A,60649,S1A_IWDV_0091_0097_060649_027,152943336,https://sentinel1-burst.asf.alaska.edu/S1A_IW_SLC__1SDV_20250822T125538_20250822T125605_060649_078BB6_EDA6/IW2/VV/1.tiff,cmr_umm
2025-09-03,2025-09-03T12:55:34.536305+00:00,S1_056011_IW2_20250903T125533_VV_EAFA-BURST,027_056011_IW2,56011,130643581,8,IW2,2025-09-03T12:55:33.522962,454.145782662,27,ASCENDING,VV,SENTINEL-1A,60824,S1A_IWDV_0086_0092_060824_027,152943336,https://sentinel1-burst.asf.alaska.edu/S1A_IW_SLC__1SDV_20250903T125510_20250903T125540_060824_07929E_EAFA/IW2/VV/8.tiff,cmr_umm
2025-09-03,2025-09-03T12:55:37.294582+00:00,S1_056012_IW2_20250903T125536_VV_EAFA-BURST,027_056012_IW2,56012,130643582,9,IW2,2025-09-03T12:55:36.277407,456.900228104,27,ASCENDING,VV,SENTINEL-1A,60824,S1A_IWDV_0086_0092_060824_027,152943336,https://sentinel1-burst.asf.alaska.edu/S1A_IW_SLC__1SDV_20250903T125510_20250903T125540_060824_07929E_EAFA/IW2/VV/9.tiff,cmr_umm
2025-09-03,2025-09-03T12:55:40.052858+00:00,S1_056013_IW2_20250903T125539_VV_F040-BURST,027_056013_IW2,56013,130643583,0,IW2,2025-09-03T12:55:39.035964,459.6587845546,27,ASCENDING,VV,SENTINEL-1A,60824,S1A_IWDV_0091_0097_060824_027,152943336,https://sentinel1-burst.asf.alaska.edu/S1A_IW_SLC__1SDV_20250903T125538_20250903T125605_060824_07929E_F040/IW2/VV/0.tiff,cmr_umm
2025-09-03,2025-09-03T12:55:42.811135+00:00,S1_056014_IW2_20250903T125541_VV_F040-BURST,027_056014_IW2,56014,130643584,1,IW2,2025-09-03T12:55:41.794520,462.4173411092,27,ASCENDING,VV,SENTINEL-1A,60824,S1A_IWDV_0091_0097_060824_027,152943336,https://sentinel1-burst.asf.alaska.edu/S1A_IW_SLC__1SDV_20250903T125538_20250903T125605_060824_07929E_F040/IW2/VV/1.tiff,cmr_umm
2025-09-15,2025-09-15T12:55:34.940647+00:00,S1_056011_IW2_20250915T125533_VV_74F8-BURST,027_056011_IW2,56011,131019469,8,IW2,2025-09-15T12:55:33.925264,454.1441393242,27,ASCENDING,VV,SENTINEL-1A,60999,S1A_IWDV_0086_0092_060999_027,152943336,https://sentinel1-burst.asf.alaska.edu/S1A_IW_SLC__1SDV_20250915T125510_20250915T125540_060999_0799A3_74F8/IW2/VV/8.tiff,cmr_umm
2025-09-15,2025-09-15T12:55:37.698924+00:00,S1_056012_IW2_20250915T125536_VV_74F8-BURST,027_056012_IW2,56012,131019470,9,IW2,2025-09-15T12:55:36.679710,456.8985847662,27,ASCENDING,VV,SENTINEL-1A,60999,S1A_IWDV_0086_0092_060999_027,152943336,https://sentinel1-burst.asf.alaska.edu/S1A_IW_SLC__1SDV_20250915T125510_20250915T125540_060999_0799A3_74F8/IW2/VV/9.tiff,cmr_umm
2025-09-15,2025-09-15T12:55:40.457200+00:00,S1_056013_IW2_20250915T125539_VV_8F0D-BURST,027_056013_IW2,56013,131019471,0,IW2,2025-09-15T12:55:39.438267,459.6571415546,27,ASCENDING,VV,SENTINEL-1A,60999,S1A_IWDV_0091_0097_060999_027,152943336,https://sentinel1-burst.asf.alaska.edu/S1A_IW_SLC__1SDV_20250915T125538_20250915T125606_060999_0799A3_8F0D/IW2/VV/0.tiff,cmr_umm
2025-09-15,2025-09-15T12:55:43.215477+00:00,S1_056014_IW2_20250915T125542_VV_8F0D-BURST,027_056014_IW2,56014,131019472,1,IW2,2025-09-15T12:55:42.194768,462.4136425529,27,ASCENDING,VV,SENTINEL-1A,60999,S1A_IWDV_0091_0097_060999_027,152943336,https://sentinel1-burst.asf.alaska.edu/S1A_IW_SLC__1SDV_20250915T125538_20250915T125606_060999_0799A3_8F0D/IW2/VV/1.tiff,cmr_umm
2025-09-27,2025-09-27T12:55:35.017826+00:00,S1_056011_IW2_20250927T125534_VV_01C8-BURST,027_056011_IW2,56011,131395356,8,IW2,2025-09-27T12:55:34.002443,454.1462064368,27,ASCENDING,VV,SENTINEL-1A,61174,S1A_IWDV_0086_0092_061174_027,152943336,https://sentinel1-burst.asf.alaska.edu/S1A_IW_SLC__1SDV_20250927T125510_20250927T125540_061174_07A0A8_01C8/IW2/VV/8.tiff,cmr_umm
2025-09-27,2025-09-27T12:55:37.776103+00:00,S1_056012_IW2_20250927T125536_VV_01C8-BURST,027_056012_IW2,56012,131395357,9,IW2,2025-09-27T12:55:36.756889,456.9006518788,27,ASCENDING,VV,SENTINEL-1A,61174,S1A_IWDV_0086_0092_061174_027,152943336,https://sentinel1-burst.asf.alaska.edu/S1A_IW_SLC__1SDV_20250927T125510_20250927T125540_061174_07A0A8_01C8/IW2/VV/9.tiff,cmr_umm
2025-09-27,2025-09-27T12:55:40.534379+00:00,S1_056013_IW2_20250927T125539_VV_5367-BURST,027_056013_IW2,56013,131395358,0,IW2,2025-09-27T12:55:39.515446,459.6592085546,27,ASCENDING,VV,SENTINEL-1A,61174,S1A_IWDV_0092_0097_061174_027,152943336,https://sentinel1-burst.asf.alaska.edu/S1A_IW_SLC__1SDV_20250927T125538_20250927T125606_061174_07A0A8_5367/IW2/VV/0.tiff,cmr_umm
2025-09-27,2025-09-27T12:55:43.292656+00:00,S1_056014_IW2_20250927T125542_VV_5367-BURST,027_056014_IW2,56014,131395359,1,IW2,2025-09-27T12:55:42.274002,462.4177651092,27,ASCENDING,VV,SENTINEL-1A,61174,S1A_IWDV_0092_0097_061174_027,152943336,https://sentinel1-burst.asf.alaska.edu/S1A_IW_SLC__1SDV_20250927T125538_20250927T125606_061174_07A0A8_5367/IW2/VV/1.tiff,cmr_umm
